INVOICE_ID,PROCESSOR_BALANCE_AMOUNT_CENTS,PROCESSOR_CAPTURED_CHARGE_COUNT,PROCESSOR_UNCAPTURED_CHARGE_COUNT,PROCESSOR_FAILED_CHARGE_COUNT,HAS_REFUND_ACTIVITY,HAS_DISPUTE_ACTIVITY,HAS_DISPUTE_RAISED,HAS_DISPUTE_REVERSAL,HAS_CHARGE_WITHOUT_BALANCE,HAS_BALANCE_WITHOUT_CHARGE,FIRST_CHARGE_AVAILABLE_DATE,LAST_CHARGE_AVAILABLE_DATE
in_000000026927,9900,1,0,1,0,0,0,0,0,0,2024-06-09,2024-06-09
in_000000016251,79900,1,0,1,0,0,0,0,0,0,2024-06-16,2024-06-16
in_000000273730,29900,1,0,2,0,0,0,0,0,0,2024-06-19,2024-06-19
in_000000192835,79900,1,0,1,0,0,0,0,0,0,2024-06-11,2024-06-11
in_000000107750,9900,1,0,1,0,0,0,0,0,0,2024-06-11,2024-06-11
in_000000057538,79900,1,0,1,0,0,0,0,0,0,2024-06-24,2024-06-24
in_000000278652,29900,1,0,2,0,0,0,0,0,0,2024-06-23,2024-06-23
in_000000119129,29900,1,0,1,0,0,0,0,0,0,2024-06-27,2024-06-27
in_000000006616,29900,1,0,1,0,0,0,0,0,0,2024-06-12,2024-06-12
in_000000316700,9900,1,0,1,0,0,0,0,0,0,2024-06-22,2024-06-22
in_000000158231,79900,1,0,1,0,0,0,0,0,0,2024-06-10,2024-06-10
in_000000094100,29900,1,0,1,0,0,0,0,0,0,2024-06-09,2024-06-09
in_000000298821,79900,1,0,1,0,0,0,0,0,0,2024-06-10,2024-06-10
in_000000171100,29900,1,0,1,0,0,0,0,0,0,2024-06-10,2024-06-10
in_000000228114,9900,1,0,1,0,0,0,0,0,0,2024-06-04,2024-06-04
in_000000228544,9900,1,0,1,0,0,0,0,0,0,2024-06-08,2024-06-08
in_000000007420,9900,1,0,1,0,0,0,0,0,0,2024-06-12,2024-06-12
in_000000147559,9900,1,0,1,0,0,0,0,0,0,2024-06-16,2024-06-16
in_000000062376,9900,1,0,1,0,0,0,0,0,0,2024-06-15,2024-06-15
in_000000186880,9900,1,0,1,0,0,0,0,0,0,2024-06-11,2024-06-11
in_000000021126,9900,1,0,1,0,0,0,0,0,0,2024-06-23,2024-06-23
in_000000199420,9900,1,0,1,0,0,0,0,0,0,2024-06-08,2024-06-08
in_000000294640,79900,1,0,1,0,0,0,0,0,0,2024-06-09,2024-06-09
in_000000049597,199900,1,0,1,0,0,0,0,0,0,2024-06-22,2024-06-22
in_000000166070,9900,1,0,1,0,0,0,0,0,0,2024-06-22,2024-06-22
in_000000007195,79900,1,0,1,0,0,0,0,0,0,2024-06-24,2024-06-24
in_000000168955,9900,1,0,1,0,0,0,0,0,0,2024-06-16,2024-06-16
in_000000201790,9900,1,0,1,0,0,0,0,0,0,2024-06-14,2024-06-14
in_000000072765,9900,1,0,1,0,0,0,0,0,0,2024-06-16,2024-06-16
in_000000028945,9900,1,0,2,0,0,0,0,0,0,2024-06-21,2024-06-21
in_000000005288,79900,1,0,1,0,0,0,0,0,0,2024-06-06,2024-06-06
in_000000110507,28405,1,0,1,1,0,0,0,0,0,2024-06-16,2024-06-16
in_000000174658,29900,1,0,1,0,0,0,0,0,0,2024-06-14,2024-06-14
in_000000245887,9900,1,0,1,0,0,0,0,0,0,2024-06-13,2024-06-13
in_000000032027,9900,1,0,1,0,0,0,0,0,0,2024-06-18,2024-06-18
in_000000193357,29900,1,0,1,0,0,0,0,0,0,2024-06-08,2024-06-08
in_000000011264,79900,1,0,1,0,0,0,0,0,0,2024-06-08,2024-06-08
in_000000291736,79900,1,0,1,0,0,0,0,0,0,2024-06-07,2024-06-07
in_000000272371,79900,1,0,1,0,0,0,0,0,0,2024-06-07,2024-06-07
in_000000196314,9900,1,0,1,0,0,0,0,0,0,2024-06-13,2024-06-13
in_000000299767,99000,1,0,1,0,0,0,0,0,0,2024-06-20,2024-06-20
in_000000000461,79900,1,0,1,0,0,0,0,0,0,2024-06-15,2024-06-15
in_000000178312,119600,1,0,1,0,1,1,0,0,0,2024-06-12,2024-06-12
in_000000086497,9900,1,0,1,0,0,0,0,0,0,2024-06-14,2024-06-14
in_000000209674,9900,1,0,1,0,0,0,0,0,0,2024-06-19,2024-06-19
in_000000264736,29900,1,0,1,0,0,0,0,0,0,2024-06-19,2024-06-19
in_000000250388,9900,1,0,1,0,0,0,0,0,0,2024-06-15,2024-06-15
in_000000249139,9900,1,0,1,0,0,0,0,0,0,2024-06-21,2024-06-21
in_000000104485,29900,1,0,2,0,0,0,0,0,0,2024-06-17,2024-06-17
in_000000027651,79900,1,0,1,0,0,0,0,0,0,2024-06-15,2024-06-15
in_000000155826,9900,1,0,1,0,0,0,0,0,0,2024-06-14,2024-06-14
in_000000108095,9900,1,0,1,0,0,0,0,0,0,2024-06-24,2024-06-24
in_000000312874,199900,1,0,1,0,0,0,0,0,0,2024-06-11,2024-06-11
in_000000269248,29900,1,0,1,0,0,0,0,0,0,2024-06-06,2024-06-06
in_000000312596,299000,1,0,1,0,0,0,0,0,0,2024-06-18,2024-06-18
in_000000088913,29900,1,0,1,0,0,0,0,0,0,2024-06-17,2024-06-17
in_000000110850,29900,1,0,1,0,0,0,0,0,0,2024-06-11,2024-06-11
in_000000059928,29900,1,0,1,0,0,0,0,0,0,2024-06-07,2024-06-07
in_000000280875,9900,1,0,1,0,0,0,0,0,0,2024-06-07,2024-06-07
in_000000146822,799000,1,0,2,0,0,0,0,0,0,2024-06-24,2024-06-24
in_000000134602,9900,1,0,1,0,0,0,0,0,0,2024-06-11,2024-06-11
in_000000299583,29900,1,0,1,0,0,0,0,0,0,2024-06-19,2024-06-19
in_000000299484,9900,1,0,1,0,0,0,0,0,0,2024-06-20,2024-06-20
in_000000128604,29900,1,0,2,0,0,0,0,0,0,2024-06-14,2024-06-14
in_000000120387,199900,1,0,1,0,0,0,0,0,0,2024-06-07,2024-06-07
in_000000099390,79900,1,0,1,0,0,0,0,0,0,2024-06-22,2024-06-22
in_000000216558,9900,1,0,1,0,0,0,0,0,0,2024-06-21,2024-06-21
in_000000119538,9900,1,0,1,0,0,0,0,0,0,2024-06-20,2024-06-20
in_000000019393,29900,1,0,1,0,0,0,0,0,0,2024-06-22,2024-06-22
in_000000283681,79900,1,0,1,0,0,0,0,0,0,2024-06-21,2024-06-21
in_000000214179,9900,1,0,1,0,0,0,0,0,0,2024-06-13,2024-06-13
in_000000100775,79900,1,0,1,0,0,0,0,0,0,2024-06-12,2024-06-12
in_000000313405,29900,1,0,2,0,0,0,0,0,0,2024-06-12,2024-06-12
in_000000287853,79900,1,0,1,0,0,0,0,0,0,2024-06-12,2024-06-12
in_000000199253,9900,1,0,1,0,0,0,0,0,0,2024-06-14,2024-06-14
in_000000255283,9900,1,0,1,0,0,0,0,0,0,2024-06-19,2024-06-19
in_000000064705,9900,1,0,2,0,0,0,0,0,0,2024-06-24,2024-06-24
in_000000246747,9900,1,0,1,0,0,0,0,0,0,2024-06-06,2024-06-06
in_000000162504,299000,1,0,2,0,0,0,0,0,0,2024-06-18,2024-06-18
in_000000233856,29900,1,0,1,0,0,0,0,0,0,2024-06-15,2024-06-15
in_000000080796,29900,1,0,1,0,0,0,0,0,0,2024-06-08,2024-06-08
in_000000028060,79900,1,0,1,0,0,0,0,0,0,2024-06-20,2024-06-20
in_000000028524,9900,1,0,1,0,0,0,0,0,0,2024-06-18,2024-06-18
in_000000145444,9900,1,0,2,0,0,0,0,0,0,2024-06-19,2024-06-19
in_000000300757,9900,1,0,1,0,0,0,0,0,0,2024-06-11,2024-06-11
in_000000015322,29900,1,0,1,0,0,0,0,0,0,2024-06-07,2024-06-07
in_000000276110,9900,1,0,1,0,0,0,0,0,0,2024-06-24,2024-06-24
in_000000005344,29900,1,0,1,0,0,0,0,0,0,2024-06-07,2024-06-07
in_000000251380,79900,1,0,1,0,0,0,0,0,0,2024-06-16,2024-06-16
in_000000127729,29900,1,0,1,0,0,0,0,0,0,2024-06-13,2024-06-13
in_000000077247,9900,1,0,2,0,0,0,0,0,0,2024-06-18,2024-06-18
in_000000273483,79900,1,0,1,0,0,0,0,0,0,2024-06-10,2024-06-10
in_000000087738,9900,1,0,1,0,0,0,0,0,0,2024-06-18,2024-06-18
in_000000153679,9900,1,0,1,0,0,0,0,0,0,2024-06-18,2024-06-18
in_000000141646,79900,1,0,1,0,0,0,0,0,0,2024-06-10,2024-06-10
in_000000059535,79900,1,0,1,0,0,0,0,0,0,2024-06-14,2024-06-14
in_000000266997,79900,1,0,1,0,0,0,0,0,0,2024-06-04,2024-06-04
in_000000279810,9900,1,0,1,0,0,0,0,0,0,2024-06-24,2024-06-24
in_000000188339,79900,1,0,1,0,0,0,0,0,0,2024-06-09,2024-06-09
in_000000013972,9900,1,0,1,0,0,0,0,0,0,2024-06-21,2024-06-21
in_000000243466,199900,1,0,1,0,0,0,0,0,0,2024-06-20,2024-06-20
in_000000237239,9900,1,0,1,0,0,0,0,0,0,2024-06-18,2024-06-18
in_000000210191,29900,1,0,1,0,0,0,0,0,0,2024-06-23,2024-06-23
in_000000189698,9900,1,0,2,0,0,0,0,0,0,2024-06-24,2024-06-24
in_000000031100,29900,1,0,2,0,0,0,0,0,0,2024-06-18,2024-06-18
in_000000184859,9900,1,0,1,0,0,0,0,0,0,2024-06-16,2024-06-16
in_000000093911,9900,1,0,1,0,0,0,0,0,0,2024-06-09,2024-06-09
in_000000103385,299000,1,0,2,0,0,0,0,0,0,2024-06-20,2024-06-20
in_000000115306,29900,1,0,2,0,0,0,0,0,0,2024-06-25,2024-06-25
in_000000016516,29900,1,0,1,0,0,0,0,0,0,2024-06-12,2024-06-12
in_000000309326,29900,1,0,2,0,0,0,0,0,0,2024-06-19,2024-06-19
in_000000270618,29900,1,0,1,0,0,0,0,0,0,2024-06-15,2024-06-15
in_000000045981,29900,1,0,1,0,0,0,0,0,0,2024-06-16,2024-06-16
in_000000305499,9900,1,0,1,0,0,0,0,0,0,2024-06-13,2024-06-13
in_000000089071,29900,1,0,1,0,0,0,0,0,0,2024-06-08,2024-06-08
in_000000270413,29900,1,0,2,0,0,0,0,0,0,2024-06-16,2024-06-16
in_000000262257,299000,1,0,1,0,0,0,0,0,0,2024-06-16,2024-06-16
in_000000301927,9900,1,0,1,0,0,0,0,0,0,2024-06-21,2024-06-21
in_000000003845,9900,1,0,1,0,0,0,0,0,0,2024-06-11,2024-06-11
in_000000012052,9900,1,0,1,0,0,0,0,0,0,2024-06-18,2024-06-18
in_000000195864,299000,1,0,1,0,0,0,0,0,0,2024-06-17,2024-06-17
in_000000111042,199900,1,0,1,0,0,0,0,0,0,2024-06-11,2024-06-11
in_000000222559,79900,1,0,1,0,0,0,0,0,0,2024-06-26,2024-06-26
in_000000085903,29900,1,0,1,0,0,0,0,0,0,2024-06-19,2024-06-19
in_000000020821,9900,1,0,1,0,0,0,0,0,0,2024-06-24,2024-06-24
in_000000022991,79900,1,0,1,0,0,0,0,0,0,2024-06-08,2024-06-08
in_000000095107,9900,1,0,1,0,0,0,0,0,0,2024-06-13,2024-06-13
in_000000285255,199900,1,0,2,0,0,0,0,0,0,2024-06-25,2024-06-25
in_000000159553,9900,1,0,1,0,0,0,0,0,0,2024-06-07,2024-06-07
in_000000195737,29900,1,0,1,0,0,0,0,0,0,2024-06-14,2024-06-14
in_000000232287,29900,1,0,1,0,0,0,0,0,0,2024-06-07,2024-06-07
in_000000043180,299000,1,0,2,0,0,0,0,0,0,2024-06-22,2024-06-22
in_000000077161,79900,1,0,1,0,0,0,0,0,0,2024-06-24,2024-06-24
in_000000267449,9900,1,0,1,0,0,0,0,0,0,2024-06-14,2024-06-14
in_000000202653,199900,1,0,1,0,0,0,0,0,0,2024-06-07,2024-06-07
in_000000271408,79900,1,0,1,0,0,0,0,0,0,2024-06-24,2024-06-24
in_000000034538,9900,1,0,1,0,0,0,0,0,0,2024-06-08,2024-06-08
in_000000262564,199900,1,0,1,0,0,0,0,0,0,2024-06-13,2024-06-13
in_000000234291,9900,1,0,1,0,0,0,0,0,0,2024-06-12,2024-06-12
in_000000222893,29900,1,0,1,0,0,0,0,0,0,2024-06-18,2024-06-18
in_000000133248,29900,1,0,1,0,0,0,0,0,0,2024-06-26,2024-06-26
in_000000098318,29900,1,0,1,0,0,0,0,0,0,2024-06-10,2024-06-10
in_000000106867,9900,1,0,1,0,0,0,0,0,0,2024-06-10,2024-06-10
in_000000023133,9900,1,0,1,0,0,0,0,0,0,2024-06-18,2024-06-18
in_000000154497,9900,1,0,1,0,0,0,0,0,0,2024-06-20,2024-06-20
in_000000194569,199900,1,0,1,0,0,0,0,0,0,2024-06-18,2024-06-18
in_000000091473,9900,1,0,1,0,0,0,0,0,0,2024-06-14,2024-06-14
in_000000289142,9900,1,0,1,0,0,0,0,0,0,2024-06-11,2024-06-11
in_000000229429,9900,1,0,1,0,0,0,0,0,0,2024-06-12,2024-06-12
in_000000231808,29900,1,0,1,0,0,0,0,0,0,2024-06-06,2024-06-06
in_000000271636,9900,1,0,1,0,0,0,0,0,0,2024-06-14,2024-06-14
in_000000272064,79900,1,0,1,0,0,0,0,0,0,2024-06-23,2024-06-23
in_000000310705,79900,1,0,1,0,0,0,0,0,0,2024-06-14,2024-06-14
in_000000026006,9900,1,0,1,0,0,0,0,0,0,2024-06-23,2024-06-23
in_000000218589,29900,1,0,1,0,0,0,0,0,0,2024-06-24,2024-06-24
in_000000004911,199900,1,0,1,0,0,0,0,0,0,2024-06-12,2024-06-12
in_000000194354,79900,1,0,1,0,0,0,0,0,0,2024-06-16,2024-06-16
in_000000026594,29900,1,0,1,0,0,0,0,0,0,2024-06-08,2024-06-08
in_000000027254,199900,1,0,1,0,0,0,0,0,0,2024-06-11,2024-06-11
in_000000032402,29900,1,0,1,0,0,0,0,0,0,2024-06-13,2024-06-13
in_000000102858,9900,1,0,1,0,0,0,0,0,0,2024-06-15,2024-06-15
in_000000013808,29900,1,0,1,0,0,0,0,0,0,2024-06-24,2024-06-24
in_000000228681,79900,1,0,1,0,0,0,0,0,0,2024-06-10,2024-06-10
in_000000151470,9900,1,0,1,0,0,0,0,0,0,2024-06-12,2024-06-12
in_000000016990,9900,1,0,1,0,0,0,0,0,0,2024-06-06,2024-06-06
in_000000117716,29900,1,0,2,0,0,0,0,0,0,2024-06-16,2024-06-16
in_000000257881,9900,1,0,1,0,0,0,0,0,0,2024-06-23,2024-06-23
in_000000220562,9900,1,0,1,0,0,0,0,0,0,2024-06-17,2024-06-17
in_000000303133,99000,1,0,1,0,0,0,0,0,0,2024-06-17,2024-06-17
in_000000017802,9900,1,0,1,0,0,0,0,0,0,2024-06-19,2024-06-19
in_000000198349,99000,1,0,1,0,0,0,0,0,0,2024-06-19,2024-06-19
in_000000302868,9900,1,0,1,0,0,0,0,0,0,2024-06-23,2024-06-23
in_000000088453,79900,1,0,1,0,0,0,0,0,0,2024-06-04,2024-06-04
in_000000237929,9900,1,0,1,0,0,0,0,0,0,2024-06-19,2024-06-19
in_000000037125,9900,1,0,1,0,0,0,0,0,0,2024-06-14,2024-06-14
in_000000043141,9900,1,0,1,0,0,0,0,0,0,2024-06-09,2024-06-09
in_000000211375,99000,1,0,1,0,0,0,0,0,0,2024-06-04,2024-06-04
in_000000044629,9900,1,0,1,0,0,0,0,0,0,2024-06-09,2024-06-09
in_000000147851,9900,1,0,1,0,0,0,0,0,0,2024-06-21,2024-06-21
in_000000164697,29900,1,0,1,0,0,0,0,0,0,2024-06-19,2024-06-19
in_000000109815,9900,1,0,1,0,0,0,0,0,0,2024-06-23,2024-06-23
in_000000012483,29900,1,0,1,0,0,0,0,0,0,2024-06-23,2024-06-23
in_000000070366,29900,1,0,1,0,0,0,0,0,0,2024-06-11,2024-06-11
in_000000166572,9900,1,0,1,0,0,0,0,0,0,2024-06-11,2024-06-11
in_000000311883,9900,1,0,1,0,0,0,0,0,0,2024-06-24,2024-06-24
in_000000257441,9900,1,0,1,0,0,0,0,0,0,2024-06-11,2024-06-11
in_000000283418,199900,1,0,1,0,0,0,0,0,0,2024-06-21,2024-06-21
in_000000127694,79900,1,0,1,0,0,0,0,0,0,2024-06-07,2024-06-07
in_000000041021,9900,1,0,1,0,0,0,0,0,0,2024-06-05,2024-06-05
in_000000033163,299000,1,0,1,0,0,0,0,0,0,2024-06-07,2024-06-07
in_000000272490,199900,1,0,1,0,0,0,0,0,0,2024-06-08,2024-06-08
in_000000313266,29900,1,0,1,0,0,0,0,0,0,2024-06-26,2024-06-26
in_000000045930,9900,1,0,1,0,0,0,0,0,0,2024-06-13,2024-06-13
in_000000003774,9900,1,0,1,0,0,0,0,0,0,2024-06-21,2024-06-21
in_000000060460,9900,1,0,1,0,0,0,0,0,0,2024-06-13,2024-06-13
in_000000311487,9900,1,0,1,0,0,0,0,0,0,2024-06-09,2024-06-09
in_000000269027,29900,1,0,1,0,0,0,0,0,0,2024-06-07,2024-06-07
in_000000168782,9900,1,0,1,0,0,0,0,0,0,2024-06-07,2024-06-07
in_000000092176,79900,1,0,1,0,0,0,0,0,0,2024-06-23,2024-06-23
in_000000079757,29900,1,0,1,0,0,0,0,0,0,2024-06-27,2024-06-27
in_000000149376,29900,1,0,1,0,0,0,0,0,0,2024-06-16,2024-06-16
in_000000008391,29900,1,0,1,0,0,0,0,0,0,2024-06-16,2024-06-16
in_000000126929,199900,1,0,2,0,0,0,0,0,0,2024-06-23,2024-06-23
in_000000303116,9900,1,0,1,0,0,0,0,0,0,2024-06-26,2024-06-26
in_000000295308,79900,1,0,1,0,0,0,0,0,0,2024-06-09,2024-06-09
in_000000094181,9900,1,0,1,0,0,0,0,0,0,2024-06-22,2024-06-22
in_000000233702,199900,1,0,1,0,0,0,0,0,0,2024-06-20,2024-06-20
in_000000017726,29900,1,0,1,0,0,0,0,0,0,2024-06-25,2024-06-25
in_000000136755,9900,1,0,1,0,0,0,0,0,0,2024-06-17,2024-06-17
in_000000198864,29900,1,0,1,0,0,0,0,0,0,2024-06-11,2024-06-11
in_000000280462,9900,1,0,1,0,0,0,0,0,0,2024-06-14,2024-06-14
in_000000123010,29900,1,0,1,0,0,0,0,0,0,2024-06-23,2024-06-23
in_000000036845,9900,1,0,2,0,0,0,0,0,0,2024-06-20,2024-06-20
in_000000153384,9900,1,0,1,0,0,0,0,0,0,2024-06-20,2024-06-20
in_000000091573,9900,1,0,1,0,0,0,0,0,0,2024-06-09,2024-06-09
in_000000254643,9900,1,0,2,0,0,0,0,0,0,2024-06-14,2024-06-14
in_000000097550,99000,1,0,1,0,0,0,0,0,0,2024-06-20,2024-06-20
in_000000072949,29900,1,0,1,0,0,0,0,0,0,2024-06-19,2024-06-19
in_000000016745,9900,1,0,1,0,0,0,0,0,0,2024-06-04,2024-06-04
in_000000115495,9900,1,0,1,0,0,0,0,0,0,2024-06-07,2024-06-07
in_000000194397,29900,1,0,1,0,0,0,0,0,0,2024-06-11,2024-06-11
in_000000269063,29900,1,0,1,0,0,0,0,0,0,2024-06-10,2024-06-10
in_000000102065,9900,1,0,1,0,0,0,0,0,0,2024-06-09,2024-06-09
in_000000056830,9900,1,0,1,0,0,0,0,0,0,2024-06-08,2024-06-08
in_000000169816,9900,1,0,1,0,0,0,0,0,0,2024-06-20,2024-06-20
in_000000141223,9900,1,0,1,0,0,0,0,0,0,2024-06-17,2024-06-17
in_000000176194,9900,1,0,1,0,0,0,0,0,0,2024-06-20,2024-06-20
in_000000135353,29900,1,0,1,0,0,0,0,0,0,2024-06-18,2024-06-18
in_000000261609,29900,1,0,1,0,0,0,0,0,0,2024-06-14,2024-06-14
in_000000167915,9900,1,0,1,0,0,0,0,0,0,2024-06-20,2024-06-20
in_000000259130,9900,1,0,1,0,0,0,0,0,0,2024-06-09,2024-06-09
in_000000098265,9900,1,0,2,0,0,0,0,0,0,2024-06-14,2024-06-14
in_000000086629,199900,1,0,1,0,0,0,0,0,0,2024-06-07,2024-06-07
in_000000302738,79900,1,0,1,0,0,0,0,0,0,2024-06-21,2024-06-21
in_000000124653,9900,1,0,1,0,0,0,0,0,0,2024-06-08,2024-06-08
in_000000157218,9900,1,0,1,0,0,0,0,0,0,2024-06-23,2024-06-23
in_000000068298,29900,1,0,1,0,0,0,0,0,0,2024-06-13,2024-06-13
in_000000099144,9900,1,0,1,0,0,0,0,0,0,2024-06-23,2024-06-23
in_000000166316,9900,1,0,1,0,0,0,0,0,0,2024-06-11,2024-06-11
in_000000160638,29900,1,0,1,0,0,0,0,0,0,2024-06-23,2024-06-23
in_000000236146,9900,1,0,1,0,0,0,0,0,0,2024-06-09,2024-06-09
in_000000035758,9900,1,0,2,0,0,0,0,0,0,2024-06-15,2024-06-15
in_000000227968,9900,1,0,1,0,0,0,0,0,0,2024-06-19,2024-06-19
in_000000315692,29900,1,0,1,0,0,0,0,0,0,2024-06-16,2024-06-16
in_000000012447,29900,1,0,1,0,0,0,0,0,0,2024-06-09,2024-06-09
in_000000229555,79900,1,0,1,0,0,0,0,0,0,2024-06-09,2024-06-09
in_000000224353,9900,1,0,1,0,0,0,0,0,0,2024-06-09,2024-06-09
in_000000170899,99000,1,0,2,0,0,0,0,0,0,2024-06-16,2024-06-16
in_000000245765,299000,1,0,1,0,0,0,0,0,0,2024-06-17,2024-06-17
in_000000098775,79900,1,0,1,0,0,0,0,0,0,2024-06-13,2024-06-13
in_000000254237,29900,1,0,1,0,0,0,0,0,0,2024-06-11,2024-06-11
in_000000283931,29900,1,0,2,0,0,0,0,0,0,2024-06-17,2024-06-17
in_000000291254,9900,1,0,1,0,0,0,0,0,0,2024-06-22,2024-06-22
in_000000074466,99000,1,0,1,0,0,0,0,0,0,2024-06-09,2024-06-09
in_000000159061,9900,1,0,1,0,0,0,0,0,0,2024-06-15,2024-06-15
in_000000171995,29900,1,0,1,0,0,0,0,0,0,2024-06-27,2024-06-27
in_000000212162,9900,1,0,1,0,0,0,0,0,0,2024-06-17,2024-06-17
in_000000066083,9900,1,0,1,0,0,0,0,0,0,2024-06-04,2024-06-04
in_000000075637,9900,1,0,1,0,0,0,0,0,0,2024-06-20,2024-06-20
in_000000001915,9900,1,0,1,0,0,0,0,0,0,2024-06-22,2024-06-22
in_000000256727,9900,1,0,1,0,0,0,0,0,0,2024-06-20,2024-06-20
in_000000306919,9900,1,0,1,0,0,0,0,0,0,2024-06-19,2024-06-19
in_000000262480,9900,1,0,1,0,0,0,0,0,0,2024-06-22,2024-06-22
in_000000163640,79900,1,0,2,0,0,0,0,0,0,2024-06-17,2024-06-17
in_000000094785,29900,1,0,1,0,0,0,0,0,0,2024-06-25,2024-06-25
in_000000024751,9900,1,0,1,0,0,0,0,0,0,2024-06-26,2024-06-26
in_000000163120,9900,1,0,1,0,0,0,0,0,0,2024-06-16,2024-06-16
in_000000309563,9900,1,0,1,0,0,0,0,0,0,2024-06-19,2024-06-19
in_000000187999,9900,1,0,1,0,0,0,0,0,0,2024-06-22,2024-06-22
in_000000272567,9900,1,0,1,0,0,0,0,0,0,2024-06-14,2024-06-14
in_000000070113,29900,1,0,1,0,0,0,0,0,0,2024-06-18,2024-06-18
in_000000207648,9900,1,0,1,0,0,0,0,0,0,2024-06-11,2024-06-11
in_000000128118,29900,1,0,1,0,0,0,0,0,0,2024-06-23,2024-06-23
in_000000266021,79900,1,0,1,0,0,0,0,0,0,2024-06-25,2024-06-25
in_000000146368,9900,1,0,1,0,0,0,0,0,0,2024-06-16,2024-06-16
in_000000017983,199900,1,0,1,0,0,0,0,0,0,2024-06-21,2024-06-21
in_000000271037,9900,1,0,1,0,0,0,0,0,0,2024-06-13,2024-06-13
in_000000296865,9900,1,0,1,0,0,0,0,0,0,2024-06-12,2024-06-12
in_000000020961,29900,1,0,1,0,0,0,0,0,0,2024-06-13,2024-06-13
in_000000165910,29900,1,0,2,0,0,0,0,0,0,2024-06-15,2024-06-15
in_000000027979,29900,1,0,2,0,0,0,0,0,0,2024-06-19,2024-06-19
in_000000294764,199900,1,0,1,0,0,0,0,0,0,2024-06-23,2024-06-23
in_000000204792,9900,1,0,1,0,0,0,0,0,0,2024-06-16,2024-06-16
in_000000257096,29900,1,0,2,0,0,0,0,0,0,2024-06-22,2024-06-22
in_000000307087,79900,1,0,1,0,0,0,0,0,0,2024-06-23,2024-06-23
in_000000003322,9900,1,0,2,0,0,0,0,0,0,2024-06-25,2024-06-25
in_000000268451,9900,1,0,1,0,0,0,0,0,0,2024-06-17,2024-06-17
in_000000043900,9900,1,0,1,0,0,0,0,0,0,2024-06-08,2024-06-08
in_000000315181,9900,1,0,1,0,0,0,0,0,0,2024-06-12,2024-06-12
in_000000158525,79900,1,0,1,0,0,0,0,0,0,2024-06-16,2024-06-16
in_000000264101,29900,1,0,1,0,0,0,0,0,0,2024-06-19,2024-06-19
in_000000162462,9900,1,0,1,0,0,0,0,0,0,2024-06-09,2024-06-09
in_000000118110,9900,1,0,1,0,0,0,0,0,0,2024-06-21,2024-06-21
in_000000208275,29900,1,0,1,0,0,0,0,0,0,2024-06-23,2024-06-23
in_000000299297,29900,1,0,1,0,0,0,0,0,0,2024-06-21,2024-06-21
in_000000221123,29900,1,0,1,0,0,0,0,0,0,2024-06-09,2024-06-09
in_000000020899,9900,1,0,1,0,0,0,0,0,0,2024-06-24,2024-06-24
in_000000158072,29900,1,0,1,0,0,0,0,0,0,2024-06-16,2024-06-16
in_000000041311,9900,1,0,1,0,0,0,0,0,0,2024-06-20,2024-06-20
in_000000112232,29900,1,0,1,0,0,0,0,0,0,2024-06-26,2024-06-26
in_000000158534,299000,1,0,1,0,0,0,0,0,0,2024-06-22,2024-06-22
in_000000124710,799000,1,0,1,0,0,0,0,0,0,2024-06-14,2024-06-14
in_000000250850,9900,1,0,1,0,0,0,0,0,0,2024-06-23,2024-06-23
in_000000076556,9900,1,0,1,0,0,0,0,0,0,2024-06-06,2024-06-06
in_000000267513,79900,1,0,1,0,0,0,0,0,0,2024-06-08,2024-06-08
in_000000126716,9900,1,0,1,0,0,0,0,0,0,2024-06-11,2024-06-11
in_000000163378,9900,1,0,1,0,0,0,0,0,0,2024-06-08,2024-06-08
in_000000223738,9900,1,0,1,0,0,0,0,0,0,2024-06-12,2024-06-12
in_000000306043,29900,1,0,1,0,0,0,0,0,0,2024-06-21,2024-06-21
in_000000123726,299000,1,0,2,0,0,0,0,0,0,2024-06-16,2024-06-16
in_000000026304,29900,1,0,2,0,0,0,0,0,0,2024-06-21,2024-06-21
in_000000107932,299000,1,0,1,0,0,0,0,0,0,2024-06-17,2024-06-17
in_000000097020,9900,1,0,2,0,0,0,0,0,0,2024-06-15,2024-06-15
in_000000175797,9900,1,0,1,0,0,0,0,0,0,2024-06-06,2024-06-06
in_000000262436,26910,1,0,1,1,0,0,0,0,0,2024-06-10,2024-06-10
in_000000237449,9900,1,0,1,0,0,0,0,0,0,2024-06-08,2024-06-08
in_000000150399,29900,1,0,1,0,0,0,0,0,0,2024-06-20,2024-06-20
in_000000162230,9900,1,0,2,0,0,0,0,0,0,2024-06-13,2024-06-13
in_000000307771,29900,1,0,1,0,0,0,0,0,0,2024-06-23,2024-06-23
in_000000087441,29900,1,0,1,0,0,0,0,0,0,2024-06-05,2024-06-05
in_000000087194,199900,1,0,1,0,0,0,0,0,0,2024-06-05,2024-06-05
in_000000232138,9900,1,0,1,0,0,0,0,0,0,2024-06-18,2024-06-18
in_000000164140,9900,1,0,1,0,0,0,0,0,0,2024-06-15,2024-06-15
in_000000069931,29900,1,0,1,0,0,0,0,0,0,2024-06-12,2024-06-12
in_000000115039,29900,1,0,1,0,0,0,0,0,0,2024-06-26,2024-06-26
in_000000034028,29900,1,0,2,0,0,0,0,0,0,2024-06-22,2024-06-22
in_000000245129,9900,1,0,1,0,0,0,0,0,0,2024-06-15,2024-06-15
in_000000127327,29900,1,0,1,0,0,0,0,0,0,2024-06-14,2024-06-14
in_000000315451,9900,1,0,1,0,0,0,0,0,0,2024-06-09,2024-06-09
in_000000245110,29900,1,0,1,0,0,0,0,0,0,2024-06-11,2024-06-11
in_000000016550,79900,1,0,1,0,0,0,0,0,0,2024-06-06,2024-06-06
in_000000064734,9900,1,0,1,0,0,0,0,0,0,2024-06-26,2024-06-26
in_000000320007,9900,1,0,1,0,0,0,0,0,0,2024-06-21,2024-06-21
in_000000092842,29900,1,0,1,0,0,0,0,0,0,2024-06-10,2024-06-10
in_000000097239,9900,1,0,1,0,0,0,0,0,0,2024-06-21,2024-06-21
in_000000128587,9900,1,0,1,0,0,0,0,0,0,2024-06-14,2024-06-14
in_000000044110,75905,1,0,2,1,0,0,0,0,0,2024-06-06,2024-06-06
in_000000137085,29900,1,0,1,0,0,0,0,0,0,2024-06-18,2024-06-18
in_000000045522,199900,1,0,1,0,0,0,0,0,0,2024-06-10,2024-06-10
in_000000116530,29900,1,0,1,0,0,0,0,0,0,2024-06-22,2024-06-22
in_000000293649,199900,1,0,1,0,0,0,0,0,0,2024-06-25,2024-06-25
in_000000096611,99000,1,0,1,0,0,0,0,0,0,2024-06-20,2024-06-20
in_000000182937,79900,1,0,1,0,0,0,0,0,0,2024-06-18,2024-06-18
in_000000066164,79900,1,0,1,0,0,0,0,0,0,2024-06-27,2024-06-27
in_000000312625,9900,1,0,1,0,0,0,0,0,0,2024-06-12,2024-06-12
in_000000212931,9900,1,0,0,0,0,0,0,0,0,2024-06-22,2024-06-22
in_000000294321,9900,1,0,0,0,0,0,0,0,0,2024-06-13,2024-06-13
in_000000168517,9900,1,0,0,0,0,0,0,0,0,2024-06-15,2024-06-15
in_000000050057,79900,1,0,0,0,0,0,0,0,0,2024-06-18,2024-06-18
in_000000232322,29900,1,0,0,0,0,0,0,0,0,2024-06-15,2024-06-15
in_000000171919,99000,1,0,0,0,0,0,0,0,0,2024-06-06,2024-06-06
in_000000094414,9900,1,0,0,0,0,0,0,0,0,2024-06-10,2024-06-10
in_000000188966,29900,1,0,0,0,0,0,0,0,0,2024-06-18,2024-06-18
in_000000069566,199900,1,0,0,0,0,0,0,0,0,2024-06-08,2024-06-08
in_000000070270,9900,1,0,0,0,0,0,0,0,0,2024-06-11,2024-06-11
in_000000075371,9900,1,0,0,0,0,0,0,0,0,2024-06-11,2024-06-11
in_000000228158,9900,1,0,0,0,0,0,0,0,0,2024-06-16,2024-06-16
in_000000269752,9900,1,0,0,0,0,0,0,0,0,2024-06-07,2024-06-07
in_000000047349,299000,1,0,0,0,0,0,0,0,0,2024-06-24,2024-06-24
in_000000259971,9900,1,0,0,0,0,0,0,0,0,2024-06-23,2024-06-23
in_000000026632,9900,1,0,0,0,0,0,0,0,0,2024-06-17,2024-06-17
in_000000319771,9900,1,0,0,0,0,0,0,0,0,2024-06-09,2024-06-09
in_000000270697,29900,1,0,0,0,0,0,0,0,0,2024-06-18,2024-06-18
in_000000099698,29900,1,0,0,0,0,0,0,0,0,2024-06-16,2024-06-16
in_000000175021,9900,1,0,0,0,0,0,0,0,0,2024-06-11,2024-06-11
in_000000160001,199900,1,0,0,0,0,0,0,0,0,2024-06-04,2024-06-04
in_000000237276,9900,1,0,0,0,0,0,0,0,0,2024-06-25,2024-06-25
in_000000319199,9900,1,0,0,0,0,0,0,0,0,2024-06-04,2024-06-04
in_000000051884,9900,1,0,0,0,0,0,0,0,0,2024-06-17,2024-06-17
in_000000319786,99000,1,0,0,0,0,0,0,0,0,2024-06-08,2024-06-08
in_000000254163,9900,1,0,0,0,0,0,0,0,0,2024-06-08,2024-06-08
in_000000320060,29900,1,0,0,0,0,0,0,0,0,2024-06-16,2024-06-16
in_000000315143,29900,1,0,0,0,0,0,0,0,0,2024-06-03,2024-06-03
in_000000179247,79900,1,0,0,0,0,0,0,0,0,2024-06-14,2024-06-14
in_000000193396,299000,1,0,0,0,0,0,0,0,0,2024-06-21,2024-06-21
in_000000306906,29900,1,0,0,0,0,0,0,0,0,2024-06-23,2024-06-23
in_000000220234,79900,1,0,0,0,0,0,0,0,0,2024-06-17,2024-06-17
in_000000029341,9900,1,0,0,0,0,0,0,0,0,2024-06-11,2024-06-11
in_000000045726,79900,1,0,0,0,0,0,0,0,0,2024-06-14,2024-06-14
in_000000180470,79900,1,0,0,0,0,0,0,0,0,2024-06-15,2024-06-15
in_000000018573,79900,1,0,0,0,0,0,0,0,0,2024-06-03,2024-06-03
in_000000041824,79900,1,0,0,0,0,0,0,0,0,2024-06-11,2024-06-11
in_000000228201,9900,1,0,0,0,0,0,0,0,0,2024-06-24,2024-06-24
in_000000074055,79900,1,0,0,0,0,0,0,0,0,2024-06-11,2024-06-11
in_000000054070,199900,1,0,0,0,0,0,0,0,0,2024-06-04,2024-06-04
in_000000114514,199900,1,0,0,0,0,0,0,0,0,2024-06-16,2024-06-16
in_000000181413,9900,1,0,0,0,0,0,0,0,0,2024-06-14,2024-06-14
in_000000086422,9900,1,0,0,0,0,0,0,0,0,2024-06-10,2024-06-10
in_000000104942,9900,1,0,0,0,0,0,0,0,0,2024-06-17,2024-06-17
in_000000230951,799000,1,0,0,0,0,0,0,0,0,2024-06-04,2024-06-04
in_000000236413,9900,1,0,0,0,0,0,0,0,0,2024-06-16,2024-06-16
in_000000145299,29900,1,0,0,0,0,0,0,0,0,2024-06-08,2024-06-08
in_000000169456,29900,1,0,0,0,0,0,0,0,0,2024-06-15,2024-06-15
in_000000248011,9900,1,0,0,0,0,0,0,0,0,2024-06-22,2024-06-22
in_000000183103,9900,1,0,0,0,0,0,0,0,0,2024-06-06,2024-06-06
in_000000044026,9900,1,0,0,0,0,0,0,0,0,2024-06-07,2024-06-07
in_000000231597,79900,1,0,0,0,0,0,0,0,0,2024-06-03,2024-06-03
in_000000116889,199900,1,0,0,0,0,0,0,0,0,2024-06-22,2024-06-22
in_000000101841,29900,1,0,0,0,0,0,0,0,0,2024-06-22,2024-06-22
in_000000042674,9900,1,0,0,0,0,0,0,0,0,2024-06-26,2024-06-26
in_000000159450,9900,1,0,0,0,0,0,0,0,0,2024-06-14,2024-06-14
in_000000127261,9900,1,0,0,0,0,0,0,0,0,2024-06-14,2024-06-14
in_000000034656,79900,1,0,0,0,0,0,0,0,0,2024-06-23,2024-06-23
in_000000015005,9900,1,0,0,0,0,0,0,0,0,2024-06-20,2024-06-20
in_000000147466,79900,1,0,0,0,0,0,0,0,0,2024-06-19,2024-06-19
in_000000267977,199900,1,0,0,0,0,0,0,0,0,2024-06-24,2024-06-24
in_000000254210,29900,1,0,0,0,0,0,0,0,0,2024-06-21,2024-06-21
in_000000246228,9900,1,0,0,0,0,0,0,0,0,2024-06-09,2024-06-09
in_000000189463,29900,1,0,0,0,0,0,0,0,0,2024-06-14,2024-06-14
in_000000117350,79900,1,0,0,0,0,0,0,0,0,2024-06-20,2024-06-20
in_000000299667,9900,1,0,0,0,0,0,0,0,0,2024-06-11,2024-06-11
in_000000255903,9900,1,0,0,0,0,0,0,0,0,2024-06-12,2024-06-12
in_000000028809,29900,1,0,0,0,0,0,0,0,0,2024-06-14,2024-06-14
in_000000265284,79900,1,0,0,0,0,0,0,0,0,2024-06-17,2024-06-17
in_000000186264,9900,1,0,0,0,0,0,0,0,0,2024-06-18,2024-06-18
in_000000014240,79900,1,0,0,0,0,0,0,0,0,2024-06-06,2024-06-06
in_000000218494,9900,1,0,0,0,0,0,0,0,0,2024-06-06,2024-06-06
in_000000192916,9900,1,0,0,0,0,0,0,0,0,2024-06-23,2024-06-23
in_000000210985,29900,1,0,0,0,0,0,0,0,0,2024-06-13,2024-06-13
in_000000295745,9900,1,0,0,0,0,0,0,0,0,2024-06-07,2024-06-07
in_000000119769,29900,1,0,0,0,0,0,0,0,0,2024-06-10,2024-06-10
in_000000214978,99000,1,0,0,0,0,0,0,0,0,2024-06-25,2024-06-25
in_000000307317,199900,1,0,0,0,0,0,0,0,0,2024-06-17,2024-06-17
in_000000293039,79900,1,0,0,0,0,0,0,0,0,2024-06-19,2024-06-19
in_000000144412,9900,1,0,0,0,0,0,0,0,0,2024-06-07,2024-06-07
in_000000104169,9900,1,0,0,0,0,0,0,0,0,2024-06-17,2024-06-17
in_000000253874,29900,1,0,0,0,0,0,0,0,0,2024-06-15,2024-06-15
in_000000116031,9900,1,0,0,0,0,0,0,0,0,2024-06-11,2024-06-11
in_000000036469,29900,1,0,0,0,0,0,0,0,0,2024-06-09,2024-06-09
in_000000003381,9900,1,0,0,0,0,0,0,0,0,2024-06-18,2024-06-18
in_000000020677,29900,1,0,0,0,0,0,0,0,0,2024-06-20,2024-06-20
in_000000126835,9900,1,0,0,0,0,0,0,0,0,2024-06-17,2024-06-17
in_000000221612,9900,1,0,0,0,0,0,0,0,0,2024-06-08,2024-06-08
in_000000174114,79900,1,0,0,0,0,0,0,0,0,2024-06-16,2024-06-16
in_000000015221,9900,1,0,0,0,0,0,0,0,0,2024-06-18,2024-06-18
in_000000210771,9900,1,0,0,0,0,0,0,0,0,2024-06-04,2024-06-04
in_000000023304,29900,1,0,0,0,0,0,0,0,0,2024-06-24,2024-06-24
in_000000301722,29900,1,0,0,0,0,0,0,0,0,2024-06-12,2024-06-12
in_000000161543,9900,1,0,0,0,0,0,0,0,0,2024-06-14,2024-06-14
in_000000130600,9900,1,0,0,0,0,0,0,0,0,2024-06-16,2024-06-16
in_000000217656,9900,1,0,0,0,0,0,0,0,0,2024-06-21,2024-06-21
in_000000300247,29900,1,0,0,0,0,0,0,0,0,2024-06-21,2024-06-21
in_000000051253,9900,1,0,0,0,0,0,0,0,0,2024-06-22,2024-06-22
in_000000117178,9900,1,0,0,0,0,0,0,0,0,2024-06-12,2024-06-12
in_000000317773,9900,1,0,0,0,0,0,0,0,0,2024-06-16,2024-06-16
in_000000138612,79900,1,0,0,0,0,0,0,0,0,2024-06-21,2024-06-21
in_000000284883,29900,1,0,0,0,0,0,0,0,0,2024-06-14,2024-06-14
in_000000059629,29900,1,0,0,0,0,0,0,0,0,2024-06-05,2024-06-05
in_000000302015,29900,1,0,0,0,0,0,0,0,0,2024-06-12,2024-06-12
in_000000157977,79900,1,0,0,0,0,0,0,0,0,2024-06-06,2024-06-06
in_000000218052,9900,1,0,0,0,0,0,0,0,0,2024-06-13,2024-06-13
in_000000048946,79900,1,0,0,0,0,0,0,0,0,2024-06-18,2024-06-18
in_000000020157,9900,1,0,0,0,0,0,0,0,0,2024-06-14,2024-06-14
in_000000038956,9900,1,0,0,0,0,0,0,0,0,2024-06-07,2024-06-07
in_000000093471,9900,1,0,0,0,0,0,0,0,0,2024-06-22,2024-06-22
in_000000124962,79900,1,0,0,0,0,0,0,0,0,2024-06-19,2024-06-19
in_000000277818,29900,1,0,0,0,0,0,0,0,0,2024-06-22,2024-06-22
in_000000000069,29900,1,0,0,0,0,0,0,0,0,2024-06-24,2024-06-24
in_000000222177,9900,1,0,0,0,0,0,0,0,0,2024-06-10,2024-06-10
in_000000090122,9900,1,0,0,0,0,0,0,0,0,2024-06-10,2024-06-10
in_000000068600,29900,1,0,0,0,0,0,0,0,0,2024-06-14,2024-06-14
in_000000114609,79900,1,0,0,0,0,0,0,0,0,2024-06-16,2024-06-16
in_000000070796,29900,1,0,0,0,0,0,0,0,0,2024-06-23,2024-06-23
in_000000089521,9900,1,0,0,0,0,0,0,0,0,2024-06-18,2024-06-18
in_000000011023,99000,1,0,0,0,0,0,0,0,0,2024-06-16,2024-06-16
in_000000258050,29900,1,0,0,0,0,0,0,0,0,2024-06-11,2024-06-11
in_000000288962,9900,1,0,0,0,0,0,0,0,0,2024-06-11,2024-06-11
in_000000044905,9900,1,0,0,0,0,0,0,0,0,2024-06-12,2024-06-12
in_000000029562,9900,1,0,0,0,0,0,0,0,0,2024-06-11,2024-06-11
in_000000184411,79900,1,0,0,0,0,0,0,0,0,2024-06-21,2024-06-21
in_000000179966,79900,1,0,0,0,0,0,0,0,0,2024-06-13,2024-06-13
in_000000290242,9900,1,0,0,0,0,0,0,0,0,2024-06-05,2024-06-05
in_000000301178,9900,1,0,0,0,0,0,0,0,0,2024-06-09,2024-06-09
in_000000017141,199900,1,0,0,0,0,0,0,0,0,2024-06-07,2024-06-07
in_000000032948,9900,1,0,0,0,0,0,0,0,0,2024-06-21,2024-06-21
in_000000000707,9900,1,0,0,0,0,0,0,0,0,2024-06-13,2024-06-13
in_000000097080,29900,1,0,0,0,0,0,0,0,0,2024-06-18,2024-06-18
in_000000258420,9900,1,0,0,0,0,0,0,0,0,2024-06-18,2024-06-18
in_000000125472,9900,1,0,0,0,0,0,0,0,0,2024-06-05,2024-06-05
in_000000123637,29900,1,0,0,0,0,0,0,0,0,2024-06-15,2024-06-15
in_000000228869,29900,1,0,0,0,0,0,0,0,0,2024-06-25,2024-06-25
in_000000030125,79900,1,0,0,0,0,0,0,0,0,2024-06-15,2024-06-15
in_000000263461,199900,1,0,0,0,0,0,0,0,0,2024-06-18,2024-06-18
in_000000076840,9900,1,0,0,0,0,0,0,0,0,2024-06-20,2024-06-20
in_000000037515,9900,1,0,0,0,0,0,0,0,0,2024-06-07,2024-06-07
in_000000002907,99000,1,0,0,0,0,0,0,0,0,2024-06-14,2024-06-14
in_000000081853,79900,1,0,0,0,0,0,0,0,0,2024-06-18,2024-06-18
in_000000095504,9900,1,0,0,0,0,0,0,0,0,2024-06-17,2024-06-17
in_000000097317,79900,1,0,0,0,0,0,0,0,0,2024-06-11,2024-06-11
in_000000161964,9900,1,0,0,0,0,0,0,0,0,2024-06-24,2024-06-24
in_000000084540,9900,1,0,0,0,0,0,0,0,0,2024-06-12,2024-06-12
in_000000252142,199900,1,0,0,0,0,0,0,0,0,2024-06-13,2024-06-13
in_000000006955,9900,1,0,0,0,0,0,0,0,0,2024-06-08,2024-06-08
in_000000180398,9900,1,0,0,0,0,0,0,0,0,2024-06-06,2024-06-06
in_000000315933,9900,1,0,0,0,0,0,0,0,0,2024-06-20,2024-06-20
in_000000140343,29900,1,0,0,0,0,0,0,0,0,2024-06-10,2024-06-10
in_000000235197,79900,1,0,0,0,0,0,0,0,0,2024-06-13,2024-06-13
in_000000001759,9900,1,0,0,0,0,0,0,0,0,2024-06-19,2024-06-19
in_000000225853,9900,1,0,0,0,0,0,0,0,0,2024-06-10,2024-06-10
in_000000285694,9900,1,0,0,0,0,0,0,0,0,2024-06-13,2024-06-13
in_000000005929,199900,1,0,0,0,0,0,0,0,0,2024-06-20,2024-06-20
in_000000237266,29900,1,0,0,0,0,0,0,0,0,2024-06-24,2024-06-24
in_000000030300,9900,1,0,0,0,0,0,0,0,0,2024-06-08,2024-06-08
in_000000059437,9900,1,0,0,0,0,0,0,0,0,2024-06-14,2024-06-14
in_000000192630,9900,1,0,0,0,0,0,0,0,0,2024-06-12,2024-06-12
in_000000234933,9900,1,0,0,0,0,0,0,0,0,2024-06-15,2024-06-15
in_000000296747,29900,1,0,0,0,0,0,0,0,0,2024-06-21,2024-06-21
in_000000192732,29900,1,0,0,0,0,0,0,0,0,2024-06-13,2024-06-13
in_000000282733,9900,1,0,0,0,0,0,0,0,0,2024-06-04,2024-06-04
in_000000079670,9900,1,0,0,0,0,0,0,0,0,2024-06-19,2024-06-19
in_000000094131,79900,1,0,0,0,0,0,0,0,0,2024-06-15,2024-06-15
in_000000248678,29900,1,0,0,0,0,0,0,0,0,2024-06-16,2024-06-16
in_000000263368,9900,1,0,0,0,0,0,0,0,0,2024-06-06,2024-06-06
in_000000059872,9900,1,0,0,0,0,0,0,0,0,2024-06-06,2024-06-06
in_000000041218,29900,1,0,0,0,0,0,0,0,0,2024-06-21,2024-06-21
in_000000258437,9900,1,0,0,0,0,0,0,0,0,2024-06-04,2024-06-04
in_000000146755,29900,1,0,0,0,0,0,0,0,0,2024-06-09,2024-06-09
in_000000270122,9900,1,0,0,0,0,0,0,0,0,2024-06-10,2024-06-10
in_000000317617,9900,1,0,0,0,0,0,0,0,0,2024-06-13,2024-06-13
in_000000159205,9900,1,0,0,0,0,0,0,0,0,2024-06-14,2024-06-14
in_000000095455,9900,1,0,0,0,0,0,0,0,0,2024-06-05,2024-06-05
in_000000139933,9900,1,0,0,0,0,0,0,0,0,2024-06-14,2024-06-14
in_000000194944,29900,1,0,0,0,0,0,0,0,0,2024-06-12,2024-06-12
in_000000232722,29900,1,0,0,0,0,0,0,0,0,2024-06-07,2024-06-07
in_000000100346,79900,1,0,0,0,0,0,0,0,0,2024-06-17,2024-06-17
in_000000131550,9900,1,0,0,0,0,0,0,0,0,2024-06-07,2024-06-07
in_000000150733,29900,1,0,0,0,0,0,0,0,0,2024-06-20,2024-06-20
in_000000172419,9900,1,0,0,0,0,0,0,0,0,2024-06-09,2024-06-09
in_000000320237,299000,1,0,0,0,0,0,0,0,0,2024-06-09,2024-06-09
in_000000180122,9900,1,0,0,0,0,0,0,0,0,2024-06-19,2024-06-19
in_000000268427,9900,1,0,0,0,0,0,0,0,0,2024-06-07,2024-06-07
in_000000173553,99000,1,0,0,0,0,0,0,0,0,2024-06-19,2024-06-19
in_000000152479,9900,1,0,0,0,0,0,0,0,0,2024-06-25,2024-06-25
in_000000317230,79900,1,0,0,0,0,0,0,0,0,2024-06-10,2024-06-10
in_000000261699,99000,1,0,0,0,0,0,0,0,0,2024-06-16,2024-06-16
in_000000172302,199900,1,0,0,0,0,0,0,0,0,2024-06-18,2024-06-18
in_000000250417,29900,1,0,0,0,0,0,0,0,0,2024-06-23,2024-06-23
in_000000016046,9900,1,0,0,0,0,0,0,0,0,2024-06-21,2024-06-21
in_000000060834,9900,1,0,0,0,0,0,0,0,0,2024-06-18,2024-06-18
in_000000203179,9900,1,0,0,0,0,0,0,0,0,2024-06-06,2024-06-06
in_000000254449,29900,1,0,0,0,0,0,0,0,0,2024-06-14,2024-06-14
in_000000244447,79900,1,0,0,0,0,0,0,0,0,2024-06-10,2024-06-10
in_000000050660,9900,1,0,0,0,0,0,0,0,0,2024-06-22,2024-06-22
in_000000027716,9900,1,0,0,0,0,0,0,0,0,2024-06-25,2024-06-25
in_000000126814,9900,1,0,0,0,0,0,0,0,0,2024-06-20,2024-06-20
in_000000148345,199900,1,0,0,0,0,0,0,0,0,2024-06-08,2024-06-08
in_000000121437,799000,1,0,0,0,0,0,0,0,0,2024-06-04,2024-06-04
in_000000202047,79900,1,0,0,0,0,0,0,0,0,2024-06-25,2024-06-25
in_000000041069,199900,1,0,0,0,0,0,0,0,0,2024-06-09,2024-06-09
in_000000193026,79900,1,0,0,0,0,0,0,0,0,2024-06-22,2024-06-22
in_000000305544,199900,1,0,0,0,0,0,0,0,0,2024-06-23,2024-06-23
in_000000123979,9900,1,0,0,0,0,0,0,0,0,2024-06-22,2024-06-22
in_000000299800,29900,1,0,0,0,0,0,0,0,0,2024-06-11,2024-06-11
in_000000125281,9900,1,0,0,0,0,0,0,0,0,2024-06-18,2024-06-18
in_000000234499,199900,1,0,0,0,0,0,0,0,0,2024-06-19,2024-06-19
in_000000091389,9900,1,0,0,0,0,0,0,0,0,2024-06-22,2024-06-22
in_000000166153,29900,1,0,0,0,0,0,0,0,0,2024-06-08,2024-06-08
in_000000044473,9900,1,0,0,0,0,0,0,0,0,2024-06-15,2024-06-15
in_000000025747,9900,1,0,0,0,0,0,0,0,0,2024-06-20,2024-06-20
in_000000187967,199900,1,0,0,0,0,0,0,0,0,2024-06-21,2024-06-21
in_000000262128,29900,1,0,0,0,0,0,0,0,0,2024-06-06,2024-06-06
in_000000082895,9900,1,0,0,0,0,0,0,0,0,2024-06-16,2024-06-16
in_000000199671,99000,1,0,0,0,0,0,0,0,0,2024-06-05,2024-06-05
in_000000058959,29900,1,0,0,0,0,0,0,0,0,2024-06-08,2024-06-08
in_000000314316,99000,1,0,0,0,0,0,0,0,0,2024-06-06,2024-06-06
in_000000052282,79900,1,0,0,0,0,0,0,0,0,2024-06-22,2024-06-22
in_000000133438,299000,1,0,0,0,0,0,0,0,0,2024-06-06,2024-06-06
in_000000093650,9900,1,0,0,0,0,0,0,0,0,2024-06-18,2024-06-18
in_000000165927,199900,1,0,0,0,0,0,0,0,0,2024-06-05,2024-06-05
in_000000084284,29900,1,0,0,0,0,0,0,0,0,2024-06-21,2024-06-21
in_000000074146,79900,1,0,0,0,0,0,0,0,0,2024-06-17,2024-06-17
in_000000174744,9900,1,0,0,0,0,0,0,0,0,2024-06-10,2024-06-10
in_000000285648,9900,1,0,0,0,0,0,0,0,0,2024-06-18,2024-06-18
in_000000019434,9900,1,0,0,0,0,0,0,0,0,2024-06-06,2024-06-06
in_000000251784,9900,1,0,0,0,0,0,0,0,0,2024-06-17,2024-06-17
in_000000020541,199900,1,0,0,0,0,0,0,0,0,2024-06-20,2024-06-20
in_000000083383,29900,1,0,0,0,0,0,0,0,0,2024-06-07,2024-06-07
in_000000291084,9900,1,0,0,0,0,0,0,0,0,2024-06-07,2024-06-07
in_000000310241,199900,1,0,0,0,0,0,0,0,0,2024-06-20,2024-06-20
in_000000200999,79900,1,0,0,0,0,0,0,0,0,2024-06-13,2024-06-13
in_000000115257,199900,1,0,0,0,0,0,0,0,0,2024-06-14,2024-06-14
in_000000255948,29900,1,0,0,0,0,0,0,0,0,2024-06-22,2024-06-22
in_000000161731,9900,1,0,0,0,0,0,0,0,0,2024-06-21,2024-06-21
in_000000160761,29900,1,0,0,0,0,0,0,0,0,2024-06-13,2024-06-13
in_000000106489,9900,1,0,0,0,0,0,0,0,0,2024-06-09,2024-06-09
in_000000036295,29900,1,0,0,0,0,0,0,0,0,2024-06-06,2024-06-06
in_000000187191,29900,1,0,0,0,0,0,0,0,0,2024-06-06,2024-06-06
in_000000012997,9900,1,0,0,0,0,0,0,0,0,2024-06-20,2024-06-20
in_000000115238,9900,1,0,0,0,0,0,0,0,0,2024-06-23,2024-06-23
in_000000189139,79900,1,0,0,0,0,0,0,0,0,2024-06-22,2024-06-22
in_000000065801,9900,1,0,0,0,0,0,0,0,0,2024-06-18,2024-06-18
in_000000224139,79900,1,0,0,0,0,0,0,0,0,2024-06-23,2024-06-23
in_000000239759,9900,1,0,0,0,0,0,0,0,0,2024-06-19,2024-06-19
in_000000318437,9900,1,0,0,0,0,0,0,0,0,2024-06-05,2024-06-05
in_000000213886,29900,1,0,0,0,0,0,0,0,0,2024-06-19,2024-06-19
in_000000291549,79900,1,0,0,0,0,0,0,0,0,2024-06-14,2024-06-14
in_000000222094,29900,1,0,0,0,0,0,0,0,0,2024-06-20,2024-06-20
in_000000051956,29900,1,0,0,0,0,0,0,0,0,2024-06-20,2024-06-20
in_000000225403,9900,1,0,0,0,0,0,0,0,0,2024-06-04,2024-06-04
in_000000224616,9900,1,0,0,0,0,0,0,0,0,2024-06-08,2024-06-08
in_000000297131,99000,1,0,0,0,0,0,0,0,0,2024-06-14,2024-06-14
in_000000077401,29900,1,0,0,0,0,0,0,0,0,2024-06-15,2024-06-15
in_000000218908,29900,1,0,0,0,0,0,0,0,0,2024-06-13,2024-06-13
in_000000218343,9900,1,0,0,0,0,0,0,0,0,2024-06-14,2024-06-14
in_000000074274,79900,1,0,0,0,0,0,0,0,0,2024-06-24,2024-06-24
in_000000010158,799000,1,0,0,0,0,0,0,0,0,2024-06-22,2024-06-22
in_000000006813,9900,1,0,0,0,0,0,0,0,0,2024-06-24,2024-06-24
in_000000010265,79900,1,0,0,0,0,0,0,0,0,2024-06-18,2024-06-18
in_000000210360,29900,1,0,0,0,0,0,0,0,0,2024-06-13,2024-06-13
in_000000072759,29900,1,0,0,0,0,0,0,0,0,2024-06-18,2024-06-18
in_000000153821,29900,1,0,0,0,0,0,0,0,0,2024-06-04,2024-06-04
in_000000250768,9900,1,0,0,0,0,0,0,0,0,2024-06-11,2024-06-11
in_000000298387,9900,1,0,0,0,0,0,0,0,0,2024-06-21,2024-06-21
in_000000291285,199900,1,0,0,0,0,0,0,0,0,2024-06-04,2024-06-04
in_000000125181,79900,1,0,0,0,0,0,0,0,0,2024-06-04,2024-06-04
in_000000017284,29900,1,0,0,0,0,0,0,0,0,2024-06-15,2024-06-15
in_000000296532,199900,1,0,0,0,0,0,0,0,0,2024-06-08,2024-06-08
in_000000109826,9900,1,0,0,0,0,0,0,0,0,2024-06-20,2024-06-20
in_000000208853,9900,1,0,0,0,0,0,0,0,0,2024-06-05,2024-06-05
in_000000030535,29900,1,0,0,0,0,0,0,0,0,2024-06-15,2024-06-15
in_000000150022,79900,1,0,0,0,0,0,0,0,0,2024-06-13,2024-06-13
in_000000254595,9900,1,0,0,0,0,0,0,0,0,2024-06-21,2024-06-21
in_000000234325,29900,1,0,0,0,0,0,0,0,0,2024-06-17,2024-06-17
in_000000104749,29900,1,0,0,0,0,0,0,0,0,2024-06-05,2024-06-05
in_000000216597,79900,1,0,0,0,0,0,0,0,0,2024-06-20,2024-06-20
in_000000293281,9900,1,0,0,0,0,0,0,0,0,2024-06-09,2024-06-09
in_000000205759,29900,1,0,0,0,0,0,0,0,0,2024-06-08,2024-06-08
in_000000018468,79900,1,0,0,0,0,0,0,0,0,2024-06-17,2024-06-17
in_000000068407,9900,1,0,0,0,0,0,0,0,0,2024-06-24,2024-06-24
in_000000029596,29900,1,0,0,0,0,0,0,0,0,2024-06-14,2024-06-14
in_000000292908,9900,1,0,0,0,0,0,0,0,0,2024-06-05,2024-06-05
in_000000231569,9900,1,0,0,0,0,0,0,0,0,2024-06-21,2024-06-21
in_000000127607,29900,1,0,0,0,0,0,0,0,0,2024-06-17,2024-06-17
in_000000060214,79900,1,0,0,0,0,0,0,0,0,2024-06-20,2024-06-20
in_000000225772,9900,1,0,0,0,0,0,0,0,0,2024-06-22,2024-06-22
in_000000165192,79900,1,0,0,0,0,0,0,0,0,2024-06-21,2024-06-21
in_000000281316,79900,1,0,0,0,0,0,0,0,0,2024-06-10,2024-06-10
in_000000232451,29900,1,0,0,0,0,0,0,0,0,2024-06-05,2024-06-05
in_000000122952,9900,1,0,0,0,0,0,0,0,0,2024-06-18,2024-06-18
in_000000151800,29900,1,0,0,0,0,0,0,0,0,2024-06-18,2024-06-18
in_000000066261,9900,1,0,0,0,0,0,0,0,0,2024-06-10,2024-06-10
in_000000094612,799000,1,0,0,0,0,0,0,0,0,2024-06-10,2024-06-10
in_000000008157,29900,1,0,0,0,0,0,0,0,0,2024-06-22,2024-06-22
in_000000143258,29900,1,0,0,0,0,0,0,0,0,2024-06-05,2024-06-05
in_000000149468,9900,1,0,0,0,0,0,0,0,0,2024-06-10,2024-06-10
in_000000243692,29900,1,0,0,0,0,0,0,0,0,2024-06-20,2024-06-20
in_000000135694,29900,1,0,0,0,0,0,0,0,0,2024-06-12,2024-06-12
in_000000067525,199900,1,0,0,0,0,0,0,0,0,2024-06-18,2024-06-18
in_000000223783,29900,1,0,0,0,0,0,0,0,0,2024-06-18,2024-06-18
in_000000002976,9900,1,0,0,0,0,0,0,0,0,2024-06-13,2024-06-13
in_000000244263,9900,1,0,0,0,0,0,0,0,0,2024-06-16,2024-06-16
in_000000036364,9900,1,0,0,0,0,0,0,0,0,2024-06-15,2024-06-15
in_000000282488,9900,1,0,0,0,0,0,0,0,0,2024-06-16,2024-06-16
in_000000097742,9900,1,0,0,0,0,0,0,0,0,2024-06-21,2024-06-21
in_000000091232,9900,1,0,0,0,0,0,0,0,0,2024-06-10,2024-06-10
in_000000181218,9900,1,0,0,0,0,0,0,0,0,2024-06-05,2024-06-05
in_000000097731,29900,1,0,0,0,0,0,0,0,0,2024-06-06,2024-06-06
in_000000242545,79900,1,0,0,0,0,0,0,0,0,2024-06-05,2024-06-05
in_000000134883,79900,1,0,0,0,0,0,0,0,0,2024-06-24,2024-06-24
in_000000259473,9900,1,0,0,0,0,0,0,0,0,2024-06-21,2024-06-21
in_000000318427,29900,1,0,0,0,0,0,0,0,0,2024-06-12,2024-06-12
in_000000058875,29900,1,0,0,0,0,0,0,0,0,2024-06-23,2024-06-23
in_000000013405,9900,1,0,0,0,0,0,0,0,0,2024-06-22,2024-06-22
in_000000154344,9900,1,0,0,0,0,0,0,0,0,2024-06-09,2024-06-09
in_000000251571,9900,1,0,0,0,0,0,0,0,0,2024-06-19,2024-06-19
in_000000308797,79900,1,0,0,0,0,0,0,0,0,2024-06-16,2024-06-16
in_000000038260,79900,1,0,0,0,0,0,0,0,0,2024-06-14,2024-06-14
in_000000042996,9900,1,0,0,0,0,0,0,0,0,2024-06-14,2024-06-14
in_000000093354,9900,1,0,0,0,0,0,0,0,0,2024-06-04,2024-06-04
in_000000075599,9900,1,0,0,0,0,0,0,0,0,2024-06-24,2024-06-24
in_000000165044,99000,1,0,0,0,0,0,0,0,0,2024-06-23,2024-06-23
in_000000281381,29900,1,0,0,0,0,0,0,0,0,2024-06-15,2024-06-15
in_000000046485,9900,1,0,0,0,0,0,0,0,0,2024-06-20,2024-06-20
in_000000005537,9900,1,0,0,0,0,0,0,0,0,2024-06-19,2024-06-19
in_000000076736,9900,1,0,0,0,0,0,0,0,0,2024-06-06,2024-06-06
in_000000087378,29900,1,0,0,0,0,0,0,0,0,2024-06-06,2024-06-06
in_000000313206,29900,1,0,0,0,0,0,0,0,0,2024-06-13,2024-06-13
in_000000220624,9900,1,0,0,0,0,0,0,0,0,2024-06-05,2024-06-05
in_000000288451,29900,1,0,0,0,0,0,0,0,0,2024-06-18,2024-06-18
in_000000256250,9900,1,0,0,0,0,0,0,0,0,2024-06-25,2024-06-25
in_000000262403,9900,1,0,0,0,0,0,0,0,0,2024-06-20,2024-06-20
in_000000255989,79900,1,0,0,0,0,0,0,0,0,2024-06-19,2024-06-19
in_000000243426,29900,1,0,0,0,0,0,0,0,0,2024-06-17,2024-06-17
in_000000308736,9900,1,0,0,0,0,0,0,0,0,2024-06-13,2024-06-13
in_000000202142,9900,1,0,0,0,0,0,0,0,0,2024-06-12,2024-06-12
in_000000307594,199900,1,0,0,0,0,0,0,0,0,2024-06-05,2024-06-05
in_000000179484,9900,1,0,0,0,0,0,0,0,0,2024-06-05,2024-06-05
in_000000208981,29900,1,0,0,0,0,0,0,0,0,2024-06-16,2024-06-16
in_000000308907,9900,1,0,0,0,0,0,0,0,0,2024-06-14,2024-06-14
in_000000222046,9900,1,0,0,0,0,0,0,0,0,2024-06-22,2024-06-22
in_000000115373,29900,1,0,0,0,0,0,0,0,0,2024-06-23,2024-06-23
in_000000210561,9900,1,0,0,0,0,0,0,0,0,2024-06-07,2024-06-07
in_000000057030,9900,1,0,0,0,0,0,0,0,0,2024-06-20,2024-06-20
in_000000302186,29900,1,0,0,0,0,0,0,0,0,2024-06-20,2024-06-20
in_000000208518,9900,1,0,0,0,0,0,0,0,0,2024-06-07,2024-06-07
in_000000155510,9900,1,0,0,0,0,0,0,0,0,2024-06-22,2024-06-22
in_000000290841,9900,1,0,0,0,0,0,0,0,0,2024-06-08,2024-06-08
in_000000014444,79900,1,0,0,0,0,0,0,0,0,2024-06-06,2024-06-06
in_000000313750,29900,1,0,0,0,0,0,0,0,0,2024-06-14,2024-06-14
in_000000227034,199900,1,0,0,0,0,0,0,0,0,2024-06-16,2024-06-16
in_000000177643,99000,1,0,0,0,0,0,0,0,0,2024-06-14,2024-06-14
in_000000196516,9900,1,0,0,0,0,0,0,0,0,2024-06-22,2024-06-22
in_000000059598,199900,1,0,0,0,0,0,0,0,0,2024-06-11,2024-06-11
in_000000228800,9900,1,0,0,0,0,0,0,0,0,2024-06-10,2024-06-10
in_000000304612,99000,1,0,0,0,0,0,0,0,0,2024-06-03,2024-06-03
in_000000055696,79900,1,0,0,0,0,0,0,0,0,2024-06-17,2024-06-17
in_000000101119,79900,1,0,0,0,0,0,0,0,0,2024-07-02,2024-07-02
in_000000229306,199900,1,0,0,0,0,0,0,0,0,2024-06-07,2024-06-07
in_000000319238,199900,1,0,0,0,0,0,0,0,0,2024-06-16,2024-06-16
in_000000114867,9900,1,0,0,0,0,0,0,0,0,2024-06-20,2024-06-20
in_000000019083,9900,1,0,0,0,0,0,0,0,0,2024-06-18,2024-06-18
in_000000098516,9900,1,0,0,0,0,0,0,0,0,2024-06-07,2024-06-07
in_000000130163,79900,1,0,0,0,0,0,0,0,0,2024-06-16,2024-06-16
in_000000015688,9900,1,0,0,0,0,0,0,0,0,2024-06-23,2024-06-23
in_000000042373,9900,1,0,0,0,0,0,0,0,0,2024-06-08,2024-06-08
in_000000149442,199900,1,0,0,0,0,0,0,0,0,2024-06-23,2024-06-23
in_000000209741,29900,1,0,0,0,0,0,0,0,0,2024-06-03,2024-06-03
in_000000303050,9900,1,0,0,0,0,0,0,0,0,2024-06-21,2024-06-21
in_000000106379,9900,1,0,0,0,0,0,0,0,0,2024-06-23,2024-06-23
in_000000077658,9900,1,0,0,0,0,0,0,0,0,2024-06-16,2024-06-16
in_000000091326,99000,1,0,0,0,0,0,0,0,0,2024-06-12,2024-06-12
in_000000176181,199900,1,0,0,0,0,0,0,0,0,2024-06-11,2024-06-11
in_000000085749,9900,1,0,0,0,0,0,0,0,0,2024-06-10,2024-06-10
in_000000068771,9900,1,0,0,0,0,0,0,0,0,2024-06-24,2024-06-24
in_000000124421,29900,1,0,0,0,0,0,0,0,0,2024-06-11,2024-06-11
in_000000176145,9900,1,0,0,0,0,0,0,0,0,2024-06-22,2024-06-22
in_000000183967,29900,1,0,0,0,0,0,0,0,0,2024-06-09,2024-06-09
in_000000247610,9900,1,0,0,0,0,0,0,0,0,2024-06-20,2024-06-20
in_000000043977,199900,1,0,0,0,0,0,0,0,0,2024-06-19,2024-06-19
in_000000280133,79900,1,0,0,0,0,0,0,0,0,2024-06-04,2024-06-04
in_000000313808,9900,1,0,0,0,0,0,0,0,0,2024-06-17,2024-06-17
in_000000308467,9900,1,0,0,0,0,0,0,0,0,2024-06-19,2024-06-19
in_000000208800,9900,1,0,0,0,0,0,0,0,0,2024-06-14,2024-06-14
in_000000320843,79900,1,0,0,0,0,0,0,0,0,2024-06-20,2024-06-20
in_000000309986,29900,1,0,0,0,0,0,0,0,0,2024-06-21,2024-06-21
in_000000258112,199900,1,0,0,0,0,0,0,0,0,2024-06-18,2024-06-18
in_000000303708,9900,1,0,0,0,0,0,0,0,0,2024-06-07,2024-06-07
in_000000270027,29900,1,0,0,0,0,0,0,0,0,2024-06-04,2024-06-04
in_000000128959,79900,1,0,0,0,0,0,0,0,0,2024-06-10,2024-06-10
in_000000311719,29900,1,0,0,0,0,0,0,0,0,2024-06-24,2024-06-24
in_000000002036,29900,1,0,0,0,0,0,0,0,0,2024-06-17,2024-06-17
in_000000037909,9900,1,0,0,0,0,0,0,0,0,2024-06-21,2024-06-21
in_000000144111,79900,1,0,0,0,0,0,0,0,0,2024-06-23,2024-06-23
in_000000153361,9900,1,0,0,0,0,0,0,0,0,2024-06-05,2024-06-05
in_000000209194,9900,1,0,0,0,0,0,0,0,0,2024-06-17,2024-06-17
in_000000208196,29900,1,0,0,0,0,0,0,0,0,2024-06-23,2024-06-23
in_000000124324,9900,1,0,0,0,0,0,0,0,0,2024-06-11,2024-06-11
in_000000127943,29900,1,0,0,0,0,0,0,0,0,2024-06-09,2024-06-09
in_000000182497,29900,1,0,0,0,0,0,0,0,0,2024-06-05,2024-06-05
in_000000156225,29900,1,0,0,0,0,0,0,0,0,2024-06-11,2024-06-11
in_000000135052,29900,1,0,0,0,0,0,0,0,0,2024-06-11,2024-06-11
in_000000263248,29900,1,0,0,0,0,0,0,0,0,2024-06-21,2024-06-21
in_000000020081,9900,1,0,0,0,0,0,0,0,0,2024-06-15,2024-06-15
in_000000294919,29900,1,0,0,0,0,0,0,0,0,2024-06-13,2024-06-13
in_000000086314,9900,1,0,0,0,0,0,0,0,0,2024-06-09,2024-06-09
in_000000157308,9900,1,0,0,0,0,0,0,0,0,2024-06-05,2024-06-05
in_000000128257,99000,1,0,0,0,0,0,0,0,0,2024-06-08,2024-06-08
in_000000284839,9900,1,0,0,0,0,0,0,0,0,2024-06-19,2024-06-19
in_000000282515,9900,1,0,0,0,0,0,0,0,0,2024-06-12,2024-06-12
in_000000293023,1999000,1,0,0,0,0,0,0,0,0,2024-06-15,2024-06-15
in_000000033960,79900,1,0,0,0,0,0,0,0,0,2024-06-06,2024-06-06
in_000000277300,79900,1,0,0,0,0,0,0,0,0,2024-06-26,2024-06-26
in_000000177564,199900,1,0,0,0,0,0,0,0,0,2024-06-12,2024-06-12
in_000000031442,9900,1,0,0,0,0,0,0,0,0,2024-06-18,2024-06-18
in_000000048412,9900,1,0,0,0,0,0,0,0,0,2024-06-12,2024-06-12
in_000000181389,9900,1,0,0,0,0,0,0,0,0,2024-06-14,2024-06-14
in_000000200514,9900,1,0,0,0,0,0,0,0,0,2024-06-19,2024-06-19
in_000000016889,79900,1,0,0,0,0,0,0,0,0,2024-06-21,2024-06-21
in_000000203056,9900,1,0,0,0,0,0,0,0,0,2024-06-20,2024-06-20
in_000000146637,9900,1,0,0,0,0,0,0,0,0,2024-06-24,2024-06-24
in_000000160302,29900,1,0,0,0,0,0,0,0,0,2024-06-18,2024-06-18
in_000000126513,29900,1,0,0,0,0,0,0,0,0,2024-06-05,2024-06-05
in_000000110664,9900,1,0,0,0,0,0,0,0,0,2024-06-16,2024-06-16
in_000000226729,199900,1,0,0,0,0,0,0,0,0,2024-06-20,2024-06-20
in_000000320742,9900,1,0,0,0,0,0,0,0,0,2024-06-12,2024-06-12
in_000000150525,9900,1,0,0,0,0,0,0,0,0,2024-06-21,2024-06-21
in_000000081690,29900,1,0,0,0,0,0,0,0,0,2024-06-22,2024-06-22
in_000000250927,29900,1,0,0,0,0,0,0,0,0,2024-06-12,2024-06-12
in_000000211108,9900,1,0,0,0,0,0,0,0,0,2024-06-23,2024-06-23
in_000000305073,9900,1,0,0,0,0,0,0,0,0,2024-06-13,2024-06-13
in_000000275195,9900,1,0,0,0,0,0,0,0,0,2024-06-04,2024-06-04
in_000000165432,79900,1,0,0,0,0,0,0,0,0,2024-06-16,2024-06-16
in_000000103209,9900,1,0,0,0,0,0,0,0,0,2024-06-22,2024-06-22
in_000000202660,29900,1,0,0,0,0,0,0,0,0,2024-06-23,2024-06-23
in_000000006063,9900,1,0,0,0,0,0,0,0,0,2024-06-23,2024-06-23
in_000000185737,29900,1,0,0,0,0,0,0,0,0,2024-06-15,2024-06-15
in_000000296345,9900,1,0,0,0,0,0,0,0,0,2024-06-13,2024-06-13
in_000000212544,9900,1,0,0,0,0,0,0,0,0,2024-06-22,2024-06-22
in_000000278574,9900,1,0,0,0,0,0,0,0,0,2024-06-21,2024-06-21
in_000000280299,9900,1,0,0,0,0,0,0,0,0,2024-06-24,2024-06-24
in_000000274784,9900,1,0,0,0,0,0,0,0,0,2024-06-18,2024-06-18
in_000000256203,199900,1,0,0,0,0,0,0,0,0,2024-06-10,2024-06-10
in_000000249747,9900,1,0,0,0,0,0,0,0,0,2024-06-14,2024-06-14
in_000000136186,9900,1,0,0,0,0,0,0,0,0,2024-06-06,2024-06-06
in_000000005947,199900,1,0,0,0,0,0,0,0,0,2024-06-19,2024-06-19
in_000000063505,29900,1,0,0,0,0,0,0,0,0,2024-06-08,2024-06-08
in_000000062743,9900,1,0,0,0,0,0,0,0,0,2024-06-23,2024-06-23
in_000000022228,9900,1,0,0,0,0,0,0,0,0,2024-06-09,2024-06-09
in_000000100924,99000,1,0,0,0,0,0,0,0,0,2024-06-18,2024-06-18
in_000000204918,199900,1,0,0,0,0,0,0,0,0,2024-06-10,2024-06-10
in_000000221996,9900,1,0,0,0,0,0,0,0,0,2024-06-04,2024-06-04
in_000000270379,9900,1,0,0,0,0,0,0,0,0,2024-06-15,2024-06-15
in_000000148480,9900,1,0,0,0,0,0,0,0,0,2024-06-03,2024-06-03
in_000000211833,9900,1,0,0,0,0,0,0,0,0,2024-06-10,2024-06-10
in_000000248617,9900,1,0,0,0,0,0,0,0,0,2024-06-10,2024-06-10
in_000000234252,9900,1,0,0,0,0,0,0,0,0,2024-06-22,2024-06-22
in_000000200918,9900,1,0,0,0,0,0,0,0,0,2024-06-20,2024-06-20
in_000000223270,29900,1,0,0,0,0,0,0,0,0,2024-06-24,2024-06-24
in_000000116264,29900,1,0,0,0,0,0,0,0,0,2024-06-25,2024-06-25
in_000000206000,29900,1,0,0,0,0,0,0,0,0,2024-06-04,2024-06-04
in_000000251791,99000,1,0,0,0,0,0,0,0,0,2024-06-21,2024-06-21
in_000000255056,29900,1,0,0,0,0,0,0,0,0,2024-06-10,2024-06-10
in_000000189360,9900,1,0,0,0,0,0,0,0,0,2024-06-11,2024-06-11
in_000000252108,9900,1,0,0,0,0,0,0,0,0,2024-06-23,2024-06-23
in_000000054830,29900,1,0,0,0,0,0,0,0,0,2024-06-19,2024-06-19
in_000000062534,9900,1,0,0,0,0,0,0,0,0,2024-06-20,2024-06-20
in_000000160696,29900,1,0,0,0,0,0,0,0,0,2024-06-15,2024-06-15
in_000000205570,79900,1,0,0,0,0,0,0,0,0,2024-06-12,2024-06-12
in_000000170812,29900,1,0,0,0,0,0,0,0,0,2024-06-18,2024-06-18
in_000000227270,99000,1,0,0,0,0,0,0,0,0,2024-06-21,2024-06-21
in_000000002770,9900,1,0,0,0,0,0,0,0,0,2024-06-20,2024-06-20
in_000000213756,29900,1,0,0,0,0,0,0,0,0,2024-06-08,2024-06-08
in_000000275109,29900,1,0,0,0,0,0,0,0,0,2024-06-17,2024-06-17
in_000000134343,29900,1,0,0,0,0,0,0,0,0,2024-06-13,2024-06-13
in_000000074781,199900,1,0,0,0,0,0,0,0,0,2024-06-17,2024-06-17
in_000000129430,29900,1,0,0,0,0,0,0,0,0,2024-06-08,2024-06-08
in_000000243348,29900,1,0,0,0,0,0,0,0,0,2024-06-06,2024-06-06
in_000000177328,9900,1,0,0,0,0,0,0,0,0,2024-06-22,2024-06-22
in_000000054851,79900,1,0,0,0,0,0,0,0,0,2024-06-23,2024-06-23
in_000000188210,9900,1,0,0,0,0,0,0,0,0,2024-06-10,2024-06-10
in_000000002990,29900,1,0,0,0,0,0,0,0,0,2024-06-23,2024-06-23
in_000000269736,29900,1,0,0,0,0,0,0,0,0,2024-06-13,2024-06-13
in_000000228895,9900,1,0,0,0,0,0,0,0,0,2024-06-22,2024-06-22
in_000000286994,99000,1,0,0,0,0,0,0,0,0,2024-06-23,2024-06-23
in_000000196356,9900,1,0,0,0,0,0,0,0,0,2024-06-18,2024-06-18
in_000000297118,79900,1,0,0,0,0,0,0,0,0,2024-06-15,2024-06-15
in_000000210207,79900,1,0,0,0,0,0,0,0,0,2024-06-22,2024-06-22
in_000000042752,29900,1,0,0,0,0,0,0,0,0,2024-06-10,2024-06-10
in_000000217171,29900,1,0,0,0,0,0,0,0,0,2024-06-23,2024-06-23
in_000000027669,9900,1,0,0,0,0,0,0,0,0,2024-06-24,2024-06-24
in_000000134165,9900,1,0,0,0,0,0,0,0,0,2024-06-15,2024-06-15
in_000000307690,29900,1,0,0,0,0,0,0,0,0,2024-06-20,2024-06-20
in_000000190818,29900,1,0,0,0,0,0,0,0,0,2024-06-20,2024-06-20
in_000000039056,9900,1,0,0,0,0,0,0,0,0,2024-06-08,2024-06-08
in_000000012682,29900,1,0,0,0,0,0,0,0,0,2024-06-10,2024-06-10
in_000000115876,9900,1,0,0,0,0,0,0,0,0,2024-06-06,2024-06-06
in_000000308971,9900,1,0,0,0,0,0,0,0,0,2024-06-16,2024-06-16
in_000000213663,9900,1,0,0,0,0,0,0,0,0,2024-06-21,2024-06-21
in_000000280224,99000,1,0,0,0,0,0,0,0,0,2024-06-20,2024-06-20
in_000000214591,9900,1,0,0,0,0,0,0,0,0,2024-06-06,2024-06-06
in_000000262914,9900,1,0,0,0,0,0,0,0,0,2024-06-05,2024-06-05
in_000000185203,9900,1,0,0,0,0,0,0,0,0,2024-06-07,2024-06-07
in_000000054883,29900,1,0,0,0,0,0,0,0,0,2024-06-14,2024-06-14
in_000000294531,9900,1,0,0,0,0,0,0,0,0,2024-06-07,2024-06-07
in_000000160783,9900,1,0,0,0,0,0,0,0,0,2024-06-19,2024-06-19
in_000000097356,9900,1,0,0,0,0,0,0,0,0,2024-06-21,2024-06-21
in_000000010321,9900,1,0,0,0,0,0,0,0,0,2024-06-24,2024-06-24
in_000000194790,11960,1,0,0,0,1,1,0,0,0,2024-06-22,2024-06-22
in_000000294106,199900,1,0,0,0,0,0,0,0,0,2024-06-08,2024-06-08
in_000000273955,9900,1,0,0,0,0,0,0,0,0,2024-06-06,2024-06-06
in_000000281009,9900,1,0,0,0,0,0,0,0,0,2024-06-10,2024-06-10
in_000000179579,199900,1,0,0,0,0,0,0,0,0,2024-06-08,2024-06-08
in_000000320774,29900,1,0,0,0,0,0,0,0,0,2024-06-07,2024-06-07
in_000000245245,29900,1,0,0,0,0,0,0,0,0,2024-06-11,2024-06-11
in_000000140507,9900,1,0,0,0,0,0,0,0,0,2024-06-23,2024-06-23
in_000000056342,9900,1,0,0,0,0,0,0,0,0,2024-06-10,2024-06-10
in_000000144749,29900,1,0,0,0,0,0,0,0,0,2024-06-14,2024-06-14
in_000000113377,9900,1,0,0,0,0,0,0,0,0,2024-06-09,2024-06-09
in_000000053572,9900,1,0,0,0,0,0,0,0,0,2024-06-13,2024-06-13
in_000000028556,79900,1,0,0,0,0,0,0,0,0,2024-06-18,2024-06-18
in_000000110272,29900,1,0,0,0,0,0,0,0,0,2024-06-14,2024-06-14
in_000000285281,9900,1,0,0,0,0,0,0,0,0,2024-06-25,2024-06-25
in_000000318784,29900,1,0,0,0,0,0,0,0,0,2024-06-13,2024-06-13
in_000000130120,9900,1,0,0,0,0,0,0,0,0,2024-06-14,2024-06-14
in_000000118984,29900,1,0,0,0,0,0,0,0,0,2024-06-23,2024-06-23
in_000000021711,29900,1,0,0,0,0,0,0,0,0,2024-06-20,2024-06-20
in_000000064226,9900,1,0,0,0,0,0,0,0,0,2024-06-04,2024-06-04
in_000000121885,79900,1,0,0,0,0,0,0,0,0,2024-06-09,2024-06-09
in_000000088985,29900,1,0,0,0,0,0,0,0,0,2024-06-06,2024-06-06
in_000000281564,29900,1,0,0,0,0,0,0,0,0,2024-06-21,2024-06-21
in_000000277494,9900,1,0,0,0,0,0,0,0,0,2024-06-04,2024-06-04
in_000000136348,29900,1,0,0,0,0,0,0,0,0,2024-06-25,2024-06-25
in_000000200096,29900,1,0,0,0,0,0,0,0,0,2024-06-03,2024-06-03
in_000000022709,29900,1,0,0,0,0,0,0,0,0,2024-06-16,2024-06-16
in_000000213068,79900,1,0,0,0,0,0,0,0,0,2024-06-25,2024-06-25
in_000000219178,79900,1,0,0,0,0,0,0,0,0,2024-06-13,2024-06-13
in_000000195813,9900,1,0,0,0,0,0,0,0,0,2024-06-15,2024-06-15
in_000000288635,29900,1,0,0,0,0,0,0,0,0,2024-06-20,2024-06-20
in_000000032596,29900,1,0,0,0,0,0,0,0,0,2024-06-09,2024-06-09
in_000000248245,9900,1,0,0,0,0,0,0,0,0,2024-06-25,2024-06-25
in_000000314040,29900,1,0,0,0,0,0,0,0,0,2024-06-04,2024-06-04
in_000000265826,9900,1,0,0,0,0,0,0,0,0,2024-06-05,2024-06-05
in_000000077039,9900,1,0,0,0,0,0,0,0,0,2024-06-06,2024-06-06
in_000000251992,29900,1,0,0,0,0,0,0,0,0,2024-06-19,2024-06-19
in_000000219762,99000,1,0,0,0,0,0,0,0,0,2024-06-04,2024-06-04
in_000000058216,799000,1,0,0,0,0,0,0,0,0,2024-06-07,2024-06-07
in_000000319888,9900,1,0,0,0,0,0,0,0,0,2024-06-08,2024-06-08
in_000000203797,9900,1,0,0,0,0,0,0,0,0,2024-06-08,2024-06-08
in_000000008323,29900,1,0,0,0,0,0,0,0,0,2024-06-15,2024-06-15
in_000000223799,9900,1,0,0,0,0,0,0,0,0,2024-06-15,2024-06-15
in_000000176280,29900,1,0,0,0,0,0,0,0,0,2024-06-22,2024-06-22
in_000000263638,799000,1,0,0,0,0,0,0,0,0,2024-06-05,2024-06-05
in_000000128243,29900,1,0,0,0,0,0,0,0,0,2024-06-25,2024-06-25
in_000000319359,9900,1,0,0,0,0,0,0,0,0,2024-06-05,2024-06-05
in_000000124228,79900,1,0,0,0,0,0,0,0,0,2024-06-19,2024-06-19
in_000000001943,79900,1,0,0,0,0,0,0,0,0,2024-06-12,2024-06-12
in_000000028151,9900,1,0,0,0,0,0,0,0,0,2024-06-10,2024-06-10
in_000000031514,9900,1,0,0,0,0,0,0,0,0,2024-06-17,2024-06-17
in_000000210074,29900,1,0,0,0,0,0,0,0,0,2024-06-21,2024-06-21
in_000000098491,29900,1,0,0,0,0,0,0,0,0,2024-06-23,2024-06-23
in_000000042513,29900,1,0,0,0,0,0,0,0,0,2024-06-24,2024-06-24
in_000000208267,79900,1,0,0,0,0,0,0,0,0,2024-06-14,2024-06-14
in_000000068426,9900,1,0,0,0,0,0,0,0,0,2024-06-18,2024-06-18
in_000000136390,9900,1,0,0,0,0,0,0,0,0,2024-06-14,2024-06-14
in_000000259825,9900,1,0,0,0,0,0,0,0,0,2024-06-09,2024-06-09
in_000000169545,29900,1,0,0,0,0,0,0,0,0,2024-06-12,2024-06-12
in_000000089168,29900,1,0,0,0,0,0,0,0,0,2024-06-19,2024-06-19
in_000000187827,29900,1,0,0,0,0,0,0,0,0,2024-06-16,2024-06-16
in_000000113322,29900,1,0,0,0,0,0,0,0,0,2024-06-15,2024-06-15
in_000000214234,29900,1,0,0,0,0,0,0,0,0,2024-06-19,2024-06-19
in_000000043250,29900,1,0,0,0,0,0,0,0,0,2024-06-16,2024-06-16
in_000000146157,9900,1,0,0,0,0,0,0,0,0,2024-06-08,2024-06-08
in_000000215817,29900,1,0,0,0,0,0,0,0,0,2024-06-16,2024-06-16
in_000000092271,9900,1,0,0,0,0,0,0,0,0,2024-06-14,2024-06-14
in_000000199211,199900,1,0,0,0,0,0,0,0,0,2024-06-16,2024-06-16
in_000000185196,19435,1,0,0,1,0,0,0,0,0,2024-06-21,2024-06-21
in_000000090311,99000,1,0,0,0,0,0,0,0,0,2024-06-25,2024-06-25
in_000000269001,29900,1,0,0,0,0,0,0,0,0,2024-06-12,2024-06-12
in_000000057220,29900,1,0,0,0,0,0,0,0,0,2024-06-11,2024-06-11
in_000000141883,9900,1,0,0,0,0,0,0,0,0,2024-06-08,2024-06-08
in_000000198163,79900,1,0,0,0,0,0,0,0,0,2024-06-23,2024-06-23
in_000000054506,9900,1,0,0,0,0,0,0,0,0,2024-06-24,2024-06-24
in_000000130753,79900,1,0,0,0,0,0,0,0,0,2024-06-25,2024-06-25
in_000000316866,79900,1,0,0,0,0,0,0,0,0,2024-06-10,2024-06-10
in_000000108023,29900,1,0,0,0,0,0,0,0,0,2024-06-17,2024-06-17
in_000000124989,79900,1,0,0,0,0,0,0,0,0,2024-06-19,2024-06-19
in_000000243666,9900,1,0,0,0,0,0,0,0,0,2024-06-10,2024-06-10
in_000000009219,9900,1,0,0,0,0,0,0,0,0,2024-06-05,2024-06-05
in_000000234813,29900,1,0,0,0,0,0,0,0,0,2024-06-03,2024-06-03
in_000000052345,29900,1,0,0,0,0,0,0,0,0,2024-06-19,2024-06-19
in_000000061317,9900,1,0,0,0,0,0,0,0,0,2024-06-18,2024-06-18
in_000000043877,9900,1,0,0,0,0,0,0,0,0,2024-06-18,2024-06-18
in_000000023247,29900,1,0,0,0,0,0,0,0,0,2024-06-09,2024-06-09
in_000000004627,9900,1,0,0,0,0,0,0,0,0,2024-06-12,2024-06-12
in_000000221754,29900,1,0,0,0,0,0,0,0,0,2024-06-10,2024-06-10
in_000000284452,9900,1,0,0,0,0,0,0,0,0,2024-06-22,2024-06-22
in_000000179551,79900,1,0,0,0,0,0,0,0,0,2024-06-24,2024-06-24
in_000000090386,29900,1,0,0,0,0,0,0,0,0,2024-06-25,2024-06-25
in_000000100176,9900,1,0,0,0,0,0,0,0,0,2024-06-07,2024-06-07
in_000000275803,9900,1,0,0,0,0,0,0,0,0,2024-06-14,2024-06-14
in_000000116216,29900,1,0,0,0,0,0,0,0,0,2024-06-11,2024-06-11
in_000000196945,9900,1,0,0,0,0,0,0,0,0,2024-06-15,2024-06-15
in_000000266575,9900,1,0,0,0,0,0,0,0,0,2024-06-07,2024-06-07
in_000000069549,99000,1,0,0,0,0,0,0,0,0,2024-06-08,2024-06-08
in_000000258721,79900,1,0,0,0,0,0,0,0,0,2024-06-21,2024-06-21
in_000000124635,9900,1,0,0,0,0,0,0,0,0,2024-06-10,2024-06-10
in_000000081407,9900,1,0,0,0,0,0,0,0,0,2024-06-21,2024-06-21
in_000000242784,9900,1,0,0,0,0,0,0,0,0,2024-06-08,2024-06-08
in_000000012832,9900,1,0,0,0,0,0,0,0,0,2024-06-17,2024-06-17
in_000000062276,59925,1,0,0,0,1,1,0,0,0,2024-06-19,2024-06-19
in_000000202402,9900,1,0,0,0,0,0,0,0,0,2024-06-07,2024-06-07
in_000000099242,29900,1,0,0,0,0,0,0,0,0,2024-06-17,2024-06-17
in_000000081195,29900,1,0,0,0,0,0,0,0,0,2024-06-17,2024-06-17
in_000000062947,29900,1,0,0,0,0,0,0,0,0,2024-06-10,2024-06-10
in_000000030712,9900,1,0,0,0,0,0,0,0,0,2024-06-12,2024-06-12
in_000000206413,9900,1,0,0,0,0,0,0,0,0,2024-06-06,2024-06-06
in_000000308946,9900,1,0,0,0,0,0,0,0,0,2024-06-20,2024-06-20
in_000000309065,39600,1,0,0,0,1,1,0,0,0,2024-06-16,2024-06-16
in_000000102537,79900,1,0,0,0,0,0,0,0,0,2024-06-10,2024-06-10
in_000000069212,9900,1,0,0,0,0,0,0,0,0,2024-06-14,2024-06-14
in_000000172211,9900,1,0,0,0,0,0,0,0,0,2024-06-04,2024-06-04
in_000000256961,29900,1,0,0,0,0,0,0,0,0,2024-06-20,2024-06-20
in_000000279929,9900,1,0,0,0,0,0,0,0,0,2024-06-05,2024-06-05
in_000000078971,29900,1,0,0,0,0,0,0,0,0,2024-06-04,2024-06-04
in_000000172051,9900,1,0,0,0,0,0,0,0,0,2024-06-21,2024-06-21
in_000000002612,9900,1,0,0,0,0,0,0,0,0,2024-06-22,2024-06-22
in_000000283346,29900,1,0,0,0,0,0,0,0,0,2024-06-10,2024-06-10
in_000000237411,9900,1,0,0,0,0,0,0,0,0,2024-06-22,2024-06-22
in_000000005752,9900,1,0,0,0,0,0,0,0,0,2024-06-08,2024-06-08
in_000000291263,29900,1,0,0,0,0,0,0,0,0,2024-06-14,2024-06-14
in_000000308255,79900,1,0,0,0,0,0,0,0,0,2024-06-12,2024-06-12
in_000000232020,79900,1,0,0,0,0,0,0,0,0,2024-06-21,2024-06-21
in_000000144662,199900,1,0,0,0,0,0,0,0,0,2024-06-26,2024-06-26
in_000000285998,9900,1,0,0,0,0,0,0,0,0,2024-06-08,2024-06-08
in_000000152818,79900,1,0,0,0,0,0,0,0,0,2024-06-09,2024-06-09
in_000000311634,79900,1,0,0,0,0,0,0,0,0,2024-06-24,2024-06-24
in_000000142495,29900,1,0,0,0,0,0,0,0,0,2024-06-04,2024-06-04
in_000000088254,29900,1,0,0,0,0,0,0,0,0,2024-06-08,2024-06-08
in_000000152697,29900,1,0,0,0,0,0,0,0,0,2024-06-17,2024-06-17
in_000000183508,9900,1,0,0,0,0,0,0,0,0,2024-06-16,2024-06-16
in_000000183746,9900,1,0,0,0,0,0,0,0,0,2024-06-24,2024-06-24
in_000000261203,9900,1,0,0,0,0,0,0,0,0,2024-06-06,2024-06-06
in_000000274942,79900,1,0,0,0,0,0,0,0,0,2024-06-11,2024-06-11
in_000000122778,9900,1,0,0,0,0,0,0,0,0,2024-06-23,2024-06-23
in_000000239635,9900,1,0,0,0,0,0,0,0,0,2024-06-12,2024-06-12
in_000000183438,9900,1,0,0,0,0,0,0,0,0,2024-06-10,2024-06-10
in_000000318791,79900,1,0,0,0,0,0,0,0,0,2024-06-13,2024-06-13
in_000000154201,29900,1,0,0,0,0,0,0,0,0,2024-06-22,2024-06-22
in_000000305147,9900,1,0,0,0,0,0,0,0,0,2024-06-19,2024-06-19
in_000000103378,29900,1,0,0,0,0,0,0,0,0,2024-06-06,2024-06-06
in_000000151984,29900,1,0,0,0,0,0,0,0,0,2024-06-25,2024-06-25
in_000000010273,99000,1,0,0,0,0,0,0,0,0,2024-06-21,2024-06-21
in_000000285509,9900,1,0,0,0,0,0,0,0,0,2024-06-23,2024-06-23
in_000000063048,29900,1,0,0,0,0,0,0,0,0,2024-06-10,2024-06-10
in_000000068493,9900,1,0,0,0,0,0,0,0,0,2024-06-22,2024-06-22
in_000000284050,199900,1,0,0,0,0,0,0,0,0,2024-06-06,2024-06-06
in_000000245598,29900,1,0,0,0,0,0,0,0,0,2024-06-06,2024-06-06
in_000000279905,29900,1,0,0,0,0,0,0,0,0,2024-06-19,2024-06-19
in_000000128868,9900,1,0,0,0,0,0,0,0,0,2024-06-10,2024-06-10
in_000000044542,9900,1,0,0,0,0,0,0,0,0,2024-06-13,2024-06-13
in_000000280486,79900,1,0,0,0,0,0,0,0,0,2024-06-10,2024-06-10
in_000000082096,79900,1,0,0,0,0,0,0,0,0,2024-06-07,2024-06-07
in_000000000116,29900,1,0,0,0,0,0,0,0,0,2024-06-11,2024-06-11
in_000000236854,9900,1,0,0,0,0,0,0,0,0,2024-06-18,2024-06-18
in_000000242250,79900,1,0,0,0,0,0,0,0,0,2024-06-12,2024-06-12
in_000000126324,79900,1,0,0,0,0,0,0,0,0,2024-06-06,2024-06-06
in_000000092566,9900,1,0,0,0,0,0,0,0,0,2024-06-08,2024-06-08
in_000000215091,9900,1,0,0,0,0,0,0,0,0,2024-06-11,2024-06-11
in_000000025259,9900,1,0,0,0,0,0,0,0,0,2024-06-14,2024-06-14
in_000000119870,8900,1,0,0,1,0,0,0,0,0,2024-06-08,2024-06-08
in_000000243901,9900,1,0,0,0,0,0,0,0,0,2024-06-22,2024-06-22
in_000000287909,29900,1,0,0,0,0,0,0,0,0,2024-06-15,2024-06-15
in_000000253463,199900,1,0,0,0,0,0,0,0,0,2024-06-09,2024-06-09
in_000000162591,9900,1,0,0,0,0,0,0,0,0,2024-06-08,2024-06-08
in_000000167190,79900,1,0,0,0,0,0,0,0,0,2024-06-21,2024-06-21
in_000000315304,29900,1,0,0,0,0,0,0,0,0,2024-06-15,2024-06-15
in_000000238235,9900,1,0,0,0,0,0,0,0,0,2024-06-18,2024-06-18
in_000000031236,9900,1,0,0,0,0,0,0,0,0,2024-06-07,2024-06-07
in_000000170321,71910,1,0,0,1,0,0,0,0,0,2024-06-11,2024-06-11
in_000000237807,29900,1,0,0,0,0,0,0,0,0,2024-06-24,2024-06-24
in_000000034690,199900,1,0,0,0,0,0,0,0,0,2024-06-07,2024-06-07
in_000000069724,29900,1,0,0,0,0,0,0,0,0,2024-06-19,2024-06-19
in_000000201506,9900,1,0,0,0,0,0,0,0,0,2024-06-09,2024-06-09
in_000000047678,9900,1,0,0,0,0,0,0,0,0,2024-06-21,2024-06-21
in_000000026172,9900,1,0,0,0,0,0,0,0,0,2024-06-04,2024-06-04
in_000000100710,79900,1,0,0,0,0,0,0,0,0,2024-06-21,2024-06-21
in_000000107968,9900,1,0,0,0,0,0,0,0,0,2024-06-25,2024-06-25
in_000000230531,9900,1,0,0,0,0,0,0,0,0,2024-06-06,2024-06-06
in_000000125231,9900,1,0,0,0,0,0,0,0,0,2024-06-12,2024-06-12
in_000000231864,9900,1,0,0,0,0,0,0,0,0,2024-06-12,2024-06-12
in_000000074639,9900,1,0,0,0,0,0,0,0,0,2024-06-04,2024-06-04
in_000000251342,29900,1,0,0,0,0,0,0,0,0,2024-06-12,2024-06-12
in_000000133842,9900,1,0,0,0,0,0,0,0,0,2024-06-15,2024-06-15
in_000000250059,29900,1,0,0,0,0,0,0,0,0,2024-06-10,2024-06-10
in_000000017229,199900,1,0,0,0,0,0,0,0,0,2024-06-07,2024-06-07
in_000000290916,99000,1,0,0,0,0,0,0,0,0,2024-06-12,2024-06-12
in_000000024012,29900,1,0,0,0,0,0,0,0,0,2024-06-15,2024-06-15
in_000000046319,79900,1,0,0,0,0,0,0,0,0,2024-06-11,2024-06-11
in_000000071730,79900,1,0,0,0,0,0,0,0,0,2024-06-07,2024-06-07
in_000000308029,29900,1,0,0,0,0,0,0,0,0,2024-06-06,2024-06-06
in_000000264080,9900,1,0,0,0,0,0,0,0,0,2024-06-25,2024-06-25
in_000000217682,9900,1,0,0,0,0,0,0,0,0,2024-06-18,2024-06-18
in_000000238638,9900,1,0,0,0,0,0,0,0,0,2024-06-10,2024-06-10
in_000000083573,29900,1,0,0,0,0,0,0,0,0,2024-06-14,2024-06-14
in_000000016201,29900,1,0,0,0,0,0,0,0,0,2024-06-15,2024-06-15
in_000000211561,74250,1,0,0,1,0,0,0,0,0,2024-06-22,2024-06-22
in_000000246504,9900,1,0,0,0,0,0,0,0,0,2024-06-25,2024-06-25
in_000000111187,79900,1,0,0,0,0,0,0,0,0,2024-06-23,2024-06-23
in_000000289702,4950,1,0,0,1,0,0,0,0,0,2024-06-06,2024-06-06
in_000000288317,9900,1,0,0,0,0,0,0,0,0,2024-06-16,2024-06-16
in_000000079555,29900,1,0,0,0,0,0,0,0,0,2024-06-16,2024-06-16
in_000000198493,79900,1,0,0,0,0,0,0,0,0,2024-06-06,2024-06-06
in_000000278255,9900,1,0,0,0,0,0,0,0,0,2024-06-14,2024-06-14
in_000000239453,29900,1,0,0,0,0,0,0,0,0,2024-06-04,2024-06-04
in_000000174765,9900,1,0,0,0,0,0,0,0,0,2024-06-18,2024-06-18
in_000000008079,9900,1,0,0,0,0,0,0,0,0,2024-06-06,2024-06-06
in_000000183867,299000,1,0,0,0,0,0,0,0,0,2024-06-21,2024-06-21
in_000000297268,9900,1,0,0,0,0,0,0,0,0,2024-06-17,2024-06-17
in_000000087593,29900,1,0,0,0,0,0,0,0,0,2024-06-13,2024-06-13
in_000000143735,29900,1,0,0,0,0,0,0,0,0,2024-06-17,2024-06-17
in_000000123898,9900,1,0,0,0,0,0,0,0,0,2024-06-17,2024-06-17
in_000000196885,29900,1,0,0,0,0,0,0,0,0,2024-06-03,2024-06-03
in_000000124483,9900,1,0,0,0,0,0,0,0,0,2024-06-06,2024-06-06
in_000000259189,29900,1,0,0,0,0,0,0,0,0,2024-06-07,2024-06-07
in_000000256004,149925,1,0,0,1,0,0,0,0,0,2024-06-05,2024-06-05
in_000000263631,9900,1,0,0,0,0,0,0,0,0,2024-06-03,2024-06-03
in_000000284120,29900,1,0,0,0,0,0,0,0,0,2024-06-07,2024-06-07
in_000000214955,9900,1,0,0,0,0,0,0,0,0,2024-06-06,2024-06-06
in_000000041505,79900,1,0,0,0,0,0,0,0,0,2024-06-14,2024-06-14
in_000000123428,79900,1,0,0,0,0,0,0,0,0,2024-06-26,2024-06-26
in_000000115124,9900,1,0,0,0,0,0,0,0,0,2024-06-16,2024-06-16
in_000000142849,29900,1,0,0,0,0,0,0,0,0,2024-06-10,2024-06-10
in_000000229251,79900,1,0,0,0,0,0,0,0,0,2024-06-16,2024-06-16
in_000000077607,9900,1,0,0,0,0,0,0,0,0,2024-06-04,2024-06-04
in_000000070825,29900,1,0,0,0,0,0,0,0,0,2024-06-21,2024-06-21
in_000000117253,79900,1,0,0,0,0,0,0,0,0,2024-06-19,2024-06-19
in_000000066356,29900,1,0,0,0,0,0,0,0,0,2024-06-26,2024-06-26
in_000000232177,29900,1,0,0,0,0,0,0,0,0,2024-06-03,2024-06-03
in_000000256789,9900,1,0,0,0,0,0,0,0,0,2024-06-09,2024-06-09
in_000000276042,9900,1,0,0,0,0,0,0,0,0,2024-06-20,2024-06-20
in_000000062932,9900,1,0,0,0,0,0,0,0,0,2024-06-18,2024-06-18
in_000000282855,9900,1,0,0,0,0,0,0,0,0,2024-06-08,2024-06-08
in_000000098236,99000,1,0,0,0,0,0,0,0,0,2024-06-19,2024-06-19
in_000000258097,79900,1,0,0,0,0,0,0,0,0,2024-06-16,2024-06-16
in_000000130482,9900,1,0,0,0,0,0,0,0,0,2024-06-18,2024-06-18
in_000000009439,29900,1,0,0,0,0,0,0,0,0,2024-06-10,2024-06-10
in_000000189224,9900,1,0,0,0,0,0,0,0,0,2024-06-13,2024-06-13
in_000000202678,29900,1,0,0,0,0,0,0,0,0,2024-06-17,2024-06-17
in_000000209391,9900,1,0,0,0,0,0,0,0,0,2024-06-07,2024-06-07
in_000000208624,29900,1,0,0,0,0,0,0,0,0,2024-06-13,2024-06-13
in_000000276648,199900,1,0,0,0,0,0,0,0,0,2024-06-11,2024-06-11
in_000000225794,79900,1,0,0,0,0,0,0,0,0,2024-06-22,2024-06-22
in_000000064386,9900,1,0,0,0,0,0,0,0,0,2024-06-06,2024-06-06
in_000000159168,9900,1,0,0,0,0,0,0,0,0,2024-06-07,2024-06-07
in_000000118011,9900,1,0,0,0,0,0,0,0,0,2024-06-22,2024-06-22
in_000000171425,299000,1,0,0,0,0,0,0,0,0,2024-06-08,2024-06-08
in_000000049226,29900,1,0,0,0,0,0,0,0,0,2024-06-23,2024-06-23
in_000000296412,29900,1,0,0,0,0,0,0,0,0,2024-06-16,2024-06-16
in_000000068916,67915,1,0,0,1,0,0,0,0,0,2024-06-06,2024-06-06
in_000000125915,9900,1,0,0,0,0,0,0,0,0,2024-06-09,2024-06-09
in_000000271732,29900,1,0,0,0,0,0,0,0,0,2024-06-12,2024-06-12
in_000000285713,9900,1,0,0,0,0,0,0,0,0,2024-06-10,2024-06-10
in_000000269099,29900,1,0,0,0,0,0,0,0,0,2024-06-08,2024-06-08
in_000000152006,99000,1,0,0,0,0,0,0,0,0,2024-06-08,2024-06-08
in_000000278989,9900,1,0,0,0,0,0,0,0,0,2024-06-15,2024-06-15
in_000000131607,29900,1,0,0,0,0,0,0,0,0,2024-06-08,2024-06-08
in_000000180998,79900,1,0,0,0,0,0,0,0,0,2024-06-20,2024-06-20
in_000000166536,9900,1,0,0,0,0,0,0,0,0,2024-06-18,2024-06-18
in_000000303269,9900,1,0,0,0,0,0,0,0,0,2024-06-23,2024-06-23
in_000000271955,9900,1,0,0,0,0,0,0,0,0,2024-06-19,2024-06-19
in_000000319320,9900,1,0,0,0,0,0,0,0,0,2024-06-18,2024-06-18
in_000000178009,29900,1,0,0,0,0,0,0,0,0,2024-06-13,2024-06-13
in_000000281534,9900,1,0,0,0,0,0,0,0,0,2024-06-23,2024-06-23
in_000000132243,79900,1,0,0,0,0,0,0,0,0,2024-06-21,2024-06-21
in_000000164012,29900,1,0,0,0,0,0,0,0,0,2024-06-07,2024-06-07
in_000000056112,9900,1,0,0,0,0,0,0,0,0,2024-06-26,2024-06-26
in_000000312343,9900,1,0,0,0,0,0,0,0,0,2024-06-03,2024-06-03
in_000000300160,29900,1,0,0,0,0,0,0,0,0,2024-06-17,2024-06-17
in_000000223015,9900,1,0,0,0,0,0,0,0,0,2024-06-07,2024-06-07
in_000000044963,8900,1,0,0,1,0,0,0,0,0,2024-06-07,2024-06-07
in_000000158472,9900,1,0,0,0,0,0,0,0,0,2024-06-25,2024-06-25
in_000000129030,79900,1,0,0,0,0,0,0,0,0,2024-06-22,2024-06-22
in_000000101767,9900,1,0,0,0,0,0,0,0,0,2024-06-07,2024-06-07
in_000000276782,79900,1,0,0,0,0,0,0,0,0,2024-06-20,2024-06-20
in_000000151050,29900,1,0,0,0,0,0,0,0,0,2024-06-22,2024-06-22
in_000000062826,9900,1,0,0,0,0,0,0,0,0,2024-06-10,2024-06-10
in_000000173615,79900,1,0,0,0,0,0,0,0,0,2024-06-15,2024-06-15
in_000000007164,9900,1,0,0,0,0,0,0,0,0,2024-06-06,2024-06-06
in_000000163024,799000,1,0,0,0,0,0,0,0,0,2024-06-08,2024-06-08
in_000000170659,79900,1,0,0,0,0,0,0,0,0,2024-06-07,2024-06-07
in_000000011119,9900,1,0,0,0,0,0,0,0,0,2024-06-18,2024-06-18
in_000000013986,9900,1,0,0,0,0,0,0,0,0,2024-06-15,2024-06-15
in_000000103748,99000,1,0,0,0,0,0,0,0,0,2024-06-15,2024-06-15
in_000000266102,29900,1,0,0,0,0,0,0,0,0,2024-06-12,2024-06-12
in_000000165978,9900,1,0,0,0,0,0,0,0,0,2024-06-20,2024-06-20
in_000000034340,29900,1,0,0,0,0,0,0,0,0,2024-06-10,2024-06-10
in_000000225553,79900,1,0,0,0,0,0,0,0,0,2024-06-08,2024-06-08
in_000000055246,9900,1,0,0,0,0,0,0,0,0,2024-06-21,2024-06-21
in_000000306810,199900,1,0,0,0,0,0,0,0,0,2024-06-16,2024-06-16
in_000000147136,9900,1,0,0,0,0,0,0,0,0,2024-06-24,2024-06-24
in_000000313659,9900,1,0,0,0,0,0,0,0,0,2024-06-13,2024-06-13
in_000000317086,9900,1,0,0,0,0,0,0,0,0,2024-06-18,2024-06-18
in_000000158242,9900,1,0,0,0,0,0,0,0,0,2024-06-24,2024-06-24
in_000000036419,9900,1,0,0,0,0,0,0,0,0,2024-06-10,2024-06-10
in_000000139774,29900,1,0,0,0,0,0,0,0,0,2024-06-11,2024-06-11
in_000000295054,9900,1,0,0,0,0,0,0,0,0,2024-06-21,2024-06-21
in_000000050066,9900,1,0,0,0,0,0,0,0,0,2024-06-07,2024-06-07
in_000000200150,199900,1,0,0,0,0,0,0,0,0,2024-06-21,2024-06-21
in_000000212985,9900,1,0,0,0,0,0,0,0,0,2024-06-17,2024-06-17
in_000000065175,199900,1,0,0,0,0,0,0,0,0,2024-06-12,2024-06-12
in_000000120323,9900,1,0,0,0,0,0,0,0,0,2024-06-07,2024-06-07
in_000000275971,299000,1,0,0,0,0,0,0,0,0,2024-06-07,2024-06-07
in_000000061964,29900,1,0,0,0,0,0,0,0,0,2024-06-12,2024-06-12
in_000000166082,9900,1,0,0,0,0,0,0,0,0,2024-06-10,2024-06-10
in_000000053509,9900,1,0,0,0,0,0,0,0,0,2024-06-09,2024-06-09
in_000000185662,29900,1,0,0,0,0,0,0,0,0,2024-06-16,2024-06-16
in_000000172407,199900,1,0,0,0,0,0,0,0,0,2024-06-23,2024-06-23
in_000000216345,29900,1,0,0,0,0,0,0,0,0,2024-06-25,2024-06-25
in_000000117470,99000,1,0,0,0,0,0,0,0,0,2024-06-10,2024-06-10
in_000000037673,29900,1,0,0,0,0,0,0,0,0,2024-06-12,2024-06-12
in_000000237773,9900,1,0,0,0,0,0,0,0,0,2024-06-10,2024-06-10
in_000000186956,9900,1,0,0,0,0,0,0,0,0,2024-06-21,2024-06-21
in_000000218877,29900,1,0,0,0,0,0,0,0,0,2024-06-11,2024-06-11
in_000000063195,9900,1,0,0,0,0,0,0,0,0,2024-06-05,2024-06-05
in_000000035683,9900,1,0,0,0,0,0,0,0,0,2024-06-15,2024-06-15
in_000000012910,79900,1,0,0,0,0,0,0,0,0,2024-06-20,2024-06-20
in_000000015938,199900,1,0,0,0,0,0,0,0,0,2024-06-22,2024-06-22
in_000000086825,9900,1,0,0,0,0,0,0,0,0,2024-06-11,2024-06-11
in_000000293205,29900,1,0,0,0,0,0,0,0,0,2024-06-17,2024-06-17
in_000000038050,9900,1,0,0,0,0,0,0,0,0,2024-06-13,2024-06-13
in_000000170209,9900,1,0,0,0,0,0,0,0,0,2024-06-21,2024-06-21
in_000000146924,9900,1,0,0,0,0,0,0,0,0,2024-06-14,2024-06-14
in_000000009681,79900,1,0,0,0,0,0,0,0,0,2024-06-07,2024-06-07
in_000000156193,9900,1,0,0,0,0,0,0,0,0,2024-06-21,2024-06-21
in_000000267032,169915,1,0,0,1,0,0,0,0,0,2024-06-18,2024-06-18
in_000000138778,29900,1,0,0,0,0,0,0,0,0,2024-06-15,2024-06-15
in_000000128501,9900,1,0,0,0,0,0,0,0,0,2024-06-06,2024-06-06
in_000000043582,9900,1,0,0,0,0,0,0,0,0,2024-06-22,2024-06-22
in_000000140600,9900,1,0,0,0,0,0,0,0,0,2024-06-08,2024-06-08
in_000000299112,29900,1,0,0,0,0,0,0,0,0,2024-06-26,2024-06-26
in_000000308350,9900,1,0,0,0,0,0,0,0,0,2024-06-18,2024-06-18
in_000000164758,9900,1,0,0,0,0,0,0,0,0,2024-06-20,2024-06-20
in_000000051682,29900,1,0,0,0,0,0,0,0,0,2024-06-06,2024-06-06
in_000000007619,79900,1,0,0,0,0,0,0,0,0,2024-06-23,2024-06-23
in_000000043354,9900,1,0,0,0,0,0,0,0,0,2024-06-10,2024-06-10
in_000000172671,199900,1,0,0,0,0,0,0,0,0,2024-06-21,2024-06-21
in_000000314685,9900,1,0,0,0,0,0,0,0,0,2024-06-15,2024-06-15
in_000000272966,9900,1,0,0,0,0,0,0,0,0,2024-06-23,2024-06-23
in_000000259401,9900,1,0,0,0,0,0,0,0,0,2024-06-18,2024-06-18
in_000000196500,9900,1,0,0,0,0,0,0,0,0,2024-06-15,2024-06-15
in_000000074499,8910,1,0,0,1,0,0,0,0,0,2024-06-18,2024-06-18
in_000000251503,29900,1,0,0,0,0,0,0,0,0,2024-06-24,2024-06-24
in_000000128755,9900,1,0,0,0,0,0,0,0,0,2024-06-18,2024-06-18
in_000000318944,9900,1,0,0,0,0,0,0,0,0,2024-06-12,2024-06-12
in_000000108180,29900,1,0,0,0,0,0,0,0,0,2024-06-16,2024-06-16
in_000000075334,199900,1,0,0,0,0,0,0,0,0,2024-06-06,2024-06-06
in_000000318263,9900,1,0,0,0,0,0,0,0,0,2024-06-18,2024-06-18
in_000000134699,29900,1,0,0,0,0,0,0,0,0,2024-06-09,2024-06-09
in_000000256038,9900,1,0,0,0,0,0,0,0,0,2024-06-06,2024-06-06
in_000000068320,79900,1,0,0,0,0,0,0,0,0,2024-06-20,2024-06-20
in_000000205963,9900,1,0,0,0,0,0,0,0,0,2024-06-06,2024-06-06
in_000000165152,9900,1,0,0,0,0,0,0,0,0,2024-06-16,2024-06-16
in_000000004852,29900,1,0,0,0,0,0,0,0,0,2024-06-12,2024-06-12
in_000000210757,9900,1,0,0,0,0,0,0,0,0,2024-06-03,2024-06-03
in_000000190493,9900,1,0,0,0,0,0,0,0,0,2024-07-02,2024-07-02
in_000000240484,9900,1,0,0,0,0,0,0,0,0,2024-06-16,2024-06-16
in_000000161917,9900,1,0,0,0,0,0,0,0,0,2024-06-22,2024-06-22
in_000000080829,29900,1,0,0,0,0,0,0,0,0,2024-06-09,2024-06-09
in_000000160065,9900,1,0,0,0,0,0,0,0,0,2024-06-25,2024-06-25
in_000000232753,29900,1,0,0,0,0,0,0,0,0,2024-06-09,2024-06-09
in_000000283830,29900,1,0,0,0,0,0,0,0,0,2024-06-21,2024-06-21
in_000000044947,9900,1,0,0,0,0,0,0,0,0,2024-06-05,2024-06-05
in_000000198462,29900,1,0,0,0,0,0,0,0,0,2024-06-16,2024-06-16
in_000000222025,79900,1,0,0,0,0,0,0,0,0,2024-06-09,2024-06-09
in_000000040451,9900,1,0,0,0,0,0,0,0,0,2024-06-15,2024-06-15
in_000000134641,9900,1,0,0,0,0,0,0,0,0,2024-06-11,2024-06-11
in_000000008221,189905,1,0,0,1,0,0,0,0,0,2024-06-07,2024-06-07
in_000000219098,9900,1,0,0,0,0,0,0,0,0,2024-06-15,2024-06-15
in_000000099025,29900,1,0,0,0,0,0,0,0,0,2024-06-14,2024-06-14
in_000000165358,79900,1,0,0,0,0,0,0,0,0,2024-06-17,2024-06-17
in_000000059401,199900,1,0,0,0,0,0,0,0,0,2024-06-06,2024-06-06
in_000000089968,79900,1,0,0,0,0,0,0,0,0,2024-06-17,2024-06-17
in_000000226846,29900,1,0,0,0,0,0,0,0,0,2024-06-16,2024-06-16
in_000000175686,79900,1,0,0,0,0,0,0,0,0,2024-06-20,2024-06-20
in_000000318825,9900,1,0,0,0,0,0,0,0,0,2024-07-03,2024-07-03
in_000000128782,29900,1,0,0,0,0,0,0,0,0,2024-06-17,2024-06-17
in_000000122313,9900,1,0,0,0,0,0,0,0,0,2024-06-22,2024-06-22
in_000000170262,9900,1,0,0,0,0,0,0,0,0,2024-06-21,2024-06-21
in_000000016771,9900,1,0,0,0,0,0,0,0,0,2024-06-18,2024-06-18
in_000000105609,79900,1,0,0,0,0,0,0,0,0,2024-06-17,2024-06-17
in_000000316726,29900,1,0,0,0,0,0,0,0,0,2024-06-08,2024-06-08
in_000000102319,199900,1,0,0,0,0,0,0,0,0,2024-06-21,2024-06-21
in_000000125516,9900,1,0,0,0,0,0,0,0,0,2024-06-08,2024-06-08
in_000000074424,9900,1,0,0,0,0,0,0,0,0,2024-06-21,2024-06-21
in_000000297551,9900,1,0,0,0,0,0,0,0,0,2024-06-22,2024-06-22
in_000000121799,29900,1,0,0,0,0,0,0,0,0,2024-06-20,2024-06-20
in_000000197610,9900,1,0,0,0,0,0,0,0,0,2024-06-09,2024-06-09
in_000000078285,9900,1,0,0,0,0,0,0,0,0,2024-06-18,2024-06-18
in_000000313963,29900,1,0,0,0,0,0,0,0,0,2024-06-14,2024-06-14
in_000000101323,1999000,1,0,0,0,0,0,0,0,0,2024-06-24,2024-06-24
in_000000252217,29900,1,0,0,0,0,0,0,0,0,2024-06-24,2024-06-24
in_000000210535,9900,1,0,0,0,0,0,0,0,0,2024-06-13,2024-06-13
in_000000177023,9900,1,0,0,0,0,0,0,0,0,2024-06-18,2024-06-18
in_000000060406,29900,1,0,0,0,0,0,0,0,0,2024-06-24,2024-06-24
in_000000125900,9900,1,0,0,0,0,0,0,0,0,2024-06-23,2024-06-23
in_000000165367,299000,1,0,0,0,0,0,0,0,0,2024-06-07,2024-06-07
in_000000136248,9900,1,0,0,0,0,0,0,0,0,2024-06-07,2024-06-07
in_000000019806,9900,1,0,0,0,0,0,0,0,0,2024-06-22,2024-06-22
in_000000038273,9900,1,0,0,0,0,0,0,0,0,2024-06-14,2024-06-14
in_000000080937,9900,1,0,0,0,0,0,0,0,0,2024-06-09,2024-06-09
in_000000161068,79900,1,0,0,0,0,0,0,0,0,2024-06-05,2024-06-05
in_000000085549,9900,1,0,0,0,0,0,0,0,0,2024-06-19,2024-06-19
in_000000277234,9900,1,0,0,0,0,0,0,0,0,2024-06-13,2024-06-13
in_000000278965,9900,1,0,0,0,0,0,0,0,0,2024-06-07,2024-06-07
in_000000273121,29900,1,0,0,0,0,0,0,0,0,2024-06-21,2024-06-21
in_000000030424,29900,1,0,0,0,0,0,0,0,0,2024-06-05,2024-06-05
in_000000061091,9900,1,0,0,0,0,0,0,0,0,2024-06-06,2024-06-06
in_000000044494,29900,1,0,0,0,0,0,0,0,0,2024-06-10,2024-06-10
in_000000110935,29900,1,0,0,0,0,0,0,0,0,2024-06-23,2024-06-23
in_000000102225,79900,1,0,0,0,0,0,0,0,0,2024-06-25,2024-06-25
in_000000308610,29900,1,0,0,0,0,0,0,0,0,2024-06-14,2024-06-14
in_000000055512,9900,1,0,0,0,0,0,0,0,0,2024-06-15,2024-06-15
in_000000131047,29900,1,0,0,0,0,0,0,0,0,2024-06-22,2024-06-22
in_000000288011,29900,1,0,0,0,0,0,0,0,0,2024-06-13,2024-06-13
in_000000098213,79900,1,0,0,0,0,0,0,0,0,2024-06-14,2024-06-14
in_000000071562,29900,1,0,0,0,0,0,0,0,0,2024-06-17,2024-06-17
in_000000146536,79900,1,0,0,0,0,0,0,0,0,2024-06-17,2024-06-17
in_000000076046,29900,1,0,0,0,0,0,0,0,0,2024-06-20,2024-06-20
in_000000220186,29900,1,0,0,0,0,0,0,0,0,2024-06-06,2024-06-06
in_000000271303,79900,1,0,0,0,0,0,0,0,0,2024-06-24,2024-06-24
in_000000055341,9900,1,0,0,0,0,0,0,0,0,2024-06-23,2024-06-23
in_000000099332,9900,1,0,0,0,0,0,0,0,0,2024-06-24,2024-06-24
in_000000118380,29900,1,0,0,0,0,0,0,0,0,2024-06-11,2024-06-11
in_000000106557,79900,1,0,0,0,0,0,0,0,0,2024-06-26,2024-06-26
in_000000275577,9900,1,0,0,0,0,0,0,0,0,2024-06-07,2024-06-07
in_000000204030,9900,1,0,0,0,0,0,0,0,0,2024-06-10,2024-06-10
in_000000193424,199900,1,0,0,0,0,0,0,0,0,2024-06-04,2024-06-04
in_000000213115,99000,1,0,0,0,0,0,0,0,0,2024-06-18,2024-06-18
in_000000189970,9900,1,0,0,0,0,0,0,0,0,2024-06-11,2024-06-11
in_000000253133,9900,1,0,0,0,0,0,0,0,0,2024-06-03,2024-06-03
in_000000249409,9900,1,0,0,0,0,0,0,0,0,2024-06-16,2024-06-16
in_000000040602,9900,1,0,0,0,0,0,0,0,0,2024-06-07,2024-06-07
in_000000116325,9900,1,0,0,0,0,0,0,0,0,2024-06-08,2024-06-08
in_000000255595,79900,1,0,0,0,0,0,0,0,0,2024-06-04,2024-06-04
in_000000062805,7425,1,0,0,1,0,0,0,0,0,2024-06-07,2024-06-07
in_000000126799,9900,1,0,0,0,0,0,0,0,0,2024-06-09,2024-06-09
in_000000171539,9900,1,0,0,0,0,0,0,0,0,2024-06-07,2024-06-07
in_000000026476,29900,1,0,0,0,0,0,0,0,0,2024-06-16,2024-06-16
in_000000201135,79900,1,0,0,0,0,0,0,0,0,2024-06-06,2024-06-06
in_000000103358,29900,1,0,0,0,0,0,0,0,0,2024-06-25,2024-06-25
in_000000153501,9900,1,0,0,0,0,0,0,0,0,2024-06-12,2024-06-12
in_000000251150,199900,1,0,0,0,0,0,0,0,0,2024-06-21,2024-06-21
in_000000240831,9900,1,0,0,0,0,0,0,0,0,2024-06-22,2024-06-22
in_000000316931,29900,1,0,0,0,0,0,0,0,0,2024-06-15,2024-06-15
in_000000263726,9900,1,0,0,0,0,0,0,0,0,2024-06-17,2024-06-17
in_000000241601,99000,1,0,0,0,0,0,0,0,0,2024-06-14,2024-06-14
in_000000167248,29900,1,0,0,0,0,0,0,0,0,2024-06-18,2024-06-18
in_000000181488,9900,1,0,0,0,0,0,0,0,0,2024-06-12,2024-06-12
in_000000268900,9900,1,0,0,0,0,0,0,0,0,2024-06-13,2024-06-13
in_000000262429,9900,1,0,0,0,0,0,0,0,0,2024-06-24,2024-06-24
in_000000100931,79900,1,0,0,0,0,0,0,0,0,2024-06-10,2024-06-10
in_000000221068,79900,1,0,0,0,0,0,0,0,0,2024-06-09,2024-06-09
in_000000030895,29900,1,0,0,0,0,0,0,0,0,2024-06-12,2024-06-12
in_000000154382,79900,1,0,0,0,0,0,0,0,0,2024-06-10,2024-06-10
in_000000072378,9900,1,0,0,0,0,0,0,0,0,2024-06-15,2024-06-15
in_000000231648,26910,1,0,0,1,0,0,0,0,0,2024-06-11,2024-06-11
in_000000242659,29900,1,0,0,0,0,0,0,0,0,2024-06-10,2024-06-10
in_000000113207,29900,1,0,0,0,0,0,0,0,0,2024-06-20,2024-06-20
in_000000294799,9900,1,0,0,0,0,0,0,0,0,2024-06-15,2024-06-15
in_000000165037,79900,1,0,0,0,0,0,0,0,0,2024-06-11,2024-06-11
in_000000234093,29900,1,0,0,0,0,0,0,0,0,2024-06-06,2024-06-06
in_000000312157,29900,1,0,0,0,0,0,0,0,0,2024-06-06,2024-06-06
in_000000231401,9900,1,0,0,0,0,0,0,0,0,2024-06-09,2024-06-09
in_000000081275,9900,1,0,0,0,0,0,0,0,0,2024-06-19,2024-06-19
in_000000129724,29900,1,0,0,0,0,0,0,0,0,2024-06-22,2024-06-22
in_000000002228,79900,1,0,0,0,0,0,0,0,0,2024-06-22,2024-06-22
in_000000070165,9900,1,0,0,0,0,0,0,0,0,2024-06-08,2024-06-08
in_000000069192,199900,1,0,0,0,0,0,0,0,0,2024-06-14,2024-06-14
in_000000262322,9900,1,0,0,0,0,0,0,0,0,2024-06-07,2024-06-07
in_000000218615,29900,1,0,0,0,0,0,0,0,0,2024-06-15,2024-06-15
in_000000116924,9900,1,0,0,0,0,0,0,0,0,2024-06-17,2024-06-17
in_000000162182,199900,1,0,0,0,0,0,0,0,0,2024-06-12,2024-06-12
in_000000299776,9900,1,0,0,0,0,0,0,0,0,2024-06-18,2024-06-18
in_000000033732,79900,1,0,0,0,0,0,0,0,0,2024-06-11,2024-06-11
in_000000233472,9900,1,0,0,0,0,0,0,0,0,2024-06-16,2024-06-16
in_000000093242,29900,1,0,0,0,0,0,0,0,0,2024-06-04,2024-06-04
in_000000239959,9900,1,0,0,0,0,0,0,0,0,2024-06-09,2024-06-09
in_000000204618,29900,1,0,0,0,0,0,0,0,0,2024-06-16,2024-06-16
in_000000190462,29900,1,0,0,0,0,0,0,0,0,2024-06-11,2024-06-11
in_000000009388,29900,1,0,0,0,0,0,0,0,0,2024-07-03,2024-07-03
in_000000120629,29900,1,0,0,0,0,0,0,0,0,2024-06-16,2024-06-16
in_000000004416,9900,1,0,0,0,0,0,0,0,0,2024-06-20,2024-06-20
in_000000027942,29900,1,0,0,0,0,0,0,0,0,2024-06-05,2024-06-05
in_000000191618,29900,1,0,0,0,0,0,0,0,0,2024-06-25,2024-06-25
in_000000052669,9900,1,0,0,0,0,0,0,0,0,2024-06-09,2024-06-09
in_000000039831,79900,1,0,0,0,0,0,0,0,0,2024-06-18,2024-06-18
in_000000063901,9900,1,0,0,0,0,0,0,0,0,2024-06-11,2024-06-11
in_000000318845,9900,1,0,0,0,0,0,0,0,0,2024-06-08,2024-06-08
in_000000061564,29900,1,0,0,0,0,0,0,0,0,2024-06-15,2024-06-15
in_000000292380,9900,1,0,0,0,0,0,0,0,0,2024-06-17,2024-06-17
in_000000167603,29900,1,0,0,0,0,0,0,0,0,2024-06-23,2024-06-23
in_000000306434,9900,1,0,0,0,0,0,0,0,0,2024-06-16,2024-06-16
in_000000253996,29900,1,0,0,0,0,0,0,0,0,2024-06-23,2024-06-23
in_000000311762,79900,1,0,0,0,0,0,0,0,0,2024-06-25,2024-06-25
in_000000109441,79900,1,0,0,0,0,0,0,0,0,2024-06-10,2024-06-10
in_000000201161,79900,1,0,0,0,0,0,0,0,0,2024-06-21,2024-06-21
in_000000113963,9900,1,0,0,0,0,0,0,0,0,2024-06-07,2024-06-07
in_000000096254,9900,1,0,0,0,0,0,0,0,0,2024-06-14,2024-06-14
in_000000061119,8900,1,0,0,1,0,0,0,0,0,2024-06-13,2024-06-13
in_000000095206,99000,1,0,0,0,0,0,0,0,0,2024-06-10,2024-06-10
in_000000200758,79900,1,0,0,0,0,0,0,0,0,2024-06-10,2024-06-10
in_000000280615,9900,1,0,0,0,0,0,0,0,0,2024-06-20,2024-06-20
in_000000110043,9900,1,0,0,0,0,0,0,0,0,2024-06-19,2024-06-19
in_000000106502,9900,1,0,0,0,0,0,0,0,0,2024-06-14,2024-06-14
in_000000003625,29900,1,0,0,0,0,0,0,0,0,2024-06-08,2024-06-08
in_000000187882,9900,1,0,0,0,0,0,0,0,0,2024-06-22,2024-06-22
in_000000153753,79900,1,0,0,0,0,0,0,0,0,2024-06-19,2024-06-19
in_000000029181,29900,1,0,0,0,0,0,0,0,0,2024-06-15,2024-06-15
in_000000209939,79900,1,0,0,0,0,0,0,0,0,2024-06-18,2024-06-18
in_000000077716,9900,1,0,0,0,0,0,0,0,0,2024-06-10,2024-06-10
in_000000021228,79900,1,0,0,0,0,0,0,0,0,2024-06-12,2024-06-12
in_000000139359,29900,1,0,0,0,0,0,0,0,0,2024-06-21,2024-06-21
in_000000229759,9900,1,0,0,0,0,0,0,0,0,2024-06-26,2024-06-26
in_000000037394,29900,1,0,0,0,0,0,0,0,0,2024-06-16,2024-06-16
in_000000233080,9900,1,0,0,0,0,0,0,0,0,2024-06-26,2024-06-26
in_000000272750,9900,1,0,0,0,0,0,0,0,0,2024-06-11,2024-06-11
in_000000306452,9900,1,0,0,0,0,0,0,0,0,2024-06-16,2024-06-16
in_000000192487,29900,1,0,0,0,0,0,0,0,0,2024-06-21,2024-06-21
in_000000083920,9900,1,0,0,0,0,0,0,0,0,2024-06-17,2024-06-17
in_000000100635,29900,1,0,0,0,0,0,0,0,0,2024-06-19,2024-06-19
in_000000051015,67915,1,0,0,1,0,0,0,0,0,2024-06-22,2024-06-22
in_000000254015,199900,1,0,0,0,0,0,0,0,0,2024-06-22,2024-06-22
in_000000050241,9900,1,0,0,0,0,0,0,0,0,2024-06-04,2024-06-04
in_000000039953,79900,1,0,0,0,0,0,0,0,0,2024-06-15,2024-06-15
in_000000191593,199900,1,0,0,0,0,0,0,0,0,2024-06-06,2024-06-06
in_000000089736,29900,1,0,0,0,0,0,0,0,0,2024-06-14,2024-06-14
in_000000172275,29900,1,0,0,0,0,0,0,0,0,2024-06-06,2024-06-06
in_000000217898,29900,1,0,0,0,0,0,0,0,0,2024-06-13,2024-06-13
in_000000023464,29900,1,0,0,0,0,0,0,0,0,2024-06-08,2024-06-08
in_000000032181,29900,1,0,0,0,0,0,0,0,0,2024-06-11,2024-06-11
in_000000132413,9900,1,0,0,0,0,0,0,0,0,2024-06-15,2024-06-15
in_000000254990,79900,1,0,0,0,0,0,0,0,0,2024-06-11,2024-06-11
in_000000257655,9900,1,0,0,0,0,0,0,0,0,2024-06-08,2024-06-08
in_000000253506,29900,1,0,0,0,0,0,0,0,0,2024-06-21,2024-06-21
in_000000041706,29900,1,0,0,0,0,0,0,0,0,2024-06-19,2024-06-19
in_000000174261,29900,1,0,0,0,0,0,0,0,0,2024-06-16,2024-06-16
in_000000087353,29900,1,0,0,0,0,0,0,0,0,2024-06-12,2024-06-12
in_000000155595,9900,1,0,0,0,0,0,0,0,0,2024-06-11,2024-06-11
in_000000313490,29900,1,0,0,0,0,0,0,0,0,2024-06-20,2024-06-20
in_000000182743,9900,1,0,0,0,0,0,0,0,0,2024-06-11,2024-06-11
in_000000108988,99000,1,0,0,0,0,0,0,0,0,2024-06-06,2024-06-06
in_000000227054,79900,1,0,0,0,0,0,0,0,0,2024-06-06,2024-06-06
in_000000164312,9900,1,0,0,0,0,0,0,0,0,2024-06-05,2024-06-05
in_000000169612,9900,1,0,0,0,0,0,0,0,0,2024-06-12,2024-06-12
in_000000076293,9900,1,0,0,0,0,0,0,0,0,2024-06-06,2024-06-06
in_000000076242,9900,1,0,0,0,0,0,0,0,0,2024-06-08,2024-06-08
in_000000207528,179400,1,0,0,0,1,1,0,0,0,2024-06-14,2024-06-14
in_000000061347,199900,1,0,0,0,0,0,0,0,0,2024-06-14,2024-06-14
in_000000264596,9900,1,0,0,0,0,0,0,0,0,2024-06-17,2024-06-17
in_000000063776,9900,1,0,0,0,0,0,0,0,0,2024-06-13,2024-06-13
in_000000135461,29900,1,0,0,0,0,0,0,0,0,2024-06-08,2024-06-08
in_000000084140,9900,1,0,0,0,0,0,0,0,0,2024-06-19,2024-06-19
in_000000103922,9900,1,0,0,0,0,0,0,0,0,2024-06-12,2024-06-12
in_000000243269,9900,1,0,0,0,0,0,0,0,0,2024-06-03,2024-06-03
in_000000268595,9900,1,0,0,0,0,0,0,0,0,2024-06-19,2024-06-19
in_000000185390,9900,1,0,0,0,0,0,0,0,0,2024-06-24,2024-06-24
in_000000210793,9900,1,0,0,0,0,0,0,0,0,2024-06-03,2024-06-03
in_000000313432,9900,1,0,0,0,0,0,0,0,0,2024-06-22,2024-06-22
in_000000161795,9900,1,0,0,0,0,0,0,0,0,2024-06-05,2024-06-05
in_000000031255,9900,1,0,0,0,0,0,0,0,0,2024-06-17,2024-06-17
in_000000078394,99000,1,0,0,0,0,0,0,0,0,2024-06-05,2024-06-05
in_000000107067,9900,1,0,0,0,0,0,0,0,0,2024-06-11,2024-06-11
in_000000048910,9900,1,0,0,0,0,0,0,0,0,2024-06-22,2024-06-22
in_000000268126,79900,1,0,0,0,0,0,0,0,0,2024-06-18,2024-06-18
in_000000108400,9900,1,0,0,0,0,0,0,0,0,2024-06-09,2024-06-09
in_000000256824,29900,1,0,0,0,0,0,0,0,0,2024-06-07,2024-06-07
in_000000091679,9900,1,0,0,0,0,0,0,0,0,2024-06-08,2024-06-08
in_000000280417,9900,1,0,0,0,0,0,0,0,0,2024-06-25,2024-06-25
in_000000296074,29900,1,0,0,0,0,0,0,0,0,2024-06-25,2024-06-25
in_000000210178,47940,1,0,0,0,1,1,0,0,0,2024-06-07,2024-06-07
in_000000240201,29900,1,0,0,0,0,0,0,0,0,2024-06-04,2024-06-04
in_000000275067,29900,1,0,0,0,0,0,0,0,0,2024-06-13,2024-06-13
in_000000275557,9900,1,0,0,0,0,0,0,0,0,2024-06-15,2024-06-15
in_000000157385,9900,1,0,0,0,0,0,0,0,0,2024-06-17,2024-06-17
in_000000056063,29900,1,0,0,0,0,0,0,0,0,2024-06-13,2024-06-13
in_000000253244,29900,1,0,0,0,0,0,0,0,0,2024-06-07,2024-06-07
in_000000261581,29900,1,0,0,0,0,0,0,0,0,2024-06-23,2024-06-23
in_000000035950,9900,1,0,0,0,0,0,0,0,0,2024-06-09,2024-06-09
in_000000049716,9900,1,0,0,0,0,0,0,0,0,2024-06-13,2024-06-13
in_000000234882,79900,1,0,0,0,0,0,0,0,0,2024-06-05,2024-06-05
in_000000143127,29900,1,0,0,0,0,0,0,0,0,2024-06-20,2024-06-20
in_000000296295,29900,1,0,0,0,0,0,0,0,0,2024-06-22,2024-06-22
in_000000195067,9900,1,0,0,0,0,0,0,0,0,2024-06-19,2024-06-19
in_000000021302,9900,1,0,0,0,0,0,0,0,0,2024-06-21,2024-06-21
in_000000149432,29900,1,0,0,0,0,0,0,0,0,2024-06-07,2024-06-07
in_000000275739,79900,1,0,0,0,0,0,0,0,0,2024-06-17,2024-06-17
in_000000055067,9900,1,0,0,0,0,0,0,0,0,2024-06-05,2024-06-05
in_000000161896,9900,1,0,0,0,0,0,0,0,0,2024-06-08,2024-06-08
in_000000130589,799000,1,0,0,0,0,0,0,0,0,2024-06-24,2024-06-24
in_000000073841,9900,1,0,0,0,0,0,0,0,0,2024-06-16,2024-06-16
in_000000091497,79900,1,0,0,0,0,0,0,0,0,2024-06-08,2024-06-08
in_000000015951,9900,1,0,0,0,0,0,0,0,0,2024-06-24,2024-06-24
in_000000301708,79900,1,0,0,0,0,0,0,0,0,2024-06-08,2024-06-08
in_000000018605,799000,1,0,0,0,0,0,0,0,0,2024-06-04,2024-06-04
in_000000270135,9900,1,0,0,0,0,0,0,0,0,2024-06-16,2024-06-16
in_000000122172,29900,1,0,0,0,0,0,0,0,0,2024-06-16,2024-06-16
in_000000005697,79900,1,0,0,0,0,0,0,0,0,2024-06-06,2024-06-06
in_000000091860,9900,1,0,0,0,0,0,0,0,0,2024-06-23,2024-06-23
in_000000030547,79900,1,0,0,0,0,0,0,0,0,2024-06-20,2024-06-20
in_000000151341,99000,1,0,0,0,0,0,0,0,0,2024-06-04,2024-06-04
in_000000032624,9900,1,0,0,0,0,0,0,0,0,2024-06-19,2024-06-19
in_000000136450,9900,1,0,0,0,0,0,0,0,0,2024-06-23,2024-06-23
in_000000006847,79900,1,0,0,0,0,0,0,0,0,2024-06-04,2024-06-04
in_000000052846,29900,1,0,0,0,0,0,0,0,0,2024-06-11,2024-06-11
in_000000171048,9900,1,0,0,0,0,0,0,0,0,2024-06-06,2024-06-06
in_000000075674,29900,1,0,0,0,0,0,0,0,0,2024-06-25,2024-06-25
in_000000184515,9900,1,0,0,0,0,0,0,0,0,2024-06-25,2024-06-25
in_000000235296,29900,1,0,0,0,0,0,0,0,0,2024-06-07,2024-06-07
in_000000085217,29900,1,0,0,0,0,0,0,0,0,2024-06-23,2024-06-23
in_000000202077,9900,1,0,0,0,0,0,0,0,0,2024-06-21,2024-06-21
in_000000282356,9900,1,0,0,0,0,0,0,0,0,2024-06-12,2024-06-12
in_000000170014,9900,1,0,0,0,0,0,0,0,0,2024-06-07,2024-06-07
in_000000225391,29900,1,0,0,0,0,0,0,0,0,2024-06-08,2024-06-08
in_000000209623,29900,1,0,0,0,0,0,0,0,0,2024-06-15,2024-06-15
in_000000065499,9900,1,0,0,0,0,0,0,0,0,2024-06-24,2024-06-24
in_000000289569,29900,1,0,0,0,0,0,0,0,0,2024-06-25,2024-06-25
in_000000007788,9900,1,0,0,0,0,0,0,0,0,2024-06-21,2024-06-21
in_000000032782,9900,1,0,0,0,0,0,0,0,0,2024-06-23,2024-06-23
in_000000241065,29900,1,0,0,0,0,0,0,0,0,2024-06-09,2024-06-09
in_000000203497,79900,1,0,0,0,0,0,0,0,0,2024-06-23,2024-06-23
in_000000222064,29900,1,0,0,0,0,0,0,0,0,2024-06-17,2024-06-17
in_000000064576,29900,1,0,0,0,0,0,0,0,0,2024-06-10,2024-06-10
in_000000067626,9900,1,0,0,0,0,0,0,0,0,2024-06-23,2024-06-23
in_000000021376,9900,1,0,0,0,0,0,0,0,0,2024-06-17,2024-06-17
in_000000281260,29900,1,0,0,0,0,0,0,0,0,2024-06-25,2024-06-25
in_000000302562,9900,1,0,0,0,0,0,0,0,0,2024-06-11,2024-06-11
in_000000182169,9900,1,0,0,0,0,0,0,0,0,2024-06-07,2024-06-07
in_000000104230,9900,1,0,0,0,0,0,0,0,0,2024-06-20,2024-06-20
in_000000320243,29900,1,0,0,0,0,0,0,0,0,2024-06-26,2024-06-26
in_000000302442,29900,1,0,0,0,0,0,0,0,0,2024-06-12,2024-06-12
in_000000005089,29900,1,0,0,0,0,0,0,0,0,2024-06-26,2024-06-26
in_000000155590,79900,1,0,0,0,0,0,0,0,0,2024-06-14,2024-06-14
in_000000181182,9900,1,0,0,0,0,0,0,0,0,2024-06-19,2024-06-19
in_000000211132,9900,1,0,0,0,0,0,0,0,0,2024-06-18,2024-06-18
in_000000123932,29900,1,0,0,0,0,0,0,0,0,2024-06-08,2024-06-08
in_000000009726,29900,1,0,0,0,0,0,0,0,0,2024-06-05,2024-06-05
in_000000281890,9900,1,0,0,0,0,0,0,0,0,2024-06-09,2024-06-09
in_000000230666,29900,1,0,0,0,0,0,0,0,0,2024-06-17,2024-06-17
in_000000259200,29900,1,0,0,0,0,0,0,0,0,2024-06-05,2024-06-05
in_000000027299,9900,1,0,0,0,0,0,0,0,0,2024-06-22,2024-06-22
in_000000179410,199900,1,0,0,0,0,0,0,0,0,2024-06-08,2024-06-08
in_000000236461,9900,1,0,0,0,0,0,0,0,0,2024-06-20,2024-06-20
in_000000133709,9900,1,0,0,0,0,0,0,0,0,2024-06-24,2024-06-24
in_000000177137,79900,1,0,0,0,0,0,0,0,0,2024-06-11,2024-06-11
in_000000216217,9900,1,0,0,0,0,0,0,0,0,2024-06-22,2024-06-22
in_000000159766,29900,1,0,0,0,0,0,0,0,0,2024-06-14,2024-06-14
in_000000274286,29900,1,0,0,0,0,0,0,0,0,2024-06-07,2024-06-07
in_000000262215,29900,1,0,0,0,0,0,0,0,0,2024-06-09,2024-06-09
in_000000122979,29900,1,0,0,0,0,0,0,0,0,2024-06-15,2024-06-15
in_000000023041,9900,1,0,0,0,0,0,0,0,0,2024-06-05,2024-06-05
in_000000071596,599250,1,0,0,1,0,0,0,0,0,2024-06-12,2024-06-12
in_000000009636,799000,1,0,0,0,0,0,0,0,0,2024-06-24,2024-06-24
in_000000011633,9900,1,0,0,0,0,0,0,0,0,2024-06-23,2024-06-23
in_000000286063,9900,1,0,0,0,0,0,0,0,0,2024-06-10,2024-06-10
in_000000267360,9900,1,0,0,0,0,0,0,0,0,2024-06-22,2024-06-22
in_000000177797,79900,1,0,0,0,0,0,0,0,0,2024-06-25,2024-06-25
in_000000062001,9900,1,0,0,0,0,0,0,0,0,2024-06-04,2024-06-04
in_000000116068,199900,1,0,0,0,0,0,0,0,0,2024-06-14,2024-06-14
in_000000058425,9900,1,0,0,0,0,0,0,0,0,2024-06-20,2024-06-20
in_000000174671,9900,1,0,0,0,0,0,0,0,0,2024-06-06,2024-06-06
in_000000091624,79900,1,0,0,0,0,0,0,0,0,2024-06-17,2024-06-17
in_000000120706,9900,1,0,0,0,0,0,0,0,0,2024-06-14,2024-06-14
in_000000176349,199900,1,0,0,0,0,0,0,0,0,2024-06-12,2024-06-12
in_000000320736,79900,1,0,0,0,0,0,0,0,0,2024-06-09,2024-06-09
in_000000102297,9900,1,0,0,0,0,0,0,0,0,2024-06-10,2024-06-10
in_000000107039,9900,1,0,0,0,0,0,0,0,0,2024-06-13,2024-06-13
in_000000133405,9900,1,0,0,0,0,0,0,0,0,2024-06-26,2024-06-26
in_000000230480,79900,1,0,0,0,0,0,0,0,0,2024-06-17,2024-06-17
in_000000241652,79900,1,0,0,0,0,0,0,0,0,2024-06-19,2024-06-19
in_000000266009,9900,1,0,0,0,0,0,0,0,0,2024-06-11,2024-06-11
in_000000295481,29900,1,0,0,0,0,0,0,0,0,2024-06-25,2024-06-25
in_000000114954,9900,1,0,0,0,0,0,0,0,0,2024-06-21,2024-06-21
in_000000175961,9900,1,0,0,0,0,0,0,0,0,2024-06-22,2024-06-22
in_000000016648,9900,1,0,0,0,0,0,0,0,0,2024-06-22,2024-06-22
in_000000138922,29900,1,0,0,0,0,0,0,0,0,2024-06-25,2024-06-25
in_000000167579,29900,1,0,0,0,0,0,0,0,0,2024-06-08,2024-06-08
in_000000292043,29900,1,0,0,0,0,0,0,0,0,2024-06-14,2024-06-14
in_000000046379,9900,1,0,0,0,0,0,0,0,0,2024-06-03,2024-06-03
in_000000052916,9900,1,0,0,0,0,0,0,0,0,2024-06-18,2024-06-18
in_000000036102,29900,1,0,0,0,0,0,0,0,0,2024-06-19,2024-06-19
in_000000055749,9900,1,0,0,0,0,0,0,0,0,2024-06-18,2024-06-18
in_000000139712,9900,1,0,0,0,0,0,0,0,0,2024-06-18,2024-06-18
in_000000006243,29900,1,0,0,0,0,0,0,0,0,2024-06-22,2024-06-22
in_000000058829,79900,1,0,0,0,0,0,0,0,0,2024-06-16,2024-06-16
in_000000094954,9900,1,0,0,0,0,0,0,0,0,2024-06-05,2024-06-05
in_000000030312,9900,1,0,0,0,0,0,0,0,0,2024-06-15,2024-06-15
in_000000093844,29900,1,0,0,0,0,0,0,0,0,2024-06-14,2024-06-14
in_000000246814,9900,1,0,0,0,0,0,0,0,0,2024-06-18,2024-06-18
in_000000251951,9900,1,0,0,0,0,0,0,0,0,2024-06-14,2024-06-14
in_000000033324,199900,1,0,0,0,0,0,0,0,0,2024-06-05,2024-06-05
in_000000309840,29900,1,0,0,0,0,0,0,0,0,2024-06-09,2024-06-09
in_000000231884,29900,1,0,0,0,0,0,0,0,0,2024-06-16,2024-06-16
in_000000158730,79900,1,0,0,0,0,0,0,0,0,2024-06-18,2024-06-18
in_000000111842,9900,1,0,0,0,0,0,0,0,0,2024-06-14,2024-06-14
in_000000113681,799000,1,0,0,0,0,0,0,0,0,2024-06-15,2024-06-15
in_000000276793,99000,1,0,0,0,0,0,0,0,0,2024-06-07,2024-06-07
in_000000107629,9900,1,0,0,0,0,0,0,0,0,2024-06-11,2024-06-11
in_000000233929,29900,1,0,0,0,0,0,0,0,0,2024-06-07,2024-06-07
in_000000091582,79900,1,0,0,0,0,0,0,0,0,2024-06-10,2024-06-10
in_000000197099,199900,1,0,0,0,0,0,0,0,0,2024-06-20,2024-06-20
in_000000058521,9900,1,0,0,0,0,0,0,0,0,2024-06-18,2024-06-18
in_000000251875,9900,1,0,0,0,0,0,0,0,0,2024-06-05,2024-06-05
in_000000106467,9900,1,0,0,0,0,0,0,0,0,2024-06-13,2024-06-13
in_000000000210,9900,1,0,0,0,0,0,0,0,0,2024-06-13,2024-06-13
in_000000142957,9900,1,0,0,0,0,0,0,0,0,2024-06-21,2024-06-21
in_000000080241,9900,1,0,0,0,0,0,0,0,0,2024-06-09,2024-06-09
in_000000236682,9900,1,0,0,0,0,0,0,0,0,2024-06-17,2024-06-17
in_000000253931,29900,1,0,0,0,0,0,0,0,0,2024-06-19,2024-06-19
in_000000105153,9900,1,0,0,0,0,0,0,0,0,2024-06-12,2024-06-12
in_000000018604,99000,1,0,0,0,0,0,0,0,0,2024-06-06,2024-06-06
in_000000137191,9900,1,0,0,0,0,0,0,0,0,2024-06-10,2024-06-10
in_000000250373,29900,1,0,0,0,0,0,0,0,0,2024-06-08,2024-06-08
in_000000006006,299000,1,0,0,0,0,0,0,0,0,2024-06-15,2024-06-15
in_000000083315,9900,1,0,0,0,0,0,0,0,0,2024-06-15,2024-06-15
in_000000238980,99000,1,0,0,0,0,0,0,0,0,2024-06-16,2024-06-16
in_000000164404,9900,1,0,0,0,0,0,0,0,0,2024-06-16,2024-06-16
in_000000192124,29900,1,0,0,0,0,0,0,0,0,2024-06-12,2024-06-12
in_000000211742,9900,1,0,0,0,0,0,0,0,0,2024-06-14,2024-06-14
in_000000157647,9900,1,0,0,0,0,0,0,0,0,2024-06-23,2024-06-23
in_000000190597,199900,1,0,0,0,0,0,0,0,0,2024-06-06,2024-06-06
in_000000210086,29900,1,0,0,0,0,0,0,0,0,2024-06-10,2024-06-10
in_000000215258,29900,1,0,0,0,0,0,0,0,0,2024-06-03,2024-06-03
in_000000103595,9900,1,0,0,0,0,0,0,0,0,2024-06-16,2024-06-16
in_000000302957,29900,1,0,0,0,0,0,0,0,0,2024-06-20,2024-06-20
in_000000048437,29900,1,0,0,0,0,0,0,0,0,2024-06-23,2024-06-23
in_000000167139,9900,1,0,0,0,0,0,0,0,0,2024-06-05,2024-06-05
in_000000073743,9900,1,0,0,0,0,0,0,0,0,2024-06-17,2024-06-17
in_000000127787,9900,1,0,0,0,0,0,0,0,0,2024-06-13,2024-06-13
in_000000151839,99000,1,0,0,0,0,0,0,0,0,2024-06-05,2024-06-05
in_000000014877,9900,1,0,0,0,0,0,0,0,0,2024-06-09,2024-06-09
in_000000041754,9900,1,0,0,0,0,0,0,0,0,2024-06-15,2024-06-15
in_000000075137,9900,1,0,0,0,0,0,0,0,0,2024-06-04,2024-06-04
in_000000156809,75905,1,0,0,1,0,0,0,0,0,2024-06-23,2024-06-23
in_000000268308,199900,1,0,0,0,0,0,0,0,0,2024-06-06,2024-06-06
in_000000083403,29900,1,0,0,0,0,0,0,0,0,2024-06-22,2024-06-22
in_000000044084,9900,1,0,0,0,0,0,0,0,0,2024-06-04,2024-06-04
in_000000175444,9900,1,0,0,0,0,0,0,0,0,2024-06-20,2024-06-20
in_000000076470,29900,1,0,0,0,0,0,0,0,0,2024-06-19,2024-06-19
in_000000119904,29900,1,0,0,0,0,0,0,0,0,2024-06-10,2024-06-10
in_000000024119,29900,1,0,0,0,0,0,0,0,0,2024-06-14,2024-06-14
in_000000141346,29900,1,0,0,0,0,0,0,0,0,2024-06-16,2024-06-16
in_000000073823,199900,1,0,0,0,0,0,0,0,0,2024-06-23,2024-06-23
in_000000131166,9900,1,0,0,0,0,0,0,0,0,2024-06-11,2024-06-11
in_000000199490,9900,1,0,0,0,0,0,0,0,0,2024-06-18,2024-06-18
in_000000034234,199900,1,0,0,0,0,0,0,0,0,2024-06-06,2024-06-06
in_000000180923,9900,1,0,0,0,0,0,0,0,0,2024-06-14,2024-06-14
in_000000043760,9900,1,0,0,0,0,0,0,0,0,2024-06-14,2024-06-14
in_000000201340,29900,1,0,0,0,0,0,0,0,0,2024-06-24,2024-06-24
in_000000269274,79900,1,0,0,0,0,0,0,0,0,2024-06-05,2024-06-05
in_000000315670,29900,1,0,0,0,0,0,0,0,0,2024-06-10,2024-06-10
in_000000037948,29900,1,0,0,0,0,0,0,0,0,2024-06-04,2024-06-04
in_000000136616,29900,1,0,0,0,0,0,0,0,0,2024-06-21,2024-06-21
in_000000320696,9900,1,0,0,0,0,0,0,0,0,2024-06-03,2024-06-03
in_000000056812,9900,1,0,0,0,0,0,0,0,0,2024-06-23,2024-06-23
in_000000255106,9900,1,0,0,0,0,0,0,0,0,2024-06-21,2024-06-21
in_000000235420,29900,1,0,0,0,0,0,0,0,0,2024-06-13,2024-06-13
in_000000255125,29900,1,0,0,0,0,0,0,0,0,2024-06-12,2024-06-12
in_000000096910,199900,1,0,0,0,0,0,0,0,0,2024-06-13,2024-06-13
in_000000083441,9900,1,0,0,0,0,0,0,0,0,2024-06-16,2024-06-16
in_000000143379,9900,1,0,0,0,0,0,0,0,0,2024-06-13,2024-06-13
in_000000143223,9900,1,0,0,0,0,0,0,0,0,2024-06-08,2024-06-08
in_000000208549,29900,1,0,0,0,0,0,0,0,0,2024-06-15,2024-06-15
in_000000049382,799000,1,0,0,0,0,0,0,0,0,2024-06-19,2024-06-19
in_000000181469,199900,1,0,0,0,0,0,0,0,0,2024-06-22,2024-06-22
in_000000269522,8910,1,0,0,1,0,0,0,0,0,2024-06-20,2024-06-20
in_000000118620,9900,1,0,0,0,0,0,0,0,0,2024-06-21,2024-06-21
in_000000138328,9900,1,0,0,0,0,0,0,0,0,2024-06-18,2024-06-18
in_000000220050,79900,1,0,0,0,0,0,0,0,0,2024-06-08,2024-06-08
in_000000032833,9900,1,0,0,0,0,0,0,0,0,2024-06-20,2024-06-20
in_000000100014,9900,1,0,0,0,0,0,0,0,0,2024-06-23,2024-06-23
in_000000294861,199900,1,0,0,0,0,0,0,0,0,2024-06-05,2024-06-05
in_000000061782,9900,1,0,0,0,0,0,0,0,0,2024-06-16,2024-06-16
in_000000224114,9900,1,0,0,0,0,0,0,0,0,2024-06-06,2024-06-06
in_000000288034,199900,1,0,0,0,0,0,0,0,0,2024-06-20,2024-06-20
in_000000208890,9900,1,0,0,0,0,0,0,0,0,2024-06-15,2024-06-15
in_000000319752,79900,1,0,0,0,0,0,0,0,0,2024-06-05,2024-06-05
in_000000132550,79900,1,0,0,0,0,0,0,0,0,2024-06-07,2024-06-07
in_000000203945,79900,1,0,0,0,0,0,0,0,0,2024-06-04,2024-06-04
in_000000050819,9900,1,0,0,0,0,0,0,0,0,2024-06-24,2024-06-24
in_000000203982,9900,1,0,0,0,0,0,0,0,0,2024-06-16,2024-06-16
in_000000261735,189905,1,0,0,1,0,0,0,0,0,2024-06-05,2024-06-05
in_000000279731,199900,1,0,0,0,0,0,0,0,0,2024-06-21,2024-06-21
in_000000224101,9900,1,0,0,0,0,0,0,0,0,2024-06-25,2024-06-25
in_000000239279,9900,1,0,0,0,0,0,0,0,0,2024-06-25,2024-06-25
in_000000297868,29900,1,0,0,0,0,0,0,0,0,2024-06-17,2024-06-17
in_000000096023,29900,1,0,0,0,0,0,0,0,0,2024-06-17,2024-06-17
in_000000121517,29900,1,0,0,0,0,0,0,0,0,2024-06-22,2024-06-22
in_000000054080,79900,1,0,0,0,0,0,0,0,0,2024-06-19,2024-06-19
in_000000213957,199900,1,0,0,0,0,0,0,0,0,2024-06-22,2024-06-22
in_000000314948,29900,1,0,0,0,0,0,0,0,0,2024-06-05,2024-06-05
in_000000310580,29900,1,0,0,0,0,0,0,0,0,2024-06-18,2024-06-18
in_000000057395,29900,1,0,0,0,0,0,0,0,0,2024-06-18,2024-06-18
in_000000130348,79900,1,0,0,0,0,0,0,0,0,2024-06-08,2024-06-08
in_000000225006,9900,1,0,0,0,0,0,0,0,0,2024-06-15,2024-06-15
in_000000176436,79900,1,0,0,0,0,0,0,0,0,2024-06-20,2024-06-20
in_000000065090,29900,1,0,0,0,0,0,0,0,0,2024-06-22,2024-06-22
in_000000209151,199900,1,0,0,0,0,0,0,0,0,2024-06-08,2024-06-08
in_000000291837,29900,1,0,0,0,0,0,0,0,0,2024-06-16,2024-06-16
in_000000119662,29900,1,0,0,0,0,0,0,0,0,2024-06-07,2024-06-07
in_000000006363,29900,1,0,0,0,0,0,0,0,0,2024-06-04,2024-06-04
in_000000078663,9900,1,0,0,0,0,0,0,0,0,2024-06-06,2024-06-06
in_000000164440,29900,1,0,0,0,0,0,0,0,0,2024-06-18,2024-06-18
in_000000047307,29900,1,0,0,0,0,0,0,0,0,2024-06-25,2024-06-25
in_000000217225,199900,1,0,0,0,0,0,0,0,0,2024-06-08,2024-06-08
in_000000164148,9900,1,0,0,0,0,0,0,0,0,2024-06-23,2024-06-23
in_000000033514,199900,1,0,0,0,0,0,0,0,0,2024-06-14,2024-06-14
in_000000112066,9900,1,0,0,0,0,0,0,0,0,2024-06-08,2024-06-08
in_000000239358,9900,1,0,0,0,0,0,0,0,0,2024-06-21,2024-06-21
in_000000069033,9900,1,0,0,0,0,0,0,0,0,2024-06-16,2024-06-16
in_000000208874,199900,1,0,0,0,0,0,0,0,0,2024-06-17,2024-06-17
in_000000274373,29900,1,0,0,0,0,0,0,0,0,2024-06-11,2024-06-11
in_000000081054,9900,1,0,0,0,0,0,0,0,0,2024-06-08,2024-06-08
in_000000224088,299000,1,0,0,0,0,0,0,0,0,2024-06-04,2024-06-04
in_000000305101,9900,1,0,0,0,0,0,0,0,0,2024-06-23,2024-06-23
in_000000240499,9900,1,0,0,0,0,0,0,0,0,2024-06-17,2024-06-17
in_000000231104,9900,1,0,0,0,0,0,0,0,0,2024-06-09,2024-06-09
in_000000308598,29900,1,0,0,0,0,0,0,0,0,2024-06-13,2024-06-13
in_000000304700,9900,1,0,0,0,0,0,0,0,0,2024-06-11,2024-06-11
in_000000317487,9900,1,0,0,0,0,0,0,0,0,2024-06-23,2024-06-23
in_000000080073,29900,1,0,0,0,0,0,0,0,0,2024-06-22,2024-06-22
in_000000214786,79900,1,0,0,0,0,0,0,0,0,2024-06-14,2024-06-14
in_000000148980,9900,1,0,0,0,0,0,0,0,0,2024-06-22,2024-06-22
in_000000300876,199900,1,0,0,0,0,0,0,0,0,2024-06-23,2024-06-23
in_000000320311,9900,1,0,0,0,0,0,0,0,0,2024-06-22,2024-06-22
in_000000284610,29900,1,0,0,0,0,0,0,0,0,2024-06-04,2024-06-04
in_000000211014,29900,1,0,0,0,0,0,0,0,0,2024-06-16,2024-06-16
in_000000089743,29900,1,0,0,0,0,0,0,0,0,2024-06-05,2024-06-05
in_000000200230,9900,1,0,0,0,0,0,0,0,0,2024-06-12,2024-06-12
in_000000203121,79900,1,0,0,0,0,0,0,0,0,2024-06-20,2024-06-20
in_000000146058,199900,1,0,0,0,0,0,0,0,0,2024-06-07,2024-06-07
in_000000058113,29900,1,0,0,0,0,0,0,0,0,2024-06-22,2024-06-22
in_000000187764,9900,1,0,0,0,0,0,0,0,0,2024-06-22,2024-06-22
in_000000215204,9900,1,0,0,0,0,0,0,0,0,2024-06-18,2024-06-18
in_000000016217,9900,1,0,0,0,0,0,0,0,0,2024-06-18,2024-06-18
in_000000137121,199900,1,0,0,0,0,0,0,0,0,2024-06-08,2024-06-08
in_000000222987,9900,1,0,0,0,0,0,0,0,0,2024-06-10,2024-06-10
in_000000159687,29900,1,0,0,0,0,0,0,0,0,2024-06-12,2024-06-12
in_000000113863,79900,1,0,0,0,0,0,0,0,0,2024-06-15,2024-06-15
in_000000085506,79900,1,0,0,0,0,0,0,0,0,2024-06-08,2024-06-08
in_000000139281,29900,1,0,0,0,0,0,0,0,0,2024-06-23,2024-06-23
in_000000089774,29900,1,0,0,0,0,0,0,0,0,2024-06-11,2024-06-11
in_000000129407,9900,1,0,0,0,0,0,0,0,0,2024-06-18,2024-06-18
in_000000026328,9900,1,0,0,0,0,0,0,0,0,2024-06-24,2024-06-24
in_000000196066,29900,1,0,0,0,0,0,0,0,0,2024-06-24,2024-06-24
in_000000118060,29900,1,0,0,0,0,0,0,0,0,2024-06-19,2024-06-19
in_000000033076,9900,1,0,0,0,0,0,0,0,0,2024-06-17,2024-06-17
in_000000215574,79900,1,0,0,0,0,0,0,0,0,2024-06-14,2024-06-14
in_000000288350,9900,1,0,0,0,0,0,0,0,0,2024-06-18,2024-06-18
in_000000012414,29900,1,0,0,0,0,0,0,0,0,2024-06-17,2024-06-17
in_000000158317,9900,1,0,0,0,0,0,0,0,0,2024-06-15,2024-06-15
in_000000025798,9900,1,0,0,0,0,0,0,0,0,2024-06-06,2024-06-06
in_000000217273,79900,1,0,0,0,0,0,0,0,0,2024-06-24,2024-06-24
in_000000202709,9900,1,0,0,0,0,0,0,0,0,2024-06-25,2024-06-25
in_000000206845,9900,1,0,0,0,0,0,0,0,0,2024-06-23,2024-06-23
in_000000138297,9900,1,0,0,0,0,0,0,0,0,2024-06-11,2024-06-11
in_000000006781,79900,1,0,0,0,0,0,0,0,0,2024-06-16,2024-06-16
in_000000284083,29900,1,0,0,0,0,0,0,0,0,2024-06-21,2024-06-21
in_000000243278,99000,1,0,0,0,0,0,0,0,0,2024-06-19,2024-06-19
in_000000032544,79900,1,0,0,0,0,0,0,0,0,2024-06-10,2024-06-10
in_000000010193,9900,1,0,0,0,0,0,0,0,0,2024-06-11,2024-06-11
in_000000251518,9900,1,0,0,0,0,0,0,0,0,2024-06-05,2024-06-05
in_000000294489,29900,1,0,0,0,0,0,0,0,0,2024-06-17,2024-06-17
in_000000307206,29900,1,0,0,0,0,0,0,0,0,2024-06-07,2024-06-07
in_000000277661,9900,1,0,0,0,0,0,0,0,0,2024-06-05,2024-06-05
in_000000164822,79900,1,0,0,0,0,0,0,0,0,2024-06-18,2024-06-18
in_000000078771,29900,1,0,0,0,0,0,0,0,0,2024-06-24,2024-06-24
in_000000258645,9900,1,0,0,0,0,0,0,0,0,2024-06-11,2024-06-11
in_000000280604,9900,1,0,0,0,0,0,0,0,0,2024-06-05,2024-06-05
in_000000152329,199900,1,0,0,0,0,0,0,0,0,2024-06-04,2024-06-04
in_000000212297,9900,1,0,0,0,0,0,0,0,0,2024-06-04,2024-06-04
in_000000198039,9900,1,0,0,0,0,0,0,0,0,2024-06-17,2024-06-17
in_000000172161,9900,1,0,0,0,0,0,0,0,0,2024-06-21,2024-06-21
in_000000220715,199900,1,0,0,0,0,0,0,0,0,2024-06-14,2024-06-14
in_000000096391,29900,1,0,0,0,0,0,0,0,0,2024-06-11,2024-06-11
in_000000268032,29900,1,0,0,0,0,0,0,0,0,2024-06-12,2024-06-12
in_000000104731,299000,1,0,0,0,0,0,0,0,0,2024-06-15,2024-06-15
in_000000098662,29900,1,0,0,0,0,0,0,0,0,2024-06-08,2024-06-08
in_000000035313,9900,1,0,0,0,0,0,0,0,0,2024-06-07,2024-06-07
in_000000004748,9900,1,0,0,0,0,0,0,0,0,2024-06-08,2024-06-08
in_000000190006,9900,1,0,0,0,0,0,0,0,0,2024-06-17,2024-06-17
in_000000288469,9900,1,0,0,0,0,0,0,0,0,2024-06-06,2024-06-06
in_000000255875,29900,1,0,0,0,0,0,0,0,0,2024-06-21,2024-06-21
in_000000303422,79900,1,0,0,0,0,0,0,0,0,2024-06-18,2024-06-18
in_000000188246,9900,1,0,0,0,0,0,0,0,0,2024-06-24,2024-06-24
in_000000167705,9900,1,0,0,0,0,0,0,0,0,2024-06-13,2024-06-13
in_000000261193,79900,1,0,0,0,0,0,0,0,0,2024-06-12,2024-06-12
in_000000319595,79900,1,0,0,0,0,0,0,0,0,2024-06-19,2024-06-19
in_000000298693,29900,1,0,0,0,0,0,0,0,0,2024-06-13,2024-06-13
in_000000222854,29900,1,0,0,0,0,0,0,0,0,2024-06-18,2024-06-18
in_000000185145,79900,1,0,0,0,0,0,0,0,0,2024-06-21,2024-06-21
in_000000150822,9900,1,0,0,0,0,0,0,0,0,2024-06-04,2024-06-04
in_000000310763,29900,1,0,0,0,0,0,0,0,0,2024-06-12,2024-06-12
in_000000101403,9900,1,0,0,0,0,0,0,0,0,2024-06-24,2024-06-24
in_000000197240,29900,1,0,0,0,0,0,0,0,0,2024-06-11,2024-06-11
in_000000082670,8910,1,0,0,1,0,0,0,0,0,2024-06-15,2024-06-15
in_000000165512,199900,1,0,0,0,0,0,0,0,0,2024-06-10,2024-06-10
in_000000191272,9900,1,0,0,0,0,0,0,0,0,2024-06-25,2024-06-25
in_000000074173,9900,1,0,0,0,0,0,0,0,0,2024-06-15,2024-06-15
in_000000002355,9900,1,0,0,0,0,0,0,0,0,2024-06-14,2024-06-14
in_000000320262,79900,1,0,0,0,0,0,0,0,0,2024-06-21,2024-06-21
in_000000244961,9900,1,0,0,0,0,0,0,0,0,2024-06-10,2024-06-10
in_000000244817,29900,1,0,0,0,0,0,0,0,0,2024-06-13,2024-06-13
in_000000047579,29900,1,0,0,0,0,0,0,0,0,2024-06-12,2024-06-12
in_000000113048,29900,1,0,0,0,0,0,0,0,0,2024-06-24,2024-06-24
in_000000088062,9900,1,0,0,0,0,0,0,0,0,2024-06-25,2024-06-25
in_000000045803,79900,1,0,0,0,0,0,0,0,0,2024-06-22,2024-06-22
in_000000122205,79900,1,0,0,0,0,0,0,0,0,2024-06-06,2024-06-06
in_000000154969,29900,1,0,0,0,0,0,0,0,0,2024-06-09,2024-06-09
in_000000171072,199900,1,0,0,0,0,0,0,0,0,2024-06-15,2024-06-15
in_000000271495,9900,1,0,0,0,0,0,0,0,0,2024-06-23,2024-06-23
in_000000273031,199900,1,0,0,0,0,0,0,0,0,2024-06-23,2024-06-23
in_000000039796,9900,1,0,0,0,0,0,0,0,0,2024-06-18,2024-06-18
in_000000213421,29900,1,0,0,0,0,0,0,0,0,2024-06-20,2024-06-20
in_000000022448,29900,1,0,0,0,0,0,0,0,0,2024-06-11,2024-06-11
in_000000158444,9900,1,0,0,0,0,0,0,0,0,2024-06-22,2024-06-22
in_000000143684,9900,1,0,0,0,0,0,0,0,0,2024-06-03,2024-06-03
in_000000085771,29900,1,0,0,0,0,0,0,0,0,2024-06-25,2024-06-25
in_000000125718,29900,1,0,0,0,0,1,1,0,0,2024-06-19,2024-06-19
in_000000204658,79900,1,0,0,0,0,0,0,0,0,2024-06-25,2024-06-25
in_000000097413,199900,1,0,0,0,0,0,0,0,0,2024-06-22,2024-06-22
in_000000275716,79900,1,0,0,0,0,0,0,0,0,2024-06-07,2024-06-07
in_000000077078,9900,1,0,0,0,0,0,0,0,0,2024-06-13,2024-06-13
in_000000198634,9900,1,0,0,0,0,0,0,0,0,2024-06-05,2024-06-05
in_000000054372,9900,1,0,0,0,0,0,0,0,0,2024-06-23,2024-06-23
in_000000018839,9900,1,0,0,0,0,0,0,0,0,2024-06-18,2024-06-18
in_000000086596,9900,1,0,0,0,0,0,0,0,0,2024-06-23,2024-06-23
in_000000149677,79900,1,0,0,0,0,0,0,0,0,2024-06-20,2024-06-20
in_000000017855,29900,1,0,0,0,0,0,0,0,0,2024-06-21,2024-06-21
in_000000082630,79900,1,0,0,0,0,0,0,0,0,2024-06-23,2024-06-23
in_000000255175,9900,1,0,0,0,0,0,0,0,0,2024-06-11,2024-06-11
in_000000209117,1999000,1,0,0,0,0,0,0,0,0,2024-06-15,2024-06-15
in_000000282144,29900,1,0,0,0,0,0,0,0,0,2024-06-23,2024-06-23
in_000000044198,29900,1,0,0,0,0,0,0,0,0,2024-06-19,2024-06-19
in_000000110710,29900,1,0,0,0,0,0,0,0,0,2024-06-23,2024-06-23
in_000000099952,9900,1,0,0,0,0,0,0,0,0,2024-06-15,2024-06-15
in_000000041513,29900,1,0,0,0,0,0,0,0,0,2024-06-19,2024-06-19
in_000000159432,9900,1,0,0,0,0,0,0,0,0,2024-06-12,2024-06-12
in_000000043918,79900,1,0,0,0,0,0,0,0,0,2024-06-08,2024-06-08
in_000000235012,9900,1,0,0,0,0,0,0,0,0,2024-06-16,2024-06-16
in_000000299205,29900,1,0,0,0,0,0,0,0,0,2024-06-24,2024-06-24
in_000000097116,29900,1,0,0,0,0,0,0,0,0,2024-06-08,2024-06-08
in_000000268670,29900,1,0,0,0,0,0,0,0,0,2024-06-22,2024-06-22
in_000000260896,59925,1,0,0,0,1,1,0,0,0,2024-06-22,2024-06-22
in_000000295111,9900,1,0,0,0,0,0,0,0,0,2024-06-14,2024-06-14
in_000000194065,9900,1,0,0,0,0,0,0,0,0,2024-06-21,2024-06-21
in_000000212462,9900,1,0,0,0,0,0,0,0,0,2024-06-23,2024-06-23
in_000000014341,29900,1,0,0,0,0,0,0,0,0,2024-06-12,2024-06-12
in_000000082830,29900,1,0,0,0,0,0,0,0,0,2024-06-21,2024-06-21
in_000000079141,9900,1,0,0,0,0,0,0,0,0,2024-06-17,2024-06-17
in_000000001981,79900,1,0,0,0,0,0,0,0,0,2024-06-23,2024-06-23
in_000000177174,9900,1,0,0,0,0,0,0,0,0,2024-06-20,2024-06-20
in_000000103764,9900,1,0,0,0,0,0,0,0,0,2024-06-18,2024-06-18
in_000000231792,199900,1,0,0,0,0,0,0,0,0,2024-06-05,2024-06-05
in_000000185526,9900,1,0,0,0,0,0,0,0,0,2024-06-25,2024-06-25
in_000000091715,29900,1,0,0,0,0,0,0,0,0,2024-06-13,2024-06-13
in_000000079116,9900,1,0,0,0,0,0,0,0,0,2024-06-18,2024-06-18
in_000000262306,79900,1,0,0,0,0,0,0,0,0,2024-06-07,2024-06-07
in_000000295495,299000,1,0,0,0,0,0,0,0,0,2024-06-16,2024-06-16
in_000000242611,9900,1,0,0,0,0,0,0,0,0,2024-06-15,2024-06-15
in_000000253371,29900,1,0,0,0,0,0,0,0,0,2024-06-12,2024-06-12
in_000000229981,29900,1,0,0,0,0,0,0,0,0,2024-06-17,2024-06-17
in_000000154610,9900,1,0,0,0,0,0,0,0,0,2024-06-15,2024-06-15
in_000000255362,9900,1,0,0,0,0,0,0,0,0,2024-06-05,2024-06-05
in_000000210322,9900,1,0,0,0,0,0,0,0,0,2024-06-20,2024-06-20
in_000000002118,79900,1,0,0,0,0,0,0,0,0,2024-06-24,2024-06-24
in_000000176910,79900,1,0,0,0,0,0,0,0,0,2024-06-12,2024-06-12
in_000000242467,9900,1,0,0,0,0,0,0,0,0,2024-06-08,2024-06-08
in_000000295597,79900,1,0,0,0,0,0,0,0,0,2024-06-08,2024-06-08
in_000000136973,9900,1,0,0,0,0,0,0,0,0,2024-06-26,2024-06-26
in_000000036113,29900,1,0,0,0,0,0,0,0,0,2024-06-21,2024-06-21
in_000000107896,99000,1,0,0,0,0,0,0,0,0,2024-06-09,2024-06-09
in_000000303665,29900,1,0,0,0,0,0,0,0,0,2024-06-14,2024-06-14
in_000000234332,1999000,1,0,0,0,0,0,0,0,0,2024-06-12,2024-06-12
in_000000318459,9900,1,0,0,0,0,0,0,0,0,2024-06-16,2024-06-16
in_000000028701,79900,1,0,0,0,0,0,0,0,0,2024-06-13,2024-06-13
in_000000040726,79900,1,0,0,0,0,0,0,0,0,2024-06-15,2024-06-15
in_000000166345,29900,1,0,0,0,0,0,0,0,0,2024-06-03,2024-06-03
in_000000197741,9900,1,0,0,0,0,0,0,0,0,2024-06-24,2024-06-24
in_000000003416,9900,1,0,0,0,0,0,0,0,0,2024-06-08,2024-06-08
in_000000160952,9900,1,0,0,0,0,0,0,0,0,2024-06-25,2024-06-25
in_000000212180,9900,1,0,0,0,0,0,0,0,0,2024-06-06,2024-06-06
in_000000275765,9900,1,0,0,0,0,0,0,0,0,2024-06-09,2024-06-09
in_000000247045,9900,1,0,0,0,0,0,0,0,0,2024-06-11,2024-06-11
in_000000138792,9900,1,0,0,0,0,0,0,0,0,2024-06-10,2024-06-10
in_000000285381,9900,1,0,0,0,0,0,0,0,0,2024-06-12,2024-06-12
in_000000289608,9900,1,0,0,0,0,0,0,0,0,2024-06-06,2024-06-06
in_000000265925,79900,1,0,0,0,0,0,0,0,0,2024-06-06,2024-06-06
in_000000240976,29900,1,0,0,0,0,0,0,0,0,2024-06-17,2024-06-17
in_000000096058,99000,1,0,0,0,0,0,0,0,0,2024-06-11,2024-06-11
in_000000059647,79900,1,0,0,0,0,0,0,0,0,2024-06-23,2024-06-23
in_000000033587,199900,1,0,0,0,0,0,0,0,0,2024-06-07,2024-06-07
in_000000236501,9900,1,0,0,0,0,0,0,0,0,2024-06-06,2024-06-06
in_000000303897,79900,1,0,0,0,0,0,0,0,0,2024-06-13,2024-06-13
in_000000121057,29900,1,0,0,0,0,0,0,0,0,2024-06-04,2024-06-04
in_000000067352,79900,1,0,0,0,0,0,0,0,0,2024-06-08,2024-06-08
in_000000224181,9900,1,0,0,0,0,0,0,0,0,2024-06-14,2024-06-14
in_000000190705,29900,1,0,0,0,0,0,0,0,0,2024-06-07,2024-06-07
in_000000084754,29900,1,0,0,0,0,0,0,0,0,2024-06-20,2024-06-20
in_000000300952,29900,1,0,0,0,0,0,0,0,0,2024-06-21,2024-06-21
in_000000223221,9900,1,0,0,0,0,0,0,0,0,2024-06-17,2024-06-17
in_000000190245,79900,1,0,0,0,0,0,0,0,0,2024-06-26,2024-06-26
in_000000119330,9900,1,0,0,0,0,0,0,0,0,2024-06-14,2024-06-14
in_000000316167,79900,1,0,0,0,0,0,0,0,0,2024-06-16,2024-06-16
in_000000281583,9900,1,0,0,0,0,0,0,0,0,2024-06-10,2024-06-10
in_000000011805,29900,1,0,0,0,0,0,0,0,0,2024-06-11,2024-06-11
in_000000069409,79900,1,0,0,0,0,0,0,0,0,2024-06-20,2024-06-20
in_000000142205,9900,1,0,0,0,0,0,0,0,0,2024-06-05,2024-06-05
in_000000011498,9900,1,0,0,0,0,0,0,0,0,2024-06-04,2024-06-04
in_000000263430,9900,1,0,0,0,0,0,0,0,0,2024-06-22,2024-06-22
in_000000036035,3960,1,0,0,0,1,1,0,0,0,2024-06-07,2024-06-07
in_000000049751,71910,1,0,0,1,0,0,0,0,0,2024-06-23,2024-06-23
in_000000111339,79900,1,0,0,0,0,0,0,0,0,2024-06-22,2024-06-22
in_000000204748,9900,1,0,0,0,0,0,0,0,0,2024-06-18,2024-06-18
in_000000139985,9900,1,0,0,0,0,0,0,0,0,2024-06-06,2024-06-06
in_000000196918,9900,1,0,0,0,0,0,0,0,0,2024-06-16,2024-06-16
in_000000003526,9900,1,0,0,0,0,0,0,0,0,2024-06-18,2024-06-18
in_000000154910,9900,1,0,0,0,0,0,0,0,0,2024-06-08,2024-06-08
in_000000059060,9900,1,0,0,0,0,0,0,0,0,2024-06-19,2024-06-19
in_000000085067,9900,1,0,0,0,0,0,0,0,0,2024-06-22,2024-06-22
in_000000000253,199900,1,0,0,0,0,0,0,0,0,2024-06-13,2024-06-13
in_000000239914,29900,1,0,0,0,0,0,0,0,0,2024-06-17,2024-06-17
in_000000190183,29900,1,0,0,0,0,0,0,0,0,2024-06-08,2024-06-08
in_000000320981,29900,1,0,0,0,0,0,0,0,0,2024-06-12,2024-06-12
in_000000074912,199900,1,0,0,0,0,0,0,0,0,2024-06-08,2024-06-08
in_000000064080,99000,1,0,0,0,0,0,0,0,0,2024-06-03,2024-06-03
in_000000024214,199900,1,0,0,0,0,0,0,0,0,2024-06-20,2024-06-20
in_000000148685,199900,1,0,0,0,0,0,0,0,0,2024-06-09,2024-06-09
in_000000172660,99000,1,0,0,0,0,0,0,0,0,2024-06-11,2024-06-11
in_000000302773,79900,1,0,0,0,0,0,0,0,0,2024-06-25,2024-06-25
in_000000200681,9900,1,0,0,0,0,0,0,0,0,2024-06-25,2024-06-25
in_000000162424,29900,1,0,0,0,0,0,0,0,0,2024-06-07,2024-06-07
in_000000150140,9900,1,0,0,0,0,0,0,0,0,2024-06-17,2024-06-17
in_000000129753,29900,1,0,0,0,0,0,0,0,0,2024-06-18,2024-06-18
in_000000280175,79900,1,0,0,0,0,0,0,0,0,2024-06-18,2024-06-18
in_000000145581,9900,1,0,0,0,0,0,0,0,0,2024-06-23,2024-06-23
in_000000083655,29900,1,0,0,0,0,0,0,0,0,2024-06-15,2024-06-15
in_000000274514,8910,1,0,0,1,0,0,0,0,0,2024-06-14,2024-06-14
in_000000117833,299000,1,0,0,0,0,0,0,0,0,2024-06-19,2024-06-19
in_000000100886,9900,1,0,0,0,0,0,0,0,0,2024-06-17,2024-06-17
in_000000022540,9900,1,0,0,0,0,0,0,0,0,2024-06-04,2024-06-04
in_000000187265,29900,1,0,0,0,0,0,0,0,0,2024-06-11,2024-06-11
in_000000047241,9900,1,0,0,0,0,0,0,0,0,2024-07-05,2024-07-05
in_000000317854,29900,1,0,0,0,0,0,0,0,0,2024-06-08,2024-06-08
in_000000034435,29900,1,0,0,0,0,0,0,0,0,2024-06-20,2024-06-20
in_000000119005,9900,1,0,0,0,0,0,0,0,0,2024-06-05,2024-06-05
in_000000293930,9900,1,0,0,0,0,0,0,0,0,2024-06-04,2024-06-04
in_000000213806,29900,1,0,0,0,0,0,0,0,0,2024-06-08,2024-06-08
in_000000213471,29900,1,0,0,0,0,0,0,0,0,2024-06-13,2024-06-13
in_000000153790,9900,1,0,0,0,0,0,0,0,0,2024-06-14,2024-06-14
in_000000170161,9900,1,0,0,0,0,0,0,0,0,2024-06-15,2024-06-15
in_000000227497,9900,1,0,0,0,0,0,0,0,0,2024-06-17,2024-06-17
in_000000127178,9900,1,0,0,0,0,0,0,0,0,2024-06-07,2024-06-07
in_000000213547,29900,1,0,0,0,0,0,0,0,0,2024-06-04,2024-06-04
in_000000125078,79900,1,0,0,0,0,0,0,0,0,2024-06-25,2024-06-25
in_000000012691,9900,1,0,0,0,0,0,0,0,0,2024-06-09,2024-06-09
in_000000005602,9900,1,0,0,0,0,0,0,0,0,2024-06-23,2024-06-23
in_000000030196,29900,1,0,0,0,0,0,0,0,0,2024-06-09,2024-06-09
in_000000189104,8415,1,0,0,1,0,0,0,0,0,2024-06-21,2024-06-21
in_000000021762,9900,1,0,0,0,0,0,0,0,0,2024-06-05,2024-06-05
in_000000057567,29900,1,0,0,0,0,0,0,0,0,2024-06-08,2024-06-08
in_000000010627,9900,1,0,0,0,0,0,0,0,0,2024-06-09,2024-06-09
in_000000143624,9900,1,0,0,0,0,0,0,0,0,2024-06-11,2024-06-11
in_000000040280,79900,1,0,0,0,0,0,0,0,0,2024-06-03,2024-06-03
in_000000061807,9900,1,0,0,0,0,0,0,0,0,2024-06-10,2024-06-10
in_000000058938,9900,1,0,0,0,0,0,0,0,0,2024-06-14,2024-06-14
in_000000285037,9900,1,0,0,0,0,0,0,0,0,2024-06-19,2024-06-19
in_000000292671,199900,1,0,0,0,0,0,0,0,0,2024-06-08,2024-06-08
in_000000031356,9900,1,0,0,0,0,0,0,0,0,2024-06-17,2024-06-17
in_000000186511,99000,1,0,0,0,0,0,0,0,0,2024-06-24,2024-06-24
in_000000296247,1999000,1,0,0,0,0,0,0,0,0,2024-06-22,2024-06-22
in_000000182542,29900,1,0,0,0,0,0,0,0,0,2024-06-18,2024-06-18
in_000000052905,29900,1,0,0,0,0,0,0,0,0,2024-06-15,2024-06-15
in_000000266594,79900,1,0,0,0,0,0,0,0,0,2024-06-21,2024-06-21
in_000000233616,9900,1,0,0,0,0,0,0,0,0,2024-06-14,2024-06-14
in_000000304058,9900,1,0,0,0,0,0,0,0,0,2024-06-11,2024-06-11
in_000000259041,9900,1,0,0,0,0,0,0,0,0,2024-06-09,2024-06-09
in_000000113269,9900,1,0,0,0,0,0,0,0,0,2024-06-24,2024-06-24
in_000000196036,9900,1,0,0,0,0,0,0,0,0,2024-06-20,2024-06-20
in_000000230165,29900,1,0,0,0,0,0,0,0,0,2024-06-03,2024-06-03
in_000000013215,29900,1,0,0,0,0,0,0,0,0,2024-06-19,2024-06-19
in_000000052092,99000,1,0,0,0,0,0,0,0,0,2024-06-20,2024-06-20
in_000000181845,9900,1,0,0,0,0,0,0,0,0,2024-06-24,2024-06-24
in_000000275528,79900,1,0,0,0,0,0,0,0,0,2024-06-09,2024-06-09
in_000000281974,9900,1,0,0,0,0,0,0,0,0,2024-06-19,2024-06-19
in_000000265632,29900,1,0,0,0,0,0,0,0,0,2024-06-17,2024-06-17
in_000000228932,9900,1,0,0,0,0,0,0,0,0,2024-06-19,2024-06-19
in_000000080756,79900,1,0,0,0,0,0,0,0,0,2024-06-17,2024-06-17
in_000000235874,9900,1,0,0,0,0,0,0,0,0,2024-06-14,2024-06-14
in_000000039453,79900,1,0,0,0,0,0,0,0,0,2024-06-08,2024-06-08
in_000000035443,99000,1,0,0,0,0,0,0,0,0,2024-06-22,2024-06-22
in_000000218030,199900,1,0,0,0,0,0,0,0,0,2024-06-10,2024-06-10
in_000000119789,59925,1,0,0,1,0,0,0,0,0,2024-06-14,2024-06-14
in_000000002064,29900,1,0,0,0,0,0,0,0,0,2024-06-20,2024-06-20
in_000000293560,29900,1,0,0,0,0,0,0,0,0,2024-06-26,2024-06-26
in_000000238986,79900,1,0,0,0,0,0,0,0,0,2024-06-22,2024-06-22
in_000000311409,29900,1,0,0,0,0,0,0,0,0,2024-06-26,2024-06-26
in_000000268007,9900,1,0,0,0,0,0,0,0,0,2024-06-21,2024-06-21
in_000000316977,29900,1,0,0,0,0,0,0,0,0,2024-06-08,2024-06-08
in_000000223415,9900,1,0,0,0,0,0,0,0,0,2024-06-21,2024-06-21
in_000000156548,9900,1,0,0,0,0,0,0,0,0,2024-06-10,2024-06-10
in_000000213360,29900,1,0,0,0,0,0,0,0,0,2024-06-12,2024-06-12
in_000000275187,79900,1,0,0,0,0,0,0,0,0,2024-06-05,2024-06-05
in_000000121180,7425,1,0,0,1,0,0,0,0,0,2024-06-21,2024-06-21
in_000000172031,9900,1,0,0,0,0,0,0,0,0,2024-06-19,2024-06-19
in_000000000552,9900,1,0,0,0,0,0,0,0,0,2024-06-10,2024-06-10
in_000000152160,199900,1,0,0,0,0,0,0,0,0,2024-06-08,2024-06-08
in_000000294964,9900,1,0,0,0,0,0,0,0,0,2024-06-16,2024-06-16
in_000000086947,9900,1,0,0,0,0,0,0,0,0,2024-06-10,2024-06-10
in_000000194453,79900,1,0,0,0,0,0,0,0,0,2024-06-23,2024-06-23
in_000000085050,9900,1,0,0,0,0,0,0,0,0,2024-06-04,2024-06-04
in_000000124515,79900,1,0,0,0,0,0,0,0,0,2024-06-21,2024-06-21
in_000000320859,9900,1,0,0,0,0,0,0,0,0,2024-06-18,2024-06-18
in_000000173934,9900,1,0,0,0,0,0,0,0,0,2024-06-22,2024-06-22
in_000000316857,79900,1,0,0,0,0,0,0,0,0,2024-06-16,2024-06-16
in_000000182699,99000,1,0,0,0,0,0,0,0,0,2024-06-25,2024-06-25
in_000000300132,79900,1,0,0,0,0,0,0,0,0,2024-06-13,2024-06-13
in_000000320000,9900,1,0,0,0,0,0,0,0,0,2024-06-12,2024-06-12
in_000000034749,9900,1,0,0,0,0,0,0,0,0,2024-06-23,2024-06-23
in_000000254883,199900,1,0,0,0,0,0,0,0,0,2024-06-12,2024-06-12
in_000000267074,79900,1,0,0,0,0,0,0,0,0,2024-06-19,2024-06-19
in_000000200729,29900,1,0,0,0,0,0,0,0,0,2024-06-07,2024-06-07
in_000000251756,9900,1,0,0,0,0,0,0,0,0,2024-06-22,2024-06-22
in_000000165487,9900,1,0,0,0,0,0,0,0,0,2024-06-15,2024-06-15
in_000000059562,79900,1,0,0,0,0,0,0,0,0,2024-06-21,2024-06-21
in_000000091350,9900,1,0,0,0,0,0,0,0,0,2024-06-18,2024-06-18
in_000000010744,29900,1,0,0,0,0,0,0,0,0,2024-06-20,2024-06-20
in_000000229524,9900,1,0,0,0,0,0,0,0,0,2024-06-06,2024-06-06
in_000000018618,9900,1,0,0,0,0,0,0,0,0,2024-06-12,2024-06-12
in_000000222466,199900,1,0,0,0,0,0,0,0,0,2024-06-26,2024-06-26
in_000000098090,14950,1,0,0,1,0,0,0,0,0,2024-06-23,2024-06-23
in_000000315356,79900,1,0,0,0,0,0,0,0,0,2024-06-09,2024-06-09
in_000000283690,99000,1,0,0,0,0,0,0,0,0,2024-06-16,2024-06-16
in_000000138587,7920,1,0,0,1,0,0,0,0,0,2024-06-15,2024-06-15
in_000000280225,99000,1,0,0,0,0,0,0,0,0,2024-06-07,2024-06-07
in_000000262760,9900,1,0,0,0,0,0,0,0,0,2024-06-15,2024-06-15
in_000000035016,9900,1,0,0,0,0,0,0,0,0,2024-06-13,2024-06-13
in_000000055008,79900,1,0,0,0,0,0,0,0,0,2024-06-08,2024-06-08
in_000000119450,9900,1,0,0,0,0,0,0,0,0,2024-06-08,2024-06-08
in_000000094875,79900,1,0,0,0,0,0,0,0,0,2024-06-19,2024-06-19
in_000000071014,29900,1,0,0,0,0,0,0,0,0,2024-06-15,2024-06-15
in_000000312203,9900,1,0,0,0,0,0,0,0,0,2024-06-24,2024-06-24
in_000000012589,9900,1,0,0,0,0,0,0,0,0,2024-06-26,2024-06-26
in_000000088018,9900,1,0,0,0,0,0,0,0,0,2024-06-04,2024-06-04
in_000000127285,29900,1,0,0,0,0,0,0,0,0,2024-06-09,2024-06-09
in_000000225917,9900,1,0,0,0,0,0,0,0,0,2024-06-17,2024-06-17
in_000000261102,79900,1,0,0,0,0,0,0,0,0,2024-06-06,2024-06-06
in_000000135766,9900,1,0,0,0,0,0,0,0,0,2024-06-08,2024-06-08
in_000000216331,29900,1,0,0,0,0,0,0,0,0,2024-06-24,2024-06-24
in_000000192355,9900,1,0,0,0,0,0,0,0,0,2024-06-08,2024-06-08
in_000000068723,9900,1,0,0,0,0,0,0,0,0,2024-06-05,2024-06-05
in_000000051394,9900,1,0,0,0,0,0,0,0,0,2024-06-16,2024-06-16
in_000000109061,9900,1,0,0,0,0,0,0,0,0,2024-06-11,2024-06-11
in_000000088515,9900,1,0,0,0,0,0,0,0,0,2024-06-12,2024-06-12
in_000000152050,9900,1,0,0,0,0,0,0,0,0,2024-06-09,2024-06-09
in_000000016713,9900,1,0,0,0,0,0,0,0,0,2024-06-17,2024-06-17
in_000000203091,29900,1,0,0,0,0,0,0,0,0,2024-06-24,2024-06-24
in_000000195041,199900,1,0,0,0,0,0,0,0,0,2024-06-18,2024-06-18
in_000000140003,9900,1,0,0,0,0,0,0,0,0,2024-06-21,2024-06-21
in_000000133215,9400,1,0,0,1,0,0,0,0,0,2024-06-13,2024-06-13
in_000000130835,9900,1,0,0,0,0,0,0,0,0,2024-06-19,2024-06-19
in_000000291444,29900,1,0,0,0,0,0,0,0,0,2024-06-17,2024-06-17
in_000000027995,99000,1,0,0,0,0,0,0,0,0,2024-06-08,2024-06-08
in_000000022652,9900,1,0,0,0,0,0,0,0,0,2024-06-15,2024-06-15
in_000000128082,9900,1,0,0,0,0,0,0,0,0,2024-06-24,2024-06-24
in_000000145461,9900,1,0,0,0,0,0,0,0,0,2024-06-12,2024-06-12
in_000000266271,9900,1,0,0,0,0,0,0,0,0,2024-06-17,2024-06-17
in_000000054758,99000,1,0,0,0,0,0,0,0,0,2024-06-18,2024-06-18
in_000000053839,9900,1,0,0,0,0,0,0,0,0,2024-06-17,2024-06-17
in_000000084426,29900,1,0,0,0,0,0,0,0,0,2024-06-17,2024-06-17
in_000000097760,9900,1,0,0,0,0,0,0,0,0,2024-06-24,2024-06-24
in_000000062667,9900,1,0,0,0,0,0,0,0,0,2024-06-08,2024-06-08
in_000000095780,29900,1,0,0,0,0,0,0,0,0,2024-06-18,2024-06-18
in_000000219646,9900,1,0,0,0,0,0,0,0,0,2024-06-13,2024-06-13
in_000000075206,29900,1,0,0,0,0,0,0,0,0,2024-06-24,2024-06-24
in_000000260804,79900,1,0,0,0,0,0,0,0,0,2024-06-11,2024-06-11
in_000000124165,29900,1,0,0,0,0,0,0,0,0,2024-06-06,2024-06-06
in_000000281402,9900,1,0,0,0,0,0,0,0,0,2024-06-23,2024-06-23
in_000000012019,29900,1,0,0,0,0,0,0,0,0,2024-06-16,2024-06-16
in_000000313785,26910,1,0,0,1,0,0,0,0,0,2024-06-18,2024-06-18
in_000000320629,29900,1,0,0,0,0,0,0,0,0,2024-06-21,2024-06-21
in_000000000716,79900,1,0,0,0,0,0,0,0,0,2024-06-08,2024-06-08
in_000000088775,29900,1,0,0,0,0,0,0,0,0,2024-06-07,2024-06-07
in_000000307745,29900,1,0,0,0,0,0,0,0,0,2024-06-14,2024-06-14
in_000000134093,29900,1,0,0,0,0,0,0,0,0,2024-06-13,2024-06-13
in_000000222652,9900,1,0,0,0,0,0,0,0,0,2024-06-21,2024-06-21
in_000000070969,29900,1,0,0,0,0,0,0,0,0,2024-06-05,2024-06-05
in_000000064820,29900,1,0,0,0,0,0,0,0,0,2024-06-19,2024-06-19
in_000000286723,79900,1,0,0,0,0,0,0,0,0,2024-06-04,2024-06-04
in_000000125869,9900,1,0,0,0,0,0,0,0,0,2024-06-08,2024-06-08
in_000000120001,9900,1,0,0,0,0,0,0,0,0,2024-06-16,2024-06-16
in_000000031155,9900,1,0,0,0,0,0,0,0,0,2024-06-08,2024-06-08
in_000000314784,9900,1,0,0,0,0,0,0,0,0,2024-06-17,2024-06-17
in_000000218009,9900,1,0,0,0,0,0,0,0,0,2024-06-24,2024-06-24
in_000000209906,9900,1,0,0,0,0,0,0,0,0,2024-07-03,2024-07-03
in_000000092781,29900,1,0,0,0,0,0,0,0,0,2024-06-18,2024-06-18
in_000000112394,29900,1,0,0,0,0,0,0,0,0,2024-06-23,2024-06-23
in_000000227942,9900,1,0,0,0,0,0,0,0,0,2024-06-19,2024-06-19
in_000000175402,79900,1,0,0,0,0,0,0,0,0,2024-06-03,2024-06-03
in_000000266084,29900,1,0,0,0,0,0,0,0,0,2024-06-10,2024-06-10
in_000000191560,79900,1,0,0,0,0,0,0,0,0,2024-06-15,2024-06-15
in_000000304629,199900,1,0,0,0,0,0,0,0,0,2024-06-12,2024-06-12
in_000000049966,29900,1,0,0,0,0,0,0,0,0,2024-06-22,2024-06-22
in_000000230745,29900,1,0,0,0,0,0,0,0,0,2024-06-13,2024-06-13
in_000000244428,29900,1,0,0,0,0,0,0,0,0,2024-06-06,2024-06-06
in_000000126956,29900,1,0,0,0,0,0,0,0,0,2024-06-08,2024-06-08
in_000000278352,9900,1,0,0,0,0,0,0,0,0,2024-06-20,2024-06-20
in_000000032214,29900,1,0,0,0,0,0,0,0,0,2024-06-23,2024-06-23
in_000000124566,99000,1,0,0,0,0,0,0,0,0,2024-06-12,2024-06-12
in_000000202793,29900,1,0,0,0,0,0,0,0,0,2024-06-25,2024-06-25
in_000000136943,199900,1,0,0,0,0,0,0,0,0,2024-06-17,2024-06-17
in_000000099154,9900,1,0,0,0,0,0,0,0,0,2024-06-06,2024-06-06
in_000000123077,199900,1,0,0,0,0,0,0,0,0,2024-06-19,2024-06-19
in_000000037159,9900,1,0,0,0,0,0,0,0,0,2024-06-08,2024-06-08
in_000000094257,9900,1,0,0,0,0,0,0,0,0,2024-06-08,2024-06-08
in_000000008834,9900,1,0,0,0,0,0,0,0,0,2024-06-22,2024-06-22
in_000000111240,29900,1,0,0,0,0,0,0,0,0,2024-06-08,2024-06-08
in_000000244797,9900,1,0,0,0,0,0,0,0,0,2024-06-16,2024-06-16
in_000000290000,29900,1,0,0,0,0,0,0,0,0,2024-06-03,2024-06-03
in_000000119954,9900,1,0,0,0,0,0,0,0,0,2024-06-07,2024-06-07
in_000000082571,79900,1,0,0,0,0,0,0,0,0,2024-06-14,2024-06-14
in_000000098740,29900,1,0,0,0,0,0,0,0,0,2024-06-13,2024-06-13
in_000000078549,79900,1,0,0,0,0,0,0,0,0,2024-06-10,2024-06-10
in_000000039365,29900,1,0,0,0,0,0,0,0,0,2024-06-04,2024-06-04
in_000000172891,9900,1,0,0,0,0,0,0,0,0,2024-06-06,2024-06-06
in_000000173961,79900,1,0,0,0,0,0,0,0,0,2024-06-07,2024-06-07
in_000000080997,79900,1,0,0,0,0,0,0,0,0,2024-06-09,2024-06-09
in_000000073380,299000,1,0,0,0,0,0,0,0,0,2024-06-04,2024-06-04
in_000000051947,79900,1,0,0,0,0,0,0,0,0,2024-06-18,2024-06-18
in_000000257838,29900,1,0,0,0,0,0,0,0,0,2024-06-22,2024-06-22
in_000000122673,9900,1,0,0,0,0,0,0,0,0,2024-06-05,2024-06-05
in_000000180795,799000,1,0,0,0,0,0,0,0,0,2024-06-13,2024-06-13
in_000000010727,9900,1,0,0,0,0,0,0,0,0,2024-06-11,2024-06-11
in_000000138416,9900,1,0,0,0,0,0,0,0,0,2024-06-21,2024-06-21
in_000000300274,9900,1,0,0,0,0,0,0,0,0,2024-06-07,2024-06-07
in_000000311070,79900,1,0,0,0,0,0,0,0,0,2024-06-14,2024-06-14
in_000000188396,9900,1,0,0,0,0,0,0,0,0,2024-06-18,2024-06-18
in_000000115139,29900,1,0,0,0,0,0,0,0,0,2024-06-23,2024-06-23
in_000000258842,199900,1,0,0,0,0,0,0,0,0,2024-06-17,2024-06-17
in_000000241849,9900,1,0,0,0,0,0,0,0,0,2024-06-19,2024-06-19
in_000000315614,9900,1,0,0,0,0,0,0,0,0,2024-06-06,2024-06-06
in_000000176379,29900,1,0,0,0,0,0,0,0,0,2024-06-07,2024-06-07
in_000000149318,9900,1,0,0,0,0,0,0,0,0,2024-06-09,2024-06-09
in_000000284417,29900,1,0,0,0,0,0,0,0,0,2024-06-06,2024-06-06
in_000000066464,9900,1,0,0,0,0,0,0,0,0,2024-06-07,2024-06-07
in_000000068065,9900,1,0,0,0,0,0,0,0,0,2024-06-17,2024-06-17
in_000000003280,9900,1,0,0,0,0,0,0,0,0,2024-06-07,2024-06-07
in_000000270182,29900,1,0,0,0,0,0,0,0,0,2024-06-15,2024-06-15
in_000000274692,29900,1,0,0,0,0,0,0,0,0,2024-06-23,2024-06-23
in_000000132902,29900,1,0,0,0,0,0,0,0,0,2024-06-16,2024-06-16
in_000000138249,9900,1,0,0,0,0,0,0,0,0,2024-06-14,2024-06-14
in_000000165632,79900,1,0,0,0,0,0,0,0,0,2024-06-24,2024-06-24
in_000000204585,29900,1,0,0,0,0,0,0,0,0,2024-06-17,2024-06-17
in_000000047926,9900,1,0,0,0,0,0,0,0,0,2024-06-19,2024-06-19
in_000000065538,9900,1,0,0,0,0,0,0,0,0,2024-06-08,2024-06-08
in_000000210101,9900,1,0,0,0,0,0,0,0,0,2024-06-23,2024-06-23
in_000000198172,9900,1,0,0,0,0,0,0,0,0,2024-06-19,2024-06-19
in_000000271245,9900,1,0,0,0,0,0,0,0,0,2024-06-06,2024-06-06
in_000000049491,29900,1,0,0,0,0,0,0,0,0,2024-06-24,2024-06-24
in_000000079022,9900,1,0,0,0,0,0,0,0,0,2024-06-13,2024-06-13
in_000000118237,199900,1,0,0,0,0,0,0,0,0,2024-06-09,2024-06-09
in_000000104496,29900,1,0,0,0,0,0,0,0,0,2024-06-21,2024-06-21
in_000000095061,199900,1,0,0,0,0,0,0,0,0,2024-06-21,2024-06-21
in_000000128765,79900,1,0,0,0,0,0,0,0,0,2024-06-06,2024-06-06
in_000000011598,29900,1,0,0,0,0,0,0,0,0,2024-06-07,2024-06-07
in_000000235956,79900,1,0,0,0,0,0,0,0,0,2024-06-23,2024-06-23
in_000000254870,9900,1,0,0,0,0,0,0,0,0,2024-06-23,2024-06-23
in_000000025134,199900,1,0,0,0,0,0,0,0,0,2024-06-12,2024-06-12
in_000000029893,199900,1,0,0,0,0,0,0,0,0,2024-06-14,2024-06-14
in_000000004884,9900,1,0,0,0,0,0,0,0,0,2024-06-20,2024-06-20
in_000000198673,29900,1,0,0,0,0,0,0,0,0,2024-06-26,2024-06-26
in_000000188894,9900,1,0,0,0,0,0,0,0,0,2024-06-03,2024-06-03
in_000000114917,79900,1,0,0,0,0,0,0,0,0,2024-07-05,2024-07-05
in_000000082177,9900,1,0,0,0,0,0,0,0,0,2024-06-11,2024-06-11
in_000000022833,9900,1,0,0,0,0,0,0,0,0,2024-06-18,2024-06-18
in_000000148876,9900,1,0,0,0,0,0,0,0,0,2024-06-08,2024-06-08
in_000000141860,9900,1,0,0,0,0,0,0,0,0,2024-06-12,2024-06-12
in_000000211153,29900,1,0,0,0,0,0,0,0,0,2024-06-23,2024-06-23
in_000000291338,79900,1,0,0,0,0,0,0,0,0,2024-06-08,2024-06-08
in_000000158107,79900,1,0,0,0,0,0,0,0,0,2024-06-08,2024-06-08
in_000000053375,9900,1,0,0,0,0,0,0,0,0,2024-06-24,2024-06-24
in_000000314715,9900,1,0,0,0,0,0,0,0,0,2024-06-11,2024-06-11
in_000000105212,79900,1,0,0,0,0,0,0,0,0,2024-06-24,2024-06-24
in_000000115666,9900,1,0,0,0,0,0,0,0,0,2024-06-08,2024-06-08
in_000000254587,199900,1,0,0,0,0,0,0,0,0,2024-06-06,2024-06-06
in_000000204400,9900,1,0,0,0,0,0,0,0,0,2024-06-08,2024-06-08
in_000000266639,29900,1,0,0,0,0,0,0,0,0,2024-06-24,2024-06-24
in_000000301856,79900,1,0,0,0,0,0,0,0,0,2024-06-07,2024-06-07
in_000000025160,9900,1,0,0,0,0,0,0,0,0,2024-06-16,2024-06-16
in_000000112842,9900,1,0,0,0,0,0,0,0,0,2024-06-04,2024-06-04
in_000000157825,9900,1,0,0,0,0,0,0,0,0,2024-06-20,2024-06-20
in_000000000904,29900,1,0,0,0,0,0,0,0,0,2024-06-04,2024-06-04
in_000000193057,29900,1,0,0,0,0,0,0,0,0,2024-06-06,2024-06-06
in_000000054331,9900,1,0,0,0,0,0,0,0,0,2024-06-20,2024-06-20
in_000000114372,29900,1,0,0,0,0,0,0,0,0,2024-06-20,2024-06-20
in_000000137045,9900,1,0,0,0,0,0,0,0,0,2024-06-14,2024-06-14
in_000000013857,9900,1,0,0,0,0,0,0,0,0,2024-06-17,2024-06-17
in_000000269124,9900,1,0,0,0,0,0,0,0,0,2024-06-10,2024-06-10
in_000000276528,9900,1,0,0,0,0,0,0,0,0,2024-06-11,2024-06-11
in_000000238006,9900,1,0,0,0,0,0,0,0,0,2024-06-12,2024-06-12
in_000000006699,29900,1,0,0,0,0,0,0,0,0,2024-06-18,2024-06-18
in_000000234140,9900,1,0,0,0,0,0,0,0,0,2024-06-16,2024-06-16
in_000000087254,79900,1,0,0,0,0,0,0,0,0,2024-06-06,2024-06-06
in_000000217212,29900,1,0,0,0,0,0,0,0,0,2024-06-05,2024-06-05
in_000000231239,29900,1,0,0,0,0,0,0,0,0,2024-06-20,2024-06-20
in_000000115332,9900,1,0,0,0,0,0,0,0,0,2024-06-21,2024-06-21
in_000000046820,9900,1,0,0,0,0,0,0,0,0,2024-06-22,2024-06-22
in_000000131335,29900,1,0,0,0,0,0,0,0,0,2024-06-09,2024-06-09
in_000000250173,79900,1,0,0,0,0,0,0,0,0,2024-06-18,2024-06-18
in_000000040844,9900,1,0,0,0,0,0,0,0,0,2024-06-12,2024-06-12
in_000000069425,79900,1,0,0,0,0,0,0,0,0,2024-06-06,2024-06-06
in_000000094927,9900,1,0,0,0,0,0,0,0,0,2024-06-07,2024-06-07
in_000000216056,29900,1,0,0,0,0,0,0,0,0,2024-06-21,2024-06-21
in_000000128361,9900,1,0,0,0,0,0,0,0,0,2024-06-05,2024-06-05
in_000000239324,9900,1,0,0,0,0,0,0,0,0,2024-06-25,2024-06-25
in_000000099365,9900,1,0,0,0,0,0,0,0,0,2024-06-15,2024-06-15
in_000000010372,79900,1,0,0,0,0,0,0,0,0,2024-06-23,2024-06-23
in_000000136935,9900,1,0,0,0,0,0,0,0,0,2024-06-07,2024-06-07
in_000000191963,79900,1,0,0,0,0,0,0,0,0,2024-06-09,2024-06-09
in_000000158165,29900,1,0,0,0,0,0,0,0,0,2024-06-11,2024-06-11
in_000000215931,99000,1,0,0,0,0,0,0,0,0,2024-06-23,2024-06-23
in_000000164637,79900,1,0,0,0,0,0,0,0,0,2024-06-05,2024-06-05
in_000000173464,9900,1,0,0,0,0,0,0,0,0,2024-06-19,2024-06-19
in_000000150477,79900,1,0,0,0,0,0,0,0,0,2024-06-17,2024-06-17
in_000000202497,9900,1,0,0,0,0,0,0,0,0,2024-06-24,2024-06-24
in_000000139151,29900,1,0,0,0,0,0,0,0,0,2024-06-10,2024-06-10
in_000000152839,29900,1,0,0,0,0,0,0,0,0,2024-06-15,2024-06-15
in_000000241275,29900,1,0,0,0,0,0,0,0,0,2024-06-05,2024-06-05
in_000000320135,299000,1,0,0,0,0,0,0,0,0,2024-06-13,2024-06-13
in_000000003185,9900,1,0,0,0,0,0,0,0,0,2024-06-21,2024-06-21
in_000000153936,9900,1,0,0,0,0,0,0,0,0,2024-06-14,2024-06-14
in_000000119317,29900,1,0,0,0,0,0,0,0,0,2024-06-09,2024-06-09
in_000000292009,9900,1,0,0,0,0,0,0,0,0,2024-06-09,2024-06-09
in_000000314651,9900,1,0,0,0,0,0,0,0,0,2024-06-13,2024-06-13
in_000000056454,9900,1,0,0,0,0,0,0,0,0,2024-06-20,2024-06-20
in_000000183368,79900,1,0,0,0,0,0,0,0,0,2024-06-11,2024-06-11
in_000000161663,79900,1,0,0,0,0,0,0,0,0,2024-06-07,2024-06-07
in_000000189195,9900,1,0,0,0,0,0,0,0,0,2024-06-23,2024-06-23
in_000000242692,199900,1,0,0,0,0,0,0,0,0,2024-06-10,2024-06-10
in_000000214479,79900,1,0,0,0,0,0,0,0,0,2024-06-24,2024-06-24
in_000000316663,9900,1,0,0,0,0,0,0,0,0,2024-06-09,2024-06-09
in_000000185874,29900,1,0,0,0,0,0,0,0,0,2024-06-08,2024-06-08
in_000000191402,9900,1,0,0,0,0,0,0,0,0,2024-06-18,2024-06-18
in_000000141438,9900,1,0,0,0,0,0,0,0,0,2024-06-10,2024-06-10
in_000000304351,29900,1,0,0,0,0,0,0,0,0,2024-06-11,2024-06-11
in_000000099803,9900,1,0,0,0,0,0,0,0,0,2024-06-22,2024-06-22
in_000000178232,29900,1,0,0,0,0,0,0,0,0,2024-06-16,2024-06-16
in_000000286746,29900,1,0,0,0,0,0,0,0,0,2024-06-15,2024-06-15
in_000000217757,9900,1,0,0,0,0,0,0,0,0,2024-06-10,2024-06-10
in_000000260782,79900,1,0,0,0,0,0,0,0,0,2024-06-10,2024-06-10
in_000000316025,79900,1,0,0,0,0,0,0,0,0,2024-06-24,2024-06-24
in_000000207708,9900,1,0,0,0,0,0,0,0,0,2024-06-15,2024-06-15
in_000000264134,79900,1,0,0,0,0,0,0,0,0,2024-06-12,2024-06-12
in_000000071533,8910,1,0,0,1,0,0,0,0,0,2024-06-26,2024-06-26
in_000000247154,79900,1,0,0,0,0,0,0,0,0,2024-06-19,2024-06-19
in_000000276211,29900,1,0,0,0,0,0,0,0,0,2024-06-25,2024-06-25
in_000000320821,199900,1,0,0,0,0,0,0,0,0,2024-06-17,2024-06-17
in_000000204741,9900,1,0,0,0,0,0,0,0,0,2024-06-22,2024-06-22
in_000000054893,29900,1,0,0,0,0,0,0,0,0,2024-06-22,2024-06-22
in_000000182585,79900,1,0,0,0,0,0,0,0,0,2024-06-14,2024-06-14
in_000000205230,29900,1,0,0,0,0,0,0,0,0,2024-06-13,2024-06-13
in_000000292659,9900,1,0,0,0,0,0,0,0,0,2024-06-22,2024-06-22
in_000000124283,9900,1,0,0,0,0,0,0,0,0,2024-06-07,2024-06-07
in_000000091126,29900,1,0,0,0,0,0,0,0,0,2024-06-19,2024-06-19
in_000000288502,79900,1,0,0,0,0,0,0,0,0,2024-06-25,2024-06-25
in_000000295644,79900,1,0,0,0,0,0,0,0,0,2024-06-06,2024-06-06
in_000000046780,29900,1,0,0,0,0,0,0,0,0,2024-06-03,2024-06-03
in_000000245339,79900,1,0,0,0,0,0,0,0,0,2024-06-17,2024-06-17
in_000000251708,799000,1,0,0,0,0,0,0,0,0,2024-06-25,2024-06-25
in_000000260489,79900,1,0,0,0,0,0,0,0,0,2024-06-04,2024-06-04
in_000000121033,9900,1,0,0,0,0,0,0,0,0,2024-06-16,2024-06-16
in_000000012811,29900,1,0,0,0,0,0,0,0,0,2024-06-05,2024-06-05
in_000000213040,29900,1,0,0,0,0,0,0,0,0,2024-06-07,2024-06-07
in_000000282392,29900,1,0,0,0,0,0,0,0,0,2024-06-26,2024-06-26
in_000000181741,29900,1,0,0,0,0,0,0,0,0,2024-06-15,2024-06-15
in_000000013032,29900,1,0,0,0,0,0,0,0,0,2024-06-16,2024-06-16
in_000000215377,29900,1,0,0,0,0,0,0,0,0,2024-06-19,2024-06-19
in_000000233077,99000,1,0,0,0,0,0,0,0,0,2024-06-09,2024-06-09
in_000000283325,29900,1,0,0,0,0,0,0,0,0,2024-06-26,2024-06-26
in_000000261073,29900,1,0,0,0,0,0,0,0,0,2024-06-17,2024-06-17
in_000000272719,29900,1,0,0,0,0,0,0,0,0,2024-06-10,2024-06-10
in_000000309649,9900,1,0,0,0,0,0,0,0,0,2024-06-13,2024-06-13
in_000000035508,79900,1,0,0,0,0,0,0,0,0,2024-06-06,2024-06-06
in_000000250259,9900,1,0,0,0,0,0,0,0,0,2024-06-15,2024-06-15
in_000000080904,29900,1,0,0,0,0,0,0,0,0,2024-06-16,2024-06-16
in_000000214057,9900,1,0,0,0,0,0,0,0,0,2024-06-12,2024-06-12
in_000000045558,9900,1,0,0,0,0,0,0,0,0,2024-06-10,2024-06-10
in_000000041803,29900,1,0,0,0,0,0,0,0,0,2024-06-13,2024-06-13
in_000000001082,9900,1,0,0,0,0,0,0,0,0,2024-06-16,2024-06-16
in_000000137867,9900,1,0,0,0,0,0,0,0,0,2024-06-24,2024-06-24
in_000000297291,9900,1,0,0,0,0,0,0,0,0,2024-06-08,2024-06-08
in_000000177397,799000,1,0,0,0,0,0,0,0,0,2024-06-17,2024-06-17
in_000000082609,79900,1,0,0,0,0,0,0,0,0,2024-06-07,2024-06-07
in_000000030930,9900,1,0,0,0,0,0,0,0,0,2024-06-12,2024-06-12
in_000000175715,199900,1,0,0,0,0,0,0,0,0,2024-06-09,2024-06-09
in_000000211473,29900,1,0,0,0,0,0,0,0,0,2024-06-13,2024-06-13
in_000000192948,9900,1,0,0,0,0,0,0,0,0,2024-06-14,2024-06-14
in_000000317050,67915,1,0,0,1,0,0,0,0,0,2024-06-18,2024-06-18
in_000000120779,99000,1,0,0,0,0,0,0,0,0,2024-06-09,2024-06-09
in_000000307720,29900,1,0,0,0,0,0,0,0,0,2024-06-19,2024-06-19
in_000000206310,299000,1,0,0,0,0,0,0,0,0,2024-06-13,2024-06-13
in_000000272106,799000,1,0,0,0,0,0,0,0,0,2024-06-11,2024-06-11
in_000000186093,29900,1,0,0,0,0,0,0,0,0,2024-06-16,2024-06-16
in_000000163468,9900,1,0,0,0,0,0,0,0,0,2024-06-07,2024-06-07
in_000000131644,9900,1,0,0,0,0,0,0,0,0,2024-06-15,2024-06-15
in_000000209222,29900,1,0,0,0,0,0,0,0,0,2024-06-07,2024-06-07
in_000000173578,79900,1,0,0,0,0,0,0,0,0,2024-06-03,2024-06-03
in_000000147250,29900,1,0,0,0,0,0,0,0,0,2024-06-14,2024-06-14
in_000000302233,79900,1,0,0,0,0,0,0,0,0,2024-06-08,2024-06-08
in_000000224845,29900,1,0,0,0,0,0,0,0,0,2024-06-18,2024-06-18
in_000000248212,9900,1,0,0,0,0,0,0,0,0,2024-06-07,2024-06-07
in_000000146404,9900,1,0,0,0,0,0,0,0,0,2024-06-06,2024-06-06
in_000000311164,29900,1,0,0,0,0,0,0,0,0,2024-06-09,2024-06-09
in_000000152027,9900,1,0,0,0,0,0,0,0,0,2024-06-15,2024-06-15
in_000000243239,199900,1,0,0,0,0,0,0,0,0,2024-06-09,2024-06-09
in_000000025517,29900,1,0,0,0,0,0,0,0,0,2024-06-11,2024-06-11
in_000000130660,29900,1,0,0,0,0,0,0,0,0,2024-06-15,2024-06-15
in_000000291509,199900,1,0,0,0,0,0,0,0,0,2024-06-06,2024-06-06
in_000000169186,9900,1,0,0,0,0,0,0,0,0,2024-06-21,2024-06-21
in_000000259060,9900,1,0,0,0,0,0,0,0,0,2024-06-15,2024-06-15
in_000000278864,9900,1,0,0,0,0,0,0,0,0,2024-06-14,2024-06-14
in_000000243781,199900,1,0,0,0,0,0,0,0,0,2024-06-06,2024-06-06
in_000000008044,29900,1,0,0,0,0,0,0,0,0,2024-06-20,2024-06-20
in_000000077199,9900,1,0,0,0,0,0,0,0,0,2024-06-04,2024-06-04
in_000000013312,199900,1,0,0,0,0,0,0,0,0,2024-06-14,2024-06-14
in_000000223904,9900,1,0,0,0,0,0,0,0,0,2024-06-11,2024-06-11
in_000000155970,0,1,0,0,0,1,1,0,0,0,2024-06-06,2024-06-06
in_000000113898,799000,1,0,0,0,0,0,0,0,0,2024-06-15,2024-06-15
in_000000087777,99000,1,0,0,0,0,0,0,0,0,2024-06-20,2024-06-20
in_000000269193,29900,1,0,0,0,0,0,0,0,0,2024-06-17,2024-06-17
in_000000200333,9900,1,0,0,0,0,0,0,0,0,2024-06-10,2024-06-10
in_000000039211,79900,1,0,0,0,0,0,0,0,0,2024-06-17,2024-06-17
in_000000046754,9900,1,0,0,0,0,0,0,0,0,2024-06-06,2024-06-06
in_000000225529,29900,1,0,0,0,0,0,0,0,0,2024-06-12,2024-06-12
in_000000063809,99000,1,0,0,0,0,0,0,0,0,2024-06-10,2024-06-10
in_000000276965,79900,1,0,0,0,0,0,0,0,0,2024-06-12,2024-06-12
in_000000046221,9900,1,0,0,0,0,0,0,0,0,2024-06-19,2024-06-19
in_000000005126,199900,1,0,0,0,0,0,0,0,0,2024-06-09,2024-06-09
in_000000022007,79900,1,0,0,0,0,0,0,0,0,2024-06-15,2024-06-15
in_000000248359,29900,1,0,0,0,0,0,0,0,0,2024-06-15,2024-06-15
in_000000009284,99000,1,0,0,0,0,0,0,0,0,2024-06-13,2024-06-13
in_000000085262,9900,1,0,0,0,0,0,0,0,0,2024-06-06,2024-06-06
in_000000151229,29900,1,0,0,0,0,0,0,0,0,2024-06-20,2024-06-20
in_000000226316,9900,1,0,0,0,0,0,0,0,0,2024-06-15,2024-06-15
in_000000290383,1999000,1,0,0,0,0,0,0,0,0,2024-06-19,2024-06-19
in_000000008809,29900,1,0,0,0,0,0,0,0,0,2024-06-06,2024-06-06
in_000000221897,29900,1,0,0,0,0,0,0,0,0,2024-06-12,2024-06-12
in_000000190887,9900,1,0,0,0,0,0,0,0,0,2024-06-20,2024-06-20
in_000000160925,29900,1,0,0,0,0,0,0,0,0,2024-06-08,2024-06-08
in_000000041137,29900,1,0,0,0,0,0,0,0,0,2024-06-05,2024-06-05
in_000000160745,29900,1,0,0,0,0,0,0,0,0,2024-06-20,2024-06-20
in_000000118069,799000,1,0,0,0,0,0,0,0,0,2024-06-10,2024-06-10
in_000000274243,29900,1,0,0,0,0,0,0,0,0,2024-06-17,2024-06-17
in_000000091581,99000,1,0,0,0,0,0,0,0,0,2024-06-23,2024-06-23
in_000000132537,299000,1,0,0,0,0,0,0,0,0,2024-06-16,2024-06-16
in_000000309416,9900,1,0,0,0,0,0,0,0,0,2024-06-22,2024-06-22
in_000000271509,29900,1,0,0,0,0,0,0,0,0,2024-06-06,2024-06-06
in_000000160660,9900,1,0,0,0,0,0,0,0,0,2024-06-09,2024-06-09
in_000000003309,29900,1,0,0,0,0,0,0,0,0,2024-06-18,2024-06-18
in_000000205510,199900,1,0,0,0,0,0,0,0,0,2024-06-12,2024-06-12
in_000000314097,29900,1,0,0,0,0,0,0,0,0,2024-06-15,2024-06-15
in_000000318016,9900,1,0,0,0,0,0,0,0,0,2024-06-17,2024-06-17
in_000000301946,9900,1,0,0,0,0,0,0,0,0,2024-06-21,2024-06-21
in_000000312581,79900,1,0,0,0,0,0,0,0,0,2024-06-22,2024-06-22
in_000000031799,9900,1,0,0,0,0,0,0,0,0,2024-06-18,2024-06-18
in_000000016946,29900,1,0,0,0,0,0,0,0,0,2024-06-21,2024-06-21
in_000000072111,199900,1,0,0,0,0,0,0,0,0,2024-06-06,2024-06-06
in_000000251544,99000,1,0,0,0,0,0,0,0,0,2024-06-24,2024-06-24
in_000000025089,9900,1,0,0,0,0,0,0,0,0,2024-06-24,2024-06-24
in_000000122599,9900,1,0,0,0,0,0,0,0,0,2024-06-05,2024-06-05
in_000000201317,29900,1,0,0,0,0,0,0,0,0,2024-06-23,2024-06-23
in_000000129822,9900,1,0,0,0,0,0,0,0,0,2024-06-21,2024-06-21
in_000000264987,9900,1,0,0,0,0,0,0,0,0,2024-06-16,2024-06-16
in_000000039895,29900,1,0,0,0,0,0,0,0,0,2024-06-24,2024-06-24
in_000000318721,9900,1,0,0,0,0,0,0,0,0,2024-06-26,2024-06-26
in_000000005730,29900,1,0,0,0,0,0,0,0,0,2024-06-12,2024-06-12
in_000000241984,29900,1,0,0,0,0,0,0,0,0,2024-06-11,2024-06-11
in_000000211059,29900,1,0,0,0,0,0,0,0,0,2024-06-10,2024-06-10
in_000000111118,29900,1,0,0,0,0,0,0,0,0,2024-06-21,2024-06-21
in_000000081015,9900,1,0,0,0,0,0,0,0,0,2024-06-12,2024-06-12
in_000000144995,29900,1,0,0,0,0,0,0,0,0,2024-06-15,2024-06-15
in_000000062070,29900,1,0,0,0,0,0,0,0,0,2024-06-23,2024-06-23
in_000000304476,199900,1,0,0,0,0,0,0,0,0,2024-06-15,2024-06-15
in_000000109166,79900,1,0,0,0,0,0,0,0,0,2024-06-13,2024-06-13
in_000000212603,79900,1,0,0,0,0,0,0,0,0,2024-06-06,2024-06-06
in_000000028898,9900,1,0,0,0,0,0,0,0,0,2024-06-06,2024-06-06
in_000000227175,199900,1,0,0,0,0,0,0,0,0,2024-06-08,2024-06-08
in_000000278244,79900,1,0,0,0,0,0,0,0,0,2024-06-19,2024-06-19
in_000000086330,9900,1,0,0,0,0,0,0,0,0,2024-06-16,2024-06-16
in_000000070017,79900,1,0,0,0,0,0,0,0,0,2024-06-20,2024-06-20
in_000000269413,29900,1,0,0,0,0,0,0,0,0,2024-06-06,2024-06-06
in_000000281068,9900,1,0,0,0,0,0,0,0,0,2024-06-22,2024-06-22
in_000000240045,29900,1,0,0,0,0,0,0,0,0,2024-06-12,2024-06-12
in_000000226955,29900,1,0,0,0,0,0,0,0,0,2024-06-18,2024-06-18
in_000000297395,9900,1,0,0,0,0,0,0,0,0,2024-06-19,2024-06-19
in_000000198564,79900,1,0,0,0,0,0,0,0,0,2024-06-07,2024-06-07
in_000000265501,9900,1,0,0,0,0,0,0,0,0,2024-06-11,2024-06-11
in_000000055991,9900,1,0,0,0,0,0,0,0,0,2024-06-09,2024-06-09
in_000000278445,9900,1,0,0,0,0,0,0,0,0,2024-06-21,2024-06-21
in_000000031187,29900,1,0,0,0,0,0,0,0,0,2024-06-08,2024-06-08
in_000000167990,29900,1,0,0,0,0,0,0,0,0,2024-06-07,2024-06-07
in_000000039607,29900,1,0,0,0,0,0,0,0,0,2024-06-21,2024-06-21
in_000000223628,29900,1,0,0,0,0,0,0,0,0,2024-06-04,2024-06-04
in_000000080868,29900,1,0,0,0,0,0,0,0,0,2024-06-06,2024-06-06
in_000000133776,29900,1,0,0,0,0,0,0,0,0,2024-06-20,2024-06-20
in_000000205870,29900,1,0,0,0,0,0,0,0,0,2024-06-19,2024-06-19
in_000000244318,9900,1,0,0,0,0,0,0,0,0,2024-06-16,2024-06-16
in_000000038508,9900,1,0,0,0,0,0,0,0,0,2024-06-16,2024-06-16
in_000000064896,9900,1,0,0,0,0,0,0,0,0,2024-06-25,2024-06-25
in_000000058049,29900,1,0,0,0,0,0,0,0,0,2024-06-04,2024-06-04
in_000000277581,9900,1,0,0,0,0,0,0,0,0,2024-06-16,2024-06-16
in_000000173267,9900,1,0,0,0,0,0,0,0,0,2024-06-24,2024-06-24
in_000000077637,9900,1,0,0,0,0,0,0,0,0,2024-06-18,2024-06-18
in_000000095673,29900,1,0,0,0,0,0,0,0,0,2024-06-19,2024-06-19
in_000000085712,199900,1,0,0,0,0,0,0,0,0,2024-06-14,2024-06-14
in_000000076584,8415,1,0,0,1,0,0,0,0,0,2024-06-20,2024-06-20
in_000000218731,29900,1,0,0,0,0,0,0,0,0,2024-06-06,2024-06-06
in_000000215291,199900,1,0,0,0,0,0,0,0,0,2024-06-23,2024-06-23
in_000000144653,79900,1,0,0,0,0,0,0,0,0,2024-06-13,2024-06-13
in_000000105778,79900,1,0,0,0,0,0,0,0,0,2024-06-22,2024-06-22
in_000000188529,29900,1,0,0,0,0,0,0,0,0,2024-06-10,2024-06-10
in_000000163673,9900,1,0,0,0,0,0,0,0,0,2024-06-14,2024-06-14
in_000000237207,9900,1,0,0,0,0,0,0,0,0,2024-06-24,2024-06-24
in_000000212376,9900,1,0,0,0,0,0,0,0,0,2024-06-05,2024-06-05
in_000000165998,199900,1,0,0,0,0,0,0,0,0,2024-06-24,2024-06-24
in_000000295959,99000,1,0,0,0,0,0,0,0,0,2024-06-15,2024-06-15
in_000000279039,299000,1,0,0,0,0,0,0,0,0,2024-06-15,2024-06-15
in_000000179295,99000,1,0,0,0,0,0,0,0,0,2024-06-15,2024-06-15
in_000000320788,199900,1,0,0,0,0,0,0,0,0,2024-06-07,2024-06-07
in_000000233201,199900,1,0,0,0,0,0,0,0,0,2024-06-12,2024-06-12
in_000000285351,9900,1,0,0,0,0,0,0,0,0,2024-06-06,2024-06-06
in_000000169740,79900,1,0,0,0,0,0,0,0,0,2024-06-11,2024-06-11
in_000000232681,199900,1,0,0,0,0,0,0,0,0,2024-06-19,2024-06-19
in_000000243712,9900,1,0,0,0,0,0,0,0,0,2024-06-10,2024-06-10
in_000000259905,199900,1,0,0,0,0,0,0,0,0,2024-06-04,2024-06-04
in_000000121655,71910,1,0,0,1,0,0,0,0,0,2024-06-25,2024-06-25
in_000000204513,79900,1,0,0,0,0,0,0,0,0,2024-06-21,2024-06-21
in_000000236090,9900,1,0,0,0,0,0,0,0,0,2024-06-24,2024-06-24
in_000000064985,9900,1,0,0,0,0,0,0,0,0,2024-06-12,2024-06-12
in_000000139219,29900,1,0,0,0,0,0,0,0,0,2024-06-20,2024-06-20
in_000000108297,99000,1,0,0,0,0,0,0,0,0,2024-06-15,2024-06-15
in_000000162382,199900,1,0,0,0,0,0,0,0,0,2024-06-22,2024-06-22
in_000000065358,75905,1,0,0,1,0,0,0,0,0,2024-06-20,2024-06-20
in_000000289895,29900,1,0,0,0,0,0,0,0,0,2024-06-26,2024-06-26
in_000000024664,9900,1,0,0,0,0,0,0,0,0,2024-06-21,2024-06-21
in_000000078519,9900,1,0,0,0,0,0,0,0,0,2024-06-14,2024-06-14
in_000000043427,29900,1,0,0,0,0,0,0,0,0,2024-06-20,2024-06-20
in_000000075180,9900,1,0,0,0,0,0,0,0,0,2024-06-19,2024-06-19
in_000000280952,9900,1,0,0,0,0,0,0,0,0,2024-06-11,2024-06-11
in_000000178694,9900,1,0,0,0,0,0,0,0,0,2024-06-14,2024-06-14
in_000000106639,79900,1,0,0,0,0,0,0,0,0,2024-06-06,2024-06-06
in_000000312856,9900,1,0,0,0,0,0,0,0,0,2024-06-09,2024-06-09
in_000000101802,9900,1,0,0,0,0,0,0,0,0,2024-06-12,2024-06-12
in_000000066700,799000,1,0,0,0,0,0,0,0,0,2024-06-08,2024-06-08
in_000000186693,9900,1,0,0,0,0,0,0,0,0,2024-06-10,2024-06-10
in_000000156150,9900,1,0,0,0,0,0,0,0,0,2024-06-12,2024-06-12
in_000000049366,29900,1,0,0,0,0,0,0,0,0,2024-06-22,2024-06-22
in_000000093002,799000,1,0,0,0,0,0,0,0,0,2024-06-09,2024-06-09
in_000000267611,9900,1,0,0,0,0,0,0,0,0,2024-06-16,2024-06-16
in_000000065597,9900,1,0,0,0,0,0,0,0,0,2024-06-13,2024-06-13
in_000000221234,199900,1,0,0,0,0,0,0,0,0,2024-06-16,2024-06-16
in_000000130953,9900,1,0,0,0,0,0,0,0,0,2024-06-04,2024-06-04
in_000000211278,9900,1,0,0,0,0,0,0,0,0,2024-06-09,2024-06-09
in_000000270998,79900,1,0,0,0,0,0,0,0,0,2024-06-09,2024-06-09
in_000000317588,29900,1,0,0,0,0,0,0,0,0,2024-06-08,2024-06-08
in_000000071052,29900,1,0,0,0,0,0,0,0,0,2024-06-19,2024-06-19
in_000000151689,9900,1,0,0,0,0,0,0,0,0,2024-06-13,2024-06-13
in_000000103083,29900,1,0,0,0,0,0,0,0,0,2024-06-14,2024-06-14
in_000000296231,79900,1,0,0,0,0,0,0,0,0,2024-06-03,2024-06-03
in_000000043792,199900,1,0,0,0,0,0,0,0,0,2024-06-16,2024-06-16
in_000000001301,9900,1,0,0,0,0,0,0,0,0,2024-06-11,2024-06-11
in_000000057934,29900,1,0,0,0,0,0,0,0,0,2024-06-16,2024-06-16
in_000000156167,9900,1,0,0,0,0,0,0,0,0,2024-06-11,2024-06-11
in_000000308421,9900,1,0,0,0,0,0,0,0,0,2024-06-09,2024-06-09
in_000000064312,29900,1,0,0,0,0,0,0,0,0,2024-06-06,2024-06-06
in_000000311406,99000,1,0,0,0,0,0,0,0,0,2024-06-19,2024-06-19
in_000000253188,9900,1,0,0,0,0,0,0,0,0,2024-06-15,2024-06-15
in_000000278878,299000,1,0,0,0,0,0,0,0,0,2024-06-20,2024-06-20
in_000000296479,9900,1,0,0,0,0,0,0,0,0,2024-06-15,2024-06-15
in_000000075556,29900,1,0,0,0,0,0,0,0,0,2024-06-15,2024-06-15
in_000000167465,29900,1,0,0,0,0,0,0,0,0,2024-06-13,2024-06-13
in_000000028313,79900,1,0,0,0,0,0,0,0,0,2024-06-23,2024-06-23
in_000000039159,79900,1,0,0,0,0,0,0,0,0,2024-06-14,2024-06-14
in_000000234026,29900,1,0,0,0,0,0,0,0,0,2024-06-13,2024-06-13
in_000000088694,29900,1,0,0,0,0,0,0,0,0,2024-06-17,2024-06-17
in_000000144872,29900,1,0,0,0,0,0,0,0,0,2024-06-16,2024-06-16
in_000000043095,79900,1,0,0,0,0,0,0,0,0,2024-06-11,2024-06-11
in_000000005149,79900,1,0,0,0,0,0,0,0,0,2024-06-13,2024-06-13
in_000000209076,9900,1,0,0,0,0,0,0,0,0,2024-06-03,2024-06-03
in_000000132346,29900,1,0,0,0,0,0,0,0,0,2024-06-07,2024-06-07
in_000000297827,9900,1,0,0,0,0,0,0,0,0,2024-06-08,2024-06-08
in_000000021920,9900,1,0,0,0,0,0,0,0,0,2024-06-19,2024-06-19
in_000000207210,9900,1,0,0,0,0,0,0,0,0,2024-06-12,2024-06-12
in_000000235482,29900,1,0,0,0,0,0,0,0,0,2024-06-15,2024-06-15
in_000000073924,29900,1,0,0,0,0,0,0,0,0,2024-06-16,2024-06-16
in_000000319383,9900,1,0,0,0,0,0,0,0,0,2024-06-19,2024-06-19
in_000000032063,9900,1,0,0,0,0,0,0,0,0,2024-06-22,2024-06-22
in_000000130785,29900,1,0,0,0,0,0,0,0,0,2024-06-05,2024-06-05
in_000000264350,9900,1,0,0,0,0,0,0,0,0,2024-06-06,2024-06-06
in_000000066391,9900,1,0,0,0,0,0,0,0,0,2024-06-06,2024-06-06
in_000000259379,9900,1,0,0,0,0,0,0,0,0,2024-06-16,2024-06-16
in_000000070770,29900,1,0,0,0,0,0,0,0,0,2024-06-12,2024-06-12
in_000000139792,29900,1,0,0,0,0,0,0,0,0,2024-06-24,2024-06-24
in_000000205729,29900,1,0,0,0,0,0,0,0,0,2024-06-09,2024-06-09
in_000000264651,29900,1,0,0,0,0,0,0,0,0,2024-07-05,2024-07-05
in_000000086511,29900,1,0,0,0,0,0,0,0,0,2024-06-15,2024-06-15
in_000000050229,9900,1,0,0,0,0,0,0,0,0,2024-06-14,2024-06-14
in_000000305444,9900,1,0,0,0,0,0,0,0,0,2024-06-08,2024-06-08
in_000000067682,9900,1,0,0,0,0,0,0,0,0,2024-06-14,2024-06-14
in_000000244746,9900,1,0,0,0,0,0,0,0,0,2024-06-09,2024-06-09
in_000000141687,9900,1,0,0,0,0,0,0,0,0,2024-06-21,2024-06-21
in_000000010241,9900,1,0,0,0,0,0,0,0,0,2024-06-23,2024-06-23
in_000000054034,9900,1,0,0,0,0,0,0,0,0,2024-06-08,2024-06-08
in_000000264976,9900,1,0,0,0,0,0,0,0,0,2024-06-18,2024-06-18
in_000000044261,9900,1,0,0,0,0,0,0,0,0,2024-06-25,2024-06-25
in_000000187416,199900,1,0,0,0,0,0,0,0,0,2024-06-11,2024-06-11
in_000000114212,29900,1,0,0,0,0,0,0,0,0,2024-06-14,2024-06-14
in_000000065247,79900,1,0,0,0,0,0,0,0,0,2024-06-17,2024-06-17
in_000000285890,79900,1,0,0,0,0,0,0,0,0,2024-06-24,2024-06-24
in_000000091009,9900,1,0,0,0,0,0,0,0,0,2024-06-23,2024-06-23
in_000000222492,9900,1,0,0,0,0,0,0,0,0,2024-06-24,2024-06-24
in_000000107056,79900,1,0,0,0,0,0,0,0,0,2024-06-06,2024-06-06
in_000000018671,79900,1,0,0,0,0,0,0,0,0,2024-06-21,2024-06-21
in_000000248902,9900,1,0,0,0,0,0,0,0,0,2024-06-12,2024-06-12
in_000000163571,9900,1,0,0,0,0,0,0,0,0,2024-06-07,2024-06-07
in_000000042078,29900,1,0,0,0,0,0,0,0,0,2024-06-06,2024-06-06
in_000000100563,79900,1,0,0,0,0,0,0,0,0,2024-06-16,2024-06-16
in_000000240618,9900,1,0,0,0,0,0,0,0,0,2024-06-14,2024-06-14
in_000000028357,29900,1,0,0,0,0,0,0,0,0,2024-06-13,2024-06-13
in_000000319877,79900,1,0,0,0,0,0,0,0,0,2024-06-05,2024-06-05
in_000000319931,79900,1,0,0,0,0,0,0,0,0,2024-06-12,2024-06-12
in_000000058565,9900,1,0,0,0,0,0,0,0,0,2024-06-05,2024-06-05
in_000000229491,9900,1,0,0,0,0,0,0,0,0,2024-06-04,2024-06-04
in_000000169661,9900,1,0,0,0,0,0,0,0,0,2024-06-19,2024-06-19
in_000000261319,79900,1,0,0,0,0,0,0,0,0,2024-06-08,2024-06-08
in_000000183342,29900,1,0,0,0,0,0,0,0,0,2024-06-17,2024-06-17
in_000000174212,9900,1,0,0,0,0,0,0,0,0,2024-06-18,2024-06-18
in_000000140275,79900,1,0,0,0,0,0,0,0,0,2024-06-14,2024-06-14
in_000000113426,9900,1,0,0,0,0,0,0,0,0,2024-06-04,2024-06-04
in_000000088808,29900,1,0,0,0,0,0,0,0,0,2024-06-08,2024-06-08
in_000000052767,9900,1,0,0,0,0,0,0,0,0,2024-06-10,2024-06-10
in_000000208705,79900,1,0,0,0,0,0,0,0,0,2024-06-09,2024-06-09
in_000000208660,29900,1,0,0,0,0,0,0,0,0,2024-06-05,2024-06-05
in_000000126884,79900,1,0,0,0,0,0,0,0,0,2024-06-05,2024-06-05
in_000000186826,199900,1,0,0,0,0,0,0,0,0,2024-06-07,2024-06-07
in_000000292303,9900,1,0,0,0,0,0,0,0,0,2024-06-04,2024-06-04
in_000000299193,79900,1,0,0,0,0,0,0,0,0,2024-06-11,2024-06-11
in_000000107146,9900,1,0,0,0,0,0,0,0,0,2024-06-17,2024-06-17
in_000000117550,9900,1,0,0,0,0,0,0,0,0,2024-06-24,2024-06-24
in_000000001409,29900,1,0,0,0,0,0,0,0,0,2024-06-24,2024-06-24
in_000000143040,29900,1,0,0,0,0,0,0,0,0,2024-06-05,2024-06-05
in_000000159879,9900,1,0,0,0,0,0,0,0,0,2024-06-08,2024-06-08
in_000000192641,29900,1,0,0,0,0,0,0,0,0,2024-06-06,2024-06-06
in_000000269229,9900,1,0,0,0,0,0,0,0,0,2024-06-06,2024-06-06
in_000000258907,99000,1,0,0,0,0,0,0,0,0,2024-06-12,2024-06-12
in_000000271396,199900,1,0,0,0,0,0,0,0,0,2024-06-09,2024-06-09
in_000000087577,1999000,1,0,0,0,0,0,0,0,0,2024-06-10,2024-06-10
in_000000141359,9900,1,0,0,0,0,0,0,0,0,2024-06-09,2024-06-09
in_000000082477,9900,1,0,0,0,0,0,0,0,0,2024-06-07,2024-06-07
in_000000308008,9900,1,0,0,0,0,0,0,0,0,2024-06-23,2024-06-23
in_000000290908,29900,1,0,0,0,0,0,0,0,0,2024-06-03,2024-06-03
in_000000055030,29900,1,0,0,0,0,0,0,0,0,2024-06-06,2024-06-06
in_000000079331,9900,1,0,0,0,0,0,0,0,0,2024-06-09,2024-06-09
in_000000157615,9900,1,0,0,0,0,0,0,0,0,2024-06-11,2024-06-11
in_000000186409,29900,1,0,0,0,0,0,0,0,0,2024-06-11,2024-06-11
in_000000090335,9900,1,0,0,0,0,0,0,0,0,2024-06-20,2024-06-20
in_000000096225,29900,1,0,0,0,0,0,0,0,0,2024-06-11,2024-06-11
in_000000136011,9900,1,0,0,0,0,0,0,0,0,2024-06-15,2024-06-15
in_000000266164,29900,1,0,0,0,0,0,0,0,0,2024-06-15,2024-06-15
in_000000259153,9900,1,0,0,0,0,0,0,0,0,2024-06-23,2024-06-23
in_000000140300,29900,1,0,0,0,0,0,0,0,0,2024-06-12,2024-06-12
in_000000300383,79900,1,0,0,0,0,0,0,0,0,2024-06-17,2024-06-17
in_000000148449,9900,1,0,0,0,0,0,0,0,0,2024-06-12,2024-06-12
in_000000061765,9900,1,0,0,0,0,0,0,0,0,2024-06-22,2024-06-22
in_000000007155,29900,1,0,0,0,0,0,0,0,0,2024-07-03,2024-07-03
in_000000076686,79900,1,0,0,0,0,0,0,0,0,2024-06-13,2024-06-13
in_000000026350,9900,1,0,0,0,0,0,0,0,0,2024-06-08,2024-06-08
in_000000316077,9900,1,0,0,0,0,0,0,0,0,2024-06-07,2024-06-07
in_000000065529,9900,1,0,0,0,0,0,0,0,0,2024-06-20,2024-06-20
in_000000285991,79900,1,0,0,0,0,0,0,0,0,2024-06-07,2024-06-07
in_000000125993,79900,1,0,0,0,0,0,0,0,0,2024-06-11,2024-06-11
in_000000126973,9900,1,0,0,0,0,0,0,0,0,2024-06-09,2024-06-09
in_000000132161,79900,1,0,0,0,0,0,0,0,0,2024-06-18,2024-06-18
in_000000194579,79900,1,0,0,0,0,0,0,0,0,2024-06-12,2024-06-12
in_000000215713,9900,1,0,0,0,0,0,0,0,0,2024-06-13,2024-06-13
in_000000165295,29900,1,0,0,0,0,0,0,0,0,2024-06-18,2024-06-18
in_000000280861,799000,1,0,0,0,0,0,0,0,0,2024-06-17,2024-06-17
in_000000198475,99000,1,0,0,0,0,0,0,0,0,2024-06-10,2024-06-10
in_000000316829,9900,1,0,0,0,0,0,0,0,0,2024-06-09,2024-06-09
in_000000026816,29900,1,0,0,0,0,0,0,0,0,2024-06-26,2024-06-26
in_000000210873,9900,1,0,0,0,0,0,0,0,0,2024-06-09,2024-06-09
in_000000153295,29900,1,0,0,0,0,0,0,0,0,2024-06-04,2024-06-04
in_000000022583,79900,1,0,0,0,0,0,0,0,0,2024-06-22,2024-06-22
in_000000138016,29900,1,0,0,0,0,0,0,0,0,2024-06-11,2024-06-11
in_000000040232,9900,1,0,0,0,0,1,1,0,0,2024-06-14,2024-06-14
in_000000154454,29900,1,0,0,0,0,0,0,0,0,2024-06-12,2024-06-12
in_000000129510,9900,1,0,0,0,0,0,0,0,0,2024-06-12,2024-06-12
in_000000039399,79900,1,0,0,0,0,0,0,0,0,2024-06-23,2024-06-23
in_000000174148,199900,1,0,0,0,0,0,0,0,0,2024-06-18,2024-06-18
in_000000090916,9900,1,0,0,0,0,0,0,0,0,2024-06-17,2024-06-17
in_000000092010,199900,1,0,0,0,0,0,0,0,0,2024-06-11,2024-06-11
in_000000110803,79900,1,0,0,0,0,0,0,0,0,2024-06-22,2024-06-22
in_000000039732,9900,1,0,0,0,0,0,0,0,0,2024-06-06,2024-06-06
in_000000128818,199900,1,0,0,0,0,0,0,0,0,2024-06-18,2024-06-18
in_000000009876,9900,1,0,0,0,0,0,0,0,0,2024-06-14,2024-06-14
in_000000292749,79900,1,0,0,0,0,0,0,0,0,2024-06-05,2024-06-05
in_000000093668,29900,1,0,0,0,0,0,0,0,0,2024-06-12,2024-06-12
in_000000271228,9900,1,0,0,0,0,0,0,0,0,2024-06-06,2024-06-06
in_000000003877,29900,1,0,0,0,0,0,0,0,0,2024-07-03,2024-07-03
in_000000291484,9900,1,0,0,0,0,0,0,0,0,2024-06-13,2024-06-13
in_000000131684,9900,1,0,0,0,0,0,0,0,0,2024-06-13,2024-06-13
in_000000071999,9900,1,0,0,0,0,0,0,0,0,2024-06-06,2024-06-06
in_000000170490,199900,1,0,0,0,0,0,0,0,0,2024-06-06,2024-06-06
in_000000209801,9900,1,0,0,0,0,0,0,0,0,2024-06-11,2024-06-11
in_000000090450,79900,1,0,0,0,0,0,0,0,0,2024-06-13,2024-06-13
in_000000218675,29900,1,0,0,0,0,0,0,0,0,2024-06-12,2024-06-12
in_000000079941,9900,1,0,0,0,0,0,0,0,0,2024-06-14,2024-06-14
in_000000099006,29900,1,0,0,0,0,0,0,0,0,2024-06-19,2024-06-19
in_000000270204,79900,1,0,0,0,0,0,0,0,0,2024-06-20,2024-06-20
in_000000221692,9900,1,0,0,0,0,0,0,0,0,2024-06-09,2024-06-09
in_000000094156,9900,1,0,0,0,0,0,0,0,0,2024-06-06,2024-06-06
in_000000293749,9900,1,0,0,0,0,0,0,0,0,2024-06-18,2024-06-18
in_000000207565,9900,1,0,0,0,0,0,0,0,0,2024-06-03,2024-06-03
in_000000231145,29900,1,0,0,0,0,0,0,0,0,2024-06-16,2024-06-16
in_000000112159,29900,1,0,0,0,0,0,0,0,0,2024-06-06,2024-06-06
in_000000087016,199900,1,0,0,0,0,0,0,0,0,2024-06-19,2024-06-19
in_000000014508,29900,1,0,0,0,0,0,0,0,0,2024-06-22,2024-06-22
in_000000154240,9900,1,0,0,0,0,0,0,0,0,2024-06-06,2024-06-06
in_000000106708,79900,1,0,0,0,0,0,0,0,0,2024-06-11,2024-06-11
in_000000316584,29900,1,0,0,0,0,0,0,0,0,2024-06-19,2024-06-19
in_000000081758,9900,1,0,0,0,0,0,0,0,0,2024-06-07,2024-06-07
in_000000231758,79900,1,0,0,0,0,0,0,0,0,2024-06-19,2024-06-19
in_000000169927,79900,1,0,0,0,0,0,0,0,0,2024-06-15,2024-06-15
in_000000116560,29900,1,0,0,0,0,0,0,0,0,2024-06-09,2024-06-09
in_000000301016,9900,1,0,0,0,0,0,0,0,0,2024-06-24,2024-06-24
in_000000145526,9900,1,0,0,0,0,0,0,0,0,2024-06-25,2024-06-25
in_000000287662,29900,1,0,0,0,0,0,0,0,0,2024-06-19,2024-06-19
in_000000105890,9900,1,0,0,0,0,0,0,0,0,2024-06-08,2024-06-08
in_000000273390,799000,1,0,0,0,0,0,0,0,0,2024-06-20,2024-06-20
in_000000286207,79900,1,0,0,0,0,0,0,0,0,2024-06-05,2024-06-05
in_000000007449,9900,1,0,0,0,0,0,0,0,0,2024-06-14,2024-06-14
in_000000147930,79900,1,0,0,0,0,0,0,0,0,2024-06-16,2024-06-16
in_000000304951,9900,1,0,0,0,0,0,0,0,0,2024-06-20,2024-06-20
in_000000177879,79900,1,0,0,0,0,0,0,0,0,2024-06-05,2024-06-05
in_000000179392,29900,1,0,0,0,0,0,0,0,0,2024-06-05,2024-06-05
in_000000130776,9900,1,0,0,0,0,0,0,0,0,2024-06-20,2024-06-20
in_000000180441,9900,1,0,0,0,0,0,0,0,0,2024-06-14,2024-06-14
in_000000182385,29900,1,0,0,0,0,0,0,0,0,2024-06-05,2024-06-05
in_000000257249,9900,1,0,0,0,0,0,0,0,0,2024-06-24,2024-06-24
in_000000317417,9900,1,0,0,0,0,0,0,0,0,2024-06-04,2024-06-04
in_000000204929,199900,1,0,0,0,0,0,0,0,0,2024-06-09,2024-06-09
in_000000261530,9900,1,0,0,0,0,0,0,0,0,2024-06-13,2024-06-13
in_000000145805,79900,1,0,0,0,0,0,0,0,0,2024-06-19,2024-06-19
in_000000296831,29900,1,0,0,0,0,0,0,0,0,2024-06-22,2024-06-22
in_000000269548,9400,1,0,0,1,0,0,0,0,0,2024-06-22,2024-06-22
in_000000064319,9900,1,0,0,0,0,0,0,0,0,2024-06-25,2024-06-25
in_000000186491,9900,1,0,0,0,0,0,0,0,0,2024-06-24,2024-06-24
in_000000237376,299000,1,0,0,0,0,0,0,0,0,2024-06-11,2024-06-11
in_000000086138,9900,1,0,0,0,0,0,0,0,0,2024-06-07,2024-06-07
in_000000005525,9900,1,0,0,0,0,0,0,0,0,2024-06-03,2024-06-03
in_000000034731,9900,1,0,0,0,0,0,0,0,0,2024-06-23,2024-06-23
in_000000121266,9900,1,0,0,0,0,0,0,0,0,2024-06-12,2024-06-12
in_000000230316,199900,1,0,0,0,0,0,0,0,0,2024-06-07,2024-06-07
in_000000080976,9900,1,0,0,0,0,0,0,0,0,2024-06-21,2024-06-21
in_000000112345,29900,1,0,0,0,0,0,0,0,0,2024-06-09,2024-06-09
in_000000102045,29900,1,0,0,0,0,0,0,0,0,2024-06-09,2024-06-09
in_000000230500,79900,1,0,0,0,0,0,0,0,0,2024-06-08,2024-06-08
in_000000077755,79900,1,0,0,0,0,0,0,0,0,2024-06-09,2024-06-09
in_000000029266,299000,1,0,0,0,0,0,0,0,0,2024-06-11,2024-06-11
in_000000244899,9900,1,0,0,0,0,0,0,0,0,2024-06-15,2024-06-15
in_000000213399,299000,1,0,0,0,0,0,0,0,0,2024-06-18,2024-06-18
in_000000004560,9900,1,0,0,0,0,0,0,0,0,2024-06-10,2024-06-10
in_000000254667,9900,1,0,0,0,0,0,0,0,0,2024-06-10,2024-06-10
in_000000022388,9900,1,0,0,0,0,0,0,0,0,2024-06-09,2024-06-09
in_000000138086,9900,1,0,0,0,0,0,0,0,0,2024-06-09,2024-06-09
in_000000109786,9900,1,0,0,0,0,0,0,0,0,2024-06-11,2024-06-11
in_000000250818,9900,1,0,0,0,0,0,0,0,0,2024-06-07,2024-06-07
in_000000030595,29900,1,0,0,0,0,0,0,0,0,2024-06-17,2024-06-17
in_000000151900,79900,1,0,0,0,0,0,0,0,0,2024-06-19,2024-06-19
in_000000312078,99000,1,0,0,0,0,0,0,0,0,2024-06-13,2024-06-13
in_000000271747,9900,1,0,0,0,0,0,0,0,0,2024-06-24,2024-06-24
in_000000309013,79900,1,0,0,0,0,0,0,0,0,2024-06-20,2024-06-20
in_000000278200,9900,1,0,0,0,0,0,0,0,0,2024-06-07,2024-06-07
in_000000085193,29900,1,0,0,0,0,0,0,0,0,2024-06-05,2024-06-05
in_000000002086,29900,1,0,0,0,0,0,0,0,0,2024-06-16,2024-06-16
in_000000218649,9900,1,0,0,0,0,0,0,0,0,2024-06-11,2024-06-11
in_000000121459,9900,1,0,0,0,0,0,0,0,0,2024-06-26,2024-06-26
in_000000070902,29900,1,0,0,0,0,0,0,0,0,2024-06-16,2024-06-16
in_000000056624,9900,1,0,0,0,0,0,0,0,0,2024-06-23,2024-06-23
in_000000189376,9900,1,0,0,0,0,0,0,0,0,2024-06-15,2024-06-15
in_000000179222,9900,1,0,0,0,0,0,0,0,0,2024-06-17,2024-06-17
in_000000257758,199900,1,0,0,0,0,0,0,0,0,2024-06-21,2024-06-21
in_000000027400,79900,1,0,0,0,0,0,0,0,0,2024-06-15,2024-06-15
in_000000168929,79900,1,0,0,0,0,0,0,0,0,2024-06-11,2024-06-11
in_000000069517,29900,1,0,0,0,0,0,0,0,0,2024-06-15,2024-06-15
in_000000079222,29900,1,0,0,0,0,0,0,0,0,2024-07-03,2024-07-03
in_000000314939,199900,1,0,0,0,0,0,0,0,0,2024-06-06,2024-06-06
in_000000188496,9900,1,0,0,0,0,0,0,0,0,2024-06-03,2024-06-03
in_000000284335,9900,1,0,0,0,0,0,0,0,0,2024-06-19,2024-06-19
in_000000160703,99000,1,0,0,0,0,0,0,0,0,2024-06-10,2024-06-10
in_000000294907,29900,1,0,0,0,0,0,0,0,0,2024-06-08,2024-06-08
in_000000045040,9900,1,0,0,0,0,0,0,0,0,2024-06-08,2024-06-08
in_000000152413,79900,1,0,0,0,0,0,0,0,0,2024-06-18,2024-06-18
in_000000177909,9900,1,0,0,0,0,0,0,0,0,2024-06-06,2024-06-06
in_000000256282,29900,1,0,0,0,0,0,0,0,0,2024-06-16,2024-06-16
in_000000076209,29900,1,0,0,0,0,0,0,0,0,2024-06-18,2024-06-18
in_000000028170,9900,1,0,0,0,0,0,0,0,0,2024-06-11,2024-06-11
in_000000267279,99000,1,0,0,0,0,0,0,0,0,2024-06-21,2024-06-21
in_000000224629,9900,1,0,0,0,0,0,0,0,0,2024-06-12,2024-06-12
in_000000299965,29900,1,0,0,0,0,0,0,0,0,2024-06-17,2024-06-17
in_000000177502,9900,1,0,0,0,0,0,0,0,0,2024-06-15,2024-06-15
in_000000173893,199900,1,0,0,0,0,0,0,0,0,2024-06-16,2024-06-16
in_000000139369,79900,1,0,0,0,0,0,0,0,0,2024-06-14,2024-06-14
in_000000009545,9900,1,0,0,0,0,0,0,0,0,2024-06-22,2024-06-22
in_000000106362,29900,1,0,0,0,0,0,0,0,0,2024-06-16,2024-06-16
in_000000241965,9900,1,0,0,0,0,0,0,0,0,2024-06-15,2024-06-15
in_000000126048,29900,1,0,0,0,0,0,0,0,0,2024-06-21,2024-06-21
in_000000198655,799000,1,0,0,0,0,0,0,0,0,2024-06-16,2024-06-16
in_000000153083,29900,1,0,0,0,0,0,0,0,0,2024-06-05,2024-06-05
in_000000196663,29900,1,0,0,0,0,0,0,0,0,2024-06-23,2024-06-23
in_000000166988,29900,1,0,0,0,0,0,0,0,0,2024-06-16,2024-06-16
in_000000073163,9900,1,0,0,0,0,0,0,0,0,2024-06-17,2024-06-17
in_000000253666,79900,1,0,0,0,0,0,0,0,0,2024-06-14,2024-06-14
in_000000298200,29900,1,0,0,0,0,0,0,0,0,2024-06-09,2024-06-09
in_000000257712,29900,1,0,0,0,0,0,0,0,0,2024-06-22,2024-06-22
in_000000278412,9900,1,0,0,0,0,0,0,0,0,2024-06-14,2024-06-14
in_000000069793,9900,1,0,0,0,0,0,0,0,0,2024-06-17,2024-06-17
in_000000183779,29900,1,0,0,0,0,0,0,0,0,2024-06-08,2024-06-08
in_000000046171,29900,1,0,0,0,0,0,0,0,0,2024-06-11,2024-06-11
in_000000141795,79900,1,0,0,0,0,0,0,0,0,2024-06-10,2024-06-10
in_000000242857,29900,1,0,0,0,0,0,0,0,0,2024-06-20,2024-06-20
in_000000313985,9900,1,0,0,0,0,0,0,0,0,2024-06-18,2024-06-18
in_000000293199,299000,1,0,0,0,0,0,0,0,0,2024-06-20,2024-06-20
in_000000218308,9900,1,0,0,0,0,0,0,0,0,2024-06-04,2024-06-04
in_000000150354,9900,1,0,0,0,0,0,0,0,0,2024-06-06,2024-06-06
in_000000309538,199900,1,0,0,0,0,0,0,0,0,2024-06-13,2024-06-13
in_000000014070,99000,1,0,0,0,0,0,0,0,0,2024-06-22,2024-06-22
in_000000238160,29900,1,0,0,0,0,0,0,0,0,2024-06-13,2024-06-13
in_000000065015,9900,1,0,0,0,0,0,0,0,0,2024-06-15,2024-06-15
in_000000274164,29900,1,0,0,0,0,0,0,0,0,2024-06-13,2024-06-13
in_000000299600,29900,1,0,0,0,0,0,0,0,0,2024-06-23,2024-06-23
in_000000123604,79900,1,0,0,0,0,0,0,0,0,2024-06-03,2024-06-03
in_000000040540,9900,1,0,0,0,0,0,0,0,0,2024-06-11,2024-06-11
in_000000312330,9900,1,0,0,0,0,0,0,0,0,2024-06-24,2024-06-24
in_000000230565,29900,1,0,0,0,0,0,0,0,0,2024-06-07,2024-06-07
in_000000106831,79900,1,0,0,0,0,0,0,0,0,2024-06-15,2024-06-15
in_000000014072,29900,1,0,0,0,0,0,0,0,0,2024-06-08,2024-06-08
in_000000194098,8415,1,0,0,1,0,0,0,0,0,2024-06-22,2024-06-22
in_000000232474,9900,1,0,0,0,0,0,0,0,0,2024-06-21,2024-06-21
in_000000185631,79900,1,0,0,0,0,0,0,0,0,2024-06-05,2024-06-05
in_000000108852,9900,1,0,0,0,0,0,0,0,0,2024-06-18,2024-06-18
in_000000256674,79900,1,0,0,0,0,0,0,0,0,2024-06-21,2024-06-21
in_000000009746,29900,1,0,0,0,0,0,0,0,0,2024-06-09,2024-06-09
in_000000148465,299000,1,0,0,0,0,0,0,0,0,2024-06-18,2024-06-18
in_000000090956,29900,1,0,0,0,0,0,0,0,0,2024-06-25,2024-06-25
in_000000071324,9900,1,0,0,0,0,0,0,0,0,2024-06-10,2024-06-10
in_000000002191,79900,1,0,0,0,0,0,0,0,0,2024-06-07,2024-06-07
in_000000238843,9900,1,0,0,0,0,0,0,0,0,2024-06-24,2024-06-24
in_000000158507,9900,1,0,0,0,0,0,0,0,0,2024-06-12,2024-06-12
in_000000171978,79900,1,0,0,0,0,0,0,0,0,2024-06-19,2024-06-19
in_000000009843,79900,1,0,0,0,0,0,0,0,0,2024-06-19,2024-06-19
in_000000189812,9900,1,0,0,0,0,0,0,0,0,2024-06-06,2024-06-06
in_000000106403,79900,1,0,0,0,0,0,0,0,0,2024-06-21,2024-06-21
in_000000302099,9900,1,0,0,0,0,0,0,0,0,2024-06-06,2024-06-06
in_000000209875,29900,1,0,0,0,0,0,0,0,0,2024-06-03,2024-06-03
in_000000155063,29900,1,0,0,0,0,0,0,0,0,2024-06-05,2024-06-05
in_000000277989,9900,1,0,0,0,0,0,0,0,0,2024-07-05,2024-07-05
in_000000229941,29900,1,0,0,0,0,0,0,0,0,2024-06-09,2024-06-09
in_000000067114,9900,1,0,0,0,0,0,0,0,0,2024-06-18,2024-06-18
in_000000253805,79900,1,0,0,0,0,0,0,0,0,2024-06-16,2024-06-16
in_000000104378,79900,1,0,0,0,0,0,0,0,0,2024-06-21,2024-06-21
in_000000032014,29900,1,0,0,0,0,0,0,0,0,2024-06-15,2024-06-15
in_000000014019,9900,1,0,0,0,0,0,0,0,0,2024-06-15,2024-06-15
in_000000222907,29900,1,0,0,0,0,0,0,0,0,2024-06-09,2024-06-09
in_000000183823,9900,1,0,0,0,0,0,0,0,0,2024-06-22,2024-06-22
in_000000166882,9900,1,0,0,0,0,0,0,0,0,2024-06-12,2024-06-12
in_000000151609,29900,1,0,0,0,0,0,0,0,0,2024-06-24,2024-06-24
in_000000051796,9900,1,0,0,0,0,0,0,0,0,2024-06-08,2024-06-08
in_000000114244,199900,1,0,0,0,0,0,0,0,0,2024-06-05,2024-06-05
in_000000191079,29900,1,0,0,0,0,0,0,0,0,2024-06-09,2024-06-09
in_000000079375,9900,1,0,0,0,0,0,0,0,0,2024-06-15,2024-06-15
in_000000176792,79900,1,0,0,0,0,0,0,0,0,2024-06-14,2024-06-14
in_000000163319,79900,1,0,0,0,0,0,0,0,0,2024-06-20,2024-06-20
in_000000254815,9900,1,0,0,0,0,0,0,0,0,2024-06-20,2024-06-20
in_000000205808,29900,1,0,0,0,0,0,0,0,0,2024-06-05,2024-06-05
in_000000087832,199900,1,0,0,0,0,0,0,0,0,2024-06-11,2024-06-11
in_000000111697,9900,1,0,0,0,0,0,0,0,0,2024-06-16,2024-06-16
in_000000179817,99000,1,0,0,0,0,0,0,0,0,2024-06-07,2024-06-07
in_000000285316,299000,1,0,0,0,0,0,0,0,0,2024-06-15,2024-06-15
in_000000298921,29900,1,0,0,0,0,0,0,0,0,2024-07-03,2024-07-03
in_000000039308,29900,1,0,0,0,0,0,0,0,0,2024-06-09,2024-06-09
in_000000244520,79900,1,0,0,0,0,0,0,0,0,2024-06-05,2024-06-05
in_000000067302,29900,1,0,0,0,0,0,0,0,0,2024-06-18,2024-06-18
in_000000106129,199900,1,0,0,0,0,0,0,0,0,2024-06-07,2024-06-07
in_000000174905,29900,1,0,0,0,0,0,0,0,0,2024-06-24,2024-06-24
in_000000005895,29900,1,0,0,0,0,0,0,0,0,2024-06-14,2024-06-14
in_000000183314,99000,1,0,0,0,0,0,0,0,0,2024-06-21,2024-06-21
in_000000242827,9900,1,0,0,0,0,0,0,0,0,2024-06-18,2024-06-18
in_000000240755,29900,1,0,0,0,0,0,0,0,0,2024-06-09,2024-06-09
in_000000297604,9900,1,0,0,0,0,0,0,0,0,2024-06-14,2024-06-14
in_000000126108,79900,1,0,0,0,0,0,0,0,0,2024-06-26,2024-06-26
in_000000151853,9900,1,0,0,0,0,0,0,0,0,2024-06-11,2024-06-11
in_000000262541,9900,1,0,0,0,0,0,0,0,0,2024-06-11,2024-06-11
in_000000221864,9900,1,0,0,0,0,0,0,0,0,2024-06-13,2024-06-13
in_000000226353,29900,1,0,0,0,0,0,0,0,0,2024-06-19,2024-06-19
in_000000102559,9900,1,0,0,0,0,0,0,0,0,2024-06-23,2024-06-23
in_000000023800,29900,1,0,0,0,0,0,0,0,0,2024-06-12,2024-06-12
in_000000141773,79900,1,0,0,0,0,0,0,0,0,2024-06-24,2024-06-24
in_000000317980,9900,1,0,0,0,0,0,0,0,0,2024-06-23,2024-06-23
in_000000140217,199900,1,0,0,0,0,0,0,0,0,2024-06-19,2024-06-19
in_000000031631,79900,1,0,0,0,0,0,0,0,0,2024-06-23,2024-06-23
in_000000190074,9900,1,0,0,0,0,0,0,0,0,2024-06-15,2024-06-15
in_000000230624,9900,1,0,0,0,0,0,0,0,0,2024-06-10,2024-06-10
in_000000171121,9900,1,0,0,0,0,0,0,0,0,2024-06-20,2024-06-20
in_000000297526,9900,1,0,0,0,0,0,0,0,0,2024-06-08,2024-06-08
in_000000179468,29900,1,0,0,0,0,0,0,0,0,2024-06-07,2024-06-07
in_000000250097,299000,1,0,0,0,0,0,0,0,0,2024-06-14,2024-06-14
in_000000092077,29900,1,0,0,0,0,0,0,0,0,2024-06-10,2024-06-10
in_000000222964,79900,1,0,0,0,0,0,0,0,0,2024-06-25,2024-06-25
in_000000033416,199900,1,0,0,0,0,0,0,0,0,2024-06-05,2024-06-05
in_000000310220,9900,1,0,0,0,0,0,0,0,0,2024-06-16,2024-06-16
in_000000167045,9900,1,0,0,0,0,0,0,0,0,2024-06-22,2024-06-22
in_000000084219,29900,1,0,0,0,0,0,0,0,0,2024-06-14,2024-06-14
in_000000078804,9900,1,0,0,0,0,0,0,0,0,2024-06-23,2024-06-23
in_000000050872,29900,1,0,0,0,0,0,0,0,0,2024-06-19,2024-06-19
in_000000246687,9900,1,0,0,0,0,0,0,0,0,2024-06-12,2024-06-12
in_000000144330,3960,1,0,0,0,1,1,0,0,0,2024-06-11,2024-06-11
in_000000028910,9900,1,0,0,0,0,0,0,0,0,2024-06-16,2024-06-16
in_000000001498,9900,1,0,0,0,0,0,0,0,0,2024-06-14,2024-06-14
in_000000165105,9900,1,0,0,0,0,0,0,0,0,2024-06-07,2024-06-07
in_000000295858,29900,1,0,0,0,0,0,0,0,0,2024-06-12,2024-06-12
in_000000231185,79900,1,0,0,0,0,0,0,0,0,2024-06-19,2024-06-19
in_000000048383,79900,1,0,0,0,0,0,0,0,0,2024-06-07,2024-06-07
in_000000319865,79900,1,0,0,0,0,0,0,0,0,2024-06-10,2024-06-10
in_000000114193,29900,1,0,0,0,0,0,0,0,0,2024-06-17,2024-06-17
in_000000181369,29900,1,0,0,0,0,0,0,0,0,2024-06-11,2024-06-11
in_000000256390,9900,1,0,0,0,0,0,0,0,0,2024-06-08,2024-06-08
in_000000030638,29900,1,0,0,0,0,0,0,0,0,2024-06-04,2024-06-04
in_000000286526,9900,1,0,0,0,0,0,0,0,0,2024-06-11,2024-06-11
in_000000247760,79900,1,0,0,0,0,0,0,0,0,2024-06-08,2024-06-08
in_000000142924,9900,1,0,0,0,0,0,0,0,0,2024-06-08,2024-06-08
in_000000146292,9900,1,0,0,0,0,0,0,0,0,2024-06-23,2024-06-23
in_000000274102,29900,1,0,0,0,0,0,0,0,0,2024-06-09,2024-06-09
in_000000230694,9900,1,0,0,0,0,0,0,0,0,2024-06-21,2024-06-21
in_000000262096,9900,1,0,0,0,0,0,0,0,0,2024-06-09,2024-06-09
in_000000196191,29900,1,0,0,0,0,0,0,0,0,2024-06-08,2024-06-08
in_000000215115,9900,1,0,0,0,0,0,0,0,0,2024-06-26,2024-06-26
in_000000180987,79900,1,0,0,0,0,0,0,0,0,2024-06-09,2024-06-09
in_000000217361,9900,1,0,0,0,0,0,0,0,0,2024-06-21,2024-06-21
in_000000038250,29900,1,0,0,0,0,0,0,0,0,2024-06-06,2024-06-06
in_000000266555,1999000,1,0,0,0,0,0,0,0,0,2024-06-12,2024-06-12
in_000000177983,29900,1,0,0,0,0,0,0,0,0,2024-06-08,2024-06-08
in_000000153463,29900,1,0,0,0,0,0,0,0,0,2024-06-04,2024-06-04
in_000000264517,9900,1,0,0,0,0,0,0,0,0,2024-06-06,2024-06-06
in_000000174078,79900,1,0,0,0,0,0,0,0,0,2024-06-13,2024-06-13
in_000000091901,9900,1,0,0,0,0,0,0,0,0,2024-06-10,2024-06-10
in_000000116305,9900,1,0,0,0,0,0,0,0,0,2024-06-16,2024-06-16
in_000000075234,79900,1,0,0,0,0,0,0,0,0,2024-06-14,2024-06-14
in_000000210970,9900,1,0,0,0,0,0,0,0,0,2024-06-16,2024-06-16
in_000000288884,29900,1,0,0,0,0,0,0,0,0,2024-06-18,2024-06-18
in_000000083173,9900,1,0,0,0,0,0,0,0,0,2024-06-08,2024-06-08
in_000000037133,9900,1,0,0,0,0,0,0,0,0,2024-06-05,2024-06-05
in_000000193000,199900,1,0,0,0,0,0,0,0,0,2024-06-23,2024-06-23
in_000000017921,9900,1,0,0,0,0,0,0,0,0,2024-06-20,2024-06-20
in_000000017314,99000,1,0,0,0,0,0,0,0,0,2024-06-11,2024-06-11
in_000000034075,9900,1,0,0,0,0,0,0,0,0,2024-06-16,2024-06-16
in_000000178043,29900,1,0,0,0,0,0,0,0,0,2024-06-11,2024-06-11
in_000000120942,79900,1,0,0,0,0,0,0,0,0,2024-06-16,2024-06-16
in_000000037323,9900,1,0,0,0,0,0,0,0,0,2024-06-12,2024-06-12
in_000000291365,9900,1,0,0,0,0,0,0,0,0,2024-06-12,2024-06-12
in_000000243558,9900,1,0,0,0,0,0,0,0,0,2024-06-10,2024-06-10
in_000000234453,29900,1,0,0,0,0,0,0,0,0,2024-06-23,2024-06-23
in_000000154528,29900,1,0,0,0,0,0,0,0,0,2024-06-18,2024-06-18
in_000000264792,199900,1,0,0,0,0,0,0,0,0,2024-06-24,2024-06-24
in_000000209334,9900,1,0,0,0,0,0,0,0,0,2024-06-04,2024-06-04
in_000000167803,71910,1,0,0,1,0,0,0,0,0,2024-06-19,2024-06-19
in_000000208601,9900,1,0,0,0,0,0,0,0,0,2024-06-23,2024-06-23
in_000000206552,29900,1,0,0,0,0,0,0,0,0,2024-06-24,2024-06-24
in_000000038964,799000,1,0,0,0,0,0,0,0,0,2024-06-13,2024-06-13
in_000000013887,29900,1,0,0,0,0,0,0,0,0,2024-06-09,2024-06-09
in_000000170728,29900,1,0,0,0,0,0,0,0,0,2024-06-16,2024-06-16
in_000000047278,9900,1,0,0,0,0,0,0,0,0,2024-06-19,2024-06-19
in_000000148414,79900,1,0,0,0,0,0,0,0,0,2024-06-10,2024-06-10
in_000000064014,9900,1,0,0,0,0,0,0,0,0,2024-06-19,2024-06-19
in_000000247683,29900,1,0,0,0,0,0,0,0,0,2024-06-24,2024-06-24
in_000000050366,9900,1,0,0,0,0,0,0,0,0,2024-06-03,2024-06-03
in_000000055759,29900,1,0,0,0,0,0,0,0,0,2024-06-15,2024-06-15
in_000000013360,29900,1,0,0,0,0,0,0,0,0,2024-06-06,2024-06-06
in_000000265304,9900,1,0,0,0,0,0,0,0,0,2024-06-17,2024-06-17
in_000000262073,9900,1,0,0,0,0,0,0,0,0,2024-06-13,2024-06-13
in_000000041181,79900,1,0,0,0,0,0,0,0,0,2024-06-05,2024-06-05
in_000000313499,79900,1,0,0,0,0,0,0,0,0,2024-06-09,2024-06-09
in_000000186215,29900,1,0,0,0,0,0,0,0,0,2024-06-20,2024-06-20
in_000000065383,9900,1,0,0,0,0,0,0,0,0,2024-06-12,2024-06-12
in_000000180488,29900,1,0,0,0,0,0,0,0,0,2024-06-13,2024-06-13
in_000000065672,9900,1,0,0,0,0,0,0,0,0,2024-06-07,2024-06-07
in_000000090163,29900,1,0,0,0,0,0,0,0,0,2024-06-21,2024-06-21
in_000000045762,9900,1,0,0,0,0,0,0,0,0,2024-06-06,2024-06-06
in_000000067229,79900,1,0,0,0,0,0,0,0,0,2024-06-11,2024-06-11
in_000000294723,29900,1,0,0,0,0,0,0,0,0,2024-06-18,2024-06-18
in_000000151680,9900,1,0,0,0,0,0,0,0,0,2024-06-05,2024-06-05
in_000000247330,9900,1,0,0,0,0,0,0,0,0,2024-06-08,2024-06-08
in_000000115917,9900,1,0,0,0,0,0,0,0,0,2024-06-18,2024-06-18
in_000000206596,29900,1,0,0,0,0,0,0,0,0,2024-06-16,2024-06-16
in_000000273792,29900,1,0,0,0,0,0,0,0,0,2024-06-21,2024-06-21
in_000000261886,9900,1,0,0,0,0,0,0,0,0,2024-06-13,2024-06-13
in_000000285054,9900,1,0,0,0,0,0,0,0,0,2024-06-07,2024-06-07
in_000000116184,9900,1,0,0,0,0,0,0,0,0,2024-06-11,2024-06-11
in_000000288773,29900,1,0,0,0,0,0,0,0,0,2024-06-11,2024-06-11
in_000000181204,9900,1,0,0,0,0,0,0,0,0,2024-06-03,2024-06-03
in_000000314390,79900,1,0,0,0,0,0,0,0,0,2024-06-14,2024-06-14
in_000000132623,9900,1,0,0,0,0,0,0,0,0,2024-06-20,2024-06-20
in_000000074867,9900,1,0,0,0,0,0,0,0,0,2024-06-19,2024-06-19
in_000000296100,9900,1,0,0,0,0,0,0,0,0,2024-06-14,2024-06-14
in_000000009302,9900,1,0,0,0,0,0,0,0,0,2024-06-03,2024-06-03
in_000000273584,99000,1,0,0,0,0,0,0,0,0,2024-06-15,2024-06-15
in_000000044510,29900,1,0,0,0,0,0,0,0,0,2024-06-16,2024-06-16
in_000000275380,9900,1,0,0,0,0,0,0,0,0,2024-06-15,2024-06-15
in_000000063408,29900,1,0,0,0,0,0,0,0,0,2024-06-26,2024-06-26
in_000000073324,29900,1,0,0,0,0,0,0,0,0,2024-06-07,2024-06-07
in_000000223922,79900,1,0,0,0,0,0,0,0,0,2024-06-22,2024-06-22
in_000000208103,29900,1,0,0,0,0,0,0,0,0,2024-06-19,2024-06-19
in_000000208005,199900,1,0,0,0,0,0,0,0,0,2024-06-04,2024-06-04
in_000000226932,29900,1,0,0,0,0,0,0,0,0,2024-06-23,2024-06-23
in_000000255442,9900,1,0,0,0,0,0,0,0,0,2024-06-14,2024-06-14
in_000000287122,9900,1,0,0,0,0,0,0,0,0,2024-06-08,2024-06-08
in_000000216502,79900,1,0,0,0,0,0,0,0,0,2024-06-26,2024-06-26
in_000000093006,9900,1,0,0,0,0,0,0,0,0,2024-06-15,2024-06-15
in_000000155776,9900,1,0,0,0,0,0,0,0,0,2024-06-07,2024-06-07
in_000000197474,9900,1,0,0,0,0,0,0,0,0,2024-06-19,2024-06-19
in_000000016101,299000,1,0,0,0,0,0,0,0,0,2024-06-11,2024-06-11
in_000000310204,299000,1,0,0,0,0,0,0,0,0,2024-06-06,2024-06-06
in_000000018863,29900,1,0,0,0,0,0,0,0,0,2024-06-16,2024-06-16
in_000000297028,29900,1,0,0,0,0,0,0,0,0,2024-06-15,2024-06-15
in_000000293436,9900,1,0,0,0,0,0,0,0,0,2024-06-11,2024-06-11
in_000000083678,99000,1,0,0,0,0,0,0,0,0,2024-06-11,2024-06-11
in_000000160524,9900,1,0,0,0,0,0,0,0,0,2024-06-13,2024-06-13
in_000000056025,199900,1,0,0,0,0,0,0,0,0,2024-06-26,2024-06-26
in_000000046691,79900,1,0,0,0,0,0,0,0,0,2024-06-12,2024-06-12
in_000000126385,59925,1,0,0,1,0,0,0,0,0,2024-06-04,2024-06-04
in_000000150579,9900,1,0,0,0,0,0,0,0,0,2024-06-23,2024-06-23
in_000000056667,29900,1,0,0,0,0,0,0,0,0,2024-06-11,2024-06-11
in_000000248278,29900,1,0,0,0,0,0,0,0,0,2024-06-10,2024-06-10
in_000000044873,79900,1,0,0,0,0,0,0,0,0,2024-06-16,2024-06-16
in_000000213987,9900,1,0,0,0,0,0,0,0,0,2024-06-08,2024-06-08
in_000000282980,199900,1,0,0,0,0,0,0,0,0,2024-06-11,2024-06-11
in_000000169718,29900,1,0,0,0,0,0,0,0,0,2024-06-23,2024-06-23
in_000000074347,79900,1,0,0,0,0,0,0,0,0,2024-06-06,2024-06-06
in_000000244068,9900,1,0,0,0,0,0,0,0,0,2024-06-13,2024-06-13
in_000000308843,99000,1,0,0,0,0,0,0,0,0,2024-06-10,2024-06-10
in_000000319157,9900,1,0,0,0,0,0,0,0,0,2024-06-05,2024-06-05
in_000000074825,9900,1,0,0,0,0,0,0,0,0,2024-06-16,2024-06-16
in_000000011387,29900,1,0,0,0,0,0,0,0,0,2024-06-15,2024-06-15
in_000000038101,9900,1,0,0,0,0,0,0,0,0,2024-06-09,2024-06-09
in_000000243197,79900,1,0,0,0,0,0,0,0,0,2024-06-07,2024-06-07
in_000000082271,9900,1,0,0,0,0,0,0,0,0,2024-06-18,2024-06-18
in_000000190294,9900,1,0,0,0,0,0,0,0,0,2024-06-21,2024-06-21
in_000000077627,9900,1,0,0,0,0,0,0,0,0,2024-06-19,2024-06-19
in_000000154855,9900,1,0,0,0,0,0,0,0,0,2024-06-11,2024-06-11
in_000000136508,9900,1,0,0,0,0,0,0,0,0,2024-06-13,2024-06-13
in_000000116693,9900,1,0,0,0,0,0,0,0,0,2024-06-07,2024-06-07
in_000000105566,79900,1,0,0,0,0,0,0,0,0,2024-06-08,2024-06-08
in_000000267169,9900,1,0,0,0,0,0,0,0,0,2024-06-12,2024-06-12
in_000000091072,29900,1,0,0,0,0,0,0,0,0,2024-06-19,2024-06-19
in_000000164270,28405,1,0,0,1,0,0,0,0,0,2024-06-12,2024-06-12
in_000000073189,29900,1,0,0,0,0,0,0,0,0,2024-06-25,2024-06-25
in_000000015489,79900,1,0,0,0,0,0,0,0,0,2024-06-03,2024-06-03
in_000000050745,29900,1,0,0,0,0,0,0,0,0,2024-06-08,2024-06-08
in_000000119578,9900,1,0,0,0,0,0,0,0,0,2024-06-22,2024-06-22
in_000000094798,9900,1,0,0,0,0,0,0,0,0,2024-06-14,2024-06-14
in_000000086004,99000,1,0,0,0,0,0,0,0,0,2024-06-06,2024-06-06
in_000000233586,9900,1,0,0,0,0,0,0,0,0,2024-06-05,2024-06-05
in_000000245304,29900,1,0,0,0,0,0,0,0,0,2024-06-13,2024-06-13
in_000000118917,79900,1,0,0,0,0,0,0,0,0,2024-06-04,2024-06-04
in_000000162728,29900,1,0,0,0,0,0,0,0,0,2024-06-11,2024-06-11
in_000000274356,9900,1,0,0,0,0,0,0,0,0,2024-06-20,2024-06-20
in_000000166380,29900,1,0,0,0,0,0,0,0,0,2024-06-18,2024-06-18
in_000000265800,199900,1,0,0,0,0,0,0,0,0,2024-06-20,2024-06-20
in_000000042866,199900,1,0,0,0,0,0,0,0,0,2024-06-08,2024-06-08
in_000000209212,9900,1,0,0,0,0,0,0,0,0,2024-06-10,2024-06-10
in_000000286614,29900,1,0,0,0,0,0,0,0,0,2024-06-07,2024-06-07
in_000000151407,29900,1,0,0,0,0,0,0,0,0,2024-06-23,2024-06-23
in_000000045700,9900,1,0,0,0,0,0,0,0,0,2024-06-09,2024-06-09
in_000000195765,9900,1,0,0,0,0,0,0,0,0,2024-06-16,2024-06-16
in_000000129379,9900,1,0,0,0,0,0,0,0,0,2024-06-10,2024-06-10
in_000000290119,299000,1,0,0,0,0,0,0,0,0,2024-06-26,2024-06-26
in_000000157877,9900,1,0,0,0,0,0,0,0,0,2024-06-18,2024-06-18
in_000000146764,29900,1,0,0,0,0,0,0,0,0,2024-06-09,2024-06-09
in_000000139481,29900,1,0,0,0,0,0,0,0,0,2024-06-24,2024-06-24
in_000000176535,9900,1,0,0,0,0,0,0,0,0,2024-06-04,2024-06-04
in_000000061367,9900,1,0,0,0,0,0,0,0,0,2024-06-18,2024-06-18
in_000000319273,79900,1,0,0,0,0,0,0,0,0,2024-06-04,2024-06-04
in_000000047610,9900,1,0,0,0,0,0,0,0,0,2024-06-19,2024-06-19
in_000000131691,99000,1,0,0,0,0,0,0,0,0,2024-06-18,2024-06-18
in_000000126698,29900,1,0,0,0,0,0,0,0,0,2024-06-14,2024-06-14
in_000000315421,79900,1,0,0,0,0,0,0,0,0,2024-06-11,2024-06-11
in_000000279236,29900,1,0,0,0,0,0,0,0,0,2024-06-11,2024-06-11
in_000000007571,79900,1,0,0,0,0,0,0,0,0,2024-06-11,2024-06-11
in_000000156120,79900,1,0,0,0,0,0,0,0,0,2024-06-20,2024-06-20
in_000000265108,9900,1,0,0,0,0,0,0,0,0,2024-06-16,2024-06-16
in_000000198442,9900,1,0,0,0,0,0,0,0,0,2024-06-14,2024-06-14
in_000000185106,9900,1,0,0,0,0,0,0,0,0,2024-06-14,2024-06-14
in_000000004223,9900,1,0,0,0,0,0,0,0,0,2024-06-20,2024-06-20
in_000000236281,299000,1,0,0,0,0,0,0,0,0,2024-06-19,2024-06-19
in_000000071938,9900,1,0,0,0,0,0,0,0,0,2024-06-04,2024-06-04
in_000000149756,9900,1,0,0,0,0,0,0,0,0,2024-06-06,2024-06-06
in_000000169685,29900,1,0,0,0,0,0,0,0,0,2024-06-14,2024-06-14
in_000000093820,9900,1,0,0,0,0,0,0,0,0,2024-06-23,2024-06-23
in_000000257224,29900,1,0,0,0,0,0,0,0,0,2024-06-11,2024-06-11
in_000000180778,79900,1,0,0,0,0,0,0,0,0,2024-06-12,2024-06-12
in_000000037476,9900,1,0,0,0,0,0,0,0,0,2024-06-14,2024-06-14
in_000000209186,9900,1,0,0,0,0,0,0,0,0,2024-06-08,2024-06-08
in_000000065289,9900,1,0,0,0,0,0,0,0,0,2024-06-11,2024-06-11
in_000000078493,29900,1,0,0,0,0,0,0,0,0,2024-06-24,2024-06-24
in_000000069541,79900,1,0,0,0,0,0,0,0,0,2024-06-13,2024-06-13
in_000000245403,79900,1,0,0,0,0,0,0,0,0,2024-06-09,2024-06-09
in_000000213298,79900,1,0,0,0,0,0,0,0,0,2024-06-09,2024-06-09
in_000000119562,9900,1,0,0,0,0,0,0,0,0,2024-06-20,2024-06-20
in_000000005035,29900,1,0,0,0,0,0,0,0,0,2024-06-08,2024-06-08
in_000000041448,29900,1,0,0,0,0,0,0,0,0,2024-06-05,2024-06-05
in_000000088277,29900,1,0,0,0,0,0,0,0,0,2024-06-10,2024-06-10
in_000000226736,299000,1,0,0,0,0,0,0,0,0,2024-06-17,2024-06-17
in_000000149244,9900,1,0,0,0,0,0,0,0,0,2024-06-07,2024-06-07
in_000000006212,9900,1,0,0,0,0,0,0,0,0,2024-06-22,2024-06-22
in_000000100859,9900,1,0,0,0,0,0,0,0,0,2024-06-10,2024-06-10
in_000000312194,199900,1,0,0,0,0,0,0,0,0,2024-06-06,2024-06-06
in_000000206514,29900,1,0,0,0,0,0,0,0,0,2024-06-11,2024-06-11
in_000000217442,9900,1,0,0,0,0,0,0,0,0,2024-06-15,2024-06-15
in_000000263394,29900,1,0,0,0,0,0,0,0,0,2024-06-11,2024-06-11
in_000000046960,9900,1,0,0,0,0,0,0,0,0,2024-06-09,2024-06-09
in_000000105955,29900,1,0,0,0,0,0,0,0,0,2024-06-10,2024-06-10
in_000000289193,9900,1,0,0,0,0,0,0,0,0,2024-06-06,2024-06-06
in_000000220663,29900,1,0,0,0,0,0,0,0,0,2024-06-18,2024-06-18
in_000000036171,9900,1,0,0,0,0,0,0,0,0,2024-06-15,2024-06-15
in_000000243631,29900,1,0,0,0,0,0,0,0,0,2024-06-18,2024-06-18
in_000000148305,9900,1,0,0,0,0,0,0,0,0,2024-06-26,2024-06-26
in_000000146958,29900,1,0,0,0,0,0,0,0,0,2024-06-07,2024-06-07
in_000000179651,9900,1,0,0,0,0,0,0,0,0,2024-06-26,2024-06-26
in_000000096680,9900,1,0,0,0,0,0,0,0,0,2024-06-23,2024-06-23
in_000000243509,9900,1,0,0,0,0,0,0,0,0,2024-06-26,2024-06-26
in_000000220940,9900,1,0,0,0,0,0,0,0,0,2024-06-17,2024-06-17
in_000000232416,79900,1,0,0,0,0,0,0,0,0,2024-06-08,2024-06-08
in_000000134071,29900,1,0,0,0,0,0,0,0,0,2024-06-20,2024-06-20
in_000000219711,9900,1,0,0,0,0,0,0,0,0,2024-06-07,2024-06-07
in_000000234951,9900,1,0,0,0,0,0,0,0,0,2024-06-20,2024-06-20
in_000000036073,9900,1,0,0,0,0,0,0,0,0,2024-06-25,2024-06-25
in_000000211367,79900,1,0,0,0,0,0,0,0,0,2024-06-15,2024-06-15
in_000000074622,29900,1,0,0,0,0,0,0,0,0,2024-06-19,2024-06-19
in_000000140287,9900,1,0,0,0,0,0,0,0,0,2024-06-14,2024-06-14
in_000000175647,29900,1,0,0,0,0,0,0,0,0,2024-06-09,2024-06-09
in_000000080140,9900,1,0,0,0,0,0,0,0,0,2024-06-20,2024-06-20
in_000000130558,9900,1,0,0,0,0,0,0,0,0,2024-06-23,2024-06-23
in_000000132688,29900,1,0,0,0,0,0,0,0,0,2024-06-22,2024-06-22
in_000000089435,9900,1,0,0,0,0,0,0,0,0,2024-06-12,2024-06-12
in_000000075010,79900,1,0,0,0,0,0,0,0,0,2024-06-19,2024-06-19
in_000000141064,29900,1,0,0,0,0,0,0,0,0,2024-06-08,2024-06-08
in_000000241579,9900,1,0,0,0,0,0,0,0,0,2024-06-18,2024-06-18
in_000000024558,9900,1,0,0,0,0,0,0,0,0,2024-06-24,2024-06-24
in_000000052585,9900,1,0,0,0,0,0,0,0,0,2024-06-19,2024-06-19
in_000000219575,799000,1,0,0,0,0,0,0,0,0,2024-06-10,2024-06-10
in_000000292481,29900,1,0,0,0,0,0,0,0,0,2024-06-08,2024-06-08
in_000000131722,29900,1,0,0,0,0,0,0,0,0,2024-06-07,2024-06-07
in_000000178562,9900,1,0,0,0,0,0,0,0,0,2024-06-14,2024-06-14
in_000000062683,9900,1,0,0,0,0,0,0,0,0,2024-06-13,2024-06-13
in_000000170624,9900,1,0,0,0,0,0,0,0,0,2024-06-13,2024-06-13
in_000000233515,9900,1,0,0,0,0,0,0,0,0,2024-06-06,2024-06-06
in_000000052621,29900,1,0,0,0,0,0,0,0,0,2024-06-12,2024-06-12
in_000000147079,29900,1,0,0,0,0,0,0,0,0,2024-06-15,2024-06-15
in_000000063992,29900,1,0,0,0,0,0,0,0,0,2024-06-08,2024-06-08
in_000000116949,9900,1,0,0,0,0,0,0,0,0,2024-06-21,2024-06-21
in_000000303023,9900,1,0,0,0,0,0,0,0,0,2024-06-24,2024-06-24
in_000000099068,29900,1,0,0,0,0,0,0,0,0,2024-06-09,2024-06-09
in_000000065869,79900,1,0,0,0,0,0,0,0,0,2024-06-15,2024-06-15
in_000000144041,9900,1,0,0,0,0,0,0,0,0,2024-06-17,2024-06-17
in_000000214546,9900,1,0,0,0,0,0,0,0,0,2024-06-13,2024-06-13
in_000000190042,9900,1,0,0,0,0,0,0,0,0,2024-06-26,2024-06-26
in_000000177572,79900,1,0,0,0,0,0,0,0,0,2024-06-24,2024-06-24
in_000000240798,79900,1,0,0,0,0,0,0,0,0,2024-06-14,2024-06-14
in_000000193100,29900,1,0,0,0,0,0,0,0,0,2024-06-11,2024-06-11
in_000000074036,9900,1,0,0,0,0,0,0,0,0,2024-06-08,2024-06-08
in_000000068833,9900,1,0,0,0,0,0,0,0,0,2024-06-20,2024-06-20
in_000000155398,9900,1,0,0,0,0,0,0,0,0,2024-06-23,2024-06-23
in_000000181117,99000,1,0,0,0,0,0,0,0,0,2024-06-08,2024-06-08
in_000000190900,9900,1,0,0,0,0,0,0,0,0,2024-06-26,2024-06-26
in_000000096710,79900,1,0,0,0,0,0,0,0,0,2024-06-16,2024-06-16
in_000000294183,9900,1,0,0,0,0,0,0,0,0,2024-06-08,2024-06-08
in_000000014782,9900,1,0,0,0,0,0,0,0,0,2024-06-23,2024-06-23
in_000000067429,29900,1,0,0,0,0,0,0,0,0,2024-06-12,2024-06-12
in_000000194209,29900,1,0,0,0,0,0,0,0,0,2024-06-12,2024-06-12
in_000000277376,79900,1,0,0,0,0,0,0,0,0,2024-06-03,2024-06-03
in_000000013660,199900,1,0,0,0,0,0,0,0,0,2024-06-18,2024-06-18
in_000000224646,9900,1,0,0,0,0,0,0,0,0,2024-06-25,2024-06-25
in_000000077860,9900,1,0,0,0,0,0,0,0,0,2024-06-11,2024-06-11
in_000000234173,9900,1,0,0,0,0,0,0,0,0,2024-06-23,2024-06-23
in_000000083411,9900,1,0,0,0,0,0,0,0,0,2024-06-25,2024-06-25
in_000000250651,9900,1,0,0,0,0,0,0,0,0,2024-06-15,2024-06-15
in_000000286052,29900,1,0,0,0,0,0,0,0,0,2024-06-18,2024-06-18
in_000000061657,9900,1,0,0,0,0,0,0,0,0,2024-06-11,2024-06-11
in_000000102256,9900,1,0,0,0,0,0,0,0,0,2024-06-19,2024-06-19
in_000000311279,79900,1,0,0,0,0,0,0,0,0,2024-06-23,2024-06-23
in_000000289528,9900,1,0,0,0,0,0,0,0,0,2024-06-13,2024-06-13
in_000000272224,199900,1,0,0,0,0,0,0,0,0,2024-06-03,2024-06-03
in_000000239725,299000,1,0,0,0,0,0,0,0,0,2024-06-22,2024-06-22
in_000000286924,9900,1,0,0,0,0,0,0,0,0,2024-06-07,2024-06-07
in_000000092204,9900,1,0,0,0,0,0,0,0,0,2024-06-13,2024-06-13
in_000000183650,9900,1,0,0,0,0,0,0,0,0,2024-06-06,2024-06-06
in_000000245200,79900,1,0,0,0,0,0,0,0,0,2024-06-10,2024-06-10
in_000000242931,29900,1,0,0,0,0,0,0,0,0,2024-06-04,2024-06-04
in_000000021578,9900,1,0,0,0,0,0,0,0,0,2024-06-23,2024-06-23
in_000000303400,29900,1,0,0,0,0,0,0,0,0,2024-06-24,2024-06-24
in_000000056417,9900,1,0,0,0,0,0,0,0,0,2024-06-09,2024-06-09
in_000000060178,9900,1,0,0,0,0,0,0,0,0,2024-06-11,2024-06-11
in_000000156737,79900,1,0,0,0,0,0,0,0,0,2024-06-24,2024-06-24
in_000000151438,79900,1,0,0,0,0,0,0,0,0,2024-06-15,2024-06-15
in_000000084240,29900,1,0,0,0,0,0,0,0,0,2024-06-18,2024-06-18
in_000000140484,9900,1,0,0,0,0,0,0,0,0,2024-06-13,2024-06-13
in_000000138337,99000,1,0,0,0,0,1,1,0,0,2024-06-11,2024-06-11
in_000000261144,9900,1,0,0,0,0,0,0,0,0,2024-06-25,2024-06-25
in_000000103862,9900,1,0,0,0,0,0,0,0,0,2024-06-07,2024-06-07
in_000000234076,79900,1,0,0,0,0,0,0,0,0,2024-06-06,2024-06-06
in_000000035544,29900,1,0,0,0,0,0,0,0,0,2024-06-13,2024-06-13
in_000000038929,99000,1,0,0,0,0,0,0,0,0,2024-06-05,2024-06-05
in_000000307843,9900,1,0,0,0,0,0,0,0,0,2024-06-17,2024-06-17
in_000000147951,9900,1,0,0,0,0,0,0,0,0,2024-06-12,2024-06-12
in_000000271876,9900,1,0,0,0,0,0,0,0,0,2024-06-08,2024-06-08
in_000000263527,9900,1,0,0,0,0,0,0,0,0,2024-06-13,2024-06-13
in_000000111533,79900,1,0,0,0,0,0,0,0,0,2024-06-23,2024-06-23
in_000000022881,29900,1,0,0,0,0,0,0,0,0,2024-06-05,2024-06-05
in_000000039664,29900,1,0,0,0,0,0,0,0,0,2024-06-16,2024-06-16
in_000000030603,799600,1,0,0,0,1,1,0,0,0,2024-06-17,2024-06-17
in_000000195154,79900,1,0,0,0,0,0,0,0,0,2024-06-14,2024-06-14
in_000000021199,9900,1,0,0,0,0,0,0,0,0,2024-06-06,2024-06-06
in_000000132064,79900,1,0,0,0,0,0,0,0,0,2024-06-12,2024-06-12
in_000000012560,9900,1,0,0,0,0,0,0,0,0,2024-06-15,2024-06-15
in_000000238040,28405,1,0,0,1,0,0,0,0,0,2024-06-20,2024-06-20
in_000000036631,29900,1,0,0,0,0,0,0,0,0,2024-06-06,2024-06-06
in_000000232378,29900,1,0,0,0,0,0,0,0,0,2024-06-05,2024-06-05
in_000000158003,28405,1,0,0,1,0,0,0,0,0,2024-06-06,2024-06-06
in_000000297467,79900,1,0,0,0,0,0,0,0,0,2024-06-21,2024-06-21
in_000000134145,79900,1,0,0,0,0,0,0,0,0,2024-07-03,2024-07-03
in_000000251633,199900,1,0,0,0,0,0,0,0,0,2024-06-05,2024-06-05
in_000000052459,199900,1,0,0,0,0,0,0,0,0,2024-06-14,2024-06-14
in_000000271911,29900,1,0,0,0,0,0,0,0,0,2024-06-14,2024-06-14
in_000000178597,199900,1,0,0,0,0,0,0,0,0,2024-06-09,2024-06-09
in_000000021851,29900,1,0,0,0,0,0,0,0,0,2024-06-12,2024-06-12
in_000000111913,29900,1,0,0,0,0,0,0,0,0,2024-06-16,2024-06-16
in_000000169467,29900,1,0,0,0,0,0,0,0,0,2024-06-22,2024-06-22
in_000000299932,79900,1,0,0,0,0,0,0,0,0,2024-06-19,2024-06-19
in_000000102505,79900,1,0,0,0,0,0,0,0,0,2024-06-08,2024-06-08
in_000000063287,29900,1,0,0,0,0,0,0,0,0,2024-06-11,2024-06-11
in_000000145176,29900,1,0,0,0,0,0,0,0,0,2024-06-21,2024-06-21
in_000000036223,79900,1,0,0,0,0,0,0,0,0,2024-06-16,2024-06-16
in_000000286293,79900,1,0,0,0,0,0,0,0,0,2024-06-07,2024-06-07
in_000000091207,9900,1,0,0,0,0,0,0,0,0,2024-06-06,2024-06-06
in_000000072258,29900,1,0,0,0,0,0,0,0,0,2024-06-11,2024-06-11
in_000000172606,9900,1,0,0,0,0,0,0,0,0,2024-06-21,2024-06-21
in_000000170912,29900,1,0,0,0,0,0,0,0,0,2024-06-23,2024-06-23
in_000000125736,9900,1,0,0,0,0,0,0,0,0,2024-06-06,2024-06-06
in_000000064559,9900,1,0,0,0,0,0,0,0,0,2024-06-07,2024-06-07
in_000000305910,9900,1,0,0,0,0,0,0,0,0,2024-06-24,2024-06-24
in_000000314233,29900,1,0,0,0,0,0,0,0,0,2024-06-09,2024-06-09
in_000000302937,9900,1,0,0,0,0,0,0,0,0,2024-06-07,2024-06-07
in_000000069850,9900,1,0,0,0,0,0,0,0,0,2024-06-19,2024-06-19
in_000000095032,9900,1,0,0,0,0,0,0,0,0,2024-06-05,2024-06-05
in_000000086243,9900,1,0,0,0,0,0,0,0,0,2024-06-19,2024-06-19
in_000000208028,9900,1,0,0,0,0,0,0,0,0,2024-06-15,2024-06-15
in_000000039582,9900,1,0,0,0,0,0,0,0,0,2024-06-14,2024-06-14
in_000000201067,9900,1,0,0,0,0,0,0,0,0,2024-06-13,2024-06-13
in_000000060591,9900,1,0,0,0,0,0,0,0,0,2024-06-06,2024-06-06
in_000000173776,9900,1,0,0,0,0,0,0,0,0,2024-06-06,2024-06-06
in_000000279031,9900,1,0,0,0,0,0,0,0,0,2024-06-24,2024-06-24
in_000000175995,29900,1,0,0,0,0,0,0,0,0,2024-06-06,2024-06-06
in_000000192339,9900,1,0,0,0,0,0,0,0,0,2024-06-21,2024-06-21
in_000000129788,9900,1,0,0,0,0,0,0,0,0,2024-06-06,2024-06-06
in_000000140252,79900,1,0,0,0,0,0,0,0,0,2024-06-10,2024-06-10
in_000000137935,9900,1,0,0,0,0,0,0,0,0,2024-06-11,2024-06-11
in_000000252616,9900,1,0,0,0,0,0,0,0,0,2024-06-10,2024-06-10
in_000000259670,9900,1,0,0,0,0,0,0,0,0,2024-06-16,2024-06-16
in_000000044450,99000,1,0,0,0,0,0,0,0,0,2024-06-17,2024-06-17
in_000000042126,29900,1,0,0,0,0,0,0,0,0,2024-06-07,2024-06-07
in_000000104914,9900,1,0,0,0,0,0,0,0,0,2024-06-13,2024-06-13
in_000000313548,29900,1,0,0,0,0,0,0,0,0,2024-06-15,2024-06-15
in_000000269780,9900,1,0,0,0,0,0,0,0,0,2024-07-02,2024-07-02
in_000000124695,199900,1,0,0,0,0,0,0,0,0,2024-06-18,2024-06-18
in_000000243611,29900,1,0,0,0,0,0,0,0,0,2024-06-19,2024-06-19
in_000000273334,79900,1,0,0,0,0,0,0,0,0,2024-06-13,2024-06-13
in_000000036543,9900,1,0,0,0,0,0,0,0,0,2024-06-15,2024-06-15
in_000000049043,29900,1,0,0,0,0,0,0,0,0,2024-06-14,2024-06-14
in_000000214676,9900,1,0,0,0,0,0,0,0,0,2024-06-07,2024-06-07
in_000000188704,299000,1,0,0,0,0,0,0,0,0,2024-06-10,2024-06-10
in_000000139898,9900,1,0,0,0,0,0,0,0,0,2024-06-09,2024-06-09
in_000000115973,79900,1,0,0,0,0,0,0,0,0,2024-06-23,2024-06-23
in_000000165833,9900,1,0,0,0,0,0,0,0,0,2024-06-23,2024-06-23
in_000000021644,9900,1,0,0,0,0,0,0,0,0,2024-06-23,2024-06-23
in_000000114479,9900,1,0,0,0,0,0,0,0,0,2024-06-15,2024-06-15
in_000000152338,99000,1,0,0,0,0,0,0,0,0,2024-06-07,2024-06-07
in_000000189681,9900,1,0,0,0,0,0,0,0,0,2024-06-18,2024-06-18
in_000000042646,29900,1,0,0,0,0,0,0,0,0,2024-06-22,2024-06-22
in_000000235553,79900,1,0,0,0,0,0,0,0,0,2024-06-24,2024-06-24
in_000000147059,9900,1,0,0,0,0,0,0,0,0,2024-06-24,2024-06-24
in_000000230417,29900,1,0,0,0,0,0,0,0,0,2024-06-09,2024-06-09
in_000000158304,29900,1,0,0,0,0,0,0,0,0,2024-06-04,2024-06-04
in_000000197283,9900,1,0,0,0,0,0,0,0,0,2024-06-18,2024-06-18
in_000000152209,79900,1,0,0,0,0,0,0,0,0,2024-06-10,2024-06-10
in_000000024456,9900,1,0,0,0,0,0,0,0,0,2024-06-08,2024-06-08
in_000000247010,9900,1,0,0,0,0,0,0,0,0,2024-06-11,2024-06-11
in_000000293578,79900,1,0,0,0,0,0,0,0,0,2024-06-09,2024-06-09
in_000000007298,9900,1,0,0,0,0,0,0,0,0,2024-06-06,2024-06-06
in_000000172827,9900,1,0,0,0,0,0,0,0,0,2024-06-06,2024-06-06
in_000000039918,79900,1,0,0,0,0,0,0,0,0,2024-06-23,2024-06-23
in_000000248952,9900,1,0,0,0,0,0,0,0,0,2024-06-21,2024-06-21
in_000000166655,29900,1,0,0,0,0,0,0,0,0,2024-06-25,2024-06-25
in_000000019711,9900,1,0,0,0,0,0,0,0,0,2024-06-14,2024-06-14
in_000000214634,9900,1,0,0,0,0,0,0,0,0,2024-06-15,2024-06-15
in_000000018707,199900,1,0,0,0,0,0,0,0,0,2024-06-06,2024-06-06
in_000000258030,9900,1,0,0,0,0,0,0,0,0,2024-06-18,2024-06-18
in_000000280922,79900,1,0,0,0,0,0,0,0,0,2024-06-15,2024-06-15
in_000000176875,29900,1,0,0,0,0,0,0,0,0,2024-06-10,2024-06-10
in_000000038992,9900,1,0,0,0,0,0,0,0,0,2024-06-16,2024-06-16
in_000000073815,29900,1,0,0,0,0,0,0,0,0,2024-06-16,2024-06-16
in_000000201783,9900,1,0,0,0,0,0,0,0,0,2024-06-23,2024-06-23
in_000000312592,299000,1,0,0,0,0,0,0,0,0,2024-06-12,2024-06-12
in_000000103827,199900,1,0,0,0,0,0,0,0,0,2024-06-26,2024-06-26
in_000000236369,29900,1,0,0,0,0,0,0,0,0,2024-06-06,2024-06-06
in_000000241733,25415,1,0,0,1,0,0,0,0,0,2024-06-20,2024-06-20
in_000000102154,9900,1,0,0,0,0,0,0,0,0,2024-06-15,2024-06-15
in_000000117403,9900,1,0,0,0,0,0,0,0,0,2024-06-18,2024-06-18
in_000000006154,9900,1,0,0,0,0,0,0,0,0,2024-06-15,2024-06-15
in_000000166917,79900,1,0,0,0,0,0,0,0,0,2024-06-06,2024-06-06
in_000000254722,29900,1,0,0,0,0,0,0,0,0,2024-06-16,2024-06-16
in_000000055116,9900,1,0,0,0,0,0,0,0,0,2024-06-04,2024-06-04
in_000000249951,79900,1,0,0,0,0,0,0,0,0,2024-06-08,2024-06-08
in_000000062317,29900,1,0,0,0,0,0,0,0,0,2024-06-26,2024-06-26
in_000000047911,299000,1,0,0,0,0,0,0,0,0,2024-06-17,2024-06-17
in_000000266380,29900,1,0,0,0,0,0,0,0,0,2024-06-16,2024-06-16
in_000000151831,29900,1,0,0,0,0,0,0,0,0,2024-06-14,2024-06-14
in_000000233904,9900,1,0,0,0,0,0,0,0,0,2024-06-06,2024-06-06
in_000000185571,199900,1,0,0,0,0,0,0,0,0,2024-06-22,2024-06-22
in_000000130450,299000,1,0,0,0,0,0,0,0,0,2024-06-17,2024-06-17
in_000000184276,9900,1,0,0,0,0,0,0,0,0,2024-06-21,2024-06-21
in_000000113987,9900,1,0,0,0,0,0,0,0,0,2024-06-10,2024-06-10
in_000000061467,29900,1,0,0,0,0,0,0,0,0,2024-06-06,2024-06-06
in_000000255893,9900,1,0,0,0,0,0,0,0,0,2024-06-03,2024-06-03
in_000000185490,29900,1,0,0,0,0,0,0,0,0,2024-06-18,2024-06-18
in_000000160325,29900,1,0,0,0,0,0,0,0,0,2024-06-20,2024-06-20
in_000000102015,29900,1,0,0,0,0,0,0,0,0,2024-06-16,2024-06-16
in_000000083824,199900,1,0,0,0,0,0,0,0,0,2024-06-10,2024-06-10
in_000000206951,9900,1,0,0,0,0,0,0,0,0,2024-06-18,2024-06-18
in_000000241931,79900,1,0,0,0,0,0,0,0,0,2024-06-11,2024-06-11
in_000000174793,29900,1,0,0,0,0,0,0,0,0,2024-06-10,2024-06-10
in_000000186303,29900,1,0,0,0,0,0,0,0,0,2024-06-15,2024-06-15
in_000000000791,79900,1,0,0,0,0,0,0,0,0,2024-06-10,2024-06-10
in_000000229089,9900,1,0,0,0,0,0,0,0,0,2024-06-07,2024-06-07
in_000000007669,79900,1,0,0,0,0,0,0,0,0,2024-06-07,2024-06-07
in_000000079782,29900,1,0,0,0,0,0,0,0,0,2024-06-13,2024-06-13
in_000000036692,79900,1,0,0,0,0,0,0,0,0,2024-06-18,2024-06-18
in_000000305369,9900,1,0,0,0,0,0,0,0,0,2024-06-10,2024-06-10
in_000000140093,79900,1,0,0,0,0,0,0,0,0,2024-06-24,2024-06-24
in_000000263222,9900,1,0,0,0,0,0,0,0,0,2024-06-07,2024-06-07
in_000000272454,9900,1,0,0,0,0,0,0,0,0,2024-06-15,2024-06-15
in_000000218969,9900,1,0,0,0,0,0,0,0,0,2024-06-09,2024-06-09
in_000000202279,9900,1,0,0,0,0,0,0,0,0,2024-06-19,2024-06-19
in_000000320509,9900,1,0,0,0,0,0,0,0,0,2024-06-18,2024-06-18
in_000000179458,79900,1,0,0,0,0,0,0,0,0,2024-06-14,2024-06-14
in_000000295878,99000,1,0,0,0,0,0,0,0,0,2024-06-06,2024-06-06
in_000000241526,199900,1,0,0,0,0,0,0,0,0,2024-06-22,2024-06-22
in_000000005654,29900,1,0,0,0,0,0,0,0,0,2024-06-04,2024-06-04
in_000000161967,799000,1,0,0,0,0,0,0,0,0,2024-06-17,2024-06-17
in_000000266051,29900,1,0,0,0,0,0,0,0,0,2024-06-05,2024-06-05
in_000000036999,9900,1,0,0,0,0,0,0,0,0,2024-06-24,2024-06-24
in_000000006054,29900,1,0,0,0,0,0,0,0,0,2024-06-13,2024-06-13
in_000000303843,79900,1,0,0,0,0,0,0,0,0,2024-06-21,2024-06-21
in_000000109223,9900,1,0,0,0,0,0,0,0,0,2024-06-13,2024-06-13
in_000000049151,9900,1,0,0,0,0,0,0,0,0,2024-06-04,2024-06-04
in_000000066974,29900,1,0,0,0,0,0,0,0,0,2024-06-08,2024-06-08
in_000000157495,9900,1,0,0,0,0,0,0,0,0,2024-06-11,2024-06-11
in_000000060249,9900,1,0,0,0,0,0,0,0,0,2024-06-09,2024-06-09
in_000000279756,7425,1,0,0,0,1,1,0,0,0,2024-06-25,2024-06-25
in_000000157674,79900,1,0,0,0,0,0,0,0,0,2024-06-24,2024-06-24
in_000000302682,9900,1,0,0,0,0,0,0,0,0,2024-06-07,2024-06-07
in_000000309575,9900,1,0,0,0,0,0,0,0,0,2024-06-14,2024-06-14
in_000000015858,199900,1,0,0,0,0,0,0,0,0,2024-06-12,2024-06-12
in_000000106192,9900,1,0,0,0,0,0,0,0,0,2024-06-18,2024-06-18
in_000000204060,9900,1,0,0,0,0,0,0,0,0,2024-06-08,2024-06-08
in_000000201542,29900,1,0,0,0,0,0,0,0,0,2024-06-14,2024-06-14
in_000000117810,199900,1,0,0,0,0,0,0,0,0,2024-06-24,2024-06-24
in_000000086171,29900,1,0,0,0,0,0,0,0,0,2024-06-13,2024-06-13
in_000000003199,79900,1,0,0,0,0,0,0,0,0,2024-06-09,2024-06-09
in_000000151940,9900,1,0,0,0,0,0,0,0,0,2024-06-09,2024-06-09
in_000000027593,29900,1,0,0,0,0,0,0,0,0,2024-06-18,2024-06-18
in_000000048036,9900,1,0,0,0,0,0,0,0,0,2024-06-07,2024-06-07
in_000000085236,29900,1,0,0,0,0,0,0,0,0,2024-06-10,2024-06-10
in_000000181804,29900,1,0,0,0,0,0,0,0,0,2024-06-14,2024-06-14
in_000000318040,79900,1,0,0,0,0,0,0,0,0,2024-06-20,2024-06-20
in_000000232772,29900,1,0,0,0,0,0,0,0,0,2024-06-23,2024-06-23
in_000000002008,29900,1,0,0,0,0,0,0,0,0,2024-06-09,2024-06-09
in_000000214372,29900,1,0,0,0,0,0,0,0,0,2024-06-11,2024-06-11
in_000000135301,29900,1,0,0,0,0,0,0,0,0,2024-06-06,2024-06-06
in_000000165861,79900,1,0,0,0,0,0,0,0,0,2024-06-16,2024-06-16
in_000000044146,199900,1,0,0,0,0,0,0,0,0,2024-06-07,2024-06-07
in_000000277464,71910,1,0,0,1,0,0,0,0,0,2024-06-21,2024-06-21
in_000000225044,79900,1,0,0,0,0,0,0,0,0,2024-06-08,2024-06-08
in_000000136220,29900,1,0,0,0,0,0,0,0,0,2024-06-15,2024-06-15
in_000000066246,29900,1,0,0,0,0,0,0,0,0,2024-06-08,2024-06-08
in_000000092546,29900,1,0,0,0,0,0,0,0,0,2024-06-15,2024-06-15
in_000000216936,29900,1,0,0,0,0,0,0,0,0,2024-06-07,2024-06-07
in_000000290621,199900,1,0,0,0,0,0,0,0,0,2024-06-06,2024-06-06
in_000000162343,9900,1,0,0,0,0,0,0,0,0,2024-06-16,2024-06-16
in_000000232818,29900,1,0,0,0,0,0,0,0,0,2024-06-14,2024-06-14
in_000000071704,9900,1,0,0,0,0,0,0,0,0,2024-06-22,2024-06-22
in_000000204074,29900,1,0,0,0,0,0,0,0,0,2024-06-05,2024-06-05
in_000000205896,9900,1,0,0,0,0,0,0,0,0,2024-06-07,2024-06-07
in_000000117781,199900,1,0,0,0,0,0,0,0,0,2024-06-19,2024-06-19
in_000000132180,29900,1,0,0,0,0,0,0,0,0,2024-06-04,2024-06-04
in_000000220130,199900,1,0,0,0,0,0,0,0,0,2024-06-22,2024-06-22
in_000000217039,29900,1,0,0,0,0,0,0,0,0,2024-06-11,2024-06-11
in_000000149631,9900,1,0,0,0,0,0,0,0,0,2024-06-17,2024-06-17
in_000000203813,9900,1,0,0,0,0,0,0,0,0,2024-06-23,2024-06-23
in_000000296943,9900,1,0,0,0,0,0,0,0,0,2024-06-07,2024-06-07
in_000000222199,9900,1,0,0,0,0,0,0,0,0,2024-06-20,2024-06-20
in_000000261231,9900,1,0,0,0,0,0,0,0,0,2024-06-12,2024-06-12
in_000000239597,9900,1,0,0,0,0,0,0,0,0,2024-06-07,2024-06-07
in_000000132717,9900,1,0,0,0,0,0,0,0,0,2024-06-19,2024-06-19
in_000000082145,79900,1,0,0,0,0,0,0,0,0,2024-06-21,2024-06-21
in_000000313861,199900,1,0,0,0,0,0,0,0,0,2024-06-16,2024-06-16
in_000000237584,79900,1,0,0,0,0,0,0,0,0,2024-06-13,2024-06-13
in_000000174866,9900,1,0,0,0,0,1,1,0,0,2024-06-22,2024-06-22
in_000000255538,29900,1,0,0,0,0,0,0,0,0,2024-06-03,2024-06-03
in_000000158219,29900,1,0,0,0,0,0,0,0,0,2024-06-08,2024-06-08
in_000000226176,79900,1,0,0,0,0,0,0,0,0,2024-06-17,2024-06-17
in_000000283501,29900,1,0,0,0,0,0,0,0,0,2024-06-04,2024-06-04
in_000000205595,9900,1,0,0,0,0,0,0,0,0,2024-06-16,2024-06-16
in_000000024244,9900,1,0,0,0,0,0,0,0,0,2024-06-16,2024-06-16
in_000000127496,9900,1,0,0,0,0,0,0,0,0,2024-06-11,2024-06-11
in_000000264630,29900,1,0,0,0,0,0,0,0,0,2024-06-25,2024-06-25
in_000000287257,79900,1,0,0,0,0,0,0,0,0,2024-06-03,2024-06-03
in_000000151546,9900,1,0,0,0,0,0,0,0,0,2024-06-14,2024-06-14
in_000000282135,199900,1,0,0,0,0,0,0,0,0,2024-06-06,2024-06-06
in_000000161232,9900,1,0,0,0,0,0,0,0,0,2024-06-12,2024-06-12
in_000000062571,199900,1,0,0,0,0,0,0,0,0,2024-06-22,2024-06-22
in_000000072601,9900,1,0,0,0,0,0,0,0,0,2024-06-08,2024-06-08
in_000000198828,79900,1,0,0,0,0,0,0,0,0,2024-06-05,2024-06-05
in_000000226663,29900,1,0,0,0,0,0,0,0,0,2024-06-23,2024-06-23
in_000000236959,29900,1,0,0,0,0,0,0,0,0,2024-06-20,2024-06-20
in_000000133094,79900,1,0,0,0,0,0,0,0,0,2024-06-05,2024-06-05
in_000000183208,9900,1,0,0,0,0,0,0,0,0,2024-06-17,2024-06-17
in_000000282943,9900,1,0,0,0,0,0,0,0,0,2024-06-19,2024-06-19
in_000000101597,79900,1,0,0,0,0,0,0,0,0,2024-06-03,2024-06-03
in_000000319907,29900,1,0,0,0,0,0,0,0,0,2024-06-21,2024-06-21
in_000000092424,79900,1,0,0,0,0,0,0,0,0,2024-06-10,2024-06-10
in_000000084816,9900,1,0,0,0,0,0,0,0,0,2024-06-13,2024-06-13
in_000000141406,199900,1,0,0,0,0,0,0,0,0,2024-06-10,2024-06-10
in_000000064677,29900,1,0,0,0,0,0,0,0,0,2024-06-18,2024-06-18
in_000000212342,29900,1,0,0,0,0,0,0,0,0,2024-06-22,2024-06-22
in_000000031039,299000,1,0,0,0,0,0,0,0,0,2024-06-11,2024-06-11
in_000000286859,9900,1,0,0,0,0,0,0,0,0,2024-06-14,2024-06-14
in_000000199629,199900,1,0,0,0,0,0,0,0,0,2024-06-20,2024-06-20
in_000000262776,99000,1,0,0,0,0,0,0,0,0,2024-06-24,2024-06-24
in_000000107442,79900,1,0,0,0,0,0,0,0,0,2024-06-07,2024-06-07
in_000000139045,29900,1,0,0,0,0,0,0,0,0,2024-06-15,2024-06-15
in_000000290031,29900,1,0,0,0,0,0,0,0,0,2024-06-12,2024-06-12
in_000000306600,29900,1,0,0,0,0,0,0,0,0,2024-06-21,2024-06-21
in_000000131000,9900,1,0,0,0,0,0,0,0,0,2024-06-18,2024-06-18
in_000000227711,9900,1,0,0,0,0,0,0,0,0,2024-06-22,2024-06-22
in_000000233844,9900,1,0,0,0,0,0,0,0,0,2024-06-11,2024-06-11
in_000000277504,9900,1,0,0,0,0,0,0,0,0,2024-06-10,2024-06-10
in_000000066627,29900,1,0,0,0,0,0,0,0,0,2024-06-04,2024-06-04
in_000000261087,9900,1,0,0,0,0,0,0,0,0,2024-06-25,2024-06-25
in_000000049648,29900,1,0,0,0,0,0,0,0,0,2024-06-18,2024-06-18
in_000000294346,29900,1,0,0,0,0,0,0,0,0,2024-06-22,2024-06-22
in_000000055644,9900,1,0,0,0,0,0,0,0,0,2024-06-10,2024-06-10
in_000000190771,9900,1,0,0,0,0,0,0,0,0,2024-06-20,2024-06-20
in_000000290886,799000,1,0,0,0,0,0,0,0,0,2024-06-07,2024-06-07
in_000000237388,9900,1,0,0,0,0,0,0,0,0,2024-06-18,2024-06-18
in_000000092592,79900,1,0,0,0,0,0,0,0,0,2024-06-06,2024-06-06
in_000000144144,9900,1,0,0,0,0,0,0,0,0,2024-06-04,2024-06-04
in_000000216644,29900,1,0,0,0,0,0,0,0,0,2024-06-10,2024-06-10
in_000000132993,29900,1,0,0,0,0,0,0,0,0,2024-06-21,2024-06-21
in_000000095193,9900,1,0,0,0,0,0,0,0,0,2024-06-12,2024-06-12
in_000000173217,99000,1,0,0,0,0,0,0,0,0,2024-06-19,2024-06-19
in_000000086738,199900,1,0,0,0,0,0,0,0,0,2024-06-12,2024-06-12
in_000000308378,79900,1,0,0,0,0,0,0,0,0,2024-06-20,2024-06-20
in_000000051574,79900,1,0,0,0,0,0,0,0,0,2024-06-20,2024-06-20
in_000000321060,9900,1,0,0,0,0,0,0,0,0,2024-06-11,2024-06-11
in_000000249977,9900,1,0,0,0,0,0,0,0,0,2024-06-19,2024-06-19
in_000000318589,9900,1,0,0,0,0,0,0,0,0,2024-06-26,2024-06-26
in_000000059001,9900,1,0,0,0,0,0,0,0,0,2024-06-09,2024-06-09
in_000000170372,29900,1,0,0,0,0,0,0,0,0,2024-06-08,2024-06-08
in_000000316503,29900,1,0,0,0,0,0,0,0,0,2024-06-11,2024-06-11
in_000000119702,9900,1,0,0,0,0,0,0,0,0,2024-06-23,2024-06-23
in_000000214716,29900,1,0,0,0,0,0,0,0,0,2024-06-15,2024-06-15
in_000000164844,9900,1,0,0,0,0,0,0,0,0,2024-06-25,2024-06-25
in_000000040915,9900,1,0,0,0,0,0,0,0,0,2024-06-18,2024-06-18
in_000000057307,9900,1,0,0,0,0,0,0,0,0,2024-06-22,2024-06-22
in_000000091029,9900,1,0,0,0,0,0,0,0,0,2024-06-09,2024-06-09
in_000000209712,29900,1,0,0,0,0,0,0,0,0,2024-06-13,2024-06-13
in_000000277762,29900,1,0,0,0,0,0,0,0,0,2024-06-09,2024-06-09
in_000000263711,79900,1,0,0,0,0,0,0,0,0,2024-06-24,2024-06-24
in_000000116624,9900,1,0,0,0,0,0,0,0,0,2024-06-14,2024-06-14
in_000000058095,29900,1,0,0,0,0,0,0,0,0,2024-06-26,2024-06-26
in_000000192565,799000,1,0,0,0,0,0,0,0,0,2024-06-15,2024-06-15
in_000000120913,29900,1,0,0,0,0,0,0,0,0,2024-06-16,2024-06-16
in_000000234838,79900,1,0,0,0,0,0,0,0,0,2024-06-18,2024-06-18
in_000000033380,79900,1,0,0,0,0,0,0,0,0,2024-06-21,2024-06-21
in_000000162092,9900,1,0,0,0,0,0,0,0,0,2024-06-09,2024-06-09
in_000000242947,99000,1,0,0,0,0,0,0,0,0,2024-06-13,2024-06-13
in_000000066741,79900,1,0,0,0,0,0,0,0,0,2024-06-20,2024-06-20
in_000000053258,29900,1,0,0,0,0,0,0,0,0,2024-06-17,2024-06-17
in_000000240884,9900,1,0,0,0,0,0,0,0,0,2024-06-06,2024-06-06
in_000000044793,199900,1,0,0,0,0,0,0,0,0,2024-06-14,2024-06-14
in_000000318318,9900,1,0,0,0,0,0,0,0,0,2024-06-06,2024-06-06
in_000000304924,9900,1,0,0,0,0,0,0,0,0,2024-06-17,2024-06-17
in_000000019502,9900,1,0,0,0,0,0,0,0,0,2024-06-22,2024-06-22
in_000000091985,29900,1,0,0,0,0,0,0,0,0,2024-06-09,2024-06-09
in_000000211417,29900,1,0,0,0,0,0,0,0,0,2024-06-13,2024-06-13
in_000000313068,9900,1,0,0,0,0,0,0,0,0,2024-06-14,2024-06-14
in_000000093293,199900,1,0,0,0,0,0,0,0,0,2024-06-18,2024-06-18
in_000000230849,9900,1,0,0,0,0,0,0,0,0,2024-06-05,2024-06-05
in_000000313450,9900,1,0,0,0,0,0,0,0,0,2024-06-22,2024-06-22
in_000000297783,9900,1,0,0,0,0,0,0,0,0,2024-06-11,2024-06-11
in_000000015914,29900,1,0,0,0,0,0,0,0,0,2024-06-11,2024-06-11
in_000000306105,9900,1,0,0,0,0,0,0,0,0,2024-06-25,2024-06-25
in_000000108033,29900,1,0,0,0,0,0,0,0,0,2024-06-19,2024-06-19
in_000000117456,199900,1,0,0,0,0,0,0,0,0,2024-06-23,2024-06-23
in_000000125197,79900,1,0,0,0,0,0,0,0,0,2024-06-23,2024-06-23
in_000000018397,9900,1,0,0,0,0,0,0,0,0,2024-06-17,2024-06-17
in_000000292464,9900,1,0,0,0,0,0,0,0,0,2024-06-14,2024-06-14
in_000000182316,29900,1,0,0,0,0,0,0,0,0,2024-06-06,2024-06-06
in_000000126285,29900,1,0,0,0,0,0,0,0,0,2024-06-17,2024-06-17
in_000000110954,9900,1,0,0,0,0,0,0,0,0,2024-06-17,2024-06-17
in_000000316910,9900,1,0,0,0,0,0,0,0,0,2024-06-24,2024-06-24
in_000000175364,9900,1,0,0,0,0,0,0,0,0,2024-06-22,2024-06-22
in_000000094435,9900,1,0,0,0,0,0,0,0,0,2024-06-19,2024-06-19
in_000000103618,9900,1,0,0,0,0,0,0,0,0,2024-06-24,2024-06-24
in_000000047162,29900,1,0,0,0,0,0,0,0,0,2024-06-25,2024-06-25
in_000000124450,9900,1,0,0,0,0,0,0,0,0,2024-06-20,2024-06-20
in_000000190718,799000,1,0,0,0,0,0,0,0,0,2024-06-21,2024-06-21
in_000000083950,29900,1,0,0,0,0,0,0,0,0,2024-06-07,2024-06-07
in_000000306384,79900,1,0,0,0,0,0,0,0,0,2024-06-08,2024-06-08
in_000000121165,79900,1,0,0,0,0,0,0,0,0,2024-06-17,2024-06-17
in_000000045445,29900,1,0,0,0,0,0,0,0,0,2024-06-12,2024-06-12
in_000000083499,29900,1,0,0,0,0,0,0,0,0,2024-06-04,2024-06-04
in_000000160566,29900,1,0,0,0,0,0,0,0,0,2024-06-09,2024-06-09
in_000000006118,9900,1,0,0,0,0,0,0,0,0,2024-06-07,2024-06-07
in_000000029922,9900,1,0,0,0,0,0,0,0,0,2024-06-18,2024-06-18
in_000000090891,9900,1,0,0,0,0,0,0,0,0,2024-06-25,2024-06-25
in_000000232886,9900,1,0,0,0,0,0,0,0,0,2024-06-08,2024-06-08
in_000000101541,9900,1,0,0,0,0,0,0,0,0,2024-06-24,2024-06-24
in_000000098573,9900,1,0,0,0,0,0,0,0,0,2024-06-11,2024-06-11
in_000000044553,299000,1,0,0,0,0,0,0,0,0,2024-06-08,2024-06-08
in_000000188743,79900,1,0,0,0,0,0,0,0,0,2024-06-04,2024-06-04
in_000000318209,29900,1,0,0,0,0,0,0,0,0,2024-06-12,2024-06-12
in_000000155130,29900,1,0,0,0,0,0,0,0,0,2024-06-17,2024-06-17
in_000000108059,9900,1,0,0,0,0,0,0,0,0,2024-06-10,2024-06-10
in_000000174388,29900,1,0,0,0,0,0,0,0,0,2024-06-21,2024-06-21
in_000000254743,9900,1,0,0,0,0,0,0,0,0,2024-06-23,2024-06-23
in_000000024713,9900,1,0,0,0,0,0,0,0,0,2024-06-17,2024-06-17
in_000000043258,79900,1,0,0,0,0,0,0,0,0,2024-06-06,2024-06-06
in_000000057947,9900,1,0,0,0,0,0,0,0,0,2024-06-15,2024-06-15
in_000000050446,79900,1,0,0,0,0,0,0,0,0,2024-06-22,2024-06-22
in_000000152865,79900,1,0,0,0,0,0,0,0,0,2024-06-12,2024-06-12
in_000000251354,9900,1,0,0,0,0,0,0,0,0,2024-06-19,2024-06-19
in_000000199338,79900,1,0,0,0,0,0,0,0,0,2024-06-09,2024-06-09
in_000000101899,9900,1,0,0,0,0,0,0,0,0,2024-06-08,2024-06-08
in_000000276991,9900,1,0,0,0,0,0,0,0,0,2024-06-17,2024-06-17
in_000000018539,199900,1,0,0,0,0,0,0,0,0,2024-06-16,2024-06-16
in_000000278935,9900,1,0,0,0,0,0,0,0,0,2024-06-12,2024-06-12
in_000000076354,79900,1,0,0,0,0,0,0,0,0,2024-06-07,2024-06-07
in_000000131103,199900,1,0,0,0,0,0,0,0,0,2024-06-13,2024-06-13
in_000000016323,9900,1,0,0,0,0,0,0,0,0,2024-06-23,2024-06-23
in_000000209418,79900,1,0,0,0,0,0,0,0,0,2024-06-09,2024-06-09
in_000000283125,79900,1,0,0,0,0,0,0,0,0,2024-06-22,2024-06-22
in_000000290296,9900,1,0,0,0,0,0,0,0,0,2024-06-18,2024-06-18
in_000000299978,8910,1,0,0,1,0,0,0,0,0,2024-06-23,2024-06-23
in_000000119175,9900,1,0,0,0,0,0,0,0,0,2024-06-13,2024-06-13
in_000000253953,29900,1,0,0,0,0,0,0,0,0,2024-06-22,2024-06-22
in_000000271194,9900,1,0,0,0,0,0,0,0,0,2024-06-07,2024-06-07
in_000000296764,9900,1,0,0,0,0,0,0,0,0,2024-06-09,2024-06-09
in_000000250591,79900,1,0,0,0,0,0,0,0,0,2024-06-10,2024-06-10
in_000000056570,9900,1,0,0,0,0,0,0,0,0,2024-06-03,2024-06-03
in_000000198716,79900,1,0,0,0,0,0,0,0,0,2024-06-24,2024-06-24
in_000000313673,9900,1,0,0,0,0,0,0,0,0,2024-06-10,2024-06-10
in_000000147023,29900,1,0,0,0,0,0,0,0,0,2024-06-08,2024-06-08
in_000000289985,9900,1,0,0,0,0,0,0,0,0,2024-06-04,2024-06-04
in_000000137594,29900,1,0,0,0,0,0,0,0,0,2024-06-08,2024-06-08
in_000000301737,9900,1,0,0,0,0,0,0,0,0,2024-06-14,2024-06-14
in_000000056789,29900,1,0,0,0,0,0,0,0,0,2024-06-12,2024-06-12
in_000000195243,9900,1,0,0,0,0,0,0,0,0,2024-06-12,2024-06-12
in_000000286827,9400,1,0,0,1,0,0,0,0,0,2024-06-24,2024-06-24
in_000000283221,9900,1,0,0,0,0,0,0,0,0,2024-06-11,2024-06-11
in_000000084479,9900,1,0,0,0,0,0,0,0,0,2024-06-11,2024-06-11
in_000000006579,79900,1,0,0,0,0,0,0,0,0,2024-06-12,2024-06-12
in_000000092302,799000,1,0,0,0,0,0,0,0,0,2024-06-23,2024-06-23
in_000000165708,99000,1,0,0,0,0,0,0,0,0,2024-06-05,2024-06-05
in_000000036947,199900,1,0,0,0,0,0,0,0,0,2024-06-09,2024-06-09
in_000000068264,199900,1,0,0,0,0,0,0,0,0,2024-06-07,2024-06-07
in_000000297246,79900,1,0,0,0,0,0,0,0,0,2024-06-14,2024-06-14
in_000000245795,79900,1,0,0,0,0,0,0,0,0,2024-06-06,2024-06-06
in_000000017459,9900,1,0,0,0,0,0,0,0,0,2024-06-23,2024-06-23
in_000000211320,29900,1,0,0,0,0,0,0,0,0,2024-06-06,2024-06-06
in_000000256538,9900,1,0,0,0,0,0,0,0,0,2024-06-19,2024-06-19
in_000000256756,9900,1,0,0,0,0,0,0,0,0,2024-06-11,2024-06-11
in_000000117118,9900,1,0,0,0,0,0,0,0,0,2024-06-21,2024-06-21
in_000000304288,29900,1,0,0,0,0,0,0,0,0,2024-06-15,2024-06-15
in_000000250906,29900,1,0,0,0,0,0,0,0,0,2024-06-06,2024-06-06
in_000000284384,9900,1,0,0,0,0,0,0,0,0,2024-06-13,2024-06-13
in_000000045672,29900,1,0,0,0,0,0,0,0,0,2024-06-03,2024-06-03
in_000000061182,29900,1,0,0,0,0,0,0,0,0,2024-06-04,2024-06-04
in_000000007537,9900,1,0,0,0,0,0,0,0,0,2024-06-09,2024-06-09
in_000000068390,199900,1,0,0,0,0,0,0,0,0,2024-06-24,2024-06-24
in_000000157461,9900,1,0,0,0,0,0,0,0,0,2024-06-21,2024-06-21
in_000000301390,9900,1,0,0,0,0,0,0,0,0,2024-06-08,2024-06-08
in_000000107410,9900,1,0,0,0,0,0,0,0,0,2024-06-05,2024-06-05
in_000000315054,79900,1,0,0,0,0,0,0,0,0,2024-06-18,2024-06-18
in_000000024895,9900,1,0,0,0,0,0,0,0,0,2024-06-24,2024-06-24
in_000000287788,9900,1,0,0,0,0,0,0,0,0,2024-06-19,2024-06-19
in_000000156844,9900,1,0,0,0,0,0,0,0,0,2024-06-18,2024-06-18
in_000000278765,29900,1,0,0,0,0,0,0,0,0,2024-06-07,2024-06-07
in_000000145309,9900,1,0,0,0,0,0,0,0,0,2024-06-12,2024-06-12
in_000000277367,29900,1,0,0,0,0,0,0,0,0,2024-06-12,2024-06-12
in_000000285450,9900,1,0,0,0,0,0,0,0,0,2024-06-18,2024-06-18
in_000000316800,29900,1,0,0,0,0,0,0,0,0,2024-06-24,2024-06-24
in_000000211212,79900,1,0,0,0,0,0,0,0,0,2024-06-21,2024-06-21
in_000000248539,79900,1,0,0,0,0,0,0,0,0,2024-06-15,2024-06-15
in_000000109320,9900,1,0,0,0,0,0,0,0,0,2024-06-08,2024-06-08
in_000000088305,99000,1,0,0,0,0,0,0,0,0,2024-06-10,2024-06-10
in_000000186664,79900,1,0,0,0,0,0,0,0,0,2024-06-20,2024-06-20
in_000000301049,9900,1,0,0,0,0,0,0,0,0,2024-06-09,2024-06-09
in_000000204461,9900,1,0,0,0,0,0,0,0,0,2024-06-15,2024-06-15
in_000000142445,79900,1,0,0,0,0,0,0,0,0,2024-06-13,2024-06-13
in_000000274474,29900,1,0,0,0,0,0,0,0,0,2024-06-06,2024-06-06
in_000000106048,9900,1,0,0,0,0,0,0,0,0,2024-06-04,2024-06-04
in_000000306343,29900,1,0,0,0,0,0,0,0,0,2024-06-18,2024-06-18
in_000000292077,9900,1,0,0,0,0,0,0,0,0,2024-06-09,2024-06-09
in_000000001676,29900,1,0,0,0,0,0,0,0,0,2024-06-18,2024-06-18
in_000000317066,9900,1,0,0,0,0,0,0,0,0,2024-06-12,2024-06-12
in_000000248911,299000,1,0,0,0,0,0,0,0,0,2024-06-14,2024-06-14
in_000000073054,9900,1,0,0,0,0,0,0,0,0,2024-06-04,2024-06-04
in_000000001732,9900,1,0,0,0,0,0,0,0,0,2024-06-07,2024-06-07
in_000000209961,9900,1,0,0,0,0,0,0,0,0,2024-06-19,2024-06-19
in_000000243104,29900,1,0,0,0,0,0,0,0,0,2024-06-20,2024-06-20
in_000000275261,9900,1,0,0,0,0,0,0,0,0,2024-06-14,2024-06-14
in_000000090636,99000,1,0,0,0,0,0,0,0,0,2024-06-10,2024-06-10
in_000000264059,26910,1,0,0,1,0,0,0,0,0,2024-06-25,2024-06-25
in_000000202426,9900,1,0,0,0,0,0,0,0,0,2024-06-10,2024-06-10
in_000000056983,29900,1,0,0,0,0,0,0,0,0,2024-06-22,2024-06-22
in_000000169768,99000,1,0,0,0,0,0,0,0,0,2024-06-18,2024-06-18
in_000000084178,79900,1,0,0,0,0,0,0,0,0,2024-06-13,2024-06-13
in_000000158270,29900,1,0,0,0,0,0,0,0,0,2024-06-06,2024-06-06
in_000000028785,9900,1,0,0,0,0,0,0,0,0,2024-06-05,2024-06-05
in_000000150057,9900,1,0,0,0,0,0,0,0,0,2024-06-17,2024-06-17
in_000000020573,29900,1,0,0,0,0,0,0,0,0,2024-06-10,2024-06-10
in_000000203252,79900,1,0,0,0,0,0,0,0,0,2024-06-22,2024-06-22
in_000000087094,1999000,1,0,0,0,0,0,0,0,0,2024-06-17,2024-06-17
in_000000031707,9900,1,0,0,0,0,0,0,0,0,2024-06-26,2024-06-26
in_000000131469,79900,1,0,0,0,0,0,0,0,0,2024-06-16,2024-06-16
in_000000111634,9900,1,0,0,0,0,0,0,0,0,2024-06-10,2024-06-10
in_000000104684,9900,1,0,0,0,0,0,0,0,0,2024-06-07,2024-06-07
in_000000060485,9900,1,0,0,0,0,0,0,0,0,2024-06-17,2024-06-17
in_000000013262,9900,1,0,0,0,0,0,0,0,0,2024-06-04,2024-06-04
in_000000214561,9900,1,0,0,0,0,0,0,0,0,2024-06-13,2024-06-13
in_000000107391,29900,1,0,0,0,0,0,0,0,0,2024-06-15,2024-06-15
in_000000184685,29900,1,0,0,0,0,0,0,0,0,2024-06-15,2024-06-15
in_000000078526,9900,1,0,0,0,0,0,0,0,0,2024-06-23,2024-06-23
in_000000277696,9900,1,0,0,0,0,0,0,0,0,2024-06-15,2024-06-15
in_000000079619,29900,1,0,0,0,0,0,0,0,0,2024-06-15,2024-06-15
in_000000125239,79900,1,0,0,0,0,0,0,0,0,2024-06-18,2024-06-18
in_000000016023,9900,1,0,0,0,0,0,0,0,0,2024-06-07,2024-06-07
in_000000236717,799000,1,0,0,0,0,0,0,0,0,2024-06-09,2024-06-09
in_000000259347,29900,1,0,0,0,0,0,0,0,0,2024-06-21,2024-06-21
in_000000007483,79900,1,0,0,0,0,0,0,0,0,2024-06-06,2024-06-06
in_000000260028,9900,1,0,0,0,0,0,0,0,0,2024-06-06,2024-06-06
in_000000032704,79900,1,0,0,0,0,0,0,0,0,2024-06-26,2024-06-26
in_000000158635,9900,1,0,0,0,0,0,0,0,0,2024-06-11,2024-06-11
in_000000287019,9900,1,0,0,0,0,0,0,0,0,2024-06-13,2024-06-13
in_000000109702,9900,1,0,0,0,0,0,0,0,0,2024-06-18,2024-06-18
in_000000015176,29900,1,0,0,0,0,0,0,0,0,2024-06-22,2024-06-22
in_000000108445,9900,1,0,0,0,0,0,0,0,0,2024-06-16,2024-06-16
in_000000296658,9900,1,0,0,0,0,0,0,0,0,2024-06-05,2024-06-05
in_000000302584,29900,1,0,0,0,0,0,0,0,0,2024-06-21,2024-06-21
in_000000049679,9900,1,0,0,0,0,0,0,0,0,2024-06-18,2024-06-18
in_000000075615,9900,1,0,0,0,0,0,0,0,0,2024-06-19,2024-06-19
in_000000290165,9900,1,0,0,0,0,0,0,0,0,2024-06-17,2024-06-17
in_000000270906,9900,1,0,0,0,0,0,0,0,0,2024-06-22,2024-06-22
in_000000170754,79900,1,0,0,0,0,0,0,0,0,2024-06-09,2024-06-09
in_000000023542,9900,1,0,0,0,0,0,0,0,0,2024-06-25,2024-06-25
in_000000313346,9900,1,0,0,0,0,0,0,0,0,2024-06-13,2024-06-13
in_000000163371,199900,1,0,0,0,0,0,0,0,0,2024-06-04,2024-06-04
in_000000169161,79900,1,0,0,0,0,0,0,0,0,2024-06-06,2024-06-06
in_000000069482,29900,1,0,0,0,0,0,0,0,0,2024-06-08,2024-06-08
in_000000281151,199900,1,0,0,0,0,0,0,0,0,2024-06-13,2024-06-13
in_000000212777,29900,1,0,0,0,0,0,0,0,0,2024-06-12,2024-06-12
in_000000013152,29900,1,0,0,0,0,0,0,0,0,2024-06-22,2024-06-22
in_000000178028,9900,1,0,0,0,0,0,0,0,0,2024-06-25,2024-06-25
in_000000032810,79900,1,0,0,0,0,0,0,0,0,2024-06-16,2024-06-16
in_000000168994,79900,1,0,0,0,0,0,0,0,0,2024-06-03,2024-06-03
in_000000117983,9900,1,0,0,0,0,0,0,0,0,2024-06-11,2024-06-11
in_000000303800,9900,1,0,0,0,0,0,0,0,0,2024-06-06,2024-06-06
in_000000201712,79900,1,0,0,0,0,0,0,0,0,2024-06-15,2024-06-15
in_000000197147,29900,1,0,0,0,0,0,0,0,0,2024-06-22,2024-06-22
in_000000304175,199900,1,0,0,0,0,0,0,0,0,2024-06-09,2024-06-09
in_000000210586,9900,1,0,0,0,0,0,0,0,0,2024-06-23,2024-06-23
in_000000317699,79900,1,0,0,0,0,0,0,0,0,2024-06-13,2024-06-13
in_000000046347,799000,1,0,0,0,0,0,0,0,0,2024-06-16,2024-06-16
in_000000321040,9900,1,0,0,0,0,0,0,0,0,2024-06-20,2024-06-20
in_000000196839,9900,1,0,0,0,0,0,0,0,0,2024-06-21,2024-06-21
in_000000145832,9900,1,0,0,0,0,0,0,0,0,2024-06-19,2024-06-19
in_000000262506,29900,1,0,0,0,0,0,0,0,0,2024-06-22,2024-06-22
in_000000008922,199900,1,0,0,0,0,0,0,0,0,2024-06-12,2024-06-12
in_000000268929,29900,1,0,0,0,0,0,0,0,0,2024-06-14,2024-06-14
in_000000287240,9900,1,0,0,0,0,0,0,0,0,2024-06-20,2024-06-20
in_000000083243,9900,1,0,0,0,0,0,0,0,0,2024-06-22,2024-06-22
in_000000219500,299000,1,0,0,0,0,0,0,0,0,2024-06-09,2024-06-09
in_000000032480,22425,1,0,0,0,1,1,0,0,0,2024-06-24,2024-06-24
in_000000029251,9900,1,0,0,0,0,0,0,0,0,2024-06-08,2024-06-08
in_000000253077,29900,1,0,0,0,0,0,0,0,0,2024-06-15,2024-06-15
in_000000275601,29900,1,0,0,0,0,0,0,0,0,2024-06-06,2024-06-06
in_000000136808,9900,1,0,0,0,0,0,0,0,0,2024-06-15,2024-06-15
in_000000021938,79900,1,0,0,0,0,0,0,0,0,2024-06-08,2024-06-08
in_000000023845,199900,1,0,0,0,0,0,0,0,0,2024-06-23,2024-06-23
in_000000208821,9900,1,0,0,0,0,0,0,0,0,2024-06-12,2024-06-12
in_000000116590,79900,1,0,0,0,0,0,0,0,0,2024-06-14,2024-06-14
in_000000044762,29900,1,0,0,0,0,0,0,0,0,2024-06-22,2024-06-22
in_000000002477,9900,1,0,0,0,0,0,0,0,0,2024-06-21,2024-06-21
in_000000158955,9900,1,0,0,0,0,0,0,0,0,2024-06-12,2024-06-12
in_000000105847,9900,1,0,0,0,0,0,0,0,0,2024-06-14,2024-06-14
in_000000094348,29900,1,0,0,0,0,0,0,0,0,2024-06-14,2024-06-14
in_000000249351,9900,1,0,0,0,0,0,0,0,0,2024-06-05,2024-06-05
in_000000017645,9900,1,0,0,0,0,0,0,0,0,2024-06-08,2024-06-08
in_000000213825,79900,1,0,0,0,0,0,0,0,0,2024-06-16,2024-06-16
in_000000162295,9900,1,0,0,0,0,0,0,0,0,2024-06-10,2024-06-10
in_000000292642,29900,1,0,0,0,0,0,0,0,0,2024-06-18,2024-06-18
in_000000079538,9900,1,0,0,0,0,0,0,0,0,2024-06-22,2024-06-22
in_000000090483,29900,1,0,0,0,0,0,0,0,0,2024-06-14,2024-06-14
in_000000198224,9900,1,0,0,0,0,0,0,0,0,2024-06-18,2024-06-18
in_000000194501,199900,1,0,0,0,0,0,0,0,0,2024-06-15,2024-06-15
in_000000072413,29900,1,0,0,0,0,0,0,0,0,2024-06-04,2024-06-04
in_000000197079,9900,1,0,0,0,0,0,0,0,0,2024-06-26,2024-06-26
in_000000305022,9900,1,0,0,0,0,0,0,0,0,2024-06-25,2024-06-25
in_000000025839,9900,1,0,0,0,0,0,0,0,0,2024-06-06,2024-06-06
in_000000040358,99000,1,0,0,0,0,0,0,0,0,2024-06-05,2024-06-05
in_000000062992,79900,1,0,0,0,0,0,0,0,0,2024-06-24,2024-06-24
in_000000180710,9900,1,0,0,0,0,0,0,0,0,2024-06-17,2024-06-17
in_000000051193,29900,1,0,0,0,0,0,0,0,0,2024-06-19,2024-06-19
in_000000008521,9900,1,0,0,0,0,0,0,0,0,2024-06-14,2024-06-14
in_000000295730,79900,1,0,0,0,0,0,0,0,0,2024-06-06,2024-06-06
in_000000314624,29900,1,0,0,0,0,0,0,0,0,2024-06-21,2024-06-21
in_000000013731,199900,1,0,0,0,0,0,0,0,0,2024-06-19,2024-06-19
in_000000241815,29900,1,0,0,0,0,0,0,0,0,2024-06-13,2024-06-13
in_000000053024,79900,1,0,0,0,0,0,0,0,0,2024-06-16,2024-06-16
in_000000141156,9900,1,0,0,0,0,0,0,0,0,2024-06-10,2024-06-10
in_000000042785,199900,1,0,0,0,0,0,0,0,0,2024-06-08,2024-06-08
in_000000091179,8415,1,0,0,1,0,0,0,0,0,2024-06-17,2024-06-17
in_000000235261,9900,1,0,0,0,0,0,0,0,0,2024-06-14,2024-06-14
in_000000111873,29900,1,0,0,0,0,0,0,0,0,2024-06-12,2024-06-12
in_000000029295,199900,1,0,0,0,0,0,0,0,0,2024-06-22,2024-06-22
in_000000124335,9900,1,0,0,0,0,0,0,0,0,2024-06-16,2024-06-16
in_000000000672,9900,1,0,0,0,0,0,0,0,0,2024-06-14,2024-06-14
in_000000252915,299000,1,0,0,0,0,0,0,0,0,2024-06-09,2024-06-09
in_000000029053,299000,1,0,0,0,0,0,0,0,0,2024-06-06,2024-06-06
in_000000035392,149925,1,0,0,1,0,0,0,0,0,2024-06-21,2024-06-21
in_000000219434,199900,1,0,0,0,0,0,0,0,0,2024-06-21,2024-06-21
in_000000197929,79900,1,0,0,0,0,0,0,0,0,2024-06-23,2024-06-23
in_000000261879,9900,1,0,0,0,0,0,0,0,0,2024-06-08,2024-06-08
in_000000240849,9900,1,0,0,0,0,0,0,0,0,2024-06-15,2024-06-15
in_000000258880,9900,1,0,0,0,0,0,0,0,0,2024-06-20,2024-06-20
in_000000296497,9900,1,0,0,0,0,0,0,0,0,2024-06-04,2024-06-04
in_000000111767,29900,1,0,0,0,0,0,0,0,0,2024-06-11,2024-06-11
in_000000061872,29900,1,0,0,0,0,0,0,0,0,2024-06-16,2024-06-16
in_000000185693,9900,1,0,0,0,0,0,0,0,0,2024-06-10,2024-06-10
in_000000314999,9900,1,0,0,0,0,0,0,0,0,2024-06-20,2024-06-20
in_000000180337,9900,1,0,0,0,0,0,0,0,0,2024-06-03,2024-06-03
in_000000115368,99000,1,0,0,0,0,0,0,0,0,2024-06-23,2024-06-23
in_000000154208,99000,1,0,0,0,0,0,0,0,0,2024-06-26,2024-06-26
in_000000015243,9900,1,0,0,0,0,0,0,0,0,2024-06-10,2024-06-10
in_000000214598,99000,1,0,0,0,0,0,0,0,0,2024-06-22,2024-06-22
in_000000091825,9900,1,0,0,0,0,0,0,0,0,2024-06-15,2024-06-15
in_000000118606,29900,1,0,0,0,0,0,0,0,0,2024-06-07,2024-06-07
in_000000084986,9900,1,0,0,0,0,0,0,0,0,2024-06-13,2024-06-13
in_000000193569,799000,1,0,0,0,0,0,0,0,0,2024-06-08,2024-06-08
in_000000228453,29900,1,0,0,0,0,0,0,0,0,2024-06-09,2024-06-09
in_000000220091,29900,1,0,0,0,0,0,0,0,0,2024-06-03,2024-06-03
in_000000181952,199900,1,0,0,0,0,0,0,0,0,2024-06-06,2024-06-06
in_000000055858,29900,1,0,0,0,0,0,0,0,0,2024-06-08,2024-06-08
in_000000093053,199900,1,0,0,0,0,0,0,0,0,2024-06-24,2024-06-24
in_000000255583,9900,1,0,0,0,0,0,0,0,0,2024-06-20,2024-06-20
in_000000009529,9900,1,0,0,0,0,0,0,0,0,2024-06-21,2024-06-21
in_000000033946,79900,1,0,0,0,0,0,0,0,0,2024-06-22,2024-06-22
in_000000088392,9900,1,0,0,0,0,0,0,0,0,2024-06-10,2024-06-10
in_000000020873,29900,1,0,0,0,0,0,0,0,0,2024-06-15,2024-06-15
in_000000153492,799000,1,0,0,0,0,0,0,0,0,2024-06-07,2024-06-07
in_000000122934,29900,1,0,0,0,0,0,0,0,0,2024-06-24,2024-06-24
in_000000262739,29900,1,0,0,0,0,0,0,0,0,2024-06-16,2024-06-16
in_000000236008,9900,1,0,0,0,0,0,0,0,0,2024-06-11,2024-06-11
in_000000143693,9900,1,0,0,0,0,0,0,0,0,2024-06-09,2024-06-09
in_000000228828,29900,1,0,0,0,0,0,0,0,0,2024-06-16,2024-06-16
in_000000176103,29900,1,0,0,0,0,0,0,0,0,2024-07-03,2024-07-03
in_000000286461,299000,1,0,0,0,0,0,0,0,0,2024-06-13,2024-06-13
in_000000188189,79900,1,0,0,0,0,0,0,0,0,2024-06-21,2024-06-21
in_000000221457,9900,1,0,0,0,0,0,0,0,0,2024-06-15,2024-06-15
in_000000252175,29900,1,0,0,0,0,0,0,0,0,2024-06-18,2024-06-18
in_000000009235,29900,1,0,0,0,0,0,0,0,0,2024-06-21,2024-06-21
in_000000160043,79900,1,0,0,0,0,0,0,0,0,2024-06-10,2024-06-10
in_000000147417,9900,1,0,0,0,0,0,0,0,0,2024-06-04,2024-06-04
in_000000295802,9900,1,0,0,0,0,0,0,0,0,2024-06-08,2024-06-08
in_000000114638,79900,1,0,0,0,0,0,0,0,0,2024-06-18,2024-06-18
in_000000268831,9900,1,0,0,0,0,0,0,0,0,2024-06-04,2024-06-04
in_000000313279,9900,1,0,0,0,0,0,0,0,0,2024-06-20,2024-06-20
in_000000174235,29900,1,0,0,0,0,0,0,0,0,2024-06-08,2024-06-08
in_000000286159,8900,1,0,0,1,0,0,0,0,0,2024-06-22,2024-06-22
in_000000252028,9900,1,0,0,0,0,0,0,0,0,2024-06-20,2024-06-20
in_000000271024,79900,1,0,0,0,0,0,0,0,0,2024-06-07,2024-06-07
in_000000017172,9900,1,0,0,0,0,0,0,0,0,2024-06-04,2024-06-04
in_000000019629,9900,1,0,0,0,0,0,0,0,0,2024-06-09,2024-06-09
in_000000164677,9900,1,0,0,0,0,0,0,0,0,2024-06-15,2024-06-15
in_000000045360,79900,1,0,0,0,0,0,0,0,0,2024-06-07,2024-06-07
in_000000320553,29900,1,0,0,0,0,0,0,0,0,2024-06-25,2024-06-25
in_000000022936,29900,1,0,0,0,0,0,0,0,0,2024-06-12,2024-06-12
in_000000137290,9900,1,0,0,0,0,0,0,0,0,2024-06-12,2024-06-12
in_000000222333,199900,1,0,0,0,0,0,0,0,0,2024-06-07,2024-06-07
in_000000293807,1999000,1,0,0,0,0,0,0,0,0,2024-06-20,2024-06-20
in_000000222589,9900,1,0,0,0,0,0,0,0,0,2024-06-10,2024-06-10
in_000000149187,9900,1,0,0,0,0,0,0,0,0,2024-06-08,2024-06-08
in_000000156447,9900,1,0,0,0,0,0,0,0,0,2024-06-19,2024-06-19
in_000000228647,9900,1,0,0,0,0,0,0,0,0,2024-06-12,2024-06-12
in_000000224302,9900,1,0,0,0,0,0,0,0,0,2024-06-07,2024-06-07
in_000000031423,9900,1,0,0,0,0,0,0,0,0,2024-06-15,2024-06-15
in_000000105510,99000,1,0,0,0,0,0,0,0,0,2024-06-19,2024-06-19
in_000000194696,9900,1,0,0,0,0,0,0,0,0,2024-06-06,2024-06-06
in_000000259565,29900,1,0,0,0,0,0,0,0,0,2024-06-18,2024-06-18
in_000000144895,99000,1,0,0,0,0,0,0,0,0,2024-06-12,2024-06-12
in_000000282423,79900,1,0,0,0,0,0,0,0,0,2024-06-18,2024-06-18
in_000000010131,9900,1,0,0,0,0,0,0,0,0,2024-06-21,2024-06-21
in_000000176619,9900,1,0,0,0,0,0,0,0,0,2024-06-10,2024-06-10
in_000000190442,79900,1,0,0,0,0,0,0,0,0,2024-06-23,2024-06-23
in_000000065278,9900,1,0,0,0,0,0,0,0,0,2024-06-21,2024-06-21
in_000000271865,99000,1,0,0,0,0,0,0,0,0,2024-06-10,2024-06-10
in_000000073878,79900,1,0,0,0,0,0,0,0,0,2024-06-23,2024-06-23
in_000000270812,29900,1,0,0,0,0,0,0,0,0,2024-06-12,2024-06-12
in_000000273894,9900,1,0,0,0,0,0,0,0,0,2024-06-23,2024-06-23
in_000000071737,9900,1,0,0,0,0,0,0,0,0,2024-06-13,2024-06-13
in_000000179751,9900,1,0,0,0,0,0,0,0,0,2024-06-18,2024-06-18
in_000000156873,29900,1,0,0,0,0,0,0,0,0,2024-06-06,2024-06-06
in_000000281650,9900,1,0,0,0,0,0,0,0,0,2024-06-03,2024-06-03
in_000000091041,79900,1,0,0,0,0,0,0,0,0,2024-06-21,2024-06-21
in_000000101629,9900,1,0,0,0,0,0,0,0,0,2024-06-20,2024-06-20
in_000000112001,299000,1,0,0,0,0,0,0,0,0,2024-06-13,2024-06-13
in_000000083069,79900,1,0,0,0,0,0,0,0,0,2024-06-19,2024-06-19
in_000000035410,79900,1,0,0,0,0,0,0,0,0,2024-06-06,2024-06-06
in_000000168158,9900,1,0,0,0,0,0,0,0,0,2024-06-23,2024-06-23
in_000000030885,29900,1,0,0,0,0,0,0,0,0,2024-06-25,2024-06-25
in_000000079706,79900,1,0,0,0,0,0,0,0,0,2024-06-17,2024-06-17
in_000000040120,29900,1,0,0,0,0,0,0,0,0,2024-06-24,2024-06-24
in_000000241688,99000,1,0,0,0,0,0,0,0,0,2024-06-11,2024-06-11
in_000000226996,9900,1,0,0,0,0,0,0,0,0,2024-06-08,2024-06-08
in_000000197898,29900,1,0,0,0,0,0,0,0,0,2024-06-06,2024-06-06
in_000000107957,29900,1,0,0,0,0,0,0,0,0,2024-06-15,2024-06-15
in_000000070609,29900,1,0,0,0,0,0,0,0,0,2024-06-10,2024-06-10
in_000000035349,9900,1,0,0,0,0,0,0,0,0,2024-06-08,2024-06-08
in_000000018265,29900,1,0,0,0,0,0,0,0,0,2024-06-04,2024-06-04
in_000000268095,9900,1,0,0,0,0,0,0,0,0,2024-06-13,2024-06-13
in_000000239394,9900,1,0,0,0,0,0,0,0,0,2024-06-11,2024-06-11
in_000000151129,29900,1,0,0,0,0,0,0,0,0,2024-06-06,2024-06-06
in_000000298494,79900,1,0,0,0,0,0,0,0,0,2024-06-25,2024-06-25
in_000000287412,9900,1,0,0,0,0,0,0,0,0,2024-06-07,2024-06-07
in_000000092505,9900,1,0,0,0,0,0,0,0,0,2024-06-19,2024-06-19
in_000000231926,9900,1,0,0,0,0,0,0,0,0,2024-06-19,2024-06-19
in_000000063611,99000,1,0,0,0,0,0,0,0,0,2024-06-21,2024-06-21
in_000000293178,9900,1,0,0,0,0,0,0,0,0,2024-06-20,2024-06-20
in_000000321094,9900,1,0,0,0,0,0,0,0,0,2024-06-11,2024-06-11
in_000000246175,9900,1,0,0,0,0,0,0,0,0,2024-06-04,2024-06-04
in_000000163090,29900,1,0,0,0,0,0,0,0,0,2024-06-21,2024-06-21
in_000000088950,8900,1,0,0,1,0,0,0,0,0,2024-06-10,2024-06-10
in_000000011909,9900,1,0,0,0,0,0,0,0,0,2024-06-24,2024-06-24
in_000000313846,29900,1,0,0,0,0,0,0,0,0,2024-06-07,2024-06-07
in_000000088677,9900,1,0,0,0,0,1,1,0,0,2024-06-21,2024-06-21
in_000000234265,9900,1,0,0,0,0,0,0,0,0,2024-06-11,2024-06-11
in_000000155952,29900,1,0,0,0,0,0,0,0,0,2024-06-10,2024-06-10
in_000000093302,99000,1,0,0,0,0,0,0,0,0,2024-06-16,2024-06-16
in_000000159516,29900,1,0,0,0,0,0,0,0,0,2024-06-18,2024-06-18
in_000000095574,799000,1,0,0,0,0,0,0,0,0,2024-06-18,2024-06-18
in_000000040988,28405,1,0,0,1,0,0,0,0,0,2024-06-08,2024-06-08
in_000000059768,29900,1,0,0,0,0,0,0,0,0,2024-06-19,2024-06-19
in_000000262902,29900,1,0,0,0,0,0,0,0,0,2024-06-07,2024-06-07
in_000000248309,9900,1,0,0,0,0,0,0,0,0,2024-06-04,2024-06-04
in_000000080911,99000,1,0,0,0,0,0,0,0,0,2024-06-17,2024-06-17
in_000000201863,199900,1,0,0,0,0,0,0,0,0,2024-06-10,2024-06-10
in_000000009274,79900,1,0,0,0,0,0,0,0,0,2024-06-22,2024-06-22
in_000000319442,29900,1,0,0,0,0,0,0,0,0,2024-06-22,2024-06-22
in_000000021169,9900,1,0,0,0,0,0,0,0,0,2024-06-15,2024-06-15
in_000000054624,29900,1,0,0,0,0,0,0,0,0,2024-06-15,2024-06-15
in_000000164350,9900,1,0,0,0,0,0,0,0,0,2024-06-23,2024-06-23
in_000000310964,9900,1,0,0,0,0,0,0,0,0,2024-06-13,2024-06-13
in_000000046970,29900,1,0,0,0,0,0,0,0,0,2024-06-09,2024-06-09
in_000000082453,199900,1,0,0,0,0,0,0,0,0,2024-06-16,2024-06-16
in_000000214970,9900,1,0,0,0,0,0,0,0,0,2024-06-16,2024-06-16
in_000000155743,199900,1,0,0,0,0,0,0,0,0,2024-06-25,2024-06-25
in_000000304332,79900,1,0,0,0,0,0,0,0,0,2024-06-17,2024-06-17
in_000000311998,29900,1,0,0,0,0,0,0,0,0,2024-06-07,2024-06-07
in_000000176820,29900,1,0,0,0,0,0,0,0,0,2024-06-24,2024-06-24
in_000000246440,9900,1,0,0,0,0,0,0,0,0,2024-06-11,2024-06-11
in_000000133747,79900,1,0,0,0,0,0,0,0,0,2024-06-15,2024-06-15
in_000000259839,9900,1,0,0,0,0,0,0,0,0,2024-06-13,2024-06-13
in_000000058599,199900,1,0,0,0,0,0,0,0,0,2024-06-23,2024-06-23
in_000000275120,8910,1,0,0,1,0,0,0,0,0,2024-06-22,2024-06-22
in_000000033009,29900,1,0,0,0,0,0,0,0,0,2024-06-10,2024-06-10
in_000000178522,199900,1,0,0,0,0,0,0,0,0,2024-06-22,2024-06-22
in_000000146872,199900,1,0,0,0,0,0,0,0,0,2024-07-05,2024-07-05
in_000000052494,25415,1,0,0,1,0,0,0,0,0,2024-06-11,2024-06-11
in_000000155560,29900,1,0,0,0,0,0,0,0,0,2024-06-25,2024-06-25
in_000000291105,9900,1,0,0,0,0,0,0,0,0,2024-06-10,2024-06-10
in_000000192098,29900,1,0,0,0,0,0,0,0,0,2024-06-21,2024-06-21
in_000000118179,9900,1,0,0,0,0,0,0,0,0,2024-06-22,2024-06-22
in_000000034631,9900,1,0,0,0,0,0,0,0,0,2024-06-21,2024-06-21
in_000000033678,9900,1,0,0,0,0,0,0,0,0,2024-06-19,2024-06-19
in_000000061598,199900,1,0,0,0,0,0,0,0,0,2024-06-21,2024-06-21
in_000000181978,9900,1,0,0,0,0,0,0,0,0,2024-06-08,2024-06-08
in_000000031980,29900,1,0,0,0,0,0,0,0,0,2024-06-18,2024-06-18
in_000000318603,9900,1,0,0,0,0,0,0,0,0,2024-06-20,2024-06-20
in_000000160856,9900,1,0,0,0,0,0,0,0,0,2024-06-16,2024-06-16
in_000000118644,9900,1,0,0,0,0,0,0,0,0,2024-06-22,2024-06-22
in_000000107362,9900,1,0,0,0,0,0,0,0,0,2024-06-12,2024-06-12
in_000000200817,9900,1,0,0,0,0,0,0,0,0,2024-06-16,2024-06-16
in_000000253845,29900,1,0,0,0,0,0,0,0,0,2024-06-22,2024-06-22
in_000000120574,29900,1,0,0,0,0,0,0,0,0,2024-06-17,2024-06-17
in_000000279192,1999000,1,0,0,0,0,0,0,0,0,2024-06-08,2024-06-08
in_000000175596,9900,1,0,0,0,0,0,0,0,0,2024-06-26,2024-06-26
in_000000042431,9900,1,0,0,0,0,0,0,0,0,2024-06-07,2024-06-07
in_000000277128,29900,1,0,0,0,0,0,0,0,0,2024-06-07,2024-06-07
in_000000316092,79900,1,0,0,0,0,0,0,0,0,2024-06-15,2024-06-15
in_000000169014,9900,1,0,0,0,0,0,0,0,0,2024-06-14,2024-06-14
in_000000307702,29900,1,0,0,0,0,0,0,0,0,2024-06-13,2024-06-13
in_000000080024,199900,1,0,0,0,0,0,0,0,0,2024-06-07,2024-06-07
in_000000049192,79900,1,0,0,0,0,0,0,0,0,2024-06-22,2024-06-22
in_000000077009,199900,1,0,0,0,0,0,0,0,0,2024-06-24,2024-06-24
in_000000306831,199900,1,0,0,0,0,0,0,0,0,2024-06-16,2024-06-16
in_000000244839,29900,1,0,0,0,0,0,0,0,0,2024-06-15,2024-06-15
in_000000172630,29900,1,0,0,0,0,0,0,0,0,2024-06-24,2024-06-24
in_000000252241,9900,1,0,0,0,0,0,0,0,0,2024-06-23,2024-06-23
in_000000220415,9900,1,0,0,0,0,0,0,0,0,2024-06-10,2024-06-10
in_000000148646,199900,1,0,0,0,0,0,0,0,0,2024-06-24,2024-06-24
in_000000250189,79900,1,0,0,0,0,0,0,0,0,2024-06-03,2024-06-03
in_000000281349,9900,1,0,0,0,0,0,0,0,0,2024-06-26,2024-06-26
in_000000177827,29900,1,0,0,0,0,0,0,0,0,2024-06-18,2024-06-18
in_000000315858,9900,1,0,0,0,0,0,0,0,0,2024-06-16,2024-06-16
in_000000253521,9900,1,0,0,0,0,0,0,0,0,2024-06-03,2024-06-03
in_000000113141,199900,1,0,0,0,0,0,0,0,0,2024-06-18,2024-06-18
in_000000234760,9900,1,0,0,0,0,0,0,0,0,2024-06-16,2024-06-16
in_000000007869,29900,1,0,0,0,0,0,0,0,0,2024-06-13,2024-06-13
in_000000013513,199900,1,0,0,0,0,0,0,0,0,2024-06-14,2024-06-14
in_000000281234,9900,1,0,0,0,0,0,0,0,0,2024-06-19,2024-06-19
in_000000316965,9900,1,0,0,0,0,0,0,0,0,2024-06-09,2024-06-09
in_000000005981,79900,1,0,0,0,0,0,0,0,0,2024-06-20,2024-06-20
in_000000049267,99000,1,0,0,0,0,0,0,0,0,2024-06-12,2024-06-12
in_000000167424,28405,1,0,0,1,0,0,0,0,0,2024-06-07,2024-06-07
in_000000318574,79900,1,0,0,0,0,0,0,0,0,2024-06-09,2024-06-09
in_000000022259,9900,1,0,0,0,0,0,0,0,0,2024-06-20,2024-06-20
in_000000198138,9900,1,0,0,0,0,0,0,0,0,2024-06-26,2024-06-26
in_000000318379,79900,1,0,0,0,0,0,0,0,0,2024-06-12,2024-06-12
in_000000290597,9900,1,0,0,0,0,0,0,0,0,2024-06-15,2024-06-15
in_000000117430,9900,1,0,0,0,0,0,0,0,0,2024-06-23,2024-06-23
in_000000092982,29900,1,0,0,0,0,0,0,0,0,2024-06-23,2024-06-23
in_000000181599,29900,1,0,0,0,0,0,0,0,0,2024-06-08,2024-06-08
in_000000302754,29900,1,0,0,0,0,0,0,0,0,2024-06-19,2024-06-19
in_000000162410,29900,1,0,0,0,0,0,0,0,0,2024-06-19,2024-06-19
in_000000317148,9900,1,0,0,0,0,0,0,0,0,2024-06-15,2024-06-15
in_000000148601,9900,1,0,0,0,0,0,0,0,0,2024-06-18,2024-06-18
in_000000007640,29900,1,0,0,0,0,0,0,0,0,2024-06-15,2024-06-15
in_000000011184,79900,1,0,0,0,0,0,0,0,0,2024-06-08,2024-06-08
in_000000143482,29900,1,0,0,0,0,0,0,0,0,2024-06-18,2024-06-18
in_000000154423,9900,1,0,0,0,0,0,0,0,0,2024-06-19,2024-06-19
in_000000026385,29900,1,0,0,0,0,0,0,0,0,2024-06-25,2024-06-25
in_000000207261,29900,1,0,0,0,0,0,0,0,0,2024-06-11,2024-06-11
in_000000276847,29900,1,0,0,0,0,0,0,0,0,2024-06-07,2024-06-07
in_000000164492,79900,1,0,0,0,0,0,0,0,0,2024-06-23,2024-06-23
in_000000148905,29900,1,0,0,0,0,0,0,0,0,2024-06-24,2024-06-24
in_000000262664,9900,1,0,0,0,0,0,0,0,0,2024-06-14,2024-06-14
in_000000154168,29900,1,0,0,0,0,0,0,0,0,2024-06-21,2024-06-21
in_000000266242,9900,1,0,0,0,0,0,0,0,0,2024-06-07,2024-06-07
in_000000087296,199900,1,0,0,0,0,0,0,0,0,2024-06-16,2024-06-16
in_000000060975,9900,1,0,0,0,0,0,0,0,0,2024-06-05,2024-06-05
in_000000153901,29900,1,0,0,0,0,0,0,0,0,2024-06-11,2024-06-11
in_000000085013,9900,1,0,0,0,0,0,0,0,0,2024-06-22,2024-06-22
in_000000107817,9900,1,0,0,0,0,0,0,0,0,2024-06-24,2024-06-24
in_000000048123,9900,1,0,0,0,0,0,0,0,0,2024-06-11,2024-06-11
in_000000013288,9900,1,0,0,0,0,0,0,0,0,2024-06-23,2024-06-23
in_000000305724,99000,1,0,0,0,0,0,0,0,0,2024-06-03,2024-06-03
in_000000316265,29900,1,0,0,0,0,0,0,0,0,2024-06-05,2024-06-05
in_000000140061,9900,1,0,0,0,0,0,0,0,0,2024-06-21,2024-06-21
in_000000099110,29900,1,0,0,0,0,0,0,0,0,2024-06-23,2024-06-23
in_000000085758,299000,1,0,0,0,0,0,0,0,0,2024-06-06,2024-06-06
in_000000126245,29900,1,0,0,0,0,0,0,0,0,2024-06-12,2024-06-12
in_000000255098,29900,1,0,0,0,0,0,0,0,0,2024-06-14,2024-06-14
in_000000294833,9900,1,0,0,0,0,0,0,0,0,2024-06-07,2024-06-07
in_000000027881,29900,1,0,0,0,0,0,0,0,0,2024-06-19,2024-06-19
in_000000284276,29900,1,0,0,0,0,0,0,0,0,2024-06-06,2024-06-06
in_000000302721,99000,1,0,0,0,0,0,0,0,0,2024-06-10,2024-06-10
in_000000241159,199900,1,0,0,0,0,0,0,0,0,2024-06-10,2024-06-10
in_000000117045,29900,1,0,0,0,0,0,0,0,0,2024-06-20,2024-06-20
in_000000152602,9900,1,0,0,0,0,0,0,0,0,2024-06-22,2024-06-22
in_000000282240,199900,1,0,0,0,0,0,0,0,0,2024-06-22,2024-06-22
in_000000259652,29900,1,0,0,0,0,0,0,0,0,2024-06-15,2024-06-15
in_000000122529,79900,1,0,0,0,0,0,0,0,0,2024-06-23,2024-06-23
in_000000181920,29900,1,0,0,0,0,0,0,0,0,2024-06-24,2024-06-24
in_000000200117,29900,1,0,0,0,0,0,0,0,0,2024-06-12,2024-06-12
in_000000113276,9900,1,0,0,0,0,0,0,0,0,2024-06-14,2024-06-14
in_000000147963,9900,1,0,0,0,0,0,0,0,0,2024-06-24,2024-06-24
in_000000177762,99000,1,0,0,0,0,0,0,0,0,2024-06-20,2024-06-20
in_000000038907,9900,1,0,0,0,0,0,0,0,0,2024-06-05,2024-06-05
in_000000090515,79900,1,0,0,0,0,0,0,0,0,2024-06-12,2024-06-12
in_000000290358,9900,1,0,0,0,0,0,0,0,0,2024-06-09,2024-06-09
in_000000187863,9900,1,0,0,0,0,0,0,0,0,2024-06-20,2024-06-20
in_000000207906,29900,1,0,0,0,0,0,0,0,0,2024-06-21,2024-06-21
in_000000227342,9900,1,0,0,0,0,0,0,0,0,2024-06-16,2024-06-16
in_000000083272,29900,1,0,0,0,0,0,0,0,0,2024-06-13,2024-06-13
in_000000236761,79900,1,0,0,0,0,0,0,0,0,2024-06-16,2024-06-16
in_000000297636,29900,1,0,0,0,0,0,0,0,0,2024-06-06,2024-06-06
in_000000050310,79900,1,0,0,0,0,0,0,0,0,2024-06-11,2024-06-11
in_000000154954,9900,1,0,0,0,0,0,0,0,0,2024-06-14,2024-06-14
in_000000214931,9900,1,0,0,0,0,0,0,0,0,2024-06-19,2024-06-19
in_000000126459,29900,1,0,0,0,0,0,0,0,0,2024-06-23,2024-06-23
in_000000047230,29900,1,0,0,0,0,0,0,0,0,2024-06-09,2024-06-09
in_000000156679,9900,1,0,0,0,0,0,0,0,0,2024-06-16,2024-06-16
in_000000064647,9900,1,0,0,0,0,0,0,0,0,2024-06-21,2024-06-21
in_000000082971,29900,1,0,0,0,0,0,0,0,0,2024-06-21,2024-06-21
in_000000124397,9900,1,0,0,0,0,0,0,0,0,2024-06-23,2024-06-23
in_000000144480,199900,1,0,0,0,0,0,0,0,0,2024-06-24,2024-06-24
in_000000081914,79900,1,0,0,0,0,0,0,0,0,2024-06-20,2024-06-20
in_000000312488,9900,1,0,0,0,0,0,0,0,0,2024-06-15,2024-06-15
in_000000061729,9900,1,0,0,0,0,0,0,0,0,2024-06-17,2024-06-17
in_000000083807,9900,1,0,0,0,0,0,0,0,0,2024-06-03,2024-06-03
in_000000038481,29900,1,0,0,0,0,0,0,0,0,2024-06-14,2024-06-14
in_000000247413,79900,1,0,0,0,0,0,0,0,0,2024-06-17,2024-06-17
in_000000008201,79900,1,0,0,0,0,0,0,0,0,2024-06-15,2024-06-15
in_000000092372,7920,1,0,0,1,0,0,0,0,0,2024-06-18,2024-06-18
in_000000163782,9900,1,0,0,0,0,0,0,0,0,2024-06-10,2024-06-10
in_000000247527,79900,1,0,0,0,0,0,0,0,0,2024-06-09,2024-06-09
in_000000211934,9900,1,0,0,0,0,0,0,0,0,2024-06-19,2024-06-19
in_000000100299,9900,1,0,0,0,0,0,0,0,0,2024-06-16,2024-06-16
in_000000020312,9900,1,0,0,0,0,0,0,0,0,2024-06-24,2024-06-24
in_000000060512,9900,1,0,0,0,0,0,0,0,0,2024-06-09,2024-06-09
in_000000292680,99000,1,0,0,0,0,0,0,0,0,2024-06-06,2024-06-06
in_000000095835,9900,1,0,0,0,0,0,0,0,0,2024-06-05,2024-06-05
in_000000232204,9900,1,0,0,0,0,0,0,0,0,2024-06-21,2024-06-21
in_000000221097,9900,1,0,0,0,0,0,0,0,0,2024-06-08,2024-06-08
in_000000207033,9900,1,0,0,0,0,0,0,0,0,2024-06-20,2024-06-20
in_000000205400,9900,1,0,0,0,0,0,0,0,0,2024-06-09,2024-06-09
in_000000233319,9900,1,0,0,0,0,0,0,0,0,2024-06-19,2024-06-19
in_000000127845,9900,1,0,0,0,0,0,0,0,0,2024-06-10,2024-06-10
in_000000281034,29900,1,0,0,0,0,0,0,0,0,2024-06-07,2024-06-07
in_000000196818,29900,1,0,0,0,0,0,0,0,0,2024-06-19,2024-06-19
in_000000132584,29900,1,0,0,0,0,0,0,0,0,2024-06-16,2024-06-16
in_000000188100,29900,1,0,0,0,0,0,0,0,0,2024-06-22,2024-06-22
in_000000128304,29900,1,0,0,0,0,0,0,0,0,2024-06-06,2024-06-06
in_000000285572,9900,1,0,0,0,0,0,0,0,0,2024-06-24,2024-06-24
in_000000206022,79900,1,0,0,0,0,0,0,0,0,2024-06-10,2024-06-10
in_000000104853,9900,1,0,0,0,0,0,0,0,0,2024-06-19,2024-06-19
in_000000016270,9900,1,0,0,0,0,0,0,0,0,2024-06-13,2024-06-13
in_000000255858,9900,1,0,0,0,0,0,0,0,0,2024-06-19,2024-06-19
in_000000153867,29900,1,0,0,0,0,0,0,0,0,2024-06-23,2024-06-23
in_000000268383,199900,1,0,0,0,0,0,0,0,0,2024-06-04,2024-06-04
in_000000203837,29900,1,0,0,0,0,0,0,0,0,2024-06-19,2024-06-19
in_000000240138,9900,1,0,0,0,0,0,0,0,0,2024-06-13,2024-06-13
in_000000286097,29900,1,0,0,0,0,0,0,0,0,2024-06-12,2024-06-12
in_000000160489,29900,1,0,0,0,0,0,0,0,0,2024-06-09,2024-06-09
in_000000144341,79900,1,0,0,0,0,0,0,0,0,2024-06-08,2024-06-08
in_000000087844,79900,1,0,0,0,0,0,0,0,0,2024-06-13,2024-06-13
in_000000292610,9900,1,0,0,0,0,0,0,0,0,2024-06-13,2024-06-13
in_000000075728,29900,1,0,0,0,0,0,0,0,0,2024-06-25,2024-06-25
in_000000230155,29900,1,0,0,0,0,0,0,0,0,2024-06-20,2024-06-20
in_000000263949,9900,1,0,0,0,0,0,0,0,0,2024-06-03,2024-06-03
in_000000312749,9900,1,0,0,0,0,0,0,0,0,2024-06-15,2024-06-15
in_000000227890,29900,1,0,0,0,0,0,0,0,0,2024-06-15,2024-06-15
in_000000195113,9900,1,0,0,0,0,0,0,0,0,2024-06-20,2024-06-20
in_000000185763,9900,1,0,0,0,0,0,0,0,0,2024-06-08,2024-06-08
in_000000290733,79900,1,0,0,0,0,0,0,0,0,2024-06-09,2024-06-09
in_000000208356,9900,1,0,0,0,0,0,0,0,0,2024-06-15,2024-06-15
in_000000119068,79900,1,0,0,0,0,0,0,0,0,2024-06-11,2024-06-11
in_000000150031,9900,1,0,0,0,0,0,0,0,0,2024-06-22,2024-06-22
in_000000287085,9900,1,0,0,0,0,0,0,0,0,2024-06-14,2024-06-14
in_000000069894,9900,1,0,0,0,0,0,0,0,0,2024-06-12,2024-06-12
in_000000041968,9900,1,0,0,0,0,0,0,0,0,2024-06-12,2024-06-12
in_000000061883,299000,1,0,0,0,0,0,0,0,0,2024-06-03,2024-06-03
in_000000239195,9900,1,0,0,0,0,0,0,0,0,2024-06-09,2024-06-09
in_000000172427,9900,1,0,0,0,0,0,0,0,0,2024-06-19,2024-06-19
in_000000242411,9900,1,0,0,0,0,0,0,0,0,2024-06-26,2024-06-26
in_000000156336,199900,1,0,0,0,0,0,0,0,0,2024-06-11,2024-06-11
in_000000265456,79900,1,0,0,0,0,0,0,0,0,2024-06-24,2024-06-24
in_000000058149,9900,1,0,0,0,0,0,0,0,0,2024-06-25,2024-06-25
in_000000190422,79900,1,0,0,0,0,0,0,0,0,2024-06-23,2024-06-23
in_000000024694,79900,1,0,0,0,0,0,0,0,0,2024-06-12,2024-06-12
in_000000066026,9900,1,0,0,0,0,0,0,0,0,2024-06-07,2024-06-07
in_000000295968,799000,1,0,0,0,0,0,0,0,0,2024-06-07,2024-06-07
in_000000047001,99000,1,0,0,0,0,0,0,0,0,2024-06-20,2024-06-20
in_000000104388,9900,1,0,0,0,0,0,0,0,0,2024-06-18,2024-06-18
in_000000172539,9900,1,0,0,0,0,0,0,0,0,2024-06-22,2024-06-22
in_000000023642,79900,1,0,0,0,0,0,0,0,0,2024-06-21,2024-06-21
in_000000283338,29900,1,0,0,0,0,0,0,0,0,2024-06-14,2024-06-14
in_000000053929,79900,1,0,0,0,0,0,0,0,0,2024-06-25,2024-06-25
in_000000149014,29900,1,0,0,0,0,0,0,0,0,2024-06-22,2024-06-22
in_000000320079,9900,1,0,0,0,0,0,0,0,0,2024-06-14,2024-06-14
in_000000054043,9900,1,0,0,0,0,0,0,0,0,2024-06-26,2024-06-26
in_000000089713,9900,1,0,0,0,0,0,0,0,0,2024-06-22,2024-06-22
in_000000250354,9900,1,0,0,0,0,0,0,0,0,2024-06-12,2024-06-12
in_000000029967,199900,1,0,0,0,0,0,0,0,0,2024-06-22,2024-06-22
in_000000312441,79900,1,0,0,0,0,0,0,0,0,2024-06-18,2024-06-18
in_000000072009,9900,1,0,0,0,0,0,0,0,0,2024-06-16,2024-06-16
in_000000269392,29900,1,0,0,0,0,0,0,0,0,2024-06-08,2024-06-08
in_000000298054,9900,1,0,0,0,0,0,0,0,0,2024-06-15,2024-06-15
in_000000063142,29900,1,0,0,0,0,0,0,0,0,2024-06-05,2024-06-05
in_000000042830,9900,1,0,0,0,0,0,0,0,0,2024-06-23,2024-06-23
in_000000319661,9900,1,0,0,0,0,0,0,0,0,2024-06-16,2024-06-16
in_000000156556,29900,1,0,0,0,0,0,0,0,0,2024-06-07,2024-06-07
in_000000078151,9900,1,0,0,0,0,0,0,0,0,2024-06-07,2024-06-07
in_000000075126,199900,1,0,0,0,0,0,0,0,0,2024-06-06,2024-06-06
in_000000057637,9900,1,0,0,0,0,0,0,0,0,2024-06-21,2024-06-21
in_000000019062,9900,1,0,0,0,0,0,0,0,0,2024-06-20,2024-06-20
in_000000067892,9900,1,0,0,0,0,0,0,0,0,2024-06-14,2024-06-14
in_000000250604,29900,1,0,0,0,0,0,0,0,0,2024-06-09,2024-06-09
in_000000096651,169915,1,0,0,1,0,0,0,0,0,2024-06-04,2024-06-04
in_000000265968,79900,1,0,0,0,0,0,0,0,0,2024-06-20,2024-06-20
in_000000234402,9900,1,0,0,0,0,0,0,0,0,2024-06-09,2024-06-09
in_000000064519,29900,1,0,0,0,0,1,1,0,0,2024-06-11,2024-06-11
in_000000018311,9900,1,0,0,0,0,0,0,0,0,2024-06-18,2024-06-18
in_000000218415,9900,1,0,0,0,0,0,0,0,0,2024-06-19,2024-06-19
in_000000157243,199900,1,0,0,0,0,0,0,0,0,2024-06-08,2024-06-08
in_000000210158,9900,1,0,0,0,0,0,0,0,0,2024-06-17,2024-06-17
in_000000130622,29900,1,0,0,0,0,0,0,0,0,2024-06-25,2024-06-25
in_000000269436,29900,1,0,0,0,0,0,0,0,0,2024-06-23,2024-06-23
in_000000170682,29900,1,0,0,0,0,0,0,0,0,2024-06-18,2024-06-18
in_000000314315,9900,1,0,0,0,0,0,0,0,0,2024-06-18,2024-06-18
in_000000015602,9900,1,0,0,0,0,0,0,0,0,2024-06-16,2024-06-16
in_000000118144,79900,1,0,0,0,0,0,0,0,0,2024-06-14,2024-06-14
in_000000019758,29900,1,0,0,0,0,0,0,0,0,2024-06-19,2024-06-19
in_000000081563,29900,1,0,0,0,0,0,0,0,0,2024-06-22,2024-06-22
in_000000136102,29900,1,0,0,0,0,0,0,0,0,2024-06-09,2024-06-09
in_000000003591,9900,1,0,0,0,0,0,0,0,0,2024-06-08,2024-06-08
in_000000282461,9900,1,0,0,0,0,0,0,0,0,2024-06-08,2024-06-08
in_000000052679,299000,1,0,0,0,0,0,0,0,0,2024-06-15,2024-06-15
in_000000310906,29900,1,0,0,0,0,0,0,0,0,2024-06-11,2024-06-11
in_000000242029,29900,1,0,0,0,0,0,0,0,0,2024-06-23,2024-06-23
in_000000179155,9900,1,0,0,0,0,0,0,0,0,2024-06-17,2024-06-17
in_000000127111,79900,1,0,0,0,0,0,0,0,0,2024-06-06,2024-06-06
in_000000306299,29900,1,0,0,0,0,0,0,0,0,2024-06-17,2024-06-17
in_000000192817,9900,1,0,0,0,0,0,0,0,0,2024-06-19,2024-06-19
in_000000136077,9900,1,0,0,0,0,0,0,0,0,2024-06-26,2024-06-26
in_000000222952,79900,1,0,0,0,0,0,0,0,0,2024-06-08,2024-06-08
in_000000162072,9900,1,0,0,0,0,0,0,0,0,2024-06-15,2024-06-15
in_000000038706,29900,1,0,0,0,0,0,0,0,0,2024-06-16,2024-06-16
in_000000114394,9900,1,0,0,0,0,0,0,0,0,2024-06-11,2024-06-11
in_000000088626,199900,1,0,0,0,0,0,0,0,0,2024-06-08,2024-06-08
in_000000073886,29900,1,0,0,0,0,0,0,0,0,2024-06-10,2024-06-10
in_000000037027,79900,1,0,0,0,0,0,0,0,0,2024-06-08,2024-06-08
in_000000004079,9900,1,0,0,0,0,0,0,0,0,2024-06-19,2024-06-19
in_000000144449,29900,1,0,0,0,0,0,0,0,0,2024-06-08,2024-06-08
in_000000034754,79900,1,0,0,0,0,0,0,0,0,2024-06-08,2024-06-08
in_000000026988,9900,1,0,0,0,0,0,0,0,0,2024-06-13,2024-06-13
in_000000037703,29900,1,0,0,0,0,0,0,0,0,2024-06-05,2024-06-05
in_000000229347,9900,1,0,0,0,0,0,0,0,0,2024-06-07,2024-06-07
in_000000140268,79900,1,0,0,0,0,0,0,0,0,2024-06-19,2024-06-19
in_000000279385,29900,1,0,0,0,0,0,0,0,0,2024-06-24,2024-06-24
in_000000133166,79900,1,0,0,0,0,0,0,0,0,2024-06-16,2024-06-16
in_000000199134,29900,1,0,0,0,0,0,0,0,0,2024-06-14,2024-06-14
in_000000007925,8910,1,0,0,1,0,0,0,0,0,2024-06-14,2024-06-14
in_000000024257,29900,1,0,0,0,0,0,0,0,0,2024-06-20,2024-06-20
in_000000034007,199900,1,0,0,0,0,0,0,0,0,2024-06-15,2024-06-15
in_000000191012,9900,1,0,0,0,0,0,0,0,0,2024-06-14,2024-06-14
in_000000128008,79900,1,0,0,0,0,0,0,0,0,2024-06-12,2024-06-12
in_000000189498,79900,1,0,0,0,0,0,0,0,0,2024-06-20,2024-06-20
in_000000100540,9900,1,0,0,0,0,0,0,0,0,2024-06-19,2024-06-19
in_000000060094,29900,1,0,0,0,0,0,0,0,0,2024-06-16,2024-06-16
in_000000210508,9900,1,0,0,0,0,0,0,0,0,2024-06-13,2024-06-13
in_000000269688,9900,1,0,0,0,0,0,0,0,0,2024-06-15,2024-06-15
in_000000285399,29900,1,0,0,0,0,0,0,0,0,2024-06-18,2024-06-18
in_000000192906,79900,1,0,0,0,0,0,0,0,0,2024-06-12,2024-06-12
in_000000242888,9900,1,0,0,0,0,0,0,0,0,2024-06-22,2024-06-22
in_000000011447,199900,1,0,0,0,0,0,0,0,0,2024-06-25,2024-06-25
in_000000128632,9900,1,0,0,0,0,0,0,0,0,2024-06-08,2024-06-08
in_000000033122,9900,1,0,0,0,0,0,0,0,0,2024-06-19,2024-06-19
in_000000251652,79900,1,0,0,0,0,0,0,0,0,2024-06-14,2024-06-14
in_000000288109,9900,1,0,0,0,0,0,0,0,0,2024-06-09,2024-06-09
in_000000280553,29900,1,0,0,0,0,0,0,0,0,2024-06-20,2024-06-20
in_000000288481,9900,1,0,0,0,0,0,0,0,0,2024-06-05,2024-06-05
in_000000251852,79900,1,0,0,0,0,0,0,0,0,2024-06-14,2024-06-14
in_000000023670,9900,1,0,0,0,0,0,0,0,0,2024-06-07,2024-06-07
in_000000042267,29900,1,0,0,0,0,0,0,0,0,2024-06-05,2024-06-05
in_000000225822,79900,1,0,0,0,0,0,0,0,0,2024-06-14,2024-06-14
in_000000221446,29900,1,0,0,0,0,0,0,0,0,2024-06-04,2024-06-04
in_000000257302,9900,1,0,0,0,0,0,0,0,0,2024-06-24,2024-06-24
in_000000281940,79900,1,0,0,0,0,0,0,0,0,2024-06-18,2024-06-18
in_000000063028,9900,1,0,0,0,0,0,0,0,0,2024-06-25,2024-06-25
in_000000202159,9900,1,0,0,0,0,0,0,0,0,2024-06-24,2024-06-24
in_000000264782,199900,1,0,0,0,0,0,0,0,0,2024-06-10,2024-06-10
in_000000269175,199900,1,0,0,0,0,0,0,0,0,2024-06-25,2024-06-25
in_000000315659,29900,1,0,0,0,0,0,0,0,0,2024-06-05,2024-06-05
in_000000101008,9900,1,0,0,0,0,0,0,0,0,2024-06-16,2024-06-16
in_000000157767,23920,1,0,0,1,0,0,0,0,0,2024-06-17,2024-06-17
in_000000152681,79960,1,0,0,0,1,1,0,0,0,2024-06-06,2024-06-06
in_000000099463,9900,1,0,0,0,0,0,0,0,0,2024-06-22,2024-06-22
in_000000077764,9900,1,0,0,0,0,0,0,0,0,2024-06-08,2024-06-08
in_000000031695,29900,1,0,0,0,0,0,0,0,0,2024-06-13,2024-06-13
in_000000077129,9900,1,0,0,0,0,0,0,0,0,2024-06-15,2024-06-15
in_000000100967,79900,1,0,0,0,0,0,0,0,0,2024-06-19,2024-06-19
in_000000039117,79900,1,0,0,0,0,0,0,0,0,2024-06-18,2024-06-18
in_000000102914,199900,1,0,0,0,0,0,0,0,0,2024-06-11,2024-06-11
in_000000248649,29900,1,0,0,0,0,0,0,0,0,2024-06-21,2024-06-21
in_000000305473,29900,1,0,0,0,0,0,0,0,0,2024-06-21,2024-06-21
in_000000185598,29900,1,0,0,0,0,0,0,0,0,2024-06-17,2024-06-17
in_000000294698,9900,1,0,0,0,0,0,0,0,0,2024-06-11,2024-06-11
in_000000119391,29900,1,0,0,0,0,0,0,0,0,2024-06-24,2024-06-24
in_000000038034,9900,1,0,0,0,0,0,0,0,0,2024-06-24,2024-06-24
in_000000015578,9900,1,0,0,0,0,0,0,0,0,2024-06-20,2024-06-20
in_000000169761,29900,1,0,0,0,0,0,0,0,0,2024-06-25,2024-06-25
in_000000097655,9900,1,0,0,0,0,0,0,0,0,2024-06-25,2024-06-25
in_000000064995,29900,1,0,0,0,0,0,0,0,0,2024-06-17,2024-06-17
in_000000138511,9900,1,0,0,0,0,0,0,0,0,2024-06-04,2024-06-04
in_000000037996,9900,1,0,0,0,0,0,0,0,0,2024-06-10,2024-06-10
in_000000307826,79900,1,0,0,0,0,0,0,0,0,2024-06-12,2024-06-12
in_000000207779,29900,1,0,0,0,0,0,0,0,0,2024-06-21,2024-06-21
in_000000032725,9900,1,0,0,0,0,0,0,0,0,2024-06-08,2024-06-08
in_000000100661,9900,1,0,0,0,0,0,0,0,0,2024-06-13,2024-06-13
in_000000257193,9900,1,0,0,0,0,0,0,0,0,2024-06-23,2024-06-23
in_000000252646,29900,1,0,0,0,0,0,0,0,0,2024-06-16,2024-06-16
in_000000307288,8910,1,0,0,1,0,0,0,0,0,2024-06-05,2024-06-05
in_000000285308,199900,1,0,0,0,0,0,0,0,0,2024-06-18,2024-06-18
in_000000050978,9900,1,0,0,0,0,0,0,0,0,2024-06-12,2024-06-12
in_000000283479,79900,1,0,0,0,0,0,0,0,0,2024-06-04,2024-06-04
in_000000150798,99000,1,0,0,0,0,0,0,0,0,2024-06-07,2024-06-07
in_000000102262,9900,1,0,0,0,0,0,0,0,0,2024-06-21,2024-06-21
in_000000244352,9900,1,0,0,0,0,0,0,0,0,2024-06-06,2024-06-06
in_000000165009,79900,1,0,0,0,0,0,0,0,0,2024-06-13,2024-06-13
in_000000037736,29900,1,0,0,0,0,0,0,0,0,2024-06-08,2024-06-08
in_000000260866,29900,1,0,0,0,0,0,0,0,0,2024-06-18,2024-06-18
in_000000288184,29900,1,0,0,0,0,0,0,0,0,2024-06-15,2024-06-15
in_000000320471,79900,1,0,0,0,0,0,0,0,0,2024-06-19,2024-06-19
in_000000001371,9900,1,0,0,0,0,0,0,0,0,2024-06-10,2024-06-10
in_000000290797,9900,1,0,0,0,0,0,0,0,0,2024-06-10,2024-06-10
in_000000267470,29900,1,0,0,0,0,0,0,0,0,2024-06-14,2024-06-14
in_000000071145,9900,1,0,0,0,0,0,0,0,0,2024-06-18,2024-06-18
in_000000305208,9900,1,0,0,0,0,0,0,0,0,2024-06-12,2024-06-12
in_000000102705,29900,1,0,0,0,0,0,0,0,0,2024-06-14,2024-06-14
in_000000264192,29900,1,0,0,0,0,0,0,0,0,2024-06-04,2024-06-04
in_000000042252,9900,1,0,0,0,0,0,0,0,0,2024-06-06,2024-06-06
in_000000188584,9900,1,0,0,0,0,0,0,0,0,2024-06-06,2024-06-06
in_000000061241,9900,1,0,0,0,0,0,0,0,0,2024-06-09,2024-06-09
in_000000094486,9900,1,0,0,0,0,0,0,0,0,2024-06-18,2024-06-18
in_000000209452,9900,1,0,0,0,0,0,0,0,0,2024-06-22,2024-06-22
in_000000270656,9900,1,0,0,0,0,0,0,0,0,2024-06-22,2024-06-22
in_000000228227,29900,1,0,0,0,0,0,0,0,0,2024-06-20,2024-06-20
in_000000024930,9900,1,0,0,0,0,0,0,0,0,2024-06-21,2024-06-21
in_000000040859,79900,1,0,0,0,0,0,0,0,0,2024-06-16,2024-06-16
in_000000100281,79900,1,0,0,0,0,0,0,0,0,2024-06-07,2024-06-07
in_000000273514,29900,1,0,0,0,0,0,0,0,0,2024-06-11,2024-06-11
in_000000055375,9900,1,0,0,0,0,0,0,0,0,2024-06-16,2024-06-16
in_000000234825,29900,1,0,0,0,0,0,0,0,0,2024-06-06,2024-06-06
in_000000031024,75905,1,0,0,1,0,0,0,0,0,2024-06-09,2024-06-09
in_000000290564,29900,1,0,0,0,0,0,0,0,0,2024-06-14,2024-06-14
in_000000235335,29900,1,0,0,0,0,0,0,0,0,2024-06-22,2024-06-22
in_000000078402,9900,1,0,0,0,0,0,0,0,0,2024-06-23,2024-06-23
in_000000098500,9900,1,0,0,0,0,0,0,0,0,2024-06-12,2024-06-12
in_000000067774,9900,1,0,0,0,0,0,0,0,0,2024-06-16,2024-06-16
in_000000203753,199900,1,0,0,0,0,0,0,0,0,2024-06-24,2024-06-24
in_000000134447,79900,1,0,0,0,0,0,0,0,0,2024-06-09,2024-06-09
in_000000289649,9900,1,0,0,0,0,0,0,0,0,2024-06-10,2024-06-10
in_000000042291,9900,1,0,0,0,0,0,0,0,0,2024-06-24,2024-06-24
in_000000296010,9900,1,0,0,0,0,0,0,0,0,2024-06-13,2024-06-13
in_000000023313,29900,1,0,0,0,0,0,0,0,0,2024-06-19,2024-06-19
in_000000251260,9900,1,0,0,0,0,0,0,0,0,2024-06-12,2024-06-12
in_000000148018,9900,1,0,0,0,0,0,0,0,0,2024-06-19,2024-06-19
in_000000106651,79900,1,0,0,0,0,0,0,0,0,2024-06-05,2024-06-05
in_000000025407,29900,1,0,0,0,0,0,0,0,0,2024-06-12,2024-06-12
in_000000288147,79900,1,0,0,0,0,0,0,0,0,2024-06-14,2024-06-14
in_000000248605,29900,1,0,0,0,0,0,0,0,0,2024-06-13,2024-06-13
in_000000106256,29900,1,0,0,0,0,0,0,0,0,2024-06-08,2024-06-08
in_000000264015,79900,1,0,0,0,0,0,0,0,0,2024-06-12,2024-06-12
in_000000238955,29900,1,0,0,0,0,0,0,0,0,2024-06-09,2024-06-09
in_000000163220,199900,1,0,0,0,0,0,0,0,0,2024-06-11,2024-06-11
in_000000192046,29900,1,0,0,0,0,0,0,0,0,2024-06-24,2024-06-24
in_000000002945,9900,1,0,0,0,0,0,0,0,0,2024-06-19,2024-06-19
in_000000034962,199900,1,0,0,0,0,0,0,0,0,2024-06-09,2024-06-09
in_000000075853,199900,1,0,0,0,0,0,0,0,0,2024-06-14,2024-06-14
in_000000038414,79900,1,0,0,0,0,0,0,0,0,2024-06-09,2024-06-09
in_000000136605,9900,1,0,0,0,0,0,0,0,0,2024-06-12,2024-06-12
in_000000086040,29900,1,0,0,0,0,0,0,0,0,2024-06-19,2024-06-19
in_000000306324,9900,1,0,0,0,0,0,0,0,0,2024-06-20,2024-06-20
in_000000240602,29900,1,0,0,0,0,0,0,0,0,2024-06-21,2024-06-21
in_000000023906,79900,1,0,0,0,0,0,0,0,0,2024-06-21,2024-06-21
in_000000268532,199900,1,0,0,0,0,0,0,0,0,2024-06-08,2024-06-08
in_000000248320,29900,1,0,0,0,0,0,0,0,0,2024-06-17,2024-06-17
in_000000299852,1999000,1,0,0,0,0,0,0,0,0,2024-06-05,2024-06-05
in_000000287626,29900,1,0,0,0,0,0,0,0,0,2024-06-24,2024-06-24
in_000000114130,9900,1,0,0,0,0,0,0,0,0,2024-06-18,2024-06-18
in_000000218468,9900,1,0,0,0,0,0,0,0,0,2024-06-15,2024-06-15
in_000000159183,9900,1,0,0,0,0,0,0,0,0,2024-06-10,2024-06-10
in_000000087920,9900,1,0,0,0,0,0,0,0,0,2024-06-20,2024-06-20
in_000000298971,29900,1,0,0,0,0,0,0,0,0,2024-06-06,2024-06-06
in_000000120350,9900,1,0,0,0,0,0,0,0,0,2024-06-17,2024-06-17
in_000000119621,9900,1,0,0,0,0,0,0,0,0,2024-06-06,2024-06-06
in_000000127531,199900,1,0,0,0,0,0,0,0,0,2024-06-21,2024-06-21
in_000000115008,199900,1,0,0,0,0,0,0,0,0,2024-06-14,2024-06-14
in_000000122072,29900,1,0,0,0,0,0,0,0,0,2024-06-15,2024-06-15
in_000000031554,29900,1,0,0,0,0,0,0,0,0,2024-06-22,2024-06-22
in_000000320207,9900,1,0,0,0,0,0,0,0,0,2024-06-14,2024-06-14
in_000000097819,29900,1,0,0,0,0,0,0,0,0,2024-06-16,2024-06-16
in_000000250959,9900,1,0,0,0,0,0,0,0,0,2024-06-23,2024-06-23
in_000000002677,99000,1,0,0,0,0,0,0,0,0,2024-06-12,2024-06-12
in_000000090079,9900,1,0,0,0,0,0,0,0,0,2024-06-06,2024-06-06
in_000000065127,29900,1,0,0,0,0,0,0,0,0,2024-06-13,2024-06-13
in_000000007388,9900,1,0,0,0,0,0,0,0,0,2024-06-17,2024-06-17
in_000000312461,29900,1,0,0,0,0,0,0,0,0,2024-06-10,2024-06-10
in_000000124182,9900,1,0,0,0,0,0,0,0,0,2024-06-23,2024-06-23
in_000000029834,29900,1,0,0,0,0,0,0,0,0,2024-06-18,2024-06-18
in_000000241889,9900,1,0,0,0,0,0,0,0,0,2024-06-16,2024-06-16
in_000000038768,29900,1,0,0,0,0,0,0,0,0,2024-07-02,2024-07-02
in_000000055980,29900,1,0,0,0,0,0,0,0,0,2024-06-21,2024-06-21
in_000000225664,9900,1,0,0,0,0,0,0,0,0,2024-06-18,2024-06-18
in_000000144963,9900,1,0,0,0,0,0,0,0,0,2024-06-17,2024-06-17
in_000000240913,199900,1,0,0,0,0,0,0,0,0,2024-06-07,2024-06-07
in_000000272978,79900,1,0,0,0,0,0,0,0,0,2024-06-11,2024-06-11
in_000000072673,29900,1,0,0,0,0,0,0,0,0,2024-06-23,2024-06-23
in_000000116312,99000,1,0,0,0,0,0,0,0,0,2024-06-18,2024-06-18
in_000000221256,9900,1,0,0,0,0,0,0,0,0,2024-06-12,2024-06-12
in_000000312309,79900,1,0,0,0,0,0,0,0,0,2024-06-22,2024-06-22
in_000000264416,9900,1,0,0,0,0,0,0,0,0,2024-06-16,2024-06-16
in_000000184161,9900,1,0,0,0,0,0,0,0,0,2024-06-17,2024-06-17
in_000000169418,29900,1,0,0,0,0,0,0,0,0,2024-06-14,2024-06-14
in_000000099753,29900,1,0,0,0,0,0,0,0,0,2024-06-18,2024-06-18
in_000000015371,199900,1,0,0,0,0,0,0,0,0,2024-06-23,2024-06-23
in_000000075665,9900,1,0,0,0,0,0,0,0,0,2024-06-08,2024-06-08
in_000000051232,29900,1,0,0,0,0,0,0,0,0,2024-06-13,2024-06-13
in_000000234425,29900,1,0,0,0,0,0,0,0,0,2024-06-20,2024-06-20
in_000000174589,29900,1,0,0,0,0,0,0,0,0,2024-06-16,2024-06-16
in_000000085284,29900,1,0,0,0,0,0,0,0,0,2024-06-19,2024-06-19
in_000000291329,9900,1,0,0,0,0,0,0,0,0,2024-06-20,2024-06-20
in_000000172993,99000,1,0,0,0,0,0,0,0,0,2024-06-20,2024-06-20
in_000000129922,9900,1,0,0,0,0,0,0,0,0,2024-06-07,2024-06-07
in_000000255937,29900,1,0,0,0,0,0,0,0,0,2024-06-23,2024-06-23
in_000000005636,199900,1,0,0,0,0,0,0,0,0,2024-06-22,2024-06-22
in_000000090267,29900,1,0,0,0,0,0,0,0,0,2024-06-21,2024-06-21
in_000000139345,9900,1,0,0,0,0,0,0,0,0,2024-06-16,2024-06-16
in_000000288999,9900,1,0,0,0,0,0,0,0,0,2024-06-21,2024-06-21
in_000000290944,79900,1,0,0,0,0,0,0,0,0,2024-06-07,2024-06-07
in_000000216831,9900,1,0,0,0,0,0,0,0,0,2024-06-11,2024-06-11
in_000000226540,9900,1,0,0,0,0,0,0,0,0,2024-06-07,2024-06-07
in_000000105370,79900,1,0,0,0,0,0,0,0,0,2024-06-08,2024-06-08
in_000000065051,29900,1,0,0,0,0,0,0,0,0,2024-06-15,2024-06-15
in_000000025361,9900,1,0,0,0,0,0,0,0,0,2024-06-05,2024-06-05
in_000000208898,29900,1,0,0,0,0,0,0,0,0,2024-06-26,2024-06-26
in_000000291914,9900,1,0,0,0,0,0,0,0,0,2024-06-18,2024-06-18
in_000000248169,29900,1,0,0,0,0,0,0,0,0,2024-06-23,2024-06-23
in_000000229641,9900,1,0,0,0,0,0,0,0,0,2024-06-08,2024-06-08
in_000000253326,9900,1,0,0,0,0,0,0,0,0,2024-06-10,2024-06-10
in_000000022069,9900,1,0,0,0,0,0,0,0,0,2024-06-21,2024-06-21
in_000000194982,9900,1,0,0,0,0,0,0,0,0,2024-06-04,2024-06-04
in_000000041364,29900,1,0,0,0,0,0,0,0,0,2024-06-06,2024-06-06
in_000000043547,9900,1,0,0,0,0,0,0,0,0,2024-06-06,2024-06-06
in_000000146657,9900,1,0,0,0,0,0,0,0,0,2024-06-13,2024-06-13
in_000000241895,99000,1,0,0,0,0,0,0,0,0,2024-06-21,2024-06-21
in_000000069393,9900,1,0,0,0,0,0,0,0,0,2024-06-05,2024-06-05
in_000000058646,9900,1,0,0,0,0,0,0,0,0,2024-06-10,2024-06-10
in_000000058485,9900,1,0,0,0,0,0,0,0,0,2024-06-11,2024-06-11
in_000000271662,29900,1,0,0,0,0,0,0,0,0,2024-06-11,2024-06-11
in_000000246394,9900,1,0,0,0,0,0,0,0,0,2024-06-13,2024-06-13
in_000000312589,9900,1,0,0,0,0,0,0,0,0,2024-06-15,2024-06-15
in_000000104321,29900,1,0,0,0,0,0,0,0,0,2024-06-08,2024-06-08
in_000000160726,79900,1,0,0,0,0,0,0,0,0,2024-06-20,2024-06-20
in_000000293792,9900,1,0,0,0,0,0,0,0,0,2024-06-04,2024-06-04
in_000000256096,29900,1,0,0,0,0,0,0,0,0,2024-06-11,2024-06-11
in_000000054982,9900,1,0,0,0,0,0,0,0,0,2024-06-15,2024-06-15
in_000000132670,9900,1,0,0,0,0,0,0,0,0,2024-06-18,2024-06-18
in_000000155431,29900,1,0,0,0,0,0,0,0,0,2024-06-06,2024-06-06
in_000000226565,9900,1,0,0,0,0,0,0,0,0,2024-06-22,2024-06-22
in_000000183460,29900,1,0,0,0,0,0,0,0,0,2024-06-14,2024-06-14
in_000000059082,29900,1,0,0,0,0,0,0,0,0,2024-06-21,2024-06-21
in_000000057807,9900,1,0,0,0,0,0,0,0,0,2024-06-06,2024-06-06
in_000000214085,29900,1,0,0,0,0,0,0,0,0,2024-06-11,2024-06-11
in_000000226867,9900,1,0,0,0,0,0,0,0,0,2024-06-08,2024-06-08
in_000000239009,9900,1,0,0,0,0,0,0,0,0,2024-06-10,2024-06-10
in_000000226286,9900,1,0,0,0,0,0,0,0,0,2024-06-11,2024-06-11
in_000000179364,9900,1,0,0,0,0,0,0,0,0,2024-06-20,2024-06-20
in_000000177422,9900,1,0,0,0,0,0,0,0,0,2024-06-23,2024-06-23
in_000000127064,9900,1,0,0,0,0,0,0,0,0,2024-06-24,2024-06-24
in_000000218867,9900,1,0,0,0,0,0,0,0,0,2024-06-06,2024-06-06
in_000000238883,79900,1,0,0,0,0,0,0,0,0,2024-06-06,2024-06-06
in_000000143552,79900,1,0,0,0,0,0,0,0,0,2024-06-14,2024-06-14
in_000000318975,29900,1,0,0,0,0,0,0,0,0,2024-06-18,2024-06-18
in_000000183235,9900,1,0,0,0,0,0,0,0,0,2024-06-14,2024-06-14
in_000000148228,29900,1,0,0,0,0,0,0,0,0,2024-06-12,2024-06-12
in_000000248926,9900,1,0,0,0,0,0,0,0,0,2024-06-11,2024-06-11
in_000000129441,9900,1,0,0,0,0,0,0,0,0,2024-06-23,2024-06-23
in_000000175255,29900,1,0,0,0,0,0,0,0,0,2024-06-22,2024-06-22
in_000000128614,9900,1,0,0,0,0,0,0,0,0,2024-06-22,2024-06-22
in_000000201572,9900,1,0,0,0,0,0,0,0,0,2024-06-21,2024-06-21
in_000000055269,29900,1,0,0,0,0,0,0,0,0,2024-06-09,2024-06-09
in_000000229711,9900,1,0,0,0,0,0,0,0,0,2024-06-05,2024-06-05
in_000000258582,9900,1,0,0,0,0,0,0,0,0,2024-06-10,2024-06-10
in_000000149116,29900,1,0,0,0,0,0,0,0,0,2024-06-08,2024-06-08
in_000000073777,9900,1,0,0,0,0,0,0,0,0,2024-06-24,2024-06-24
in_000000259509,9900,1,0,0,0,0,0,0,0,0,2024-06-07,2024-06-07
in_000000113551,9900,1,0,0,0,0,0,0,0,0,2024-06-19,2024-06-19
in_000000098756,9900,1,0,0,0,0,0,0,0,0,2024-06-18,2024-06-18
in_000000254414,9900,1,0,0,0,0,0,0,0,0,2024-06-06,2024-06-06
in_000000262868,9900,1,0,0,0,0,0,0,0,0,2024-06-18,2024-06-18
in_000000254786,29900,1,0,0,0,0,0,0,0,0,2024-06-08,2024-06-08
in_000000291770,29900,1,0,0,0,0,0,0,0,0,2024-06-19,2024-06-19
in_000000282659,79900,1,0,0,0,0,0,0,0,0,2024-06-16,2024-06-16
in_000000253858,79900,1,0,0,0,0,0,0,0,0,2024-06-20,2024-06-20
in_000000139314,9900,1,0,0,0,0,0,0,0,0,2024-06-19,2024-06-19
in_000000073386,29900,1,0,0,0,0,0,0,0,0,2024-06-08,2024-06-08
in_000000040940,29900,1,0,0,0,0,0,0,0,0,2024-06-08,2024-06-08
in_000000069320,29900,1,0,0,0,0,0,0,0,0,2024-06-14,2024-06-14
in_000000309612,29900,1,0,0,0,0,0,0,0,0,2024-06-22,2024-06-22
in_000000197548,9900,1,0,0,0,0,0,0,0,0,2024-06-08,2024-06-08
in_000000105275,29900,1,0,0,0,0,0,0,0,0,2024-06-17,2024-06-17
in_000000317668,29900,1,0,0,0,0,0,0,0,0,2024-06-24,2024-06-24
in_000000245958,9900,1,0,0,0,0,0,0,0,0,2024-06-12,2024-06-12
in_000000196465,29900,1,0,0,0,0,0,0,0,0,2024-06-09,2024-06-09
in_000000244229,29900,1,0,0,0,0,0,0,0,0,2024-06-11,2024-06-11
in_000000156621,29900,1,0,0,0,0,0,0,0,0,2024-06-26,2024-06-26
in_000000279208,29900,1,0,0,0,0,0,0,0,0,2024-06-12,2024-06-12
in_000000207281,79900,1,0,0,0,0,0,0,0,0,2024-06-20,2024-06-20
in_000000016613,29900,1,0,0,0,0,0,0,0,0,2024-06-19,2024-06-19
in_000000134489,199900,1,0,0,0,0,0,0,0,0,2024-06-16,2024-06-16
in_000000090237,799000,1,0,0,0,0,0,0,0,0,2024-06-20,2024-06-20
in_000000315189,29900,1,0,0,0,0,0,0,0,0,2024-06-12,2024-06-12
in_000000062250,9900,1,0,0,0,0,0,0,0,0,2024-06-23,2024-06-23
in_000000207544,9900,1,0,0,0,0,0,0,0,0,2024-06-09,2024-06-09
in_000000085870,29900,1,0,0,0,0,0,0,0,0,2024-06-07,2024-06-07
in_000000078215,29900,1,0,0,0,0,0,0,0,0,2024-06-18,2024-06-18
in_000000206730,29900,1,0,0,0,0,0,0,0,0,2024-06-14,2024-06-14
in_000000181776,79900,1,0,0,0,0,0,0,0,0,2024-06-15,2024-06-15
in_000000214210,29900,1,0,0,0,0,0,0,0,0,2024-06-05,2024-06-05
in_000000176957,79900,1,0,0,0,0,0,0,0,0,2024-06-16,2024-06-16
in_000000150789,79900,1,0,0,0,0,0,0,0,0,2024-06-10,2024-06-10
in_000000215056,9900,1,0,0,0,0,0,0,0,0,2024-06-08,2024-06-08
in_000000124113,29900,1,0,0,0,0,0,0,0,0,2024-06-20,2024-06-20
in_000000294293,29900,1,0,0,0,0,0,0,0,0,2024-06-07,2024-06-07
in_000000211552,9900,1,0,0,0,0,0,0,0,0,2024-06-19,2024-06-19
in_000000211577,9900,1,0,0,0,0,0,0,0,0,2024-06-09,2024-06-09
in_000000042740,9900,1,0,0,0,0,0,0,0,0,2024-06-08,2024-06-08
in_000000126476,29900,1,0,0,0,0,0,0,0,0,2024-06-25,2024-06-25
in_000000188836,9900,1,0,0,0,0,0,0,0,0,2024-06-21,2024-06-21
in_000000115842,29900,1,0,0,0,0,0,0,0,0,2024-06-23,2024-06-23
in_000000190083,29900,1,0,0,0,0,0,0,0,0,2024-06-22,2024-06-22
in_000000239424,9900,1,0,0,0,0,0,0,0,0,2024-06-03,2024-06-03
in_000000285498,9900,1,0,0,0,0,0,0,0,0,2024-06-22,2024-06-22
in_000000221200,199900,1,0,0,0,0,0,0,0,0,2024-06-15,2024-06-15
in_000000140528,9900,1,0,0,0,0,0,0,0,0,2024-06-20,2024-06-20
in_000000106907,9900,1,0,0,0,0,0,0,0,0,2024-06-15,2024-06-15
in_000000157984,29900,1,0,0,0,0,0,0,0,0,2024-06-06,2024-06-06
in_000000225293,29900,1,0,0,0,0,0,0,0,0,2024-06-08,2024-06-08
in_000000155295,29900,1,0,0,0,0,0,0,0,0,2024-06-10,2024-06-10
in_000000206712,9900,1,0,0,0,0,0,0,0,0,2024-06-22,2024-06-22
in_000000006998,79900,1,0,0,0,0,0,0,0,0,2024-06-20,2024-06-20
in_000000087569,79900,1,0,0,0,0,0,0,0,0,2024-06-05,2024-06-05
in_000000147796,9900,1,0,0,0,0,0,0,0,0,2024-06-13,2024-06-13
in_000000257288,9900,1,0,0,0,0,0,0,0,0,2024-06-12,2024-06-12
in_000000021419,79900,1,0,0,0,0,0,0,0,0,2024-06-20,2024-06-20
in_000000153486,9900,1,0,0,0,0,0,0,0,0,2024-06-16,2024-06-16
in_000000316111,79900,1,0,0,0,0,0,0,0,0,2024-06-17,2024-06-17
in_000000176586,29900,1,0,0,0,0,0,0,0,0,2024-06-07,2024-06-07
in_000000048965,9900,1,0,0,0,0,0,0,0,0,2024-06-21,2024-06-21
in_000000314796,9900,1,0,0,0,0,0,0,0,0,2024-06-08,2024-06-08
in_000000249787,199900,1,0,0,0,0,0,0,0,0,2024-06-08,2024-06-08
in_000000257956,9900,1,0,0,0,0,0,0,0,0,2024-06-21,2024-06-21
in_000000197716,9900,1,0,0,0,0,0,0,0,0,2024-06-03,2024-06-03
in_000000109374,199900,1,0,0,0,0,0,0,0,0,2024-06-12,2024-06-12
in_000000270684,25415,1,0,0,1,0,0,0,0,0,2024-06-04,2024-06-04
in_000000230728,9900,1,0,0,0,0,0,0,0,0,2024-06-09,2024-06-09
in_000000283009,9900,1,0,0,0,0,0,0,0,0,2024-06-07,2024-06-07
in_000000017013,9900,1,0,0,0,0,0,0,0,0,2024-06-08,2024-06-08
in_000000188304,29900,1,0,0,0,0,0,0,0,0,2024-06-11,2024-06-11
in_000000018165,29900,1,0,0,0,0,0,0,0,0,2024-06-11,2024-06-11
in_000000174523,7425,1,0,0,0,1,1,0,0,0,2024-06-18,2024-06-18
in_000000220789,29900,1,0,0,0,0,0,0,0,0,2024-06-09,2024-06-09
in_000000291186,9900,1,0,0,0,0,0,0,0,0,2024-06-13,2024-06-13
in_000000068647,29900,1,0,0,0,0,0,0,0,0,2024-06-10,2024-06-10
in_000000312608,9900,1,0,0,0,0,0,0,0,0,2024-06-18,2024-06-18
in_000000300523,29900,1,0,0,0,0,0,0,0,0,2024-06-23,2024-06-23
in_000000174714,25415,1,0,0,1,0,0,0,0,0,2024-06-16,2024-06-16
in_000000143159,9900,1,0,0,0,0,0,0,0,0,2024-06-04,2024-06-04
in_000000070286,79900,1,0,0,0,0,0,0,0,0,2024-06-08,2024-06-08
in_000000115109,9900,1,0,0,0,0,0,0,0,0,2024-06-07,2024-06-07
in_000000079880,9900,1,0,0,0,0,0,0,0,0,2024-06-24,2024-06-24
in_000000174951,29900,1,0,0,0,0,0,0,0,0,2024-06-15,2024-06-15
in_000000321104,9900,1,0,0,0,0,0,0,0,0,2024-06-13,2024-06-13
in_000000123585,79900,1,0,0,0,0,0,0,0,0,2024-06-08,2024-06-08
in_000000249518,29900,1,0,0,0,0,0,0,0,0,2024-06-14,2024-06-14
in_000000131913,99000,1,0,0,0,0,0,0,0,0,2024-06-15,2024-06-15
in_000000190624,79900,1,0,0,0,0,0,0,0,0,2024-06-03,2024-06-03
in_000000013460,9900,1,0,0,0,0,0,0,0,0,2024-06-20,2024-06-20
in_000000063181,199900,1,0,0,0,0,0,0,0,0,2024-06-16,2024-06-16
in_000000142255,9900,1,0,0,0,0,0,0,0,0,2024-06-21,2024-06-21
in_000000060621,9900,1,0,0,0,0,0,0,0,0,2024-06-15,2024-06-15
in_000000174785,79900,1,0,0,0,0,0,0,0,0,2024-06-06,2024-06-06
in_000000303583,79900,1,0,0,0,0,0,0,0,0,2024-06-21,2024-06-21
in_000000028828,9900,1,0,0,0,0,0,0,0,0,2024-06-05,2024-06-05
in_000000004252,29900,1,0,0,0,0,0,0,0,0,2024-06-21,2024-06-21
in_000000151003,29900,1,0,0,0,0,0,0,0,0,2024-06-13,2024-06-13
in_000000068859,79900,1,0,0,0,0,0,0,0,0,2024-06-21,2024-06-21
in_000000119203,9900,1,0,0,0,0,0,0,0,0,2024-06-13,2024-06-13
in_000000317317,9900,1,0,0,0,0,0,0,0,0,2024-06-09,2024-06-09
in_000000210636,9900,1,0,0,0,0,0,0,0,0,2024-06-23,2024-06-23
in_000000292159,29900,1,0,0,0,0,0,0,0,0,2024-06-08,2024-06-08
in_000000296984,9900,1,0,0,0,0,0,0,0,0,2024-06-16,2024-06-16
in_000000170892,9900,1,0,0,0,0,0,0,0,0,2024-06-13,2024-06-13
in_000000047781,9900,1,0,0,0,0,0,0,0,0,2024-06-21,2024-06-21
in_000000133597,9900,1,0,0,0,0,0,0,0,0,2024-06-20,2024-06-20
in_000000175373,29900,1,0,0,0,0,0,0,0,0,2024-06-17,2024-06-17
in_000000255324,9900,1,0,0,0,0,0,0,0,0,2024-06-22,2024-06-22
in_000000215127,29900,1,0,0,0,0,0,0,0,0,2024-06-24,2024-06-24
in_000000114417,9900,1,0,0,0,0,0,0,0,0,2024-06-14,2024-06-14
in_000000189935,29900,1,0,0,0,0,0,0,0,0,2024-06-10,2024-06-10
in_000000082914,9900,1,0,0,0,0,0,0,0,0,2024-06-13,2024-06-13
in_000000152646,299000,1,0,0,0,0,0,0,0,0,2024-06-14,2024-06-14
in_000000253278,79900,1,0,0,0,0,0,0,0,0,2024-06-12,2024-06-12
in_000000056520,29900,1,0,0,0,0,0,0,0,0,2024-06-07,2024-06-07
in_000000216716,79900,1,0,0,0,0,0,0,0,0,2024-06-16,2024-06-16
in_000000280669,29900,1,0,0,0,0,0,0,0,0,2024-06-15,2024-06-15
in_000000287315,9900,1,0,0,0,0,0,0,0,0,2024-06-07,2024-06-07
in_000000252508,29900,1,0,0,0,0,0,0,0,0,2024-06-15,2024-06-15
in_000000318928,9900,1,0,0,0,0,0,0,0,0,2024-06-10,2024-06-10
in_000000235218,79900,1,0,0,0,0,0,0,0,0,2024-06-25,2024-06-25
in_000000126427,29900,1,0,0,0,0,0,0,0,0,2024-06-12,2024-06-12
in_000000230881,9900,1,0,0,0,0,0,0,0,0,2024-06-18,2024-06-18
in_000000118030,9900,1,0,0,0,0,0,0,0,0,2024-06-22,2024-06-22
in_000000131758,79900,1,0,0,0,0,0,0,0,0,2024-06-15,2024-06-15
in_000000088132,29900,1,0,0,0,0,0,0,0,0,2024-06-15,2024-06-15
in_000000259678,299000,1,0,0,0,0,0,0,0,0,2024-06-20,2024-06-20
in_000000153762,799000,1,0,0,0,0,0,0,0,0,2024-06-10,2024-06-10
in_000000245161,9900,1,0,0,0,0,0,0,0,0,2024-06-26,2024-06-26
in_000000177225,9900,1,0,0,0,0,0,0,0,0,2024-06-07,2024-06-07
in_000000198342,29900,1,0,0,0,0,0,0,0,0,2024-06-10,2024-06-10
in_000000317573,9900,1,0,0,0,0,0,0,0,0,2024-06-04,2024-06-04
in_000000043293,9900,1,0,0,0,0,0,0,0,0,2024-06-19,2024-06-19
in_000000069131,29900,1,0,0,0,0,0,0,0,0,2024-06-13,2024-06-13
in_000000320044,9900,1,0,0,0,0,0,0,0,0,2024-06-11,2024-06-11
in_000000068802,9900,1,0,0,0,0,0,0,0,0,2024-06-21,2024-06-21
in_000000305275,29900,1,0,0,0,0,0,0,0,0,2024-06-20,2024-06-20
in_000000134848,9900,1,0,0,0,0,0,0,0,0,2024-06-17,2024-06-17
in_000000120272,199900,1,0,0,0,0,0,0,0,0,2024-06-10,2024-06-10
in_000000118830,9900,1,0,0,0,0,0,0,0,0,2024-06-18,2024-06-18
in_000000214414,9900,1,0,0,0,0,0,0,0,0,2024-06-14,2024-06-14
in_000000171090,199900,1,0,0,0,0,0,0,0,0,2024-06-04,2024-06-04
in_000000222388,9900,1,0,0,0,0,0,0,0,0,2024-06-06,2024-06-06
in_000000092072,99000,1,0,0,0,0,0,0,0,0,2024-06-15,2024-06-15
in_000000085925,9900,1,0,0,0,0,0,0,0,0,2024-06-18,2024-06-18
in_000000117213,199900,1,0,0,0,0,0,0,0,0,2024-06-18,2024-06-18
in_000000132541,29900,1,0,0,0,0,0,0,0,0,2024-06-11,2024-06-11
in_000000156386,199900,1,0,0,0,0,0,0,0,0,2024-06-20,2024-06-20
in_000000081331,9900,1,0,0,0,0,0,0,0,0,2024-06-20,2024-06-20
in_000000044307,9900,1,0,0,0,0,0,0,0,0,2024-06-08,2024-06-08
in_000000074296,9900,1,0,0,0,0,0,0,0,0,2024-06-18,2024-06-18
in_000000301159,9900,1,0,0,0,0,0,0,0,0,2024-06-25,2024-06-25
in_000000003645,9900,1,0,0,0,0,0,0,0,0,2024-06-23,2024-06-23
in_000000107508,9900,1,0,0,0,0,0,0,0,0,2024-06-24,2024-06-24
in_000000157549,9900,1,0,0,0,0,0,0,0,0,2024-06-12,2024-06-12
in_000000279422,199900,1,0,0,0,0,0,0,0,0,2024-06-10,2024-06-10
in_000000313303,79900,1,0,0,0,0,0,0,0,0,2024-06-15,2024-06-15
in_000000263298,9900,1,0,0,0,0,0,0,0,0,2024-06-11,2024-06-11
in_000000162911,9900,1,0,0,0,0,0,0,0,0,2024-06-15,2024-06-15
in_000000291351,29900,1,0,0,0,0,0,0,0,0,2024-06-05,2024-06-05
in_000000303656,79900,1,0,0,0,0,0,0,0,0,2024-06-13,2024-06-13
in_000000219363,199900,1,0,0,0,0,0,0,0,0,2024-06-11,2024-06-11
in_000000127571,29900,1,0,0,0,0,0,0,0,0,2024-06-17,2024-06-17
in_000000079523,79900,1,0,0,0,0,0,0,0,0,2024-06-23,2024-06-23
in_000000054207,29900,1,0,0,0,0,0,0,0,0,2024-06-07,2024-06-07
in_000000312978,29900,1,0,0,0,0,0,0,0,0,2024-06-12,2024-06-12
in_000000018503,9900,1,0,0,0,0,0,0,0,0,2024-06-08,2024-06-08
in_000000007703,9900,1,0,0,0,0,0,0,0,0,2024-06-18,2024-06-18
in_000000290661,9900,1,0,0,0,0,0,0,0,0,2024-06-10,2024-06-10
in_000000003544,79900,1,0,0,0,0,0,0,0,0,2024-06-11,2024-06-11
in_000000171452,29900,1,0,0,0,0,0,0,0,0,2024-06-12,2024-06-12
in_000000097291,8900,1,0,0,1,0,0,0,0,0,2024-06-14,2024-06-14
in_000000016151,29900,1,0,0,0,0,0,0,0,0,2024-06-26,2024-06-26
in_000000144512,99000,1,0,0,0,0,0,0,0,0,2024-06-09,2024-06-09
in_000000308145,99000,1,0,0,0,0,0,0,0,0,2024-06-22,2024-06-22
in_000000059044,9900,1,0,0,0,0,0,0,0,0,2024-06-09,2024-06-09
in_000000170243,29900,1,0,0,0,0,0,0,0,0,2024-06-20,2024-06-20
in_000000165699,29900,1,0,0,0,0,0,0,0,0,2024-06-14,2024-06-14
in_000000187630,9900,1,0,0,0,0,0,0,0,0,2024-06-16,2024-06-16
in_000000054546,29900,1,0,0,0,0,0,0,0,0,2024-06-13,2024-06-13
in_000000023852,79900,1,0,0,0,0,0,0,0,0,2024-06-14,2024-06-14
in_000000251689,29900,1,0,0,0,0,0,0,0,0,2024-06-21,2024-06-21
in_000000303083,29900,1,0,0,0,0,0,0,0,0,2024-06-12,2024-06-12
in_000000009905,79900,1,0,0,0,0,0,0,0,0,2024-06-11,2024-06-11
in_000000190030,29900,1,0,0,0,0,0,0,0,0,2024-06-19,2024-06-19
in_000000232498,9900,1,0,0,0,0,0,0,0,0,2024-06-17,2024-06-17
in_000000264883,79900,1,0,0,0,0,0,0,0,0,2024-06-11,2024-06-11
in_000000276060,9900,1,0,0,0,0,0,0,0,0,2024-06-08,2024-06-08
in_000000319806,29900,1,0,0,0,0,0,0,0,0,2024-06-16,2024-06-16
in_000000244195,79900,1,0,0,0,0,0,0,0,0,2024-06-07,2024-06-07
in_000000295849,9900,1,0,0,0,0,0,0,0,0,2024-06-11,2024-06-11
in_000000189656,29900,1,0,0,0,0,0,0,0,0,2024-06-16,2024-06-16
in_000000277640,9900,1,0,0,0,0,0,0,0,0,2024-06-11,2024-06-11
in_000000070588,9900,1,0,0,0,0,0,0,0,0,2024-06-19,2024-06-19
in_000000095491,9900,1,0,0,0,0,0,0,0,0,2024-06-05,2024-06-05
in_000000113018,99000,1,0,0,0,0,0,0,0,0,2024-06-25,2024-06-25
in_000000226391,9900,1,0,0,0,0,0,0,0,0,2024-06-18,2024-06-18
in_000000280785,9900,1,0,0,0,0,0,0,0,0,2024-06-14,2024-06-14
in_000000235037,29900,1,0,0,0,0,0,0,0,0,2024-06-22,2024-06-22
in_000000293472,29900,1,0,0,0,0,0,0,0,0,2024-06-20,2024-06-20
in_000000311218,9900,1,0,0,0,0,0,0,0,0,2024-06-03,2024-06-03
in_000000176314,9900,1,0,0,0,0,0,0,0,0,2024-06-04,2024-06-04
in_000000205111,79900,1,0,0,0,0,0,0,0,0,2024-06-13,2024-06-13
in_000000186764,199900,1,0,0,0,0,0,0,0,0,2024-06-04,2024-06-04
in_000000000035,9900,1,0,0,0,0,0,0,0,0,2024-06-15,2024-06-15
in_000000120047,29900,1,0,0,0,0,0,0,0,0,2024-06-24,2024-06-24
in_000000013110,79900,1,0,0,0,0,0,0,0,0,2024-06-10,2024-06-10
in_000000073957,9900,1,0,0,0,0,0,0,0,0,2024-06-22,2024-06-22
in_000000211707,9900,1,0,0,0,0,0,0,0,0,2024-06-09,2024-06-09
in_000000104096,29900,1,0,0,0,0,0,0,0,0,2024-06-09,2024-06-09
in_000000241587,9900,1,0,0,0,0,0,0,0,0,2024-06-16,2024-06-16
in_000000052370,29900,1,0,0,0,0,0,0,0,0,2024-06-18,2024-06-18
in_000000098429,29900,1,0,0,0,0,0,0,0,0,2024-06-10,2024-06-10
in_000000024964,9900,1,0,0,0,0,0,0,0,0,2024-06-17,2024-06-17
in_000000068739,29900,1,0,0,0,0,0,0,0,0,2024-06-13,2024-06-13
in_000000071165,29900,1,0,0,0,0,0,0,0,0,2024-06-07,2024-06-07
in_000000119249,99000,1,0,0,0,0,0,0,0,0,2024-06-13,2024-06-13
in_000000306659,9900,1,0,0,0,0,0,0,0,0,2024-06-18,2024-06-18
in_000000314834,9900,1,0,0,0,0,0,0,0,0,2024-06-25,2024-06-25
in_000000175662,79900,1,0,0,0,0,0,0,0,0,2024-06-11,2024-06-11
in_000000236820,29900,1,0,0,0,0,0,0,0,0,2024-06-08,2024-06-08
in_000000251777,29900,1,0,0,0,0,0,0,0,0,2024-06-22,2024-06-22
in_000000058760,9900,1,0,0,0,0,0,0,0,0,2024-06-15,2024-06-15
in_000000024981,29900,1,0,0,0,0,0,0,0,0,2024-06-25,2024-06-25
in_000000260059,79900,1,0,0,0,0,0,0,0,0,2024-06-08,2024-06-08
in_000000221822,9900,1,0,0,0,0,0,0,0,0,2024-06-15,2024-06-15
in_000000043215,29900,1,0,0,0,0,0,0,0,0,2024-06-10,2024-06-10
in_000000013567,29900,1,0,0,0,0,0,0,0,0,2024-06-19,2024-06-19
in_000000016731,79900,1,0,0,0,0,0,0,0,0,2024-06-17,2024-06-17
in_000000117331,9900,1,0,0,0,0,0,0,0,0,2024-06-13,2024-06-13
in_000000249277,29900,1,0,0,0,0,0,0,0,0,2024-06-12,2024-06-12
in_000000102173,199900,1,0,0,0,0,0,0,0,0,2024-06-22,2024-06-22
in_000000150298,9900,1,0,0,0,0,0,0,0,0,2024-06-20,2024-06-20
in_000000319830,9900,1,0,0,0,0,0,0,0,0,2024-06-07,2024-06-07
in_000000263053,9900,1,0,0,0,0,0,0,0,0,2024-06-25,2024-06-25
in_000000273948,29900,1,0,0,0,0,0,0,0,0,2024-06-06,2024-06-06
in_000000113856,1999000,1,0,0,0,0,0,0,0,0,2024-06-04,2024-06-04
in_000000187342,29900,1,0,0,0,0,0,0,0,0,2024-06-24,2024-06-24
in_000000134368,9900,1,0,0,0,0,0,0,0,0,2024-06-19,2024-06-19
in_000000176241,79900,1,0,0,0,0,0,0,0,0,2024-06-18,2024-06-18
in_000000303190,9900,1,0,0,0,0,0,0,0,0,2024-06-19,2024-06-19
in_000000293191,9900,1,0,0,0,0,0,0,0,0,2024-06-06,2024-06-06
in_000000159633,9900,1,0,0,0,0,0,0,0,0,2024-06-04,2024-06-04
in_000000051327,29900,1,0,0,0,0,0,0,0,0,2024-06-19,2024-06-19
in_000000152753,29900,1,0,0,0,0,0,0,0,0,2024-06-19,2024-06-19
in_000000122345,9900,1,0,0,0,0,0,0,0,0,2024-06-19,2024-06-19
in_000000072314,9900,1,0,0,0,0,0,0,0,0,2024-06-09,2024-06-09
in_000000220870,99000,1,0,0,0,0,0,0,0,0,2024-06-20,2024-06-20
in_000000281015,1999000,1,0,0,0,0,0,0,0,0,2024-06-20,2024-06-20
in_000000008007,9900,1,0,0,0,0,0,0,0,0,2024-07-05,2024-07-05
in_000000266817,9900,1,0,0,0,0,0,0,0,0,2024-06-22,2024-06-22
in_000000163893,79900,1,0,0,0,0,0,0,0,0,2024-06-18,2024-06-18
in_000000251960,1999000,1,0,0,0,0,0,0,0,0,2024-06-23,2024-06-23
in_000000206242,9900,1,0,0,0,0,0,0,0,0,2024-06-10,2024-06-10
in_000000018123,9900,1,0,0,0,0,0,0,0,0,2024-06-14,2024-06-14
in_000000028434,9900,1,0,0,0,0,0,0,0,0,2024-06-18,2024-06-18
in_000000128438,79900,1,0,0,0,0,0,0,0,0,2024-06-06,2024-06-06
in_000000157295,9900,1,0,0,0,0,0,0,0,0,2024-06-25,2024-06-25
in_000000301398,9900,1,0,0,0,0,0,0,0,0,2024-06-18,2024-06-18
in_000000152301,9900,1,0,0,0,0,0,0,0,0,2024-06-06,2024-06-06
in_000000067580,29900,1,0,0,0,0,0,0,0,0,2024-06-13,2024-06-13
in_000000261059,9900,1,0,0,0,0,0,0,0,0,2024-06-24,2024-06-24
in_000000044579,9900,1,0,0,0,0,0,0,0,0,2024-06-22,2024-06-22
in_000000017419,29900,1,0,0,0,0,0,0,0,0,2024-06-14,2024-06-14
in_000000194288,9900,1,0,0,0,0,0,0,0,0,2024-06-19,2024-06-19
in_000000317532,9900,1,0,0,0,0,0,0,0,0,2024-06-08,2024-06-08
in_000000006631,9900,1,0,0,0,0,0,0,0,0,2024-06-15,2024-06-15
in_000000198258,29900,1,0,0,0,0,0,0,0,0,2024-06-19,2024-06-19
in_000000289790,9900,1,0,0,0,0,0,0,0,0,2024-06-16,2024-06-16
in_000000315494,9900,1,0,0,0,0,0,0,0,0,2024-06-12,2024-06-12
in_000000292786,29900,1,0,0,0,0,0,0,0,0,2024-06-19,2024-06-19
in_000000026196,9900,1,0,0,0,0,0,0,0,0,2024-06-20,2024-06-20
in_000000121599,299000,1,0,0,0,0,0,0,0,0,2024-06-20,2024-06-20
in_000000101475,199900,1,0,0,0,0,0,0,0,0,2024-06-18,2024-06-18
in_000000302599,199900,1,0,0,0,0,0,0,0,0,2024-06-24,2024-06-24
in_000000167931,9900,1,0,0,0,0,0,0,0,0,2024-06-18,2024-06-18
in_000000089233,29900,1,0,0,0,0,0,0,0,0,2024-06-10,2024-06-10
in_000000262271,29900,1,0,0,0,0,0,0,0,0,2024-06-18,2024-06-18
in_000000081968,59925,1,0,0,1,0,0,0,0,0,2024-06-11,2024-06-11
in_000000196177,79900,1,0,0,0,0,0,0,0,0,2024-06-11,2024-06-11
in_000000069887,9900,1,0,0,0,0,0,0,0,0,2024-06-18,2024-06-18
in_000000178625,9900,1,0,0,0,0,0,0,0,0,2024-06-13,2024-06-13
in_000000066516,79900,1,0,0,0,0,0,0,0,0,2024-06-09,2024-06-09
in_000000185057,79900,1,0,0,0,0,0,0,0,0,2024-06-11,2024-06-11
in_000000025368,9900,1,0,0,0,0,0,0,0,0,2024-06-18,2024-06-18
in_000000033746,29900,1,0,0,0,0,0,0,0,0,2024-06-18,2024-06-18
in_000000184929,79900,1,0,0,0,0,0,0,0,0,2024-06-23,2024-06-23
in_000000024295,29900,1,0,0,0,0,0,0,0,0,2024-06-16,2024-06-16
in_000000170578,29900,1,0,0,0,0,0,0,0,0,2024-06-10,2024-06-10
in_000000012324,79900,1,0,0,0,0,0,0,0,0,2024-06-13,2024-06-13
in_000000059718,29900,1,0,0,0,0,0,0,0,0,2024-06-24,2024-06-24
in_000000100112,9900,1,0,0,0,0,0,0,0,0,2024-06-22,2024-06-22
in_000000028401,9900,1,0,0,0,0,0,0,0,0,2024-06-18,2024-06-18
in_000000097893,199900,1,0,0,0,0,0,0,0,0,2024-06-13,2024-06-13
in_000000114078,29900,1,0,0,0,0,0,0,0,0,2024-06-19,2024-06-19
in_000000080436,79900,1,0,0,0,0,0,0,0,0,2024-06-05,2024-06-05
in_000000001963,199900,1,0,0,0,0,0,0,0,0,2024-06-19,2024-06-19
in_000000287354,29900,1,0,0,0,0,0,0,0,0,2024-06-16,2024-06-16
in_000000127636,29900,1,0,0,0,0,0,0,0,0,2024-06-22,2024-06-22
in_000000290222,7425,1,0,0,0,1,1,0,0,0,2024-06-18,2024-06-18
in_000000088428,29900,1,0,0,0,0,0,0,0,0,2024-06-16,2024-06-16
in_000000147895,29900,1,0,0,0,0,0,0,0,0,2024-06-11,2024-06-11
in_000000079589,79900,1,0,0,0,0,0,0,0,0,2024-06-03,2024-06-03
in_000000125580,9900,1,0,0,0,0,0,0,0,0,2024-06-20,2024-06-20
in_000000213063,29900,1,0,0,0,0,0,0,0,0,2024-06-07,2024-06-07
in_000000288410,9900,1,0,0,0,0,0,0,0,0,2024-06-17,2024-06-17
in_000000178348,9900,1,0,0,0,0,0,0,0,0,2024-06-06,2024-06-06
in_000000268203,29900,1,0,0,0,0,0,0,0,0,2024-06-21,2024-06-21
in_000000076425,9900,1,0,0,0,0,0,0,0,0,2024-06-19,2024-06-19
in_000000067555,9900,1,0,0,0,0,0,0,0,0,2024-06-22,2024-06-22
in_000000106786,29900,1,0,0,0,0,0,0,0,0,2024-06-05,2024-06-05
in_000000273576,9900,1,0,0,0,0,0,0,0,0,2024-06-11,2024-06-11
in_000000081045,199900,1,0,0,0,0,0,0,0,0,2024-06-11,2024-06-11
in_000000137909,79900,1,0,0,0,0,0,0,0,0,2024-06-08,2024-06-08
in_000000275051,9900,1,0,0,0,0,0,0,0,0,2024-06-21,2024-06-21
in_000000109258,9900,1,0,0,0,0,0,0,0,0,2024-06-12,2024-06-12
in_000000150325,9900,1,0,0,0,0,0,0,0,0,2024-06-24,2024-06-24
in_000000260605,79900,1,0,0,0,0,0,0,0,0,2024-06-20,2024-06-20
in_000000196768,9900,1,0,0,0,0,0,0,0,0,2024-06-16,2024-06-16
in_000000261789,9900,1,0,0,0,0,0,0,0,0,2024-06-17,2024-06-17
in_000000191884,29900,1,0,0,0,0,0,0,0,0,2024-06-20,2024-06-20
in_000000087405,9900,1,0,0,0,0,0,0,0,0,2024-06-07,2024-06-07
in_000000183114,199900,1,0,0,0,0,0,0,0,0,2024-06-26,2024-06-26
in_000000102796,79900,1,0,0,0,0,0,0,0,0,2024-06-20,2024-06-20
in_000000215064,9900,1,0,0,0,0,0,0,0,0,2024-06-20,2024-06-20
in_000000312948,9900,1,0,0,0,0,0,0,0,0,2024-06-08,2024-06-08
in_000000188364,9900,1,0,0,0,0,0,0,0,0,2024-06-24,2024-06-24
in_000000213084,9900,1,0,0,0,0,0,0,0,0,2024-06-16,2024-06-16
in_000000155278,9900,1,0,0,0,0,0,0,0,0,2024-06-04,2024-06-04
in_000000105532,29900,1,0,0,0,0,0,0,0,0,2024-06-16,2024-06-16
in_000000312422,79900,1,0,0,0,0,0,0,0,0,2024-06-03,2024-06-03
in_000000015631,9900,1,0,0,0,0,0,0,0,0,2024-06-25,2024-06-25
in_000000136820,9900,1,0,0,0,0,0,0,0,0,2024-06-13,2024-06-13
in_000000038914,9900,1,0,0,0,0,0,0,0,0,2024-06-23,2024-06-23
in_000000094723,9900,1,0,0,0,0,0,0,0,0,2024-06-23,2024-06-23
in_000000181498,299000,1,0,0,0,0,0,0,0,0,2024-06-13,2024-06-13
in_000000148501,8415,1,0,0,1,0,0,0,0,0,2024-06-17,2024-06-17
in_000000079504,9900,1,0,0,0,0,0,0,0,0,2024-06-17,2024-06-17
in_000000269087,29900,1,0,0,0,0,0,0,0,0,2024-06-25,2024-06-25
in_000000184385,29900,1,0,0,0,0,0,0,0,0,2024-06-04,2024-06-04
in_000000030563,9900,1,0,0,0,0,0,0,0,0,2024-06-13,2024-06-13
in_000000247443,79900,1,0,0,0,0,0,0,0,0,2024-06-06,2024-06-06
in_000000000781,29900,1,0,0,0,0,0,0,0,0,2024-06-06,2024-06-06
in_000000015021,9900,1,0,0,0,0,0,0,0,0,2024-06-07,2024-06-07
in_000000203231,299000,1,0,0,0,0,0,0,0,0,2024-06-22,2024-06-22
in_000000261503,29900,1,0,0,0,0,0,0,0,0,2024-06-18,2024-06-18
in_000000267755,9900,1,0,0,0,0,0,0,0,0,2024-06-08,2024-06-08
in_000000064458,29900,1,0,0,0,0,0,0,0,0,2024-06-08,2024-06-08
in_000000060933,79900,1,0,0,0,0,0,0,0,0,2024-06-12,2024-06-12
in_000000036451,29900,1,0,0,0,0,0,0,0,0,2024-06-25,2024-06-25
in_000000058987,29900,1,0,0,0,0,0,0,0,0,2024-06-15,2024-06-15
in_000000285148,79900,1,0,0,0,0,0,0,0,0,2024-06-14,2024-06-14
in_000000021680,9900,1,0,0,0,0,0,0,0,0,2024-06-15,2024-06-15
in_000000181242,9900,1,0,0,0,0,0,0,0,0,2024-06-15,2024-06-15
in_000000104965,29900,1,0,0,0,0,0,0,0,0,2024-06-05,2024-06-05
in_000000113624,29900,1,0,0,0,0,0,0,0,0,2024-06-11,2024-06-11
in_000000001691,9900,1,0,0,0,0,0,0,0,0,2024-06-19,2024-06-19
in_000000207928,99000,1,0,0,0,0,0,0,0,0,2024-06-21,2024-06-21
in_000000157710,29900,1,0,0,0,0,0,0,0,0,2024-06-07,2024-06-07
in_000000271589,9900,1,0,0,0,0,0,0,0,0,2024-06-23,2024-06-23
in_000000142721,9900,1,0,0,0,0,0,0,0,0,2024-06-09,2024-06-09
in_000000236797,79900,1,0,0,0,0,0,0,0,0,2024-06-15,2024-06-15
in_000000274022,79900,1,0,0,0,0,0,0,0,0,2024-06-22,2024-06-22
in_000000001281,29900,1,0,0,0,0,0,0,0,0,2024-06-20,2024-06-20
in_000000075877,9900,1,0,0,0,0,0,0,0,0,2024-06-15,2024-06-15
in_000000250271,29900,1,0,0,0,0,0,0,0,0,2024-06-16,2024-06-16
in_000000110222,9900,1,0,0,0,0,0,0,0,0,2024-06-15,2024-06-15
in_000000215683,9900,1,0,0,0,0,0,0,0,0,2024-06-09,2024-06-09
in_000000157732,79900,1,0,0,0,0,0,0,0,0,2024-06-14,2024-06-14
in_000000035722,199900,1,0,0,0,0,0,0,0,0,2024-06-13,2024-06-13
in_000000282989,9900,1,0,0,0,0,0,0,0,0,2024-06-08,2024-06-08
in_000000271920,9900,1,0,0,0,0,0,0,0,0,2024-06-24,2024-06-24
in_000000301125,29900,1,0,0,0,0,0,0,0,0,2024-06-20,2024-06-20
in_000000198743,29900,1,0,0,0,0,0,0,0,0,2024-06-22,2024-06-22
in_000000295974,9900,1,0,0,0,0,0,0,0,0,2024-06-12,2024-06-12
in_000000033375,9900,1,0,0,0,0,0,0,0,0,2024-06-23,2024-06-23
in_000000045588,9900,1,0,0,0,0,0,0,0,0,2024-06-09,2024-06-09
in_000000142580,29900,1,0,0,0,0,0,0,0,0,2024-06-20,2024-06-20
in_000000114469,9900,1,0,0,0,0,0,0,0,0,2024-06-09,2024-06-09
in_000000138638,79900,1,0,0,0,0,0,0,0,0,2024-06-14,2024-06-14
in_000000060046,29900,1,0,0,0,0,0,0,0,0,2024-06-08,2024-06-08
in_000000235314,9900,1,0,0,0,0,0,0,0,0,2024-06-18,2024-06-18
in_000000284727,9900,1,0,0,0,0,0,0,0,0,2024-06-11,2024-06-11
in_000000186944,9900,1,0,0,0,0,0,0,0,0,2024-06-03,2024-06-03
in_000000287196,9900,1,0,0,0,0,0,0,0,0,2024-06-15,2024-06-15
in_000000032159,799000,1,0,0,0,0,0,0,0,0,2024-06-09,2024-06-09
in_000000238651,29900,1,0,0,0,0,0,0,0,0,2024-06-05,2024-06-05
in_000000189847,9900,1,0,0,0,0,0,0,0,0,2024-06-21,2024-06-21
in_000000227286,9900,1,0,0,0,0,0,0,0,0,2024-06-23,2024-06-23
in_000000097285,79900,1,0,0,0,0,0,0,0,0,2024-06-24,2024-06-24
in_000000092619,29900,1,0,0,0,0,0,0,0,0,2024-06-15,2024-06-15
in_000000186741,79900,1,0,0,0,0,0,0,0,0,2024-06-05,2024-06-05
in_000000091952,9900,1,0,0,0,0,0,0,0,0,2024-06-05,2024-06-05
in_000000274530,199900,1,0,0,0,0,0,0,0,0,2024-06-10,2024-06-10
in_000000316314,29900,1,0,0,0,0,0,0,0,0,2024-06-03,2024-06-03
in_000000087872,199900,1,0,0,0,0,0,0,0,0,2024-06-07,2024-06-07
in_000000306000,9900,1,0,0,0,0,0,0,0,0,2024-06-18,2024-06-18
in_000000031539,9900,1,0,0,0,0,0,0,0,0,2024-06-26,2024-06-26
in_000000099279,29900,1,0,0,0,0,0,0,0,0,2024-06-14,2024-06-14
in_000000200063,79900,1,0,0,0,0,0,0,0,0,2024-06-14,2024-06-14
in_000000176950,29900,1,0,0,0,0,0,0,0,0,2024-06-20,2024-06-20
in_000000015208,9900,1,0,0,0,0,0,0,0,0,2024-06-06,2024-06-06
in_000000314089,9900,1,0,0,0,0,0,0,0,0,2024-06-05,2024-06-05
in_000000257522,9900,1,0,0,0,0,0,0,0,0,2024-06-09,2024-06-09
in_000000049979,79900,1,0,0,0,0,0,0,0,0,2024-06-16,2024-06-16
in_000000111825,9900,1,0,0,0,0,0,0,0,0,2024-06-09,2024-06-09
in_000000287218,9900,1,0,0,0,0,0,0,0,0,2024-06-19,2024-06-19
in_000000047527,9900,1,0,0,0,0,0,0,0,0,2024-06-21,2024-06-21
in_000000236364,799000,1,0,0,0,0,0,0,0,0,2024-06-24,2024-06-24
in_000000208928,9900,1,0,0,0,0,0,0,0,0,2024-06-19,2024-06-19
in_000000168712,79900,1,0,0,0,0,0,0,0,0,2024-06-14,2024-06-14
in_000000309195,199900,1,0,0,0,0,0,0,0,0,2024-06-22,2024-06-22
in_000000087056,9900,1,0,0,0,0,0,0,0,0,2024-06-25,2024-06-25
in_000000260834,29900,1,0,0,0,0,0,0,0,0,2024-06-24,2024-06-24
in_000000199056,79900,1,0,0,0,0,0,0,0,0,2024-06-11,2024-06-11
in_000000278383,299000,1,0,0,0,0,0,0,0,0,2024-06-21,2024-06-21
in_000000039488,9900,1,0,0,0,0,0,0,0,0,2024-06-16,2024-06-16
in_000000086192,29900,1,0,0,0,0,0,0,0,0,2024-06-03,2024-06-03
in_000000225165,9900,1,0,0,0,0,0,0,0,0,2024-06-15,2024-06-15
in_000000070556,9900,1,0,0,0,0,0,0,0,0,2024-06-10,2024-06-10
in_000000159144,99000,1,0,0,0,0,0,0,0,0,2024-06-05,2024-06-05
in_000000034130,99000,1,0,0,0,0,0,0,0,0,2024-06-23,2024-06-23
in_000000286085,9900,1,0,0,0,0,0,0,0,0,2024-06-17,2024-06-17
in_000000258176,9900,1,0,0,0,0,0,0,0,0,2024-06-09,2024-06-09
in_000000230064,29900,1,0,0,0,0,0,0,0,0,2024-06-16,2024-06-16
in_000000097951,9900,1,0,0,0,0,0,0,0,0,2024-06-20,2024-06-20
in_000000011513,799000,1,0,0,0,0,0,0,0,0,2024-06-17,2024-06-17
in_000000260312,29900,1,0,0,0,0,0,0,0,0,2024-06-10,2024-06-10
in_000000080311,9900,1,0,0,0,0,0,0,0,0,2024-06-11,2024-06-11
in_000000260844,9900,1,0,0,0,0,0,0,0,0,2024-06-17,2024-06-17
in_000000206629,29900,1,0,0,0,0,0,0,0,0,2024-06-21,2024-06-21
in_000000241230,9900,1,0,0,0,0,0,0,0,0,2024-06-07,2024-06-07
in_000000054346,9900,1,0,0,0,0,0,0,0,0,2024-06-24,2024-06-24
in_000000065885,79900,1,0,0,0,0,0,0,0,0,2024-06-20,2024-06-20
in_000000163197,99000,1,0,0,0,0,0,0,0,0,2024-06-06,2024-06-06
in_000000211089,29900,1,0,0,0,0,0,0,0,0,2024-06-14,2024-06-14
in_000000312634,29900,1,0,0,0,0,0,0,0,0,2024-06-15,2024-06-15
in_000000218118,9900,1,0,0,0,0,0,0,0,0,2024-06-19,2024-06-19
in_000000178141,199900,1,0,0,0,0,0,0,0,0,2024-06-12,2024-06-12
in_000000188158,29900,1,0,0,0,0,0,0,0,0,2024-06-11,2024-06-11
in_000000138490,9900,1,0,0,0,0,0,0,0,0,2024-06-12,2024-06-12
in_000000202907,99000,1,0,0,0,0,0,0,0,0,2024-06-12,2024-06-12
in_000000023296,9900,1,0,0,0,0,0,0,0,0,2024-06-15,2024-06-15
in_000000237028,9900,1,0,0,0,0,0,0,0,0,2024-06-14,2024-06-14
in_000000195230,29900,1,0,0,0,0,0,0,0,0,2024-06-08,2024-06-08
in_000000028123,9900,1,0,0,0,0,0,0,0,0,2024-06-16,2024-06-16
in_000000125764,9900,1,0,0,0,0,0,0,0,0,2024-06-10,2024-06-10
in_000000187125,29900,1,0,0,0,0,0,0,0,0,2024-06-08,2024-06-08
in_000000140941,9900,1,0,0,0,0,0,0,0,0,2024-06-22,2024-06-22
in_000000004020,9900,1,0,0,0,0,0,0,0,0,2024-06-22,2024-06-22
in_000000007233,79900,1,0,0,0,0,0,0,0,0,2024-06-24,2024-06-24
in_000000168968,9900,1,0,0,0,0,0,0,0,0,2024-06-18,2024-06-18
in_000000276136,9900,1,0,0,0,0,0,0,0,0,2024-06-15,2024-06-15
in_000000214850,29900,1,0,0,0,0,0,0,0,0,2024-06-15,2024-06-15
in_000000019773,29900,1,0,0,0,0,0,0,0,0,2024-06-19,2024-06-19
in_000000062703,29900,1,0,0,0,0,0,0,0,0,2024-06-18,2024-06-18
in_000000166416,9900,1,0,0,0,0,0,0,0,0,2024-06-11,2024-06-11
in_000000289946,9900,1,0,0,0,0,0,0,0,0,2024-06-07,2024-06-07
in_000000183557,9900,1,0,0,0,0,0,0,0,0,2024-06-12,2024-06-12
in_000000289811,9900,1,0,0,0,0,0,0,0,0,2024-06-18,2024-06-18
in_000000031306,79900,1,0,0,0,0,0,0,0,0,2024-06-20,2024-06-20
in_000000235150,9900,1,0,0,0,0,0,0,0,0,2024-06-21,2024-06-21
in_000000255753,29900,1,0,0,0,0,0,0,0,0,2024-06-13,2024-06-13
in_000000103271,29900,1,0,0,0,0,0,0,0,0,2024-06-23,2024-06-23
in_000000083347,8910,1,0,0,1,0,0,0,0,0,2024-06-05,2024-06-05
in_000000302206,9900,1,0,0,0,0,0,0,0,0,2024-06-05,2024-06-05
in_000000291174,79900,1,0,0,0,0,0,0,0,0,2024-06-07,2024-06-07
in_000000110005,29900,1,0,0,0,0,0,0,0,0,2024-06-10,2024-06-10
in_000000154779,79900,1,0,0,0,0,0,0,0,0,2024-06-17,2024-06-17
in_000000194762,9900,1,0,0,0,0,0,0,0,0,2024-06-22,2024-06-22
in_000000210436,9900,1,0,0,0,0,0,0,0,0,2024-06-17,2024-06-17
in_000000049905,199900,1,0,0,0,0,0,0,0,0,2024-06-08,2024-06-08
in_000000313015,9900,1,0,0,0,0,0,0,0,0,2024-06-08,2024-06-08
in_000000102880,14950,1,0,0,1,0,0,0,0,0,2024-06-23,2024-06-23
in_000000134464,29900,1,0,0,0,0,0,0,0,0,2024-06-09,2024-06-09
in_000000134182,79900,1,0,0,0,0,0,0,0,0,2024-06-12,2024-06-12
in_000000288659,9900,1,0,0,0,0,0,0,0,0,2024-06-10,2024-06-10
in_000000096387,9900,1,0,0,0,0,0,0,0,0,2024-06-25,2024-06-25
in_000000298754,9900,1,0,0,0,0,0,0,0,0,2024-06-20,2024-06-20
in_000000036882,29900,1,0,0,0,0,0,0,0,0,2024-06-20,2024-06-20
in_000000241680,9900,1,0,0,0,0,0,0,0,0,2024-06-07,2024-06-07
in_000000315596,199900,1,0,0,0,0,0,0,0,0,2024-06-06,2024-06-06
in_000000185037,9900,1,0,0,0,0,0,0,0,0,2024-06-10,2024-06-10
in_000000022637,29900,1,0,0,0,0,0,0,0,0,2024-06-10,2024-06-10
in_000000143080,79900,1,0,0,0,0,0,0,0,0,2024-06-12,2024-06-12
in_000000187613,9900,1,0,0,0,0,0,0,0,0,2024-06-08,2024-06-08
in_000000293670,9900,1,0,0,0,0,0,0,0,0,2024-06-08,2024-06-08
in_000000057426,29900,1,0,0,0,0,0,0,0,0,2024-06-16,2024-06-16
in_000000090810,9900,1,0,0,0,0,0,0,0,0,2024-06-05,2024-06-05
in_000000272831,79900,1,0,0,0,0,0,0,0,0,2024-06-18,2024-06-18
in_000000171314,9900,1,0,0,0,0,0,0,0,0,2024-06-14,2024-06-14
in_000000230836,199900,1,0,0,0,0,0,0,0,0,2024-06-19,2024-06-19
in_000000046441,9900,1,0,0,0,0,0,0,0,0,2024-06-18,2024-06-18
in_000000048553,9900,1,0,0,0,0,0,0,0,0,2024-06-19,2024-06-19
in_000000169980,29900,1,0,0,0,0,0,0,0,0,2024-06-07,2024-06-07
in_000000110369,29900,1,0,0,0,0,0,0,0,0,2024-06-05,2024-06-05
in_000000191693,9900,1,0,0,0,0,0,0,0,0,2024-06-22,2024-06-22
in_000000018103,29900,1,0,0,0,0,0,0,0,0,2024-06-06,2024-06-06
in_000000146188,9900,1,0,0,0,0,0,0,0,0,2024-06-06,2024-06-06
in_000000219019,9900,1,0,0,0,0,0,0,0,0,2024-06-13,2024-06-13
in_000000187912,9900,1,0,0,0,0,0,0,0,0,2024-06-18,2024-06-18
in_000000154106,29900,1,0,0,0,0,0,0,0,0,2024-06-16,2024-06-16
in_000000233431,9900,1,0,0,0,0,0,0,0,0,2024-06-08,2024-06-08
in_000000173177,29900,1,0,0,0,0,0,0,0,0,2024-06-12,2024-06-12
in_000000133990,199900,1,0,0,0,0,0,0,0,0,2024-06-06,2024-06-06
in_000000191042,9900,1,0,0,0,0,0,0,0,0,2024-06-07,2024-06-07
in_000000065151,9900,1,0,0,0,0,0,0,0,0,2024-06-14,2024-06-14
in_000000027521,9900,1,0,0,0,0,0,0,0,0,2024-06-18,2024-06-18
in_000000206866,29900,1,0,0,0,0,0,0,0,0,2024-06-16,2024-06-16
in_000000280077,9900,1,0,0,0,0,0,0,0,0,2024-06-22,2024-06-22
in_000000239513,79900,1,0,0,0,0,0,0,0,0,2024-06-22,2024-06-22
in_000000160420,29900,1,0,0,0,0,0,0,0,0,2024-06-17,2024-06-17
in_000000148401,9900,1,0,0,0,0,0,0,0,0,2024-06-19,2024-06-19
in_000000163813,9900,1,0,0,0,0,0,0,0,0,2024-06-20,2024-06-20
in_000000096320,29900,1,0,0,0,0,0,0,0,0,2024-06-17,2024-06-17
in_000000200204,29900,1,0,0,0,0,0,0,0,0,2024-06-11,2024-06-11
in_000000153554,9900,1,0,0,0,0,0,0,0,0,2024-06-21,2024-06-21
in_000000028747,29900,1,0,0,0,0,0,0,0,0,2024-06-25,2024-06-25
in_000000180867,9900,1,0,0,0,0,0,0,0,0,2024-06-26,2024-06-26
in_000000056270,79900,1,0,0,0,0,0,0,0,0,2024-06-09,2024-06-09
in_000000277534,9900,1,0,0,0,0,0,0,0,0,2024-06-14,2024-06-14
in_000000223261,199900,1,0,0,0,0,0,0,0,0,2024-06-09,2024-06-09
in_000000248700,9400,1,0,0,1,0,0,0,0,0,2024-06-25,2024-06-25
in_000000084548,79900,1,0,0,0,0,0,0,0,0,2024-06-15,2024-06-15
in_000000103166,9900,1,0,0,0,0,0,0,0,0,2024-06-12,2024-06-12
in_000000175941,199900,1,0,0,0,0,0,0,0,0,2024-06-08,2024-06-08
in_000000235449,79900,1,0,0,0,0,0,0,0,0,2024-06-16,2024-06-16
in_000000279533,9900,1,0,0,0,0,0,0,0,0,2024-06-17,2024-06-17
in_000000090827,79900,1,0,0,0,0,0,0,0,0,2024-06-14,2024-06-14
in_000000050602,199900,1,0,0,0,0,0,0,0,0,2024-06-12,2024-06-12
in_000000292202,9900,1,0,0,0,0,0,0,0,0,2024-06-12,2024-06-12
in_000000293818,9900,1,0,0,0,0,0,0,0,0,2024-06-25,2024-06-25
in_000000123295,9900,1,0,0,0,0,0,0,0,0,2024-06-13,2024-06-13
in_000000021816,9900,1,0,0,0,0,0,0,0,0,2024-06-11,2024-06-11
in_000000204011,29900,1,0,0,0,0,0,0,0,0,2024-06-21,2024-06-21
in_000000072344,29900,1,0,0,0,0,0,0,0,0,2024-06-17,2024-06-17
in_000000266680,99000,1,0,0,0,0,0,0,0,0,2024-06-23,2024-06-23
in_000000005097,99000,1,0,0,0,0,0,0,0,0,2024-06-13,2024-06-13
in_000000163743,9900,1,0,0,0,0,0,0,0,0,2024-06-04,2024-06-04
in_000000317358,9900,1,0,0,0,0,0,0,0,0,2024-06-08,2024-06-08
in_000000216407,9900,1,0,0,0,0,0,0,0,0,2024-06-09,2024-06-09
in_000000005238,9900,1,0,0,0,0,0,0,0,0,2024-06-08,2024-06-08
in_000000136990,79900,1,0,0,0,0,0,0,0,0,2024-06-10,2024-06-10
in_000000115593,9900,1,0,0,0,0,0,0,0,0,2024-06-12,2024-06-12
in_000000183794,9900,1,0,0,0,0,0,0,0,0,2024-06-20,2024-06-20
in_000000258004,29900,1,0,0,0,0,0,0,0,0,2024-06-11,2024-06-11
in_000000037300,9900,1,0,0,0,0,0,0,0,0,2024-06-19,2024-06-19
in_000000177244,29900,1,0,0,0,0,0,0,0,0,2024-06-22,2024-06-22
in_000000127026,199900,1,0,0,0,0,0,0,0,0,2024-06-09,2024-06-09
in_000000124151,9900,1,0,0,0,0,0,0,0,0,2024-06-16,2024-06-16
in_000000248510,79900,1,0,0,0,0,0,0,0,0,2024-06-09,2024-06-09
in_000000183732,79900,1,0,0,0,0,0,0,0,0,2024-06-14,2024-06-14
in_000000051594,9900,1,0,0,0,0,0,0,0,0,2024-06-11,2024-06-11
in_000000104669,9900,1,0,0,0,0,0,0,0,0,2024-06-23,2024-06-23
in_000000181505,9900,1,0,0,0,0,0,0,0,0,2024-06-16,2024-06-16
in_000000228313,29900,1,0,0,0,0,0,0,0,0,2024-06-14,2024-06-14
in_000000254274,299000,1,0,0,0,0,0,0,0,0,2024-06-24,2024-06-24
in_000000143755,29900,1,0,0,0,0,0,0,0,0,2024-06-15,2024-06-15
in_000000229134,9900,1,0,0,0,0,0,0,0,0,2024-06-12,2024-06-12
in_000000210824,29900,1,0,0,0,0,0,0,0,0,2024-06-15,2024-06-15
in_000000011423,299000,1,0,0,0,0,0,0,0,0,2024-06-11,2024-06-11
in_000000268263,9900,1,0,0,0,0,0,0,0,0,2024-06-19,2024-06-19
in_000000282591,9900,1,0,0,0,0,0,0,0,0,2024-06-25,2024-06-25
in_000000295341,9900,1,0,0,0,0,0,0,0,0,2024-06-18,2024-06-18
in_000000223592,9900,1,0,0,0,0,0,0,0,0,2024-06-25,2024-06-25
in_000000283257,79900,1,0,0,0,0,0,0,0,0,2024-06-09,2024-06-09
in_000000289549,79900,1,0,0,0,0,0,0,0,0,2024-06-24,2024-06-24
in_000000093541,29900,1,0,0,0,0,0,0,0,0,2024-06-13,2024-06-13
in_000000171635,79900,1,0,0,0,0,0,0,0,0,2024-06-11,2024-06-11
in_000000004347,29900,1,0,0,0,0,0,0,0,0,2024-06-24,2024-06-24
in_000000113889,29900,1,0,0,0,0,0,0,0,0,2024-06-24,2024-06-24
in_000000045228,9900,1,0,0,0,0,0,0,0,0,2024-06-12,2024-06-12
in_000000284812,9900,1,0,0,0,0,0,0,0,0,2024-06-22,2024-06-22
in_000000230784,9900,1,0,0,0,0,0,0,0,0,2024-06-24,2024-06-24
in_000000189311,9900,1,0,0,0,0,0,0,0,0,2024-06-14,2024-06-14
in_000000235067,29900,1,0,0,0,0,0,0,0,0,2024-06-18,2024-06-18
in_000000053737,9900,1,0,0,0,0,0,0,0,0,2024-06-17,2024-06-17
in_000000077299,79900,1,0,0,0,0,0,0,0,0,2024-06-06,2024-06-06
in_000000113711,199900,1,0,0,0,0,0,0,0,0,2024-06-22,2024-06-22
in_000000190549,29900,1,0,0,0,0,0,0,0,0,2024-06-17,2024-06-17
in_000000148765,9900,1,0,0,0,0,0,0,0,0,2024-06-08,2024-06-08
in_000000049779,99950,1,0,0,1,0,0,0,0,0,2024-06-15,2024-06-15
in_000000272256,9900,1,0,0,0,0,0,0,0,0,2024-06-09,2024-06-09
in_000000102633,9900,1,0,0,0,0,0,0,0,0,2024-06-24,2024-06-24
in_000000153781,9900,1,0,0,0,0,0,0,0,0,2024-06-10,2024-06-10
in_000000048720,79900,1,0,0,0,0,0,0,0,0,2024-06-22,2024-06-22
in_000000319923,199900,1,0,0,0,0,0,0,0,0,2024-06-18,2024-06-18
in_000000046403,9900,1,0,0,0,0,0,0,0,0,2024-06-18,2024-06-18
in_000000131526,9900,1,0,0,0,0,0,0,0,0,2024-06-22,2024-06-22
in_000000215605,9900,1,0,0,0,0,0,0,0,0,2024-06-24,2024-06-24
in_000000297383,9900,1,0,0,0,0,0,0,0,0,2024-06-23,2024-06-23
in_000000248811,9900,1,0,0,0,0,0,0,0,0,2024-06-14,2024-06-14
in_000000194318,9900,1,0,0,0,0,0,0,0,0,2024-06-20,2024-06-20
in_000000238302,79900,1,0,0,0,0,0,0,0,0,2024-06-03,2024-06-03
in_000000130510,99000,1,0,0,0,0,0,0,0,0,2024-06-11,2024-06-11
in_000000243893,9900,1,0,0,0,0,0,0,0,0,2024-06-18,2024-06-18
in_000000215924,29900,1,0,0,0,0,0,0,0,0,2024-06-05,2024-06-05
in_000000308572,9900,1,0,0,0,0,0,0,0,0,2024-06-15,2024-06-15
in_000000093343,29900,1,0,0,0,0,0,0,0,0,2024-06-09,2024-06-09
in_000000046042,79900,1,0,0,0,0,0,0,0,0,2024-06-20,2024-06-20
in_000000160103,9900,1,0,0,0,0,0,0,0,0,2024-06-17,2024-06-17
in_000000056858,9900,1,0,0,0,0,0,0,0,0,2024-06-23,2024-06-23
in_000000312337,9900,1,0,0,0,0,0,0,0,0,2024-06-16,2024-06-16
in_000000004145,9900,1,0,0,0,0,0,0,0,0,2024-06-18,2024-06-18
in_000000145133,799000,1,0,0,0,0,0,0,0,0,2024-06-21,2024-06-21
in_000000219702,9900,1,0,0,0,0,0,0,0,0,2024-06-09,2024-06-09
in_000000026961,29900,1,0,0,0,0,0,0,0,0,2024-06-22,2024-06-22
in_000000166034,9900,1,0,0,0,0,0,0,0,0,2024-06-21,2024-06-21
in_000000142894,29900,1,0,0,0,0,0,0,0,0,2024-06-10,2024-06-10
in_000000195466,79900,1,0,0,0,0,0,0,0,0,2024-06-16,2024-06-16
in_000000136058,199900,1,0,0,0,0,0,0,0,0,2024-06-22,2024-06-22
in_000000180558,29900,1,0,0,0,0,0,0,0,0,2024-06-07,2024-06-07
in_000000055105,29900,1,0,0,0,0,0,0,0,0,2024-06-19,2024-06-19
in_000000141381,9900,1,0,0,0,0,0,0,0,0,2024-06-14,2024-06-14
in_000000299361,9900,1,0,0,0,0,0,0,0,0,2024-06-19,2024-06-19
in_000000153035,79900,1,0,0,0,0,0,0,0,0,2024-06-22,2024-06-22
in_000000278133,79900,1,0,0,0,0,0,0,0,0,2024-06-08,2024-06-08
in_000000014751,9900,1,0,0,0,0,0,0,0,0,2024-06-16,2024-06-16
in_000000257560,199900,1,0,0,0,0,0,0,0,0,2024-06-15,2024-06-15
in_000000299142,79900,1,0,0,0,0,0,0,0,0,2024-06-22,2024-06-22
in_000000287377,9900,1,0,0,0,0,0,0,0,0,2024-06-22,2024-06-22
in_000000212047,29900,1,0,0,0,0,0,0,0,0,2024-06-10,2024-06-10
in_000000311873,79900,1,0,0,0,0,0,0,0,0,2024-06-05,2024-06-05
in_000000205370,9900,1,0,0,0,0,0,0,0,0,2024-06-14,2024-06-14
in_000000257845,299000,1,0,0,0,0,0,0,0,0,2024-06-25,2024-06-25
in_000000170791,9900,1,0,0,0,0,0,0,0,0,2024-06-18,2024-06-18
in_000000154988,79900,1,0,0,0,0,0,0,0,0,2024-06-12,2024-06-12
in_000000263000,79900,1,0,0,0,0,0,0,0,0,2024-06-19,2024-06-19
in_000000196697,29900,1,0,0,0,0,0,0,0,0,2024-06-16,2024-06-16
in_000000238691,299000,1,0,0,0,0,0,0,0,0,2024-06-22,2024-06-22
in_000000297084,29900,1,0,0,0,0,0,0,0,0,2024-06-22,2024-06-22
in_000000318172,29900,1,0,0,0,0,0,0,0,0,2024-06-18,2024-06-18
in_000000012495,29900,1,0,0,0,0,0,0,0,0,2024-06-07,2024-06-07
in_000000089340,79900,1,0,0,0,0,0,0,0,0,2024-06-12,2024-06-12
in_000000105079,9900,1,0,0,0,0,0,0,0,0,2024-06-22,2024-06-22
in_000000297013,6435,1,0,0,1,0,0,0,0,0,2024-06-21,2024-06-21
in_000000102406,79900,1,0,0,0,0,0,0,0,0,2024-07-02,2024-07-02
in_000000088083,9900,1,0,0,0,0,0,0,0,0,2024-06-07,2024-06-07
in_000000136546,9900,1,0,0,0,0,0,0,0,0,2024-06-16,2024-06-16
in_000000167348,9900,1,0,0,0,0,0,0,0,0,2024-06-09,2024-06-09
in_000000285836,29900,1,0,0,0,0,0,0,0,0,2024-06-19,2024-06-19
in_000000320228,29900,1,0,0,0,0,0,0,0,0,2024-06-12,2024-06-12
in_000000309289,9900,1,0,0,0,0,0,0,0,0,2024-06-16,2024-06-16
in_000000068893,79900,1,0,0,0,0,0,0,0,0,2024-06-14,2024-06-14
in_000000159663,9900,1,0,0,0,0,0,0,0,0,2024-06-17,2024-06-17
in_000000205783,9900,1,0,0,0,0,0,0,0,0,2024-06-17,2024-06-17
in_000000047351,99000,1,0,0,0,0,0,0,0,0,2024-06-12,2024-06-12
in_000000255198,9900,1,0,0,0,0,0,0,0,0,2024-06-06,2024-06-06
in_000000216459,9900,1,0,0,0,0,0,0,0,0,2024-06-09,2024-06-09
in_000000170696,9900,1,0,0,0,0,0,0,0,0,2024-06-21,2024-06-21
in_000000301087,199900,1,0,0,0,0,0,0,0,0,2024-06-14,2024-06-14
in_000000256059,29900,1,0,0,0,0,0,0,0,0,2024-06-10,2024-06-10
in_000000179670,29900,1,0,0,0,0,0,0,0,0,2024-06-25,2024-06-25
in_000000112323,9900,1,0,0,0,0,0,0,0,0,2024-06-20,2024-06-20
in_000000183688,29900,1,0,0,0,0,0,0,0,0,2024-06-11,2024-06-11
in_000000295075,9900,1,0,0,0,0,0,0,0,0,2024-06-11,2024-06-11
in_000000194132,29900,1,0,0,0,0,0,0,0,0,2024-06-04,2024-06-04
in_000000013763,9900,1,0,0,0,0,0,0,0,0,2024-06-21,2024-06-21
in_000000106337,9900,1,0,0,0,0,0,0,0,0,2024-06-19,2024-06-19
in_000000046073,9900,1,0,0,0,0,0,0,0,0,2024-06-26,2024-06-26
in_000000008634,79900,1,0,0,0,0,0,0,0,0,2024-06-22,2024-06-22
in_000000277031,9900,1,0,0,0,0,0,0,0,0,2024-06-09,2024-06-09
in_000000202819,199900,1,0,0,0,0,0,0,0,0,2024-06-26,2024-06-26
in_000000200313,29900,1,0,0,0,0,0,0,0,0,2024-06-17,2024-06-17
in_000000034063,79900,1,0,0,0,0,0,0,0,0,2024-06-11,2024-06-11
in_000000262244,9900,1,0,0,0,0,0,0,0,0,2024-06-15,2024-06-15
in_000000013699,9900,1,0,0,0,0,0,0,0,0,2024-06-22,2024-06-22
in_000000004658,9900,1,0,0,0,0,0,0,0,0,2024-06-20,2024-06-20
in_000000167976,199900,1,0,0,0,0,0,0,0,0,2024-06-12,2024-06-12
in_000000212204,9900,1,0,0,0,0,0,0,0,0,2024-06-19,2024-06-19
in_000000121319,29900,1,0,0,0,0,0,0,0,0,2024-06-23,2024-06-23
in_000000274441,29900,1,0,0,0,0,0,0,0,0,2024-06-23,2024-06-23
in_000000017745,9900,1,0,0,0,0,0,0,0,0,2024-06-23,2024-06-23
in_000000175325,29900,1,0,0,0,0,0,0,0,0,2024-06-10,2024-06-10
in_000000150429,9900,1,0,0,0,0,0,0,0,0,2024-06-17,2024-06-17
in_000000186799,9900,1,0,0,0,0,0,0,0,0,2024-06-18,2024-06-18
in_000000072289,9900,1,0,0,0,0,0,0,0,0,2024-06-21,2024-06-21
in_000000234944,9900,1,0,0,0,0,0,0,0,0,2024-06-09,2024-06-09
in_000000067080,29900,1,0,0,0,0,0,0,0,0,2024-06-22,2024-06-22
in_000000046606,29900,1,0,0,0,0,0,0,0,0,2024-06-26,2024-06-26
in_000000048591,9900,1,0,0,0,0,0,0,0,0,2024-06-14,2024-06-14
in_000000174044,79900,1,0,0,0,0,0,0,0,0,2024-06-16,2024-06-16
in_000000168644,9900,1,0,0,0,0,0,0,0,0,2024-06-06,2024-06-06
in_000000244582,199900,1,0,0,0,0,0,0,0,0,2024-06-19,2024-06-19
in_000000253420,9900,1,0,0,0,0,0,0,0,0,2024-06-21,2024-06-21
in_000000130151,9900,1,0,0,0,0,0,0,0,0,2024-06-14,2024-06-14
in_000000027908,19435,1,0,0,1,0,0,0,0,0,2024-06-22,2024-06-22
in_000000258216,199900,1,0,0,0,0,0,0,0,0,2024-06-15,2024-06-15
in_000000308924,29900,1,0,0,0,0,0,0,0,0,2024-06-19,2024-06-19
in_000000304226,29900,1,0,0,0,0,0,0,0,0,2024-06-05,2024-06-05
in_000000307147,9900,1,0,0,0,0,0,0,0,0,2024-06-21,2024-06-21
in_000000141739,9900,1,0,0,0,0,0,0,0,0,2024-06-25,2024-06-25
in_000000226025,9900,1,0,0,0,0,0,0,0,0,2024-06-09,2024-06-09
in_000000078825,79900,1,0,0,0,0,0,0,0,0,2024-06-22,2024-06-22
in_000000283805,99000,1,0,0,0,0,0,0,0,0,2024-06-06,2024-06-06
in_000000001067,29900,1,0,0,0,0,0,0,0,0,2024-06-17,2024-06-17
in_000000251031,79900,1,0,0,0,0,0,0,0,0,2024-06-08,2024-06-08
in_000000107463,9900,1,0,0,0,0,0,0,0,0,2024-06-09,2024-06-09
in_000000240416,199900,1,0,0,0,0,0,0,0,0,2024-06-17,2024-06-17
in_000000033039,9900,1,0,0,0,0,0,0,0,0,2024-06-13,2024-06-13
in_000000089947,9900,1,0,0,0,0,0,0,0,0,2024-06-15,2024-06-15
in_000000138845,9900,1,0,0,0,0,0,0,0,0,2024-06-09,2024-06-09
in_000000083092,9900,1,0,0,0,0,0,0,0,0,2024-06-21,2024-06-21
in_000000145869,29900,1,0,0,0,0,0,0,0,0,2024-06-23,2024-06-23
in_000000231482,199900,1,0,0,0,0,0,0,0,0,2024-06-12,2024-06-12
in_000000061113,99000,1,0,0,0,0,0,0,0,0,2024-06-07,2024-06-07
in_000000037837,29900,1,0,0,0,0,0,0,0,0,2024-06-11,2024-06-11
in_000000161018,9900,1,0,0,0,0,0,0,0,0,2024-06-24,2024-06-24
in_000000101058,29900,1,0,0,0,0,0,0,0,0,2024-06-10,2024-06-10
in_000000068730,799000,1,0,0,0,0,0,0,0,0,2024-06-25,2024-06-25
in_000000297759,79900,1,0,0,0,0,0,0,0,0,2024-06-13,2024-06-13
in_000000202962,199900,1,0,0,0,0,0,0,0,0,2024-06-14,2024-06-14
in_000000303954,79900,1,0,0,0,0,0,0,0,0,2024-06-18,2024-06-18
in_000000207915,9900,1,0,0,0,0,0,0,0,0,2024-06-16,2024-06-16
in_000000275983,29900,1,0,0,0,0,0,0,0,0,2024-06-06,2024-06-06
in_000000223056,29900,1,0,0,0,0,0,0,0,0,2024-06-09,2024-06-09
in_000000221351,9900,1,0,0,0,0,0,0,0,0,2024-06-04,2024-06-04
in_000000283645,29900,1,0,0,0,0,0,0,0,0,2024-06-07,2024-06-07
in_000000030141,29900,1,0,0,0,0,0,0,0,0,2024-06-17,2024-06-17
in_000000010042,299000,1,0,0,0,0,0,0,0,0,2024-06-03,2024-06-03
in_000000320154,299000,1,0,0,0,0,0,0,0,0,2024-06-19,2024-06-19
in_000000118246,299000,1,0,0,0,0,0,0,0,0,2024-06-06,2024-06-06
in_000000307557,99000,1,0,0,0,0,0,0,0,0,2024-06-07,2024-06-07
in_000000038922,9900,1,0,0,0,0,0,0,0,0,2024-06-09,2024-06-09
in_000000306993,29900,1,0,0,0,0,0,0,0,0,2024-06-23,2024-06-23
in_000000098388,29900,1,0,0,0,0,0,0,0,0,2024-07-02,2024-07-02
in_000000106225,9900,1,0,0,0,0,0,0,0,0,2024-06-20,2024-06-20
in_000000030734,9900,1,0,0,0,0,0,0,0,0,2024-06-10,2024-06-10
in_000000176684,79900,1,0,0,0,0,0,0,0,0,2024-06-08,2024-06-08
in_000000248121,9900,1,0,0,0,0,0,0,0,0,2024-06-16,2024-06-16
in_000000241367,99000,1,0,0,0,0,0,0,0,0,2024-06-21,2024-06-21
in_000000145788,199900,1,0,0,0,0,0,0,0,0,2024-06-18,2024-06-18
in_000000051528,9900,1,0,0,0,0,0,0,0,0,2024-06-19,2024-06-19
in_000000183517,199900,1,0,0,0,0,0,0,0,0,2024-06-23,2024-06-23
in_000000109133,9900,1,0,0,0,0,0,0,0,0,2024-06-07,2024-06-07
in_000000318095,29900,1,0,0,0,0,0,0,0,0,2024-06-15,2024-06-15
in_000000197544,9900,1,0,0,0,0,0,0,0,0,2024-06-17,2024-06-17
in_000000307468,9900,1,0,0,0,0,0,0,0,0,2024-06-14,2024-06-14
in_000000107922,9900,1,0,0,0,0,0,0,0,0,2024-06-14,2024-06-14
in_000000110917,29900,1,0,0,0,0,0,0,0,0,2024-06-20,2024-06-20
in_000000140872,9900,1,0,0,0,0,0,0,0,0,2024-06-23,2024-06-23
in_000000021788,29900,1,0,0,0,0,0,0,0,0,2024-06-18,2024-06-18
in_000000173197,29900,1,0,0,0,0,0,0,0,0,2024-06-17,2024-06-17
in_000000193495,29900,1,0,0,0,0,0,0,0,0,2024-06-19,2024-06-19
in_000000265648,99000,1,0,0,0,0,0,0,0,0,2024-06-15,2024-06-15
in_000000024619,199900,1,0,0,0,0,0,0,0,0,2024-06-12,2024-06-12
in_000000247775,79900,1,0,0,0,0,0,0,0,0,2024-06-11,2024-06-11
in_000000253652,299000,1,0,0,0,0,0,0,0,0,2024-06-05,2024-06-05
in_000000316036,9900,1,0,0,0,0,0,0,0,0,2024-06-26,2024-06-26
in_000000122400,9900,1,0,0,0,0,0,0,0,0,2024-06-09,2024-06-09
in_000000193748,29900,1,0,0,0,0,0,0,0,0,2024-06-25,2024-06-25
in_000000060081,9900,1,0,0,0,0,0,0,0,0,2024-06-07,2024-06-07
in_000000018404,79900,1,0,0,0,0,0,0,0,0,2024-06-04,2024-06-04
in_000000066237,9900,1,0,0,0,0,0,0,0,0,2024-06-04,2024-06-04
in_000000320812,29900,1,0,0,0,0,0,0,0,0,2024-06-18,2024-06-18
in_000000272049,9900,1,0,0,0,0,0,0,0,0,2024-06-22,2024-06-22
in_000000260739,9900,1,0,0,0,0,0,0,0,0,2024-06-19,2024-06-19
in_000000092661,29900,1,0,0,0,0,0,0,0,0,2024-06-08,2024-06-08
in_000000248710,99000,1,0,0,0,0,0,0,0,0,2024-06-17,2024-06-17
in_000000302834,29900,1,0,0,0,0,0,0,0,0,2024-06-23,2024-06-23
in_000000294563,29900,1,0,0,0,0,0,0,0,0,2024-06-12,2024-06-12
in_000000145046,9900,1,0,0,0,0,0,0,0,0,2024-06-20,2024-06-20
in_000000232616,8910,1,0,0,1,0,0,0,0,0,2024-06-13,2024-06-13
in_000000242016,9900,1,0,0,0,0,0,0,0,0,2024-06-25,2024-06-25
in_000000292956,79900,1,0,0,0,0,0,0,0,0,2024-06-06,2024-06-06
in_000000174876,9900,1,0,0,0,0,0,0,0,0,2024-06-16,2024-06-16
in_000000110642,9900,1,0,0,0,0,0,0,0,0,2024-06-22,2024-06-22
in_000000192248,79900,1,0,0,0,0,0,0,0,0,2024-06-24,2024-06-24
in_000000074112,9900,1,0,0,0,0,0,0,0,0,2024-06-16,2024-06-16
in_000000205205,29900,1,0,0,0,0,0,0,0,0,2024-06-08,2024-06-08
in_000000174512,29900,1,0,0,0,0,0,0,0,0,2024-06-16,2024-06-16
in_000000018721,9900,1,0,0,0,0,0,0,0,0,2024-06-04,2024-06-04
in_000000028624,99000,1,0,0,0,0,0,0,0,0,2024-06-15,2024-06-15
in_000000087882,9900,1,0,0,0,0,0,0,0,0,2024-06-23,2024-06-23
in_000000238707,29900,1,0,0,0,0,0,0,0,0,2024-06-22,2024-06-22
in_000000147399,9900,1,0,0,0,0,0,0,0,0,2024-06-25,2024-06-25
in_000000111987,9900,1,0,0,0,0,0,0,0,0,2024-06-17,2024-06-17
in_000000067850,29900,1,0,0,0,0,0,0,0,0,2024-06-13,2024-06-13
in_000000225185,199900,1,0,0,0,0,0,0,0,0,2024-06-12,2024-06-12
in_000000270530,94050,1,0,0,1,0,0,0,0,0,2024-06-13,2024-06-13
in_000000024785,199900,1,0,0,0,0,0,0,0,0,2024-06-21,2024-06-21
in_000000070452,79900,1,0,0,0,0,0,0,0,0,2024-06-10,2024-06-10
in_000000229460,29900,1,0,0,0,0,0,0,0,0,2024-06-22,2024-06-22
in_000000298857,9900,1,0,0,0,0,0,0,0,0,2024-06-21,2024-06-21
in_000000199065,29900,1,0,0,0,0,0,0,0,0,2024-06-14,2024-06-14
in_000000296321,29900,1,0,0,0,0,0,0,0,0,2024-06-16,2024-06-16
in_000000077217,29900,1,0,0,0,0,0,0,0,0,2024-06-18,2024-06-18
in_000000162104,9900,1,0,0,0,0,0,0,0,0,2024-06-07,2024-06-07
in_000000017673,79900,1,0,0,0,0,0,0,0,0,2024-06-22,2024-06-22
in_000000078727,9900,1,0,0,0,0,0,0,0,0,2024-06-11,2024-06-11
in_000000022377,9900,1,0,0,0,0,0,0,0,0,2024-06-18,2024-06-18
in_000000282771,9900,1,0,0,0,0,0,0,0,0,2024-06-13,2024-06-13
in_000000167724,29900,1,0,0,0,0,0,0,0,0,2024-06-24,2024-06-24
in_000000041986,9900,1,0,0,0,0,0,0,0,0,2024-06-15,2024-06-15
in_000000055182,9900,1,0,0,0,0,0,0,0,0,2024-06-20,2024-06-20
in_000000008776,9900,1,0,0,0,0,0,0,0,0,2024-06-17,2024-06-17
in_000000027579,29900,1,0,0,0,0,0,0,0,0,2024-06-12,2024-06-12
in_000000204495,79900,1,0,0,0,0,0,0,0,0,2024-06-18,2024-06-18
in_000000312214,29900,1,0,0,0,0,0,0,0,0,2024-06-23,2024-06-23
in_000000295248,29900,1,0,0,0,0,0,0,0,0,2024-06-21,2024-06-21
in_000000042239,29900,1,0,0,0,0,0,0,0,0,2024-06-22,2024-06-22
in_000000066429,29900,1,0,0,0,0,0,0,0,0,2024-06-23,2024-06-23
in_000000153563,99000,1,0,0,0,0,0,0,0,0,2024-06-19,2024-06-19
in_000000072578,29900,1,0,0,0,0,0,0,0,0,2024-06-08,2024-06-08
in_000000140369,9900,1,0,0,0,0,0,0,0,0,2024-06-05,2024-06-05
in_000000137658,29900,1,0,0,0,0,0,0,0,0,2024-06-09,2024-06-09
in_000000240590,79900,1,0,0,0,0,0,0,0,0,2024-06-14,2024-06-14
in_000000173010,9900,1,0,0,0,0,0,0,0,0,2024-06-06,2024-06-06
in_000000031132,9900,1,0,0,0,0,0,0,0,0,2024-06-26,2024-06-26
in_000000121829,29900,1,0,0,0,0,0,0,0,0,2024-06-24,2024-06-24
in_000000019590,29900,1,0,0,0,0,0,0,0,0,2024-06-07,2024-06-07
in_000000055907,9900,1,0,0,0,0,0,0,0,0,2024-06-10,2024-06-10
in_000000310053,9900,1,0,0,0,0,0,0,0,0,2024-06-10,2024-06-10
in_000000168405,79900,1,0,0,0,0,0,0,0,0,2024-06-11,2024-06-11
in_000000192677,29900,1,0,0,0,0,0,0,0,0,2024-06-19,2024-06-19
in_000000111617,9900,1,0,0,0,0,0,0,0,0,2024-06-14,2024-06-14
in_000000101566,29900,1,0,0,0,0,0,0,0,0,2024-06-07,2024-06-07
in_000000023510,29900,1,0,0,0,0,0,0,0,0,2024-06-14,2024-06-14
in_000000093638,79900,1,0,0,0,0,0,0,0,0,2024-06-11,2024-06-11
in_000000170604,9900,1,0,0,0,0,0,0,0,0,2024-06-06,2024-06-06
in_000000218515,9900,1,0,0,0,0,0,0,0,0,2024-06-14,2024-06-14
in_000000273203,29900,1,0,0,0,0,0,0,0,0,2024-06-08,2024-06-08
in_000000263904,79900,1,0,0,0,0,0,0,0,0,2024-06-22,2024-06-22
in_000000074531,199900,1,0,0,0,0,0,0,0,0,2024-06-18,2024-06-18
in_000000157186,29900,1,0,0,0,0,0,0,0,0,2024-06-20,2024-06-20
in_000000272170,9900,1,0,0,0,0,0,0,0,0,2024-06-21,2024-06-21
in_000000193861,199900,1,0,0,0,0,0,0,0,0,2024-06-06,2024-06-06
in_000000032565,79900,1,0,0,0,0,0,0,0,0,2024-06-22,2024-06-22
in_000000209313,29900,1,0,0,0,0,0,0,0,0,2024-06-08,2024-06-08
in_000000084872,79900,1,0,0,0,0,0,0,0,0,2024-06-23,2024-06-23
in_000000237712,9900,1,0,0,0,0,0,0,0,0,2024-06-10,2024-06-10
in_000000009094,9900,1,0,0,0,0,0,0,0,0,2024-06-14,2024-06-14
in_000000195161,79900,1,0,0,0,0,0,0,0,0,2024-06-24,2024-06-24
in_000000069825,9900,1,0,0,0,0,0,0,0,0,2024-06-10,2024-06-10
in_000000103178,29900,1,0,0,0,0,0,0,0,0,2024-06-04,2024-06-04
in_000000205306,9900,1,0,0,0,0,0,0,0,0,2024-06-09,2024-06-09
in_000000157266,9900,1,0,0,0,0,0,0,0,0,2024-06-14,2024-06-14
in_000000060960,9900,1,0,0,0,0,0,0,0,0,2024-06-16,2024-06-16
in_000000029154,9900,1,0,0,0,0,0,0,0,0,2024-06-09,2024-06-09
in_000000100233,9900,1,0,0,0,0,0,0,0,0,2024-06-08,2024-06-08
in_000000173627,9900,1,0,0,0,0,0,0,0,0,2024-06-10,2024-06-10
in_000000274963,9900,1,0,0,0,0,0,0,0,0,2024-06-19,2024-06-19
in_000000254134,9900,1,0,0,0,0,0,0,0,0,2024-06-16,2024-06-16
in_000000003193,99000,1,0,0,0,0,0,0,0,0,2024-06-07,2024-06-07
in_000000300488,29900,1,0,0,0,0,0,0,0,0,2024-06-24,2024-06-24
in_000000015106,9900,1,0,0,0,0,0,0,0,0,2024-06-05,2024-06-05
in_000000294943,79900,1,0,0,0,0,0,0,0,0,2024-06-17,2024-06-17
in_000000249687,79900,1,0,0,0,0,0,0,0,0,2024-06-13,2024-06-13
in_000000157566,29900,1,0,0,0,0,0,0,0,0,2024-06-23,2024-06-23
in_000000057184,29900,1,0,0,0,0,0,0,0,0,2024-06-09,2024-06-09
in_000000307016,9900,1,0,0,0,0,0,0,0,0,2024-06-17,2024-06-17
in_000000071822,79900,1,0,0,0,0,0,0,0,0,2024-06-21,2024-06-21
in_000000226618,9900,1,0,0,0,0,0,0,0,0,2024-06-24,2024-06-24
in_000000184894,9900,1,0,0,0,0,0,0,0,0,2024-06-09,2024-06-09
in_000000162582,9900,1,0,0,0,0,0,0,0,0,2024-06-24,2024-06-24
in_000000094825,199900,1,0,0,0,0,0,0,0,0,2024-06-14,2024-06-14
in_000000053501,9900,1,0,0,0,0,0,0,0,0,2024-06-08,2024-06-08
in_000000175086,29900,1,0,0,0,0,0,0,0,0,2024-06-07,2024-06-07
in_000000254495,9900,1,0,0,0,0,0,0,0,0,2024-06-17,2024-06-17
in_000000141253,9900,1,0,0,0,0,0,0,0,0,2024-06-15,2024-06-15
in_000000144837,29900,1,0,0,0,0,0,0,0,0,2024-06-12,2024-06-12
in_000000298717,9900,1,0,0,0,0,0,0,0,0,2024-06-04,2024-06-04
in_000000099092,9900,1,0,0,0,0,0,0,0,0,2024-06-06,2024-06-06
in_000000059198,29900,1,0,0,0,0,0,0,0,0,2024-06-19,2024-06-19
in_000000192385,9900,1,0,0,0,0,0,0,0,0,2024-06-14,2024-06-14
in_000000246974,9900,1,0,0,0,0,0,0,0,0,2024-06-08,2024-06-08
in_000000043723,9900,1,0,0,0,0,0,0,0,0,2024-06-06,2024-06-06
in_000000233681,79900,1,0,0,0,0,0,0,0,0,2024-06-23,2024-06-23
in_000000272528,9900,1,0,0,0,0,0,0,0,0,2024-06-10,2024-06-10
in_000000238254,9900,1,0,0,0,0,0,0,0,0,2024-06-15,2024-06-15
in_000000285808,28405,1,0,0,1,0,0,0,0,0,2024-06-10,2024-06-10
in_000000231169,9900,1,0,0,0,0,0,0,0,0,2024-06-14,2024-06-14
in_000000039925,99000,1,0,0,0,0,0,0,0,0,2024-06-11,2024-06-11
in_000000179901,29900,1,0,0,0,0,0,0,0,0,2024-06-20,2024-06-20
in_000000067878,9900,1,0,0,0,0,0,0,0,0,2024-06-09,2024-06-09
in_000000140788,29900,1,0,0,0,0,0,0,0,0,2024-06-19,2024-06-19
in_000000110424,9900,1,0,0,0,0,0,0,0,0,2024-06-11,2024-06-11
in_000000086457,9900,1,0,0,0,0,0,0,0,0,2024-06-25,2024-06-25
in_000000299878,79900,1,0,0,0,0,0,0,0,0,2024-06-04,2024-06-04
in_000000196442,29900,1,0,0,0,0,0,0,0,0,2024-06-19,2024-06-19
in_000000188551,79900,1,0,0,0,0,0,0,0,0,2024-06-18,2024-06-18
in_000000237688,9900,1,0,0,0,0,0,0,0,0,2024-06-15,2024-06-15
in_000000074559,29900,1,0,0,0,0,0,0,0,0,2024-06-04,2024-06-04
in_000000003002,199900,1,0,0,0,0,0,0,0,0,2024-06-19,2024-06-19
in_000000158562,79900,1,0,0,0,0,0,0,0,0,2024-06-08,2024-06-08
in_000000107692,9900,1,0,0,0,0,0,0,0,0,2024-06-05,2024-06-05
in_000000277199,29900,1,0,0,0,0,0,0,0,0,2024-06-16,2024-06-16
in_000000242500,9900,1,0,0,0,0,0,0,0,0,2024-06-16,2024-06-16
in_000000307735,9900,1,0,0,0,0,0,0,0,0,2024-06-22,2024-06-22
in_000000057210,9900,1,0,0,0,0,0,0,0,0,2024-06-15,2024-06-15
in_000000227980,9900,1,0,0,0,0,0,0,0,0,2024-06-24,2024-06-24
in_000000238431,29900,1,0,0,0,0,0,0,0,0,2024-06-20,2024-06-20
in_000000170464,79900,1,0,0,0,0,0,0,0,0,2024-06-20,2024-06-20
in_000000264442,9900,1,0,0,0,0,0,0,0,0,2024-06-10,2024-06-10
in_000000111317,9900,1,0,0,0,0,0,0,0,0,2024-06-23,2024-06-23
in_000000125111,29900,1,0,0,0,0,0,0,0,0,2024-06-04,2024-06-04
in_000000162565,29900,1,0,0,0,0,0,0,0,0,2024-06-20,2024-06-20
in_000000098649,29900,1,0,0,0,0,0,0,0,0,2024-06-15,2024-06-15
in_000000125163,79900,1,0,0,0,0,0,0,0,0,2024-06-21,2024-06-21
in_000000047042,9900,1,0,0,0,0,0,0,0,0,2024-06-13,2024-06-13
in_000000310287,9900,1,0,0,0,0,0,0,0,0,2024-06-14,2024-06-14
in_000000002389,29900,1,0,0,0,0,0,0,0,0,2024-06-19,2024-06-19
in_000000019326,29900,1,0,0,0,0,0,0,0,0,2024-06-04,2024-06-04
in_000000241419,299000,1,0,0,0,0,0,0,0,0,2024-06-21,2024-06-21
in_000000003497,79900,1,0,0,0,0,0,0,0,0,2024-06-08,2024-06-08
in_000000216731,9900,1,0,0,0,0,0,0,0,0,2024-06-19,2024-06-19
in_000000319915,9900,1,0,0,0,0,0,0,0,0,2024-06-19,2024-06-19
in_000000175426,29900,1,0,0,0,0,0,0,0,0,2024-06-22,2024-06-22
in_000000165897,29900,1,0,0,0,0,0,0,0,0,2024-06-07,2024-06-07
in_000000282193,9900,1,0,0,0,0,0,0,0,0,2024-06-14,2024-06-14
in_000000320948,29900,1,0,0,0,0,0,0,0,0,2024-06-13,2024-06-13
in_000000038521,79900,1,0,0,0,0,0,0,0,0,2024-06-20,2024-06-20
in_000000016460,9900,1,0,0,0,0,0,0,0,0,2024-06-05,2024-06-05
in_000000051148,9900,1,0,0,0,0,0,0,0,0,2024-06-16,2024-06-16
in_000000027166,9900,1,0,0,0,0,0,0,0,0,2024-06-07,2024-06-07
in_000000059128,9900,1,0,0,0,0,0,0,0,0,2024-07-03,2024-07-03
in_000000267647,79900,1,0,0,0,0,0,0,0,0,2024-06-08,2024-06-08
in_000000258247,29900,1,0,0,0,0,0,0,0,0,2024-06-05,2024-06-05
in_000000305181,29900,1,0,0,0,0,0,0,0,0,2024-06-12,2024-06-12
in_000000249845,9900,1,0,0,0,0,0,0,0,0,2024-06-03,2024-06-03
in_000000134833,79900,1,0,0,0,0,0,0,0,0,2024-06-10,2024-06-10
in_000000085888,9900,1,0,0,0,0,0,0,0,0,2024-06-08,2024-06-08
in_000000024194,79900,1,0,0,0,0,0,0,0,0,2024-06-20,2024-06-20
in_000000217496,9900,1,0,0,0,0,0,0,0,0,2024-06-09,2024-06-09
in_000000032853,29900,1,0,0,0,0,0,0,0,0,2024-06-12,2024-06-12
in_000000194510,29900,1,0,0,0,0,0,0,0,0,2024-06-14,2024-06-14
in_000000038565,199900,1,0,0,0,0,0,0,0,0,2024-06-22,2024-06-22
in_000000169943,9900,1,0,0,0,0,0,0,0,0,2024-06-10,2024-06-10
in_000000050346,79900,1,0,0,0,0,0,0,0,0,2024-06-20,2024-06-20
in_000000070035,9900,1,0,0,0,0,0,0,0,0,2024-06-23,2024-06-23
in_000000307398,29900,1,0,0,0,0,0,0,0,0,2024-06-13,2024-06-13
in_000000240695,9900,1,0,0,0,0,0,0,0,0,2024-06-09,2024-06-09
in_000000183041,9900,1,0,0,0,0,0,0,0,0,2024-06-18,2024-06-18
in_000000244050,9900,1,0,0,0,0,0,0,0,0,2024-06-07,2024-06-07
in_000000042398,9900,1,0,0,0,0,0,0,0,0,2024-06-07,2024-06-07
in_000000275101,29900,1,0,0,0,0,0,0,0,0,2024-06-25,2024-06-25
in_000000044655,99000,1,0,0,0,0,0,0,0,0,2024-06-15,2024-06-15
in_000000055838,9900,1,0,0,0,0,0,0,0,0,2024-06-15,2024-06-15
in_000000074976,9900,1,0,0,0,0,0,0,0,0,2024-06-04,2024-06-04
in_000000225079,9900,1,0,0,0,0,0,0,0,0,2024-06-10,2024-06-10
in_000000187197,99000,1,0,0,0,0,0,0,0,0,2024-06-10,2024-06-10
in_000000133265,9900,1,0,0,0,0,0,0,0,0,2024-06-13,2024-06-13
in_000000100992,199900,1,0,0,0,0,0,0,0,0,2024-06-21,2024-06-21
in_000000088414,9900,1,0,0,0,0,0,0,0,0,2024-06-18,2024-06-18
in_000000226812,79900,1,0,0,0,0,0,0,0,0,2024-06-20,2024-06-20
in_000000014179,29900,1,0,0,0,0,0,0,0,0,2024-06-22,2024-06-22
in_000000286895,199900,1,0,0,0,0,0,0,0,0,2024-06-11,2024-06-11
in_000000079093,79900,1,0,0,0,0,0,0,0,0,2024-06-19,2024-06-19
in_000000077095,9900,1,0,0,0,0,0,0,0,0,2024-06-13,2024-06-13
in_000000298579,9900,1,0,0,0,0,0,0,0,0,2024-06-19,2024-06-19
in_000000172913,79900,1,0,0,0,0,0,0,0,0,2024-06-16,2024-06-16
in_000000052199,29900,1,0,0,0,0,0,0,0,0,2024-06-08,2024-06-08
in_000000319077,9900,1,0,0,0,0,0,0,0,0,2024-06-24,2024-06-24
in_000000304736,29900,1,0,0,0,0,0,0,0,0,2024-06-04,2024-06-04
in_000000145056,9900,1,0,0,0,0,0,0,0,0,2024-06-06,2024-06-06
in_000000289436,9900,1,0,0,0,0,0,0,0,0,2024-06-20,2024-06-20
in_000000191380,29900,1,0,0,0,0,0,0,0,0,2024-06-06,2024-06-06
in_000000058674,8415,1,0,0,1,0,0,0,0,0,2024-06-06,2024-06-06
in_000000104217,79900,1,0,0,0,0,0,0,0,0,2024-06-09,2024-06-09
in_000000300176,29900,1,0,0,0,0,0,0,0,0,2024-06-13,2024-06-13
in_000000060134,299000,1,0,0,0,0,0,0,0,0,2024-06-16,2024-06-16
in_000000073035,29900,1,0,0,0,0,0,0,0,0,2024-06-18,2024-06-18
in_000000120179,29900,1,0,0,0,0,0,0,0,0,2024-06-18,2024-06-18
in_000000015292,9900,1,0,0,0,0,0,0,0,0,2024-06-04,2024-06-04
in_000000160366,79900,1,0,0,0,0,0,0,0,0,2024-06-18,2024-06-18
in_000000184315,9900,1,0,0,0,0,0,0,0,0,2024-06-10,2024-06-10
in_000000274000,29900,1,0,0,0,0,0,0,0,0,2024-06-23,2024-06-23
in_000000205089,199900,1,0,0,0,0,0,0,0,0,2024-06-19,2024-06-19
in_000000319041,9900,1,0,0,0,0,0,0,0,0,2024-06-14,2024-06-14
in_000000050638,9900,1,0,0,0,0,0,0,0,0,2024-06-07,2024-06-07
in_000000021882,9900,1,0,0,0,0,0,0,0,0,2024-06-11,2024-06-11
in_000000209354,29900,1,0,0,0,0,0,0,0,0,2024-06-18,2024-06-18
in_000000250523,29900,1,0,0,0,0,0,0,0,0,2024-06-25,2024-06-25
in_000000306878,79900,1,0,0,0,0,0,0,0,0,2024-06-22,2024-06-22
in_000000307550,29900,1,0,0,0,0,0,0,0,0,2024-06-20,2024-06-20
in_000000226227,9900,1,0,0,0,0,0,0,0,0,2024-06-24,2024-06-24
in_000000023632,9900,1,0,0,0,0,0,0,0,0,2024-06-11,2024-06-11
in_000000253810,29900,1,0,0,0,0,0,0,0,0,2024-06-22,2024-06-22
in_000000173839,9900,1,0,0,0,0,0,0,0,0,2024-06-10,2024-06-10
in_000000205029,9900,1,0,0,0,0,0,0,0,0,2024-06-12,2024-06-12
in_000000152947,29900,1,0,0,0,0,0,0,0,0,2024-06-08,2024-06-08
in_000000311841,299000,1,0,0,0,0,0,0,0,0,2024-06-20,2024-06-20
in_000000314965,29900,1,0,0,0,0,0,0,0,0,2024-06-24,2024-06-24
in_000000212693,29900,1,0,0,0,0,0,0,0,0,2024-06-06,2024-06-06
in_000000275963,9900,1,0,0,0,0,0,0,0,0,2024-06-15,2024-06-15
in_000000177851,29900,1,0,0,0,0,0,0,0,0,2024-06-17,2024-06-17
in_000000071585,9900,1,0,0,0,0,0,0,0,0,2024-06-22,2024-06-22
in_000000076133,9900,1,0,0,0,0,0,0,0,0,2024-06-16,2024-06-16
in_000000155040,29900,1,0,0,0,0,0,0,0,0,2024-06-18,2024-06-18
in_000000047903,9900,1,0,0,0,0,0,0,0,0,2024-06-05,2024-06-05
in_000000207671,8415,1,0,0,1,0,0,0,0,0,2024-06-05,2024-06-05
in_000000129992,29900,1,0,0,0,0,0,0,0,0,2024-06-12,2024-06-12
in_000000209030,9900,1,0,0,0,0,0,0,0,0,2024-06-11,2024-06-11
in_000000151122,9900,1,0,0,0,0,0,0,0,0,2024-06-03,2024-06-03
in_000000050847,9900,1,0,0,0,0,0,0,0,0,2024-06-21,2024-06-21
in_000000265221,29900,1,0,0,0,0,0,0,0,0,2024-06-14,2024-06-14
in_000000308124,9900,1,0,0,0,0,0,0,0,0,2024-06-16,2024-06-16
in_000000119802,9900,1,0,0,0,0,0,0,0,0,2024-06-11,2024-06-11
in_000000270275,299000,1,0,0,0,0,0,0,0,0,2024-06-20,2024-06-20
in_000000178316,9900,1,0,0,0,0,0,0,0,0,2024-06-10,2024-06-10
in_000000191856,29900,1,0,0,0,0,0,0,0,0,2024-06-23,2024-06-23
in_000000257979,9900,1,0,0,0,0,0,0,0,0,2024-06-09,2024-06-09
in_000000159719,9900,1,0,0,0,0,0,0,0,0,2024-06-16,2024-06-16
in_000000190398,99000,1,0,0,0,0,0,0,0,0,2024-06-07,2024-06-07
in_000000237039,9900,1,0,0,0,0,0,0,0,0,2024-06-20,2024-06-20
in_000000003113,9900,1,0,0,0,0,0,0,0,0,2024-06-06,2024-06-06
in_000000134721,29900,1,0,0,0,0,0,0,0,0,2024-06-21,2024-06-21
in_000000276707,199900,1,0,0,0,0,0,0,0,0,2024-06-08,2024-06-08
in_000000194750,9900,1,0,0,0,0,0,0,0,0,2024-06-15,2024-06-15
in_000000125750,29900,1,0,0,0,0,0,0,0,0,2024-06-15,2024-06-15
in_000000059856,79900,1,0,0,0,0,0,0,0,0,2024-06-15,2024-06-15
in_000000041935,9900,1,0,0,0,0,0,0,0,0,2024-06-17,2024-06-17
in_000000225300,29900,1,0,0,0,0,0,0,0,0,2024-06-16,2024-06-16
in_000000032256,29900,1,0,0,0,0,0,0,0,0,2024-06-17,2024-06-17
in_000000110489,9900,1,0,0,0,0,0,0,0,0,2024-06-11,2024-06-11
in_000000208677,9900,1,0,0,0,0,0,0,0,0,2024-06-17,2024-06-17
in_000000307426,79900,1,0,0,0,0,0,0,0,0,2024-06-05,2024-06-05
in_000000240463,9900,1,0,0,0,0,0,0,0,0,2024-06-23,2024-06-23
in_000000244824,9900,1,0,0,0,0,0,0,0,0,2024-06-23,2024-06-23
in_000000154701,9900,1,0,0,0,0,0,0,0,0,2024-06-16,2024-06-16
in_000000231375,9900,1,0,0,0,0,0,0,0,0,2024-06-17,2024-06-17
in_000000067722,29900,1,0,0,0,0,0,0,0,0,2024-06-23,2024-06-23
in_000000238329,29900,1,0,0,0,0,0,0,0,0,2024-06-25,2024-06-25
in_000000300982,9900,1,0,0,0,0,0,0,0,0,2024-06-26,2024-06-26
in_000000209109,9900,1,0,0,0,0,0,0,0,0,2024-06-21,2024-06-21
in_000000311319,29900,1,0,0,0,0,0,0,0,0,2024-06-24,2024-06-24
in_000000268864,29900,1,0,0,0,0,0,0,0,0,2024-06-18,2024-06-18
in_000000232845,9900,1,0,0,0,0,0,0,0,0,2024-06-18,2024-06-18
in_000000239489,9900,1,0,0,0,0,0,0,0,0,2024-06-11,2024-06-11
in_000000055218,9900,1,0,0,0,0,0,0,0,0,2024-06-05,2024-06-05
in_000000159041,9900,1,0,0,0,0,0,0,0,0,2024-06-16,2024-06-16
in_000000108328,79900,1,0,0,0,0,0,0,0,0,2024-06-17,2024-06-17
in_000000193463,9900,1,0,0,0,0,0,0,0,0,2024-06-05,2024-06-05
in_000000070003,79900,1,0,0,0,0,0,0,0,0,2024-06-20,2024-06-20
in_000000235456,1999000,1,0,0,0,0,0,0,0,0,2024-06-23,2024-06-23
in_000000122053,9900,1,0,0,0,0,0,0,0,0,2024-06-14,2024-06-14
in_000000217145,9900,1,0,0,0,0,0,0,0,0,2024-06-10,2024-06-10
in_000000222233,79900,1,0,0,0,0,0,0,0,0,2024-06-24,2024-06-24
in_000000114946,79900,1,0,0,0,0,0,0,0,0,2024-06-08,2024-06-08
in_000000092635,9900,1,0,0,0,0,0,0,0,0,2024-06-13,2024-06-13
in_000000113533,29900,1,0,0,0,0,0,0,0,0,2024-06-17,2024-06-17
in_000000226486,79900,1,0,0,0,0,0,0,0,0,2024-06-09,2024-06-09
in_000000313917,9900,1,0,0,0,0,0,0,0,0,2024-06-21,2024-06-21
in_000000063815,9900,1,0,0,0,0,0,0,0,0,2024-06-12,2024-06-12
in_000000018150,9900,1,0,0,0,0,0,0,0,0,2024-06-15,2024-06-15
in_000000164726,199900,1,0,0,0,0,0,0,0,0,2024-06-23,2024-06-23
in_000000285130,29900,1,0,0,0,0,0,0,0,0,2024-06-07,2024-06-07
in_000000280048,79900,1,0,0,0,0,0,0,0,0,2024-06-05,2024-06-05
in_000000053058,9900,1,0,0,0,0,0,0,0,0,2024-06-15,2024-06-15
in_000000178881,9900,1,0,0,0,0,0,0,0,0,2024-06-20,2024-06-20
in_000000270145,9900,1,0,0,0,0,0,0,0,0,2024-06-14,2024-06-14
in_000000084260,199900,1,0,0,0,0,0,0,0,0,2024-06-18,2024-06-18
in_000000155455,9900,1,0,0,0,0,0,0,0,0,2024-06-06,2024-06-06
in_000000310910,199900,1,0,0,0,0,0,0,0,0,2024-06-16,2024-06-16
in_000000318334,79900,1,0,0,0,0,0,0,0,0,2024-06-25,2024-06-25
in_000000298411,9900,1,0,0,0,0,0,0,0,0,2024-06-05,2024-06-05
in_000000255333,199900,1,0,0,0,0,0,0,0,0,2024-06-15,2024-06-15
in_000000190190,29900,1,0,0,0,0,0,0,0,0,2024-06-07,2024-06-07
in_000000281992,29900,1,0,0,0,0,0,0,0,0,2024-06-17,2024-06-17
in_000000249922,9900,1,0,0,0,0,0,0,0,0,2024-06-07,2024-06-07
in_000000275226,9900,1,0,0,0,0,0,0,0,0,2024-06-07,2024-06-07
in_000000150212,79900,1,0,0,0,0,0,0,0,0,2024-06-26,2024-06-26
in_000000122663,79900,1,0,0,0,0,0,0,0,0,2024-06-12,2024-06-12
in_000000240720,29900,1,0,0,0,0,1,1,0,0,2024-06-22,2024-06-22
in_000000253987,9900,1,0,0,0,0,0,0,0,0,2024-06-23,2024-06-23
in_000000024653,9900,1,0,0,0,0,0,0,0,0,2024-06-07,2024-06-07
in_000000044253,79900,1,0,0,0,0,0,0,0,0,2024-06-25,2024-06-25
in_000000164984,29900,1,0,0,0,0,0,0,0,0,2024-06-09,2024-06-09
in_000000093366,29900,1,0,0,0,0,0,0,0,0,2024-06-23,2024-06-23
in_000000068352,9900,1,0,0,0,0,0,0,0,0,2024-06-17,2024-06-17
in_000000183620,29900,1,0,0,0,0,0,0,0,0,2024-06-11,2024-06-11
in_000000175761,199900,1,0,0,0,0,0,0,0,0,2024-06-08,2024-06-08
in_000000283549,29900,1,0,0,0,0,0,0,0,0,2024-06-18,2024-06-18
in_000000057835,79900,1,0,0,0,0,0,0,0,0,2024-06-12,2024-06-12
in_000000079286,29900,1,0,0,0,0,0,0,0,0,2024-06-23,2024-06-23
in_000000126592,29900,1,0,0,0,0,0,0,0,0,2024-06-15,2024-06-15
in_000000057754,119940,1,0,0,0,1,1,0,0,0,2024-06-18,2024-06-18
in_000000106146,29900,1,0,0,0,0,0,0,0,0,2024-06-11,2024-06-11
in_000000314633,9900,1,0,0,0,0,0,0,0,0,2024-06-07,2024-06-07
in_000000034316,29900,1,0,0,0,0,0,0,0,0,2024-06-16,2024-06-16
in_000000219593,9900,1,0,0,0,0,0,0,0,0,2024-06-18,2024-06-18
in_000000057497,29900,1,0,0,0,0,0,0,0,0,2024-06-14,2024-06-14
in_000000320334,9900,1,0,0,0,0,0,0,0,0,2024-06-06,2024-06-06
in_000000027085,9900,1,0,0,0,0,0,0,0,0,2024-06-26,2024-06-26
in_000000010935,9900,1,0,0,0,0,0,0,0,0,2024-06-23,2024-06-23
in_000000111397,79900,1,0,0,0,0,0,0,0,0,2024-06-14,2024-06-14
in_000000286315,9900,1,0,0,0,0,0,0,0,0,2024-06-16,2024-06-16
in_000000164843,799000,1,0,0,0,0,0,0,0,0,2024-06-08,2024-06-08
in_000000156475,9900,1,0,0,0,0,0,0,0,0,2024-06-12,2024-06-12
in_000000004116,79900,1,0,0,0,0,0,0,0,0,2024-06-11,2024-06-11
in_000000232791,29900,1,0,0,0,0,0,0,0,0,2024-06-15,2024-06-15
in_000000034805,9900,1,0,0,0,0,0,0,0,0,2024-06-25,2024-06-25
in_000000191154,179910,1,0,0,1,0,0,0,0,0,2024-06-09,2024-06-09
in_000000129180,79900,1,0,0,0,0,0,0,0,0,2024-06-14,2024-06-14
in_000000313053,29900,1,0,0,0,0,0,0,0,0,2024-06-22,2024-06-22
in_000000306522,29900,1,0,0,0,0,0,0,0,0,2024-06-09,2024-06-09
in_000000104782,9900,1,0,0,0,0,0,0,0,0,2024-06-13,2024-06-13
in_000000201145,29900,1,0,0,0,0,0,0,0,0,2024-06-09,2024-06-09
in_000000310083,79900,1,0,0,0,0,0,0,0,0,2024-06-19,2024-06-19
in_000000122382,29900,1,0,0,0,0,0,0,0,0,2024-06-18,2024-06-18
in_000000030171,9900,1,0,0,0,0,0,0,0,0,2024-06-07,2024-06-07
in_000000151015,79900,1,0,0,0,0,0,0,0,0,2024-06-07,2024-06-07
in_000000079958,9900,1,0,0,0,0,0,0,0,0,2024-06-21,2024-06-21
in_000000223110,29900,1,0,0,0,0,0,0,0,0,2024-06-16,2024-06-16
in_000000192968,29900,1,0,0,0,0,0,0,0,0,2024-06-19,2024-06-19
in_000000275776,9900,1,0,0,0,0,0,0,0,0,2024-06-22,2024-06-22
in_000000130079,199900,1,0,0,0,0,0,0,0,0,2024-06-10,2024-06-10
in_000000181458,9900,1,0,0,0,0,0,0,0,0,2024-06-19,2024-06-19
in_000000062135,29900,1,0,0,0,0,0,0,0,0,2024-06-07,2024-06-07
in_000000078864,9900,1,0,0,0,0,0,0,0,0,2024-06-10,2024-06-10
in_000000053426,9900,1,0,0,0,0,0,0,0,0,2024-06-11,2024-06-11
in_000000175563,29900,1,0,0,0,0,0,0,0,0,2024-06-26,2024-06-26
in_000000176050,29900,1,0,0,0,0,0,0,0,0,2024-06-20,2024-06-20
in_000000035474,9900,1,0,0,0,0,0,0,0,0,2024-06-06,2024-06-06
in_000000087039,9900,1,0,0,0,0,0,0,0,0,2024-06-16,2024-06-16
in_000000181101,9900,1,0,0,0,0,0,0,0,0,2024-06-09,2024-06-09
in_000000196546,9900,1,0,0,0,0,0,0,0,0,2024-06-13,2024-06-13
in_000000063645,29900,1,0,0,0,0,0,0,0,0,2024-06-17,2024-06-17
in_000000149135,9900,1,0,0,0,0,0,0,0,0,2024-06-11,2024-06-11
in_000000286885,9900,1,0,0,0,0,0,0,0,0,2024-06-06,2024-06-06
in_000000139573,79900,1,0,0,0,0,0,0,0,0,2024-06-23,2024-06-23
in_000000301824,8415,1,0,0,1,0,0,0,0,0,2024-06-16,2024-06-16
in_000000274591,29900,1,0,0,0,0,0,0,0,0,2024-06-21,2024-06-21
in_000000063935,79900,1,0,0,0,0,0,0,0,0,2024-06-10,2024-06-10
in_000000205001,9900,1,0,0,0,0,0,0,0,0,2024-06-09,2024-06-09
in_000000135500,9900,1,0,0,0,0,0,0,0,0,2024-06-05,2024-06-05
in_000000035563,29900,1,0,0,0,0,0,0,0,0,2024-06-24,2024-06-24
in_000000314344,79900,1,0,0,0,0,0,0,0,0,2024-06-21,2024-06-21
in_000000082154,799000,1,0,0,0,0,0,0,0,0,2024-06-16,2024-06-16
in_000000242635,79900,1,0,0,0,0,0,0,0,0,2024-06-10,2024-06-10
in_000000269259,29900,1,0,0,0,0,0,0,0,0,2024-06-19,2024-06-19
in_000000049243,29900,1,0,0,0,0,0,0,0,0,2024-06-24,2024-06-24
in_000000176889,9900,1,0,0,0,0,0,0,0,0,2024-06-12,2024-06-12
in_000000096964,9900,1,0,0,0,0,0,0,0,0,2024-06-11,2024-06-11
in_000000008188,29900,1,0,0,0,0,0,0,0,0,2024-06-18,2024-06-18
in_000000254342,9900,1,0,0,0,0,0,0,0,0,2024-06-13,2024-06-13
in_000000181086,9900,1,0,0,0,0,0,0,0,0,2024-06-13,2024-06-13
in_000000225469,9900,1,0,0,0,0,0,0,0,0,2024-06-18,2024-06-18
in_000000268694,29900,1,0,0,0,0,0,0,0,0,2024-06-17,2024-06-17
in_000000143421,9900,1,0,0,0,0,0,0,0,0,2024-06-11,2024-06-11
in_000000051433,79900,1,0,0,0,0,0,0,0,0,2024-06-12,2024-06-12
in_000000231115,99000,1,0,0,0,0,0,0,0,0,2024-06-15,2024-06-15
in_000000084087,9900,1,0,0,0,0,0,0,0,0,2024-06-14,2024-06-14
in_000000130687,79900,1,0,0,0,0,0,0,0,0,2024-06-22,2024-06-22
in_000000196606,9900,1,0,0,0,0,0,0,0,0,2024-06-22,2024-06-22
in_000000258400,9900,1,0,0,0,0,0,0,0,0,2024-06-09,2024-06-09
in_000000088565,29900,1,0,0,0,0,0,0,0,0,2024-06-07,2024-06-07
in_000000116871,9900,1,0,0,0,0,0,0,0,0,2024-06-10,2024-06-10
in_000000271613,29900,1,0,0,0,0,0,0,0,0,2024-06-04,2024-06-04
in_000000086286,199900,1,0,0,0,0,0,0,0,0,2024-06-18,2024-06-18
in_000000317800,9900,1,0,0,0,0,0,0,0,0,2024-06-19,2024-06-19
in_000000173714,79900,1,0,0,0,0,0,0,0,0,2024-06-13,2024-06-13
in_000000107786,9900,1,0,0,0,0,0,0,0,0,2024-06-17,2024-06-17
in_000000141309,79900,1,0,0,0,0,0,0,0,0,2024-06-06,2024-06-06
in_000000103991,9900,1,0,0,0,0,0,0,0,0,2024-06-04,2024-06-04
in_000000172137,79900,1,0,0,0,0,0,0,0,0,2024-06-05,2024-06-05
in_000000223065,79900,1,0,0,0,0,0,0,0,0,2024-06-18,2024-06-18
in_000000114827,29900,1,0,0,0,0,0,0,0,0,2024-06-09,2024-06-09
in_000000172875,199900,1,0,0,0,0,0,0,0,0,2024-06-03,2024-06-03
in_000000093836,79900,1,0,0,0,0,0,0,0,0,2024-06-12,2024-06-12
in_000000106526,29900,1,0,0,0,0,0,0,0,0,2024-06-24,2024-06-24
in_000000062355,29900,1,0,0,0,0,0,0,0,0,2024-06-22,2024-06-22
in_000000318067,29900,1,0,0,0,0,0,0,0,0,2024-06-22,2024-06-22
in_000000149946,199900,1,0,0,0,0,0,0,0,0,2024-06-13,2024-06-13
in_000000234674,199900,1,0,0,0,0,0,0,0,0,2024-06-13,2024-06-13
in_000000272659,29900,1,0,0,0,0,0,0,0,0,2024-06-19,2024-06-19
in_000000149809,29900,1,0,0,0,0,0,0,0,0,2024-06-22,2024-06-22
in_000000159530,9900,1,0,0,0,0,0,0,0,0,2024-06-18,2024-06-18
in_000000036657,9900,1,0,0,0,0,0,0,0,0,2024-06-10,2024-06-10
in_000000138388,79900,1,0,0,0,0,0,0,0,0,2024-06-18,2024-06-18
in_000000160912,29900,1,0,0,0,0,0,0,0,0,2024-06-08,2024-06-08
in_000000240345,9900,1,0,0,0,0,0,0,0,0,2024-06-08,2024-06-08
in_000000117320,9900,1,0,0,0,0,0,0,0,0,2024-06-09,2024-06-09
in_000000032771,29900,1,0,0,0,0,0,0,0,0,2024-06-08,2024-06-08
in_000000057791,9900,1,0,0,0,0,0,0,0,0,2024-06-17,2024-06-17
in_000000244132,9900,1,0,0,0,0,0,0,0,0,2024-06-06,2024-06-06
in_000000273673,9900,1,0,0,0,0,0,0,0,0,2024-06-12,2024-06-12
in_000000103059,9900,1,0,0,0,0,0,0,0,0,2024-06-15,2024-06-15
in_000000041637,9900,1,0,0,0,0,0,0,0,0,2024-06-10,2024-06-10
in_000000222687,9400,1,0,0,1,0,0,0,0,0,2024-06-15,2024-06-15
in_000000095655,9900,1,0,0,0,0,0,0,0,0,2024-06-09,2024-06-09
in_000000166824,199900,1,0,0,0,0,0,0,0,0,2024-06-05,2024-06-05
in_000000125807,9900,1,0,0,0,0,0,0,0,0,2024-06-17,2024-06-17
in_000000057732,9900,1,0,0,0,0,0,0,0,0,2024-06-16,2024-06-16
in_000000106064,29900,1,0,0,0,0,0,0,0,0,2024-06-11,2024-06-11
in_000000315561,79900,1,0,0,0,0,0,0,0,0,2024-06-05,2024-06-05
in_000000207122,79900,1,0,0,0,0,0,0,0,0,2024-06-22,2024-06-22
in_000000295698,29900,1,0,0,0,0,0,0,0,0,2024-06-21,2024-06-21
in_000000293634,9900,1,0,0,0,0,0,0,0,0,2024-06-11,2024-06-11
in_000000235616,9900,1,0,0,0,0,0,0,0,0,2024-06-06,2024-06-06
in_000000073076,29900,1,0,0,0,0,0,0,0,0,2024-06-06,2024-06-06
in_000000319224,29900,1,0,0,0,0,0,0,0,0,2024-06-10,2024-06-10
in_000000314915,29900,1,0,0,0,0,0,0,0,0,2024-06-07,2024-06-07
in_000000303227,29900,1,0,0,0,0,0,0,0,0,2024-06-08,2024-06-08
in_000000273648,29900,1,0,0,0,0,0,0,0,0,2024-06-19,2024-06-19
in_000000036333,9900,1,0,0,0,0,0,0,0,0,2024-06-07,2024-06-07
in_000000302482,9900,1,0,0,0,0,0,0,0,0,2024-06-25,2024-06-25
in_000000033102,29900,1,0,0,0,0,0,0,0,0,2024-06-16,2024-06-16
in_000000091751,9900,1,0,0,0,0,0,0,0,0,2024-06-09,2024-06-09
in_000000058133,9900,1,0,0,0,0,0,0,0,0,2024-06-21,2024-06-21
in_000000201433,29900,1,0,0,0,0,0,0,0,0,2024-06-18,2024-06-18
in_000000033156,9900,1,0,0,0,0,0,0,0,0,2024-06-15,2024-06-15
in_000000173068,79900,1,0,0,0,0,0,0,0,0,2024-06-17,2024-06-17
in_000000316997,9900,1,0,0,0,0,0,0,0,0,2024-06-15,2024-06-15
in_000000030032,29900,1,0,0,0,0,0,0,0,0,2024-06-12,2024-06-12
in_000000068159,29900,1,0,0,0,0,0,0,0,0,2024-06-20,2024-06-20
in_000000024317,9900,1,0,0,0,0,0,0,0,0,2024-06-06,2024-06-06
in_000000315092,7425,1,0,0,1,0,0,0,0,0,2024-06-06,2024-06-06
in_000000118769,29900,1,0,0,0,0,0,0,0,0,2024-06-09,2024-06-09
in_000000140772,199900,1,0,0,0,0,0,0,0,0,2024-06-11,2024-06-11
in_000000122825,199900,1,0,0,0,0,0,0,0,0,2024-06-22,2024-06-22
in_000000172715,9900,1,0,0,0,0,0,0,0,0,2024-06-07,2024-06-07
in_000000285761,8415,1,0,0,1,0,0,0,0,0,2024-06-17,2024-06-17
in_000000071105,29900,1,0,0,0,0,0,0,0,0,2024-06-23,2024-06-23
in_000000176504,79900,1,0,0,0,0,0,0,0,0,2024-06-05,2024-06-05
in_000000140896,199900,1,0,0,0,0,0,0,0,0,2024-06-13,2024-06-13
in_000000241006,199900,1,0,0,0,0,0,0,0,0,2024-06-06,2024-06-06
in_000000253038,9900,1,0,0,0,0,0,0,0,0,2024-06-07,2024-06-07
in_000000310614,7920,1,0,0,1,0,0,0,0,0,2024-06-23,2024-06-23
in_000000190111,9900,1,0,0,0,0,0,0,0,0,2024-06-23,2024-06-23
in_000000153058,9900,1,0,0,0,0,0,0,0,0,2024-06-08,2024-06-08
in_000000190226,79900,1,0,0,0,0,0,0,0,0,2024-06-11,2024-06-11
in_000000076199,9900,1,0,0,0,0,0,0,0,0,2024-06-21,2024-06-21
in_000000239062,9900,1,0,0,0,0,0,0,0,0,2024-06-24,2024-06-24
in_000000177153,9900,1,0,0,0,0,0,0,0,0,2024-06-03,2024-06-03
in_000000208688,74250,1,0,0,1,0,0,0,0,0,2024-06-05,2024-06-05
in_000000217550,29900,1,0,0,0,0,0,0,0,0,2024-06-16,2024-06-16
in_000000296242,9900,1,0,0,0,0,0,0,0,0,2024-06-13,2024-06-13
in_000000265703,29900,1,0,0,0,0,0,0,0,0,2024-06-07,2024-06-07
in_000000027342,9900,1,0,0,0,0,0,0,0,0,2024-06-06,2024-06-06
in_000000017385,79900,1,0,0,0,0,0,0,0,0,2024-06-08,2024-06-08
in_000000117068,29900,1,0,0,0,0,0,0,0,0,2024-06-11,2024-06-11
in_000000309451,29900,1,0,0,0,0,0,0,0,0,2024-06-20,2024-06-20
in_000000255621,9900,1,0,0,0,0,0,0,0,0,2024-06-14,2024-06-14
in_000000016442,79900,1,0,0,0,0,0,0,0,0,2024-06-04,2024-06-04
in_000000214150,9900,1,0,0,0,0,0,0,0,0,2024-06-05,2024-06-05
in_000000092698,79900,1,0,0,0,0,0,0,0,0,2024-06-08,2024-06-08
in_000000155968,299000,1,0,0,0,0,0,0,0,0,2024-06-23,2024-06-23
in_000000242069,9900,1,0,0,0,0,0,0,0,0,2024-06-16,2024-06-16
in_000000193559,29900,1,0,0,0,0,0,0,0,0,2024-06-08,2024-06-08
in_000000074607,79900,1,0,0,0,0,0,0,0,0,2024-06-07,2024-06-07
in_000000005672,79900,1,0,0,0,0,0,0,0,0,2024-06-08,2024-06-08
in_000000118691,79900,1,0,0,0,0,0,0,0,0,2024-06-04,2024-06-04
in_000000314290,199900,1,0,0,0,0,0,0,0,0,2024-06-22,2024-06-22
in_000000071368,199900,1,0,0,0,0,0,0,0,0,2024-06-12,2024-06-12
in_000000190312,79900,1,0,0,0,0,0,0,0,0,2024-06-21,2024-06-21
in_000000257187,299000,1,0,0,0,0,0,0,0,0,2024-06-11,2024-06-11
in_000000042461,9900,1,0,0,0,0,0,0,0,0,2024-06-06,2024-06-06
in_000000200252,9900,1,0,0,0,0,0,0,0,0,2024-06-11,2024-06-11
in_000000099933,29900,1,0,0,0,0,0,0,0,0,2024-06-25,2024-06-25
in_000000100739,9900,1,0,0,0,0,0,0,0,0,2024-06-09,2024-06-09
in_000000137722,79900,1,0,0,0,0,0,0,0,0,2024-06-04,2024-06-04
in_000000102760,9900,1,0,0,0,0,0,0,0,0,2024-06-13,2024-06-13
in_000000265043,9900,1,0,0,0,0,0,0,0,0,2024-06-21,2024-06-21
in_000000304454,9900,1,0,0,0,0,0,0,0,0,2024-06-12,2024-06-12
in_000000014645,29900,1,0,0,0,0,0,0,0,0,2024-06-03,2024-06-03
in_000000184735,9900,1,0,0,0,0,0,0,0,0,2024-06-14,2024-06-14
in_000000264223,99000,1,0,0,0,0,0,0,0,0,2024-06-14,2024-06-14
in_000000203470,9900,1,0,0,0,0,0,0,0,0,2024-06-24,2024-06-24
in_000000006301,199900,1,0,0,0,0,0,0,0,0,2024-06-23,2024-06-23
in_000000065642,9900,1,0,0,0,0,0,0,0,0,2024-06-15,2024-06-15
in_000000089260,29900,1,0,0,0,0,0,0,0,0,2024-06-07,2024-06-07
in_000000126555,9900,1,0,0,0,0,0,0,0,0,2024-06-04,2024-06-04
in_000000165139,29900,1,0,0,0,0,0,0,0,0,2024-06-20,2024-06-20
in_000000117673,79900,1,0,0,0,0,0,0,0,0,2024-06-24,2024-06-24
in_000000040592,9900,1,0,0,0,0,0,0,0,0,2024-06-24,2024-06-24
in_000000128271,29900,1,0,0,0,0,0,0,0,0,2024-06-05,2024-06-05
in_000000289689,79900,1,0,0,0,0,0,0,0,0,2024-06-05,2024-06-05
in_000000002424,9900,1,0,0,0,0,0,0,0,0,2024-06-05,2024-06-05
in_000000272905,9900,1,0,0,0,0,0,0,0,0,2024-06-25,2024-06-25
in_000000263666,29900,1,0,0,0,0,0,0,0,0,2024-06-06,2024-06-06
in_000000247301,79900,1,0,0,0,0,0,0,0,0,2024-06-19,2024-06-19
in_000000063451,29900,1,0,0,0,0,0,0,0,0,2024-06-11,2024-06-11
in_000000250499,29900,1,0,0,0,0,0,0,0,0,2024-06-07,2024-06-07
in_000000263705,99000,1,0,0,0,0,0,0,0,0,2024-06-16,2024-06-16
in_000000055166,9900,1,0,0,0,0,0,0,0,0,2024-06-20,2024-06-20
in_000000193664,9900,1,0,0,0,0,0,0,0,0,2024-06-20,2024-06-20
in_000000195687,29900,1,0,0,0,0,0,0,0,0,2024-06-04,2024-06-04
in_000000213238,29900,1,0,0,0,0,0,0,0,0,2024-06-19,2024-06-19
in_000000071554,9900,1,0,0,0,0,0,0,0,0,2024-06-10,2024-06-10
in_000000215088,9900,1,0,0,0,0,0,0,0,0,2024-06-20,2024-06-20
in_000000082353,9900,1,0,0,0,0,0,0,0,0,2024-06-09,2024-06-09
in_000000167383,79900,1,0,0,0,0,0,0,0,0,2024-06-07,2024-06-07
in_000000191652,9900,1,0,0,0,0,0,0,0,0,2024-06-09,2024-06-09
in_000000129325,9900,1,0,0,0,0,0,0,0,0,2024-06-09,2024-06-09
in_000000308049,29900,1,0,0,0,0,0,0,0,0,2024-06-22,2024-06-22
in_000000304159,9900,1,0,0,0,0,0,0,0,0,2024-06-12,2024-06-12
in_000000178544,9900,1,0,0,0,0,0,0,0,0,2024-07-05,2024-07-05
in_000000288307,29900,1,0,0,0,0,0,0,0,0,2024-06-16,2024-06-16
in_000000121565,199900,1,0,0,0,0,0,0,0,0,2024-06-18,2024-06-18
in_000000301902,199900,1,0,0,0,0,0,0,0,0,2024-06-05,2024-06-05
in_000000083888,9900,1,0,0,0,0,0,0,0,0,2024-06-14,2024-06-14
in_000000104038,9900,1,0,0,0,0,0,0,0,0,2024-06-16,2024-06-16
in_000000176999,9900,1,0,0,0,0,0,0,0,0,2024-06-11,2024-06-11
in_000000314503,79900,1,0,0,0,0,0,0,0,0,2024-06-10,2024-06-10
in_000000203430,79900,1,0,0,0,0,0,0,0,0,2024-06-23,2024-06-23
in_000000167293,79900,1,0,0,0,0,0,0,0,0,2024-06-08,2024-06-08
in_000000250878,29900,1,0,0,0,0,0,0,0,0,2024-06-03,2024-06-03
in_000000249471,9900,1,0,0,0,0,0,0,0,0,2024-06-20,2024-06-20
in_000000183353,79900,1,0,0,0,0,0,0,0,0,2024-06-12,2024-06-12
in_000000250430,99000,1,0,0,0,0,0,0,0,0,2024-06-18,2024-06-18
in_000000206056,9900,1,0,0,0,0,0,0,0,0,2024-06-17,2024-06-17
in_000000230803,29900,1,0,0,0,0,0,0,0,0,2024-06-13,2024-06-13
in_000000318652,29900,1,0,0,0,0,0,0,0,0,2024-06-09,2024-06-09
in_000000103959,9400,1,0,0,1,0,0,0,0,0,2024-06-24,2024-06-24
in_000000165954,9900,1,0,0,0,0,0,0,0,0,2024-06-14,2024-06-14
in_000000251532,79900,1,0,0,0,0,0,0,0,0,2024-06-20,2024-06-20
in_000000222779,29900,1,0,0,0,0,0,0,0,0,2024-06-19,2024-06-19
in_000000056767,9900,1,0,0,0,0,0,0,0,0,2024-06-17,2024-06-17
in_000000058209,9900,1,0,0,0,0,0,0,0,0,2024-06-07,2024-06-07
in_000000046856,9900,1,0,0,0,0,0,0,0,0,2024-06-07,2024-06-07
in_000000245731,9900,1,0,0,0,0,0,0,0,0,2024-06-20,2024-06-20
in_000000228961,79900,1,0,0,0,0,0,0,0,0,2024-06-18,2024-06-18
in_000000282569,29900,1,0,0,0,0,0,0,0,0,2024-06-15,2024-06-15
in_000000074456,79900,1,0,0,0,0,0,0,0,0,2024-06-21,2024-06-21
in_000000067483,29900,1,0,0,0,0,0,0,0,0,2024-06-16,2024-06-16
in_000000218159,199900,1,0,0,0,0,0,0,0,0,2024-06-21,2024-06-21
in_000000190150,9900,1,0,0,0,0,0,0,0,0,2024-06-07,2024-06-07
in_000000292539,9900,1,0,0,0,0,0,0,0,0,2024-06-10,2024-06-10
in_000000141046,29900,1,0,0,0,0,0,0,0,0,2024-06-25,2024-06-25
in_000000052359,9900,1,0,0,0,0,0,0,0,0,2024-06-08,2024-06-08
in_000000016383,29900,1,0,0,0,0,0,0,0,0,2024-06-09,2024-06-09
in_000000014369,79900,1,0,0,0,0,0,0,0,0,2024-06-09,2024-06-09
in_000000213593,299000,1,0,0,0,0,0,0,0,0,2024-06-06,2024-06-06
in_000000150494,29900,1,0,0,0,0,0,0,0,0,2024-06-18,2024-06-18
in_000000089310,9900,1,0,0,0,0,0,0,0,0,2024-06-06,2024-06-06
in_000000176563,29900,1,0,0,0,0,0,0,0,0,2024-06-18,2024-06-18
in_000000093584,79900,1,0,0,0,0,0,0,0,0,2024-06-18,2024-06-18
in_000000212500,9900,1,0,0,0,0,0,0,0,0,2024-06-10,2024-06-10
in_000000035470,799000,1,0,0,0,0,0,0,0,0,2024-06-19,2024-06-19
in_000000012391,9900,1,0,0,0,0,0,0,0,0,2024-06-10,2024-06-10
in_000000310092,79900,1,0,0,0,0,0,0,0,0,2024-06-07,2024-06-07
in_000000207331,29900,1,0,0,0,0,0,0,0,0,2024-06-19,2024-06-19
in_000000156973,9900,1,0,0,0,0,0,0,0,0,2024-06-17,2024-06-17
in_000000244027,199900,1,0,0,0,0,0,0,0,0,2024-06-09,2024-06-09
in_000000031843,9900,1,0,0,0,0,0,0,0,0,2024-06-21,2024-06-21
in_000000159406,9900,1,0,0,0,0,0,0,0,0,2024-06-08,2024-06-08
in_000000231935,29900,1,0,0,0,0,0,0,0,0,2024-06-17,2024-06-17
in_000000196573,9900,1,0,0,0,0,0,0,0,0,2024-06-15,2024-06-15
in_000000056467,9900,1,0,0,0,0,0,0,0,0,2024-06-18,2024-06-18
in_000000089681,9900,1,0,0,0,0,0,0,0,0,2024-06-22,2024-06-22
in_000000178828,9900,1,0,0,0,0,0,0,0,0,2024-06-04,2024-06-04
in_000000076277,199900,1,0,0,0,0,0,0,0,0,2024-06-17,2024-06-17
in_000000302690,9900,1,0,0,0,0,0,0,0,0,2024-06-18,2024-06-18
in_000000189558,29900,1,0,0,0,0,0,0,0,0,2024-06-23,2024-06-23
in_000000029348,9900,1,0,0,0,0,0,0,0,0,2024-06-17,2024-06-17
in_000000242181,9900,1,0,0,0,0,0,0,0,0,2024-06-19,2024-06-19
in_000000255481,199900,1,0,0,0,0,0,0,0,0,2024-06-11,2024-06-11
in_000000094020,29900,1,0,0,0,0,0,0,0,0,2024-06-16,2024-06-16
in_000000241500,29900,1,0,0,0,0,0,0,0,0,2024-06-24,2024-06-24
in_000000193706,29900,1,0,0,0,0,0,0,0,0,2024-06-22,2024-06-22
in_000000059497,29900,1,0,0,0,0,0,0,0,0,2024-06-08,2024-06-08
in_000000186868,9900,1,0,0,0,0,0,0,0,0,2024-06-23,2024-06-23
in_000000145657,9900,1,0,0,0,0,0,0,0,0,2024-06-20,2024-06-20
in_000000022288,9900,1,0,0,0,0,0,0,0,0,2024-06-13,2024-06-13
in_000000016279,9900,1,0,0,0,0,0,0,0,0,2024-06-07,2024-06-07
in_000000192072,29900,1,0,0,0,0,0,0,0,0,2024-06-15,2024-06-15
in_000000123746,29900,1,0,0,0,0,0,0,0,0,2024-06-24,2024-06-24
in_000000070405,79900,1,0,0,0,0,0,0,0,0,2024-06-23,2024-06-23
in_000000161987,9900,1,0,0,0,0,0,0,0,0,2024-06-04,2024-06-04
in_000000116941,9900,1,0,0,0,0,0,0,0,0,2024-06-18,2024-06-18
in_000000103478,29900,1,0,0,0,0,0,0,0,0,2024-06-23,2024-06-23
in_000000022754,9900,1,0,0,0,0,0,0,0,0,2024-06-09,2024-06-09
in_000000100502,9900,1,0,0,0,0,0,0,0,0,2024-06-09,2024-06-09
in_000000180959,29900,1,0,0,0,0,0,0,0,0,2024-06-05,2024-06-05
in_000000267109,9900,1,0,0,0,0,0,0,0,0,2024-06-06,2024-06-06
in_000000313563,9900,1,0,0,0,0,0,0,0,0,2024-06-09,2024-06-09
in_000000082948,29900,1,0,0,0,0,0,0,0,0,2024-07-02,2024-07-02
in_000000067419,9900,1,0,0,0,0,0,0,0,0,2024-06-20,2024-06-20
in_000000273547,9900,1,0,0,0,0,0,0,0,0,2024-06-16,2024-06-16
in_000000138660,9900,1,0,0,0,0,0,0,0,0,2024-06-12,2024-06-12
in_000000319174,9900,1,0,0,0,0,0,0,0,0,2024-06-08,2024-06-08
in_000000107849,79900,1,0,0,0,0,0,0,0,0,2024-06-12,2024-06-12
in_000000275437,199900,1,0,0,0,0,0,0,0,0,2024-06-08,2024-06-08
in_000000218278,29900,1,0,0,0,0,0,0,0,0,2024-06-24,2024-06-24
in_000000308168,29900,1,0,0,0,0,0,0,0,0,2024-06-18,2024-06-18
in_000000089462,29900,1,0,0,0,0,0,0,0,0,2024-06-06,2024-06-06
in_000000001203,29900,1,0,0,0,0,0,0,0,0,2024-06-13,2024-06-13
in_000000046278,29900,1,0,0,0,0,0,0,0,0,2024-06-14,2024-06-14
in_000000277268,29900,1,0,0,0,0,0,0,0,0,2024-06-16,2024-06-16
in_000000038304,79900,1,0,0,0,0,0,0,0,0,2024-06-23,2024-06-23
in_000000043940,199900,1,0,0,0,0,0,0,0,0,2024-06-08,2024-06-08
in_000000130321,79900,1,0,0,0,0,0,0,0,0,2024-06-05,2024-06-05
in_000000165248,59925,1,0,0,0,1,1,0,0,0,2024-06-08,2024-06-08
in_000000070727,9900,1,0,0,0,0,0,0,0,0,2024-06-14,2024-06-14
in_000000117903,9900,1,0,0,0,0,0,0,0,0,2024-06-05,2024-06-05
in_000000163693,29900,1,0,0,0,0,0,0,0,0,2024-06-18,2024-06-18
in_000000142080,199900,1,0,0,0,0,0,0,0,0,2024-06-16,2024-06-16
in_000000123469,79900,1,0,0,0,0,0,0,0,0,2024-06-09,2024-06-09
in_000000303278,799000,1,0,0,0,0,0,0,0,0,2024-06-08,2024-06-08
in_000000048659,9900,1,0,0,0,0,0,0,0,0,2024-06-08,2024-06-08
in_000000320760,9900,1,0,0,0,0,0,0,0,0,2024-06-08,2024-06-08
in_000000023084,9900,1,0,0,0,0,0,0,0,0,2024-06-22,2024-06-22
in_000000132942,29900,1,0,0,0,0,0,0,0,0,2024-06-12,2024-06-12
in_000000231799,29900,1,0,0,0,0,0,0,0,0,2024-06-09,2024-06-09
in_000000113633,9900,1,0,0,0,0,0,0,0,0,2024-06-25,2024-06-25
in_000000167741,29900,1,0,0,0,0,0,0,0,0,2024-06-14,2024-06-14
in_000000120995,79900,1,0,0,0,0,0,0,0,0,2024-06-23,2024-06-23
in_000000192159,9900,1,0,0,0,0,0,0,0,0,2024-06-06,2024-06-06
in_000000209754,8415,1,0,0,1,0,0,0,0,0,2024-06-20,2024-06-20
in_000000176767,9900,1,0,0,0,0,0,0,0,0,2024-06-18,2024-06-18
in_000000096942,9900,1,0,0,0,0,0,0,0,0,2024-06-05,2024-06-05
in_000000039865,9900,1,0,0,0,0,0,0,0,0,2024-06-07,2024-06-07
in_000000166623,199900,1,0,0,0,0,0,0,0,0,2024-06-08,2024-06-08
in_000000066301,29900,1,0,0,0,0,0,0,0,0,2024-06-07,2024-06-07
in_000000122883,29900,1,0,0,0,0,0,0,0,0,2024-06-17,2024-06-17
in_000000276410,199900,1,0,0,0,0,0,0,0,0,2024-06-11,2024-06-11
in_000000305530,9900,1,0,0,0,0,0,0,0,0,2024-06-09,2024-06-09
in_000000084513,199900,1,0,0,0,0,0,0,0,0,2024-06-22,2024-06-22
in_000000049410,199900,1,0,0,0,0,0,0,0,0,2024-06-17,2024-06-17
in_000000150697,9900,1,0,0,0,0,0,0,0,0,2024-06-11,2024-06-11
in_000000121395,9900,1,0,0,0,0,0,0,0,0,2024-06-22,2024-06-22
in_000000036148,199900,1,0,0,0,0,0,0,0,0,2024-06-18,2024-06-18
in_000000065308,199900,1,0,0,0,0,0,0,0,0,2024-06-25,2024-06-25
in_000000013343,7425,1,0,0,1,0,0,0,0,0,2024-06-10,2024-06-10
in_000000228362,14950,1,0,0,1,0,0,0,0,0,2024-06-08,2024-06-08
in_000000005719,79900,1,0,0,0,0,0,0,0,0,2024-06-12,2024-06-12
in_000000039460,9900,1,0,0,0,0,0,0,0,0,2024-06-12,2024-06-12
in_000000220308,9900,1,0,0,0,0,0,0,0,0,2024-06-22,2024-06-22
in_000000203512,9900,1,0,0,0,0,0,0,0,0,2024-06-11,2024-06-11
in_000000163930,79900,1,0,0,0,0,0,0,0,0,2024-06-22,2024-06-22
in_000000217240,9900,1,0,0,0,0,0,0,0,0,2024-06-21,2024-06-21
in_000000017092,9900,1,0,0,0,0,0,0,0,0,2024-06-15,2024-06-15
in_000000054914,9900,1,0,0,0,0,0,0,0,0,2024-06-12,2024-06-12
in_000000287471,9900,1,0,0,0,0,0,0,0,0,2024-06-24,2024-06-24
in_000000075972,9900,1,0,0,0,0,0,0,0,0,2024-06-13,2024-06-13
in_000000312234,9900,1,0,0,0,0,0,0,0,0,2024-06-24,2024-06-24
in_000000201981,26910,1,0,0,1,0,0,0,0,0,2024-06-07,2024-06-07
in_000000197510,9900,1,0,0,0,0,0,0,0,0,2024-06-05,2024-06-05
in_000000231899,9900,1,0,0,0,0,0,0,0,0,2024-06-11,2024-06-11
in_000000312043,9900,1,0,0,0,0,0,0,0,0,2024-06-20,2024-06-20
in_000000160540,29900,1,0,0,0,0,0,0,0,0,2024-06-13,2024-06-13
in_000000096158,29900,1,0,0,0,0,0,0,0,0,2024-06-10,2024-06-10
in_000000012891,9900,1,0,0,0,0,0,0,0,0,2024-06-13,2024-06-13
in_000000174468,9900,1,0,0,0,0,0,0,0,0,2024-06-24,2024-06-24
in_000000032150,8900,1,0,0,1,0,0,0,0,0,2024-06-13,2024-06-13
in_000000268189,29900,1,0,0,0,0,0,0,0,0,2024-06-21,2024-06-21
in_000000238524,29900,1,0,0,0,0,0,0,0,0,2024-06-18,2024-06-18
in_000000298280,29900,1,0,0,0,0,0,0,0,0,2024-06-07,2024-06-07
in_000000083974,9900,1,0,0,0,0,0,0,0,0,2024-06-08,2024-06-08
in_000000097704,29900,1,0,0,0,0,0,0,0,0,2024-06-09,2024-06-09
in_000000313354,79900,1,0,0,0,0,0,0,0,0,2024-06-12,2024-06-12
in_000000040622,29900,1,0,0,0,0,0,0,0,0,2024-06-15,2024-06-15
in_000000193364,299000,1,0,0,0,0,0,0,0,0,2024-06-12,2024-06-12
in_000000202324,29900,1,0,0,0,0,0,0,0,0,2024-06-18,2024-06-18
in_000000028714,9900,1,0,0,0,0,0,0,0,0,2024-06-25,2024-06-25
in_000000286231,29900,1,0,0,0,0,0,0,0,0,2024-06-13,2024-06-13
in_000000288062,9900,1,0,0,0,0,0,0,0,0,2024-06-23,2024-06-23
in_000000264571,29900,1,0,0,0,0,0,0,0,0,2024-06-04,2024-06-04
in_000000014626,29900,1,0,0,0,0,0,0,0,0,2024-06-13,2024-06-13
in_000000307419,199900,1,0,0,0,0,0,0,0,0,2024-06-14,2024-06-14
in_000000171892,9900,1,0,0,0,0,0,0,0,0,2024-06-07,2024-06-07
in_000000230611,99000,1,0,0,0,0,0,0,0,0,2024-06-06,2024-06-06
in_000000213338,9900,1,0,0,0,0,0,0,0,0,2024-06-10,2024-06-10
in_000000195855,29900,1,0,0,0,0,0,0,0,0,2024-06-07,2024-06-07
in_000000217087,9900,1,0,0,0,0,0,0,0,0,2024-06-18,2024-06-18
in_000000275459,29900,1,0,0,0,0,0,0,0,0,2024-06-06,2024-06-06
in_000000156605,9900,1,0,0,0,0,0,0,0,0,2024-06-25,2024-06-25
in_000000184599,79900,1,0,0,0,0,0,0,0,0,2024-06-11,2024-06-11
in_000000224001,9900,1,0,0,0,0,0,0,0,0,2024-06-17,2024-06-17
in_000000007832,29900,1,0,0,0,0,0,0,0,0,2024-06-18,2024-06-18
in_000000158431,7425,1,0,0,1,0,0,0,0,0,2024-06-17,2024-06-17
in_000000316427,9900,1,0,0,0,0,0,0,0,0,2024-06-21,2024-06-21
in_000000291646,9900,1,0,0,0,0,0,0,0,0,2024-06-10,2024-06-10
in_000000308960,9900,1,0,0,0,0,0,0,0,0,2024-06-10,2024-06-10
in_000000248335,79900,1,0,0,0,0,0,0,0,0,2024-06-20,2024-06-20
in_000000009161,9400,1,0,0,1,0,0,0,0,0,2024-06-22,2024-06-22
in_000000303871,9900,1,0,0,0,0,0,0,0,0,2024-06-14,2024-06-14
in_000000079847,29900,1,0,0,0,0,0,0,0,0,2024-06-15,2024-06-15
in_000000112935,29900,1,0,0,0,0,0,0,0,0,2024-06-26,2024-06-26
in_000000064114,9900,1,0,0,0,0,0,0,0,0,2024-06-09,2024-06-09
in_000000163137,29900,1,0,0,0,0,0,0,0,0,2024-06-08,2024-06-08
in_000000153122,79900,1,0,0,0,0,0,0,0,0,2024-06-14,2024-06-14
in_000000292860,79900,1,0,0,0,0,0,0,0,0,2024-06-13,2024-06-13
in_000000246953,79900,1,0,0,0,0,0,0,0,0,2024-06-19,2024-06-19
in_000000124042,29900,1,0,0,0,0,0,0,0,0,2024-06-14,2024-06-14
in_000000059167,29900,1,0,0,0,0,0,0,0,0,2024-06-10,2024-06-10
in_000000202462,29900,1,0,0,0,0,0,0,0,0,2024-06-04,2024-06-04
in_000000217980,29900,1,0,0,0,0,0,0,0,0,2024-06-06,2024-06-06
in_000000063102,79900,1,0,0,0,0,0,0,0,0,2024-06-26,2024-06-26
in_000000266506,29900,1,0,0,0,0,0,0,0,0,2024-06-16,2024-06-16
in_000000164189,29900,1,0,0,0,0,0,0,0,0,2024-06-21,2024-06-21
in_000000145195,29900,1,0,0,0,0,0,0,0,0,2024-06-06,2024-06-06
in_000000299636,9900,1,0,0,0,0,0,0,0,0,2024-06-14,2024-06-14
in_000000286803,29900,1,0,0,0,0,0,0,0,0,2024-06-20,2024-06-20
in_000000305760,9900,1,0,0,0,0,0,0,0,0,2024-06-21,2024-06-21
in_000000140197,29900,1,0,0,0,0,0,0,0,0,2024-06-25,2024-06-25
in_000000105310,9900,1,0,0,0,0,0,0,0,0,2024-06-15,2024-06-15
in_000000026912,9900,1,0,0,0,0,0,0,0,0,2024-06-13,2024-06-13
in_000000000811,9900,1,0,0,0,0,0,0,0,0,2024-06-08,2024-06-08
in_000000301774,9900,1,0,0,0,0,0,0,0,0,2024-06-19,2024-06-19
in_000000015796,29900,1,0,0,0,0,0,0,0,0,2024-06-24,2024-06-24
in_000000014844,9900,1,0,0,0,0,0,0,0,0,2024-06-18,2024-06-18
in_000000207362,9900,1,0,0,0,0,0,0,0,0,2024-06-16,2024-06-16
in_000000159369,29900,1,0,0,0,0,0,0,0,0,2024-06-08,2024-06-08
in_000000118901,79900,1,0,0,0,0,0,0,0,0,2024-06-08,2024-06-08
in_000000169288,79900,1,0,0,0,0,0,0,0,0,2024-06-16,2024-06-16
in_000000001576,29900,1,0,0,0,0,0,0,0,0,2024-06-10,2024-06-10
in_000000021657,99000,1,0,0,0,0,0,0,0,0,2024-06-25,2024-06-25
in_000000123339,199900,1,0,0,0,0,0,0,0,0,2024-06-14,2024-06-14
in_000000315146,29900,1,0,0,0,0,0,0,0,0,2024-06-25,2024-06-25
in_000000215236,29900,1,0,0,0,0,0,0,0,0,2024-06-21,2024-06-21
in_000000264320,99000,1,0,0,0,0,0,0,0,0,2024-06-04,2024-06-04
in_000000074382,9900,1,0,0,0,0,0,0,0,0,2024-06-12,2024-06-12
in_000000204950,9900,1,0,0,0,0,0,0,0,0,2024-06-20,2024-06-20
in_000000198902,79900,1,0,0,0,0,0,0,0,0,2024-06-10,2024-06-10
in_000000316850,9900,1,0,0,0,0,0,0,0,0,2024-06-06,2024-06-06
in_000000126353,29900,1,0,0,0,0,0,0,0,0,2024-06-09,2024-06-09
in_000000034203,9900,1,0,0,0,0,0,0,0,0,2024-06-11,2024-06-11
in_000000157471,9900,1,0,0,0,0,0,0,0,0,2024-06-09,2024-06-09
in_000000115881,79900,1,0,0,0,0,0,0,0,0,2024-06-08,2024-06-08
in_000000118483,79900,1,0,0,0,0,0,0,0,0,2024-06-18,2024-06-18
in_000000042700,79900,1,0,0,0,0,0,0,0,0,2024-06-10,2024-06-10
in_000000201377,9900,1,0,0,0,0,0,0,0,0,2024-06-22,2024-06-22
in_000000289412,29900,1,0,0,0,0,0,0,0,0,2024-06-19,2024-06-19
in_000000240944,9900,1,0,0,0,0,0,0,0,0,2024-06-08,2024-06-08
in_000000148820,29900,1,0,0,0,0,0,0,0,0,2024-06-12,2024-06-12
in_000000303765,9900,1,0,0,0,0,0,0,0,0,2024-06-08,2024-06-08
in_000000120869,29900,1,0,0,0,0,0,0,0,0,2024-06-19,2024-06-19
in_000000129344,79900,1,0,0,0,0,0,0,0,0,2024-06-21,2024-06-21
in_000000051539,29900,1,0,0,0,0,0,0,0,0,2024-06-03,2024-06-03
in_000000309463,9900,1,0,0,0,0,0,0,0,0,2024-06-08,2024-06-08
in_000000138888,79900,1,0,0,0,0,0,0,0,0,2024-06-22,2024-06-22
in_000000102342,29900,1,0,0,0,0,0,0,0,0,2024-06-09,2024-06-09
in_000000194865,9900,1,0,0,0,0,0,0,0,0,2024-06-16,2024-06-16
in_000000280151,9900,1,0,0,0,0,0,0,0,0,2024-06-11,2024-06-11
in_000000039698,29900,1,0,0,0,0,0,0,0,0,2024-06-18,2024-06-18
in_000000101826,9900,1,0,0,0,0,0,0,0,0,2024-06-26,2024-06-26
in_000000074847,29900,1,0,0,0,0,0,0,0,0,2024-06-05,2024-06-05
in_000000256633,9900,1,0,0,0,0,0,0,0,0,2024-06-12,2024-06-12
in_000000129961,199900,1,0,0,0,0,0,0,0,0,2024-06-03,2024-06-03
in_000000080634,79900,1,0,0,0,0,0,0,0,0,2024-06-16,2024-06-16
in_000000094472,29900,1,0,0,0,0,0,0,0,0,2024-06-07,2024-06-07
in_000000007247,79900,1,0,0,0,0,0,0,0,0,2024-06-07,2024-06-07
in_000000018960,9900,1,0,0,0,0,0,0,0,0,2024-06-14,2024-06-14
in_000000164284,199900,1,0,0,0,0,0,0,0,0,2024-06-09,2024-06-09
in_000000134619,9900,1,0,0,0,0,0,0,0,0,2024-06-11,2024-06-11
in_000000120469,29900,1,0,0,0,0,0,0,0,0,2024-06-13,2024-06-13
in_000000148854,29900,1,0,0,0,0,0,0,0,0,2024-06-05,2024-06-05
in_000000235375,79900,1,0,0,0,0,0,0,0,0,2024-06-10,2024-06-10
in_000000004499,9900,1,0,0,0,0,0,0,0,0,2024-06-09,2024-06-09
in_000000024732,9900,1,0,0,0,0,0,0,0,0,2024-06-22,2024-06-22
in_000000174629,9900,1,0,0,0,0,0,0,0,0,2024-06-23,2024-06-23
in_000000140398,9900,1,0,0,0,0,0,0,0,0,2024-06-06,2024-06-06
in_000000246283,9900,1,0,0,0,0,0,0,0,0,2024-06-14,2024-06-14
in_000000312898,29900,1,0,0,0,0,0,0,0,0,2024-06-12,2024-06-12
in_000000041158,79900,1,0,0,0,0,0,0,0,0,2024-06-15,2024-06-15
in_000000010182,79900,1,0,0,0,0,0,0,0,0,2024-06-20,2024-06-20
in_000000319393,9900,1,0,0,0,0,0,0,0,0,2024-06-20,2024-06-20
in_000000092389,29900,1,0,0,0,0,0,0,0,0,2024-06-09,2024-06-09
in_000000040422,9900,1,0,0,0,0,0,0,0,0,2024-06-09,2024-06-09
in_000000205010,9900,1,0,0,0,0,0,0,0,0,2024-06-22,2024-06-22
in_000000258904,79900,1,0,0,0,0,0,0,0,0,2024-06-11,2024-06-11
in_000000061149,9900,1,0,0,0,0,0,0,0,0,2024-06-17,2024-06-17
in_000000182094,199900,1,0,0,0,0,0,0,0,0,2024-06-20,2024-06-20
in_000000151392,29900,1,0,0,0,0,0,0,0,0,2024-06-14,2024-06-14
in_000000057957,79900,1,0,0,0,0,0,0,0,0,2024-06-24,2024-06-24
in_000000143961,9900,1,0,0,0,0,0,0,0,0,2024-06-19,2024-06-19
in_000000194309,29900,1,0,0,0,0,0,0,0,0,2024-06-22,2024-06-22
in_000000105545,9900,1,0,0,0,0,0,0,0,0,2024-06-15,2024-06-15
in_000000208504,9900,1,0,0,0,0,0,0,0,0,2024-06-21,2024-06-21
in_000000241873,199900,1,0,0,0,0,0,0,0,0,2024-06-07,2024-06-07
in_000000062217,199900,1,0,0,0,0,0,0,0,0,2024-06-18,2024-06-18
in_000000201826,29900,1,0,0,0,0,0,0,0,0,2024-06-08,2024-06-08
in_000000213537,9900,1,0,0,0,0,0,0,0,0,2024-06-07,2024-06-07
in_000000051266,29900,1,0,0,0,0,0,0,0,0,2024-06-19,2024-06-19
in_000000135840,9900,1,0,0,0,0,0,0,0,0,2024-06-19,2024-06-19
in_000000195281,9900,1,0,0,0,0,0,0,0,0,2024-06-21,2024-06-21
in_000000091834,79900,1,0,0,0,0,0,0,0,0,2024-06-12,2024-06-12
in_000000162601,8900,1,0,0,1,0,0,0,0,0,2024-06-04,2024-06-04
in_000000194105,9900,1,0,0,0,0,0,0,0,0,2024-06-11,2024-06-11
in_000000084048,29900,1,0,0,0,0,0,0,0,0,2024-06-14,2024-06-14
in_000000022722,9900,1,0,0,0,0,0,0,0,0,2024-06-19,2024-06-19
in_000000220924,79900,1,0,0,0,0,0,0,0,0,2024-06-06,2024-06-06
in_000000115772,29900,1,0,0,0,0,0,0,0,0,2024-06-09,2024-06-09
in_000000295375,29900,1,0,0,0,0,0,0,0,0,2024-06-16,2024-06-16
in_000000159942,29900,1,0,0,0,0,0,0,0,0,2024-06-14,2024-06-14
in_000000032428,9900,1,0,0,0,0,0,0,0,0,2024-06-09,2024-06-09
in_000000312601,29900,1,0,0,0,0,0,0,0,0,2024-06-20,2024-06-20
in_000000148961,29900,1,0,0,0,0,0,0,0,0,2024-06-12,2024-06-12
in_000000081436,29900,1,0,0,0,0,0,0,0,0,2024-06-12,2024-06-12
in_000000168031,79900,1,0,0,0,0,0,0,0,0,2024-06-06,2024-06-06
in_000000280522,29900,1,0,0,0,0,0,0,0,0,2024-06-09,2024-06-09
in_000000069668,29900,1,0,0,0,0,0,0,0,0,2024-06-14,2024-06-14
in_000000000376,9900,1,0,0,0,0,0,0,0,0,2024-06-12,2024-06-12
in_000000195100,99000,1,0,0,0,0,0,0,0,0,2024-06-14,2024-06-14
in_000000170704,299000,1,0,0,0,0,0,0,0,0,2024-06-22,2024-06-22
in_000000158942,9900,1,0,0,0,0,0,0,0,0,2024-06-23,2024-06-23
in_000000289213,99000,1,0,0,0,0,0,0,0,0,2024-06-11,2024-06-11
in_000000208288,9900,1,0,0,0,0,0,0,0,0,2024-06-12,2024-06-12
in_000000250565,29900,1,0,0,0,0,0,0,0,0,2024-06-14,2024-06-14
in_000000264222,99000,1,0,0,0,0,0,0,0,0,2024-06-22,2024-06-22
in_000000135673,9900,1,0,0,0,0,0,0,0,0,2024-06-21,2024-06-21
in_000000131246,9900,1,0,0,0,0,0,0,0,0,2024-06-22,2024-06-22
in_000000064947,9900,1,0,0,0,0,0,0,0,0,2024-06-05,2024-06-05
in_000000282268,9900,1,0,0,0,0,0,0,0,0,2024-06-07,2024-06-07
in_000000190333,9900,1,0,0,0,0,0,0,0,0,2024-06-12,2024-06-12
in_000000085939,29900,1,0,0,0,0,0,0,0,0,2024-06-14,2024-06-14
in_000000073914,199900,1,0,0,0,0,0,0,0,0,2024-06-05,2024-06-05
in_000000139733,79900,1,0,0,0,0,0,0,0,0,2024-06-10,2024-06-10
in_000000186844,99000,1,0,0,0,0,0,0,0,0,2024-06-16,2024-06-16
in_000000000024,29900,1,0,0,0,0,0,0,0,0,2024-06-06,2024-06-06
in_000000112532,79900,1,0,0,0,0,0,0,0,0,2024-06-04,2024-06-04
in_000000229625,29900,1,0,0,0,0,0,0,0,0,2024-06-20,2024-06-20
in_000000262455,179910,1,0,0,1,0,0,0,0,0,2024-06-23,2024-06-23
in_000000192325,9900,1,0,0,0,0,0,0,0,0,2024-06-15,2024-06-15
in_000000183713,29900,1,0,0,0,0,0,0,0,0,2024-06-07,2024-06-07
in_000000295952,9900,1,0,0,0,0,0,0,0,0,2024-06-25,2024-06-25
in_000000013004,99000,1,0,0,0,0,0,0,0,0,2024-06-08,2024-06-08
in_000000117581,9900,1,0,0,0,0,0,0,0,0,2024-06-14,2024-06-14
in_000000093114,199900,1,0,0,0,0,0,0,0,0,2024-06-16,2024-06-16
in_000000003130,9900,1,0,0,0,0,0,0,0,0,2024-06-18,2024-06-18
in_000000048628,79900,1,0,0,0,0,0,0,0,0,2024-06-10,2024-06-10
in_000000320168,29900,1,0,0,0,0,0,0,0,0,2024-06-19,2024-06-19
in_000000065166,79900,1,0,0,0,0,0,0,0,0,2024-06-23,2024-06-23
in_000000316955,29900,1,0,0,0,0,0,0,0,0,2024-06-06,2024-06-06
in_000000321082,9900,1,0,0,0,0,0,0,0,0,2024-06-19,2024-06-19
in_000000090028,9900,1,0,0,0,0,0,0,0,0,2024-06-25,2024-06-25
in_000000040091,29900,1,0,0,0,0,0,0,0,0,2024-06-15,2024-06-15
in_000000198648,9900,1,0,0,0,0,0,0,0,0,2024-06-12,2024-06-12
in_000000084391,79900,1,0,0,0,0,0,0,0,0,2024-06-10,2024-06-10
in_000000121358,29900,1,0,0,0,0,0,0,0,0,2024-06-08,2024-06-08
in_000000049758,299000,1,0,0,0,0,0,0,0,0,2024-06-17,2024-06-17
in_000000126411,29900,1,0,0,0,0,0,0,0,0,2024-06-14,2024-06-14
in_000000080769,29900,1,0,0,0,0,0,0,0,0,2024-06-17,2024-06-17
in_000000244730,9900,1,0,0,0,0,0,0,0,0,2024-06-17,2024-06-17
in_000000223973,29900,1,0,0,0,0,0,0,0,0,2024-06-16,2024-06-16
in_000000118866,29900,1,0,0,0,0,0,0,0,0,2024-06-12,2024-06-12
in_000000144120,9900,1,0,0,0,0,0,0,0,0,2024-06-08,2024-06-08
in_000000238142,9900,1,0,0,0,0,0,0,0,0,2024-06-22,2024-06-22
in_000000058497,29900,1,0,0,0,0,0,0,0,0,2024-06-19,2024-06-19
in_000000061136,79900,1,0,0,0,0,0,0,0,0,2024-06-17,2024-06-17
in_000000076938,79900,1,0,0,0,0,0,0,0,0,2024-06-16,2024-06-16
in_000000146442,9900,1,0,0,0,0,0,0,0,0,2024-06-18,2024-06-18
in_000000235749,29900,1,0,0,0,0,0,0,0,0,2024-06-24,2024-06-24
in_000000280702,9900,1,0,0,0,0,0,0,0,0,2024-06-07,2024-06-07
in_000000024604,79900,1,0,0,0,0,0,0,0,0,2024-06-13,2024-06-13
in_000000311771,29900,1,0,0,0,0,0,0,0,0,2024-06-07,2024-06-07
in_000000111291,299000,1,0,0,0,0,0,0,0,0,2024-06-10,2024-06-10
in_000000064586,29900,1,0,0,0,0,0,0,0,0,2024-06-09,2024-06-09
in_000000320490,9900,1,0,0,0,0,0,0,0,0,2024-06-08,2024-06-08
in_000000174224,9900,1,0,0,0,0,0,0,0,0,2024-06-18,2024-06-18
in_000000247999,79900,1,0,0,0,0,0,0,0,0,2024-06-13,2024-06-13
in_000000042924,9900,1,0,0,0,0,0,0,0,0,2024-06-18,2024-06-18
in_000000318182,29900,1,0,0,0,0,0,0,0,0,2024-06-08,2024-06-08
in_000000151702,299000,1,0,0,0,0,0,0,0,0,2024-06-17,2024-06-17
in_000000290545,9900,1,0,0,0,0,0,0,0,0,2024-06-19,2024-06-19
in_000000217637,9900,1,0,0,0,0,0,0,0,0,2024-06-11,2024-06-11
in_000000179437,9900,1,0,0,0,0,0,0,0,0,2024-06-14,2024-06-14
in_000000034189,79900,1,0,0,0,0,0,0,0,0,2024-06-07,2024-06-07
in_000000031347,9900,1,0,0,0,0,0,0,0,0,2024-06-13,2024-06-13
in_000000235128,199900,1,0,0,0,0,0,0,0,0,2024-06-06,2024-06-06
in_000000036008,79900,1,0,0,0,0,0,0,0,0,2024-06-13,2024-06-13
in_000000163515,29900,1,0,0,0,0,0,0,0,0,2024-06-10,2024-06-10
in_000000020031,79900,1,0,0,0,0,0,0,0,0,2024-06-21,2024-06-21
in_000000254082,79900,1,0,0,0,0,0,0,0,0,2024-06-11,2024-06-11
in_000000084600,9900,1,0,0,0,0,0,0,0,0,2024-06-14,2024-06-14
in_000000231557,9900,1,0,0,0,0,0,0,0,0,2024-06-09,2024-06-09
in_000000105227,9900,1,0,0,0,0,0,0,0,0,2024-06-05,2024-06-05
in_000000109566,9900,1,0,0,0,0,0,0,0,0,2024-06-22,2024-06-22
in_000000058801,9900,1,0,0,0,0,0,0,0,0,2024-06-16,2024-06-16
in_000000109877,9900,1,0,0,0,0,0,0,0,0,2024-06-22,2024-06-22
in_000000226263,9900,1,0,0,0,0,0,0,0,0,2024-06-11,2024-06-11
in_000000080821,9900,1,0,0,0,0,0,0,0,0,2024-06-24,2024-06-24
in_000000027640,9900,1,0,0,0,0,0,0,0,0,2024-06-22,2024-06-22
in_000000319054,9900,1,0,0,0,0,0,0,0,0,2024-06-25,2024-06-25
in_000000122221,9900,1,0,0,0,0,0,0,0,0,2024-06-13,2024-06-13
in_000000313939,9900,1,0,0,0,0,0,0,0,0,2024-06-18,2024-06-18
in_000000180880,9900,1,0,0,0,0,0,0,0,0,2024-06-07,2024-06-07
in_000000168267,29900,1,0,0,0,0,0,0,0,0,2024-06-17,2024-06-17
in_000000131140,9900,1,0,0,0,0,0,0,0,0,2024-06-23,2024-06-23
in_000000030765,9900,1,0,0,0,0,0,0,0,0,2024-06-06,2024-06-06
in_000000275698,29900,1,0,0,0,0,0,0,0,0,2024-06-14,2024-06-14
in_000000249014,9900,1,0,0,0,0,0,0,0,0,2024-06-13,2024-06-13
in_000000084110,9900,1,0,0,0,0,0,0,0,0,2024-06-05,2024-06-05
in_000000114165,199900,1,0,0,0,0,0,0,0,0,2024-06-26,2024-06-26
in_000000289383,9900,1,0,0,0,0,0,0,0,0,2024-06-23,2024-06-23
in_000000014606,19435,1,0,0,1,0,0,0,0,0,2024-06-13,2024-06-13
in_000000279777,29900,1,0,0,0,0,0,0,0,0,2024-06-07,2024-06-07
in_000000265851,9900,1,0,0,0,0,0,0,0,0,2024-06-19,2024-06-19
in_000000058392,99000,1,0,0,0,0,0,0,0,0,2024-06-22,2024-06-22
in_000000087725,9900,1,0,0,0,0,0,0,0,0,2024-06-15,2024-06-15
in_000000007504,29900,1,0,0,0,0,0,0,0,0,2024-06-09,2024-06-09
in_000000040576,79900,1,0,0,0,0,0,0,0,0,2024-06-22,2024-06-22
in_000000253883,99000,1,0,0,0,0,0,0,0,0,2024-06-24,2024-06-24
in_000000215634,79900,1,0,0,0,0,0,0,0,0,2024-06-09,2024-06-09
in_000000113770,9900,1,0,0,0,0,0,0,0,0,2024-06-10,2024-06-10
in_000000149090,29900,1,0,0,0,0,0,0,0,0,2024-06-13,2024-06-13
in_000000187099,9900,1,0,0,0,0,0,0,0,0,2024-06-15,2024-06-15
in_000000249246,29900,1,0,0,0,0,0,0,0,0,2024-06-10,2024-06-10
in_000000292100,9900,1,0,0,0,0,0,0,0,0,2024-06-09,2024-06-09
in_000000080466,9900,1,0,0,0,0,0,0,0,0,2024-06-08,2024-06-08
in_000000293384,7425,1,0,0,1,0,0,0,0,0,2024-06-11,2024-06-11
in_000000045247,29900,1,0,0,0,0,0,0,0,0,2024-06-09,2024-06-09
in_000000060203,29900,1,0,0,0,0,0,0,0,0,2024-06-21,2024-06-21
in_000000052427,29900,1,0,0,0,0,0,0,0,0,2024-06-14,2024-06-14
in_000000074965,9900,1,0,0,0,0,0,0,0,0,2024-06-12,2024-06-12
in_000000303991,79900,1,0,0,0,0,0,0,0,0,2024-06-11,2024-06-11
in_000000014716,9900,1,0,0,0,0,0,0,0,0,2024-06-04,2024-06-04
in_000000216651,9900,1,0,0,0,0,0,0,0,0,2024-06-10,2024-06-10
in_000000075267,79900,1,0,0,0,0,0,0,0,0,2024-06-07,2024-06-07
in_000000018922,29900,1,0,0,0,0,0,0,0,0,2024-06-17,2024-06-17
in_000000161443,9900,1,0,0,0,0,0,0,0,0,2024-06-16,2024-06-16
in_000000112194,9900,1,0,0,0,0,0,0,0,0,2024-06-19,2024-06-19
in_000000304197,199900,1,0,0,0,0,0,0,0,0,2024-06-08,2024-06-08
in_000000010429,9900,1,0,0,0,0,0,0,0,0,2024-06-10,2024-06-10
in_000000169632,29900,1,0,0,0,0,0,0,0,0,2024-06-06,2024-06-06
in_000000269911,29900,1,0,0,0,0,0,0,0,0,2024-06-07,2024-06-07
in_000000035821,79900,1,0,0,0,0,0,0,0,0,2024-06-18,2024-06-18
in_000000266756,9900,1,0,0,0,0,0,0,0,0,2024-06-17,2024-06-17
in_000000320995,9900,1,0,0,0,0,0,0,0,0,2024-06-13,2024-06-13
in_000000218452,29900,1,0,0,0,0,0,0,0,0,2024-06-23,2024-06-23
in_000000103549,199900,1,0,0,0,0,0,0,0,0,2024-06-09,2024-06-09
in_000000318193,9900,1,0,0,0,0,0,0,0,0,2024-06-06,2024-06-06
in_000000208536,29900,1,0,0,0,0,0,0,0,0,2024-06-15,2024-06-15
in_000000129273,9900,1,0,0,0,0,0,0,0,0,2024-06-19,2024-06-19
in_000000244921,9900,1,0,0,0,0,0,0,0,0,2024-06-16,2024-06-16
in_000000298187,79900,1,0,0,0,0,0,0,0,0,2024-06-12,2024-06-12
in_000000084774,29900,1,0,0,0,0,0,0,0,0,2024-06-17,2024-06-17
in_000000065569,79900,1,0,0,0,0,0,0,0,0,2024-06-05,2024-06-05
in_000000188064,9900,1,0,0,0,0,0,0,0,0,2024-06-06,2024-06-06
in_000000075070,9900,1,0,0,0,0,0,0,0,0,2024-06-04,2024-06-04
in_000000036050,799000,1,0,0,0,0,0,0,0,0,2024-06-20,2024-06-20
in_000000286779,79900,1,0,0,0,0,0,0,0,0,2024-06-14,2024-06-14
in_000000041329,9900,1,0,0,0,0,0,0,0,0,2024-06-22,2024-06-22
in_000000083853,79900,1,0,0,0,0,0,0,0,0,2024-06-22,2024-06-22
in_000000300439,29900,1,0,0,0,0,0,0,0,0,2024-06-07,2024-06-07
in_000000036246,29900,1,0,0,0,0,0,0,0,0,2024-06-13,2024-06-13
in_000000102836,9900,1,0,0,0,0,0,0,0,0,2024-06-26,2024-06-26
in_000000199395,9900,1,0,0,0,0,0,0,0,0,2024-06-22,2024-06-22
in_000000181693,9900,1,0,0,0,0,0,0,0,0,2024-06-06,2024-06-06
in_000000294280,79900,1,0,0,0,0,0,0,0,0,2024-06-12,2024-06-12
in_000000196473,299000,1,0,0,0,0,0,0,0,0,2024-06-26,2024-06-26
in_000000261939,9900,1,0,0,0,0,0,0,0,0,2024-06-17,2024-06-17
in_000000150259,9900,1,0,0,0,0,0,0,0,0,2024-07-03,2024-07-03
in_000000148129,9900,1,0,0,0,0,0,0,0,0,2024-06-15,2024-06-15
in_000000095410,29900,1,0,0,0,0,0,0,0,0,2024-06-24,2024-06-24
in_000000136422,9900,1,0,0,0,0,0,0,0,0,2024-06-15,2024-06-15
in_000000037816,9900,1,0,0,0,0,0,0,0,0,2024-06-21,2024-06-21
in_000000218557,79900,1,0,0,0,0,0,0,0,0,2024-07-05,2024-07-05
in_000000219680,9900,1,0,0,0,0,0,0,0,0,2024-06-26,2024-06-26
in_000000257061,9900,1,0,0,0,0,0,0,0,0,2024-06-21,2024-06-21
in_000000303698,29900,1,0,0,0,0,0,0,0,0,2024-06-18,2024-06-18
in_000000089110,29900,1,0,0,0,0,0,0,0,0,2024-06-10,2024-06-10
in_000000019136,29900,1,0,0,0,0,0,0,0,0,2024-06-19,2024-06-19
in_000000178650,9900,1,0,0,0,0,0,0,0,0,2024-06-24,2024-06-24
in_000000272356,9900,1,0,0,0,0,0,0,0,0,2024-06-08,2024-06-08
in_000000123208,9900,1,0,0,0,0,0,0,0,0,2024-06-05,2024-06-05
in_000000130243,29900,1,0,0,0,0,0,0,0,0,2024-06-05,2024-06-05
in_000000185950,9900,1,0,0,0,0,0,0,0,0,2024-06-18,2024-06-18
in_000000283144,9900,1,0,0,0,0,0,0,0,0,2024-06-14,2024-06-14
in_000000188122,9900,1,0,0,0,0,0,0,0,0,2024-06-08,2024-06-08
in_000000207413,29900,1,0,0,0,0,0,0,0,0,2024-06-14,2024-06-14
in_000000084901,29900,1,0,0,0,0,0,0,0,0,2024-06-16,2024-06-16
in_000000142409,199900,1,0,0,0,0,0,0,0,0,2024-06-17,2024-06-17
in_000000149935,79900,1,0,0,0,0,0,0,0,0,2024-06-23,2024-06-23
in_000000140312,9900,1,0,0,0,0,0,0,0,0,2024-06-06,2024-06-06
in_000000042578,9900,1,0,0,0,0,0,0,0,0,2024-06-15,2024-06-15
in_000000231848,199900,1,0,0,0,0,0,0,0,0,2024-06-21,2024-06-21
in_000000062020,29900,1,0,0,0,0,0,0,0,0,2024-06-07,2024-06-07
in_000000295000,9900,1,0,0,0,0,0,0,0,0,2024-06-26,2024-06-26
in_000000001793,29900,1,0,0,0,0,0,0,0,0,2024-06-16,2024-06-16
in_000000242997,79900,1,0,0,0,0,0,0,0,0,2024-06-10,2024-06-10
in_000000289237,9900,1,0,0,0,0,0,0,0,0,2024-06-11,2024-06-11
in_000000134413,9900,1,0,0,0,0,0,0,0,0,2024-06-21,2024-06-21
in_000000065941,9900,1,0,0,0,0,0,0,0,0,2024-06-07,2024-06-07
in_000000062623,9900,1,0,0,0,0,0,0,0,0,2024-06-06,2024-06-06
in_000000162949,29900,1,0,0,0,0,0,0,0,0,2024-06-06,2024-06-06
in_000000082321,79900,1,0,0,0,0,0,0,0,0,2024-06-07,2024-06-07
in_000000093486,99000,1,0,0,0,0,0,0,0,0,2024-06-22,2024-06-22
in_000000312558,199900,1,0,0,0,0,0,0,0,0,2024-06-04,2024-06-04
in_000000146436,799000,1,0,0,0,0,0,0,0,0,2024-06-05,2024-06-05
in_000000133658,29900,1,0,0,0,0,0,0,0,0,2024-06-19,2024-06-19
in_000000058742,9900,1,0,0,0,0,0,0,0,0,2024-06-16,2024-06-16
in_000000066279,299000,1,0,0,0,0,0,0,0,0,2024-06-10,2024-06-10
in_000000018755,29900,1,0,0,0,0,0,0,0,0,2024-06-09,2024-06-09
in_000000305879,79900,1,0,0,0,0,0,0,0,0,2024-06-06,2024-06-06
in_000000230036,9900,1,0,0,0,0,0,0,0,0,2024-06-18,2024-06-18
in_000000086366,9900,1,0,0,0,0,0,0,0,0,2024-06-19,2024-06-19
in_000000047447,79900,1,0,0,0,0,0,0,0,0,2024-06-17,2024-06-17
in_000000061498,29900,1,0,0,0,0,0,0,0,0,2024-06-23,2024-06-23
in_000000003742,9900,1,0,0,0,0,0,0,0,0,2024-06-05,2024-06-05
in_000000221413,9900,1,0,0,0,0,0,0,0,0,2024-06-06,2024-06-06
in_000000028613,29900,1,0,0,0,0,0,0,0,0,2024-06-17,2024-06-17
in_000000005248,199900,1,0,0,0,0,0,0,0,0,2024-06-06,2024-06-06
in_000000163976,79900,1,0,0,0,0,0,0,0,0,2024-06-17,2024-06-17
in_000000129591,79900,1,0,0,0,0,0,0,0,0,2024-06-26,2024-06-26
in_000000182708,29900,1,0,0,0,0,0,0,0,0,2024-06-20,2024-06-20
in_000000071221,199900,1,0,0,0,0,0,0,0,0,2024-06-13,2024-06-13
in_000000154312,79900,1,0,0,0,0,0,0,0,0,2024-06-06,2024-06-06
in_000000111221,9900,1,0,0,0,0,0,0,0,0,2024-06-12,2024-06-12
in_000000192765,79900,1,0,0,0,0,0,0,0,0,2024-06-14,2024-06-14
in_000000039513,29900,1,0,0,0,0,0,0,0,0,2024-06-16,2024-06-16
in_000000261436,79900,1,0,0,0,0,0,0,0,0,2024-06-13,2024-06-13
in_000000229920,299000,1,0,0,0,0,0,0,0,0,2024-06-25,2024-06-25
in_000000118457,9900,1,0,0,0,0,0,0,0,0,2024-06-11,2024-06-11
in_000000161622,29900,1,0,0,0,0,0,0,0,0,2024-06-14,2024-06-14
in_000000124915,29900,1,0,0,0,0,0,0,0,0,2024-06-13,2024-06-13
in_000000151260,79900,1,0,0,0,0,0,0,0,0,2024-06-16,2024-06-16
in_000000008486,79900,1,0,0,0,0,0,0,0,0,2024-06-19,2024-06-19
in_000000285871,29900,1,0,0,0,0,0,0,0,0,2024-06-22,2024-06-22
in_000000179528,9900,1,0,0,0,0,0,0,0,0,2024-06-14,2024-06-14
in_000000192791,9900,1,0,0,0,0,0,0,0,0,2024-06-09,2024-06-09
in_000000246553,9900,1,0,0,0,0,0,0,0,0,2024-06-05,2024-06-05
in_000000016958,199900,1,0,0,0,0,0,0,0,0,2024-06-10,2024-06-10
in_000000116511,9900,1,0,0,0,0,0,0,0,0,2024-06-20,2024-06-20
in_000000003408,9900,1,0,0,0,0,0,0,0,0,2024-06-17,2024-06-17
in_000000237563,29900,1,0,0,0,0,0,0,0,0,2024-06-09,2024-06-09
in_000000267958,9900,1,0,0,0,0,0,0,0,0,2024-06-07,2024-06-07
in_000000304844,79900,1,0,0,0,0,0,0,0,0,2024-06-12,2024-06-12
in_000000105047,79900,1,0,0,0,0,0,0,0,0,2024-06-25,2024-06-25
in_000000303925,79900,1,0,0,0,0,0,0,0,0,2024-06-07,2024-06-07
in_000000235823,169915,1,0,0,1,0,0,0,0,0,2024-06-24,2024-06-24
in_000000038174,9900,1,0,0,0,0,0,0,0,0,2024-06-13,2024-06-13
in_000000132681,9900,1,0,0,0,0,0,0,0,0,2024-06-13,2024-06-13
in_000000316990,9900,1,0,0,0,0,0,0,0,0,2024-06-14,2024-06-14
in_000000066950,29900,1,0,0,0,0,0,0,0,0,2024-06-06,2024-06-06
in_000000010074,29900,1,0,0,0,0,0,0,0,0,2024-06-08,2024-06-08
in_000000033781,199900,1,0,0,0,0,0,0,0,0,2024-06-15,2024-06-15
in_000000082795,9900,1,0,0,0,0,0,0,0,0,2024-06-04,2024-06-04
in_000000117860,9900,1,0,0,0,0,0,0,0,0,2024-06-17,2024-06-17
in_000000230224,9900,1,0,0,0,0,0,0,0,0,2024-06-16,2024-06-16
in_000000034280,9900,1,0,0,0,0,0,0,0,0,2024-06-23,2024-06-23
in_000000064492,29900,1,0,0,0,0,0,0,0,0,2024-06-07,2024-06-07
in_000000172506,9900,1,0,0,0,0,0,0,0,0,2024-06-11,2024-06-11
in_000000071391,9900,1,0,0,0,0,0,0,0,0,2024-06-19,2024-06-19
in_000000129113,29900,1,0,0,0,0,0,0,0,0,2024-06-17,2024-06-17
in_000000311831,79900,1,0,0,0,0,0,0,0,0,2024-06-17,2024-06-17
in_000000014416,9900,1,0,0,0,0,0,0,0,0,2024-06-24,2024-06-24
in_000000051850,9900,1,0,0,0,0,0,0,0,0,2024-06-18,2024-06-18
in_000000314334,29900,1,0,0,0,0,0,0,0,0,2024-06-16,2024-06-16
in_000000067272,299000,1,0,0,0,0,0,0,0,0,2024-06-06,2024-06-06
in_000000083478,79900,1,0,0,0,0,0,0,0,0,2024-06-12,2024-06-12
in_000000118409,29900,1,0,0,0,0,0,0,0,0,2024-06-05,2024-06-05
in_000000017823,29900,1,0,0,0,0,0,0,0,0,2024-06-07,2024-06-07
in_000000127008,9900,1,0,0,0,0,0,0,0,0,2024-06-21,2024-06-21
in_000000145017,29900,1,0,0,0,0,0,0,0,0,2024-06-14,2024-06-14
in_000000032881,9900,1,0,0,0,0,0,0,0,0,2024-06-24,2024-06-24
in_000000049300,29900,1,0,0,0,0,0,0,0,0,2024-06-22,2024-06-22
in_000000093257,9900,1,0,0,0,0,0,0,0,0,2024-06-05,2024-06-05
in_000000314487,29900,1,0,0,0,0,0,0,0,0,2024-06-24,2024-06-24
in_000000076001,9900,1,0,0,0,0,0,0,0,0,2024-06-22,2024-06-22
in_000000068569,9900,1,0,0,0,0,0,0,0,0,2024-06-09,2024-06-09
in_000000021606,79900,1,0,0,0,0,0,0,0,0,2024-06-08,2024-06-08
in_000000241188,79900,1,0,0,0,0,0,0,0,0,2024-07-05,2024-07-05
in_000000152724,9900,1,0,0,0,0,0,0,0,0,2024-06-16,2024-06-16
in_000000208068,29900,1,0,0,0,0,0,0,0,0,2024-06-23,2024-06-23
in_000000128848,29900,1,0,0,0,0,0,0,0,0,2024-06-07,2024-06-07
in_000000156825,9900,1,0,0,0,0,0,0,0,0,2024-06-05,2024-06-05
in_000000272633,29900,1,0,0,0,0,0,0,0,0,2024-06-17,2024-06-17
in_000000042477,29900,1,0,0,0,0,0,0,0,0,2024-06-14,2024-06-14
in_000000203643,79900,1,0,0,0,0,0,0,0,0,2024-06-10,2024-06-10
in_000000022947,9900,1,0,0,0,0,0,0,0,0,2024-06-09,2024-06-09
in_000000159855,9900,1,0,0,0,0,0,0,0,0,2024-06-11,2024-06-11
in_000000189903,79900,1,0,0,0,0,0,0,0,0,2024-06-22,2024-06-22
in_000000206261,29900,1,0,0,0,0,0,0,0,0,2024-06-03,2024-06-03
in_000000173494,79900,1,0,0,0,0,0,0,0,0,2024-06-06,2024-06-06
in_000000155520,299000,1,0,0,0,0,0,0,0,0,2024-06-08,2024-06-08
in_000000021737,9900,1,0,0,0,0,0,0,0,0,2024-06-15,2024-06-15
in_000000265660,29900,1,0,0,0,0,0,0,0,0,2024-06-10,2024-06-10
in_000000073720,25415,1,0,0,1,0,0,0,0,0,2024-06-12,2024-06-12
in_000000080085,9900,1,0,0,0,0,0,0,0,0,2024-06-21,2024-06-21
in_000000020241,9900,1,0,0,0,0,0,0,0,0,2024-06-14,2024-06-14
in_000000069340,9900,1,0,0,0,0,0,0,0,0,2024-06-21,2024-06-21
in_000000290456,9900,1,0,0,0,0,0,0,0,0,2024-06-22,2024-06-22
in_000000028734,29900,1,0,0,0,0,0,0,0,0,2024-06-04,2024-06-04
in_000000316415,79900,1,0,0,0,0,0,0,0,0,2024-06-11,2024-06-11
in_000000057924,199900,1,0,0,0,0,0,0,0,0,2024-06-12,2024-06-12
in_000000294021,199900,1,0,0,0,0,0,0,0,0,2024-06-24,2024-06-24
in_000000298461,29900,1,0,0,0,0,0,0,0,0,2024-06-09,2024-06-09
in_000000029645,9900,1,0,0,0,0,0,0,0,0,2024-06-13,2024-06-13
in_000000255314,67915,1,0,0,1,0,0,0,0,0,2024-06-14,2024-06-14
in_000000260276,29900,1,0,0,0,0,0,0,0,0,2024-06-15,2024-06-15
in_000000310017,9900,1,0,0,0,0,0,0,0,0,2024-06-18,2024-06-18
in_000000054858,99000,1,0,0,0,0,0,0,0,0,2024-06-25,2024-06-25
in_000000145225,79900,1,0,0,0,0,0,0,0,0,2024-06-16,2024-06-16
in_000000194371,9900,1,0,0,0,0,0,0,0,0,2024-06-09,2024-06-09
in_000000215429,29900,1,0,0,0,0,0,0,0,0,2024-06-15,2024-06-15
in_000000138953,9900,1,0,0,0,0,0,0,0,0,2024-06-16,2024-06-16
in_000000035610,9900,1,0,0,0,0,0,0,0,0,2024-06-15,2024-06-15
in_000000169047,9900,1,0,0,0,0,0,0,0,0,2024-06-06,2024-06-06
in_000000025237,29900,1,0,0,0,0,0,0,0,0,2024-06-07,2024-06-07
in_000000282705,299000,1,0,0,0,0,0,0,0,0,2024-06-20,2024-06-20
in_000000233236,9900,1,0,0,0,0,0,0,0,0,2024-06-08,2024-06-08
in_000000273854,29900,1,0,0,0,0,0,0,0,0,2024-06-15,2024-06-15
in_000000151953,9900,1,0,0,0,0,0,0,0,0,2024-06-08,2024-06-08
in_000000197384,29900,1,0,0,0,0,0,0,0,0,2024-06-08,2024-06-08
in_000000139450,9900,1,0,0,0,0,0,0,0,0,2024-06-07,2024-06-07
in_000000127398,9900,1,0,0,0,0,0,0,0,0,2024-06-20,2024-06-20
in_000000289878,29900,1,0,0,0,0,0,0,0,0,2024-06-20,2024-06-20
in_000000193179,9900,1,0,0,0,0,0,0,0,0,2024-06-05,2024-06-05
in_000000110579,9900,1,0,0,0,0,0,0,0,0,2024-06-10,2024-06-10
in_000000122801,9900,1,0,0,0,0,0,0,0,0,2024-06-15,2024-06-15
in_000000259620,9900,1,0,0,0,0,0,0,0,0,2024-06-16,2024-06-16
in_000000220138,1999000,1,0,0,0,0,0,0,0,0,2024-06-18,2024-06-18
in_000000314512,9900,1,0,0,0,0,0,0,0,0,2024-06-22,2024-06-22
in_000000226155,9900,1,0,0,0,0,0,0,0,0,2024-06-15,2024-06-15
in_000000096335,99000,1,0,0,0,0,0,0,0,0,2024-06-06,2024-06-06
in_000000087228,9900,1,0,0,0,0,0,0,0,0,2024-06-13,2024-06-13
in_000000255666,9900,1,0,0,0,0,0,0,0,0,2024-06-06,2024-06-06
in_000000041582,26910,1,0,0,1,0,0,0,0,0,2024-06-15,2024-06-15
in_000000083718,9400,1,0,0,1,0,0,0,0,0,2024-06-04,2024-06-04
in_000000126275,29900,1,0,0,0,0,0,0,0,0,2024-06-15,2024-06-15
in_000000158826,9900,1,0,0,0,0,0,0,0,0,2024-06-19,2024-06-19
in_000000119513,29900,1,0,0,0,0,0,0,0,0,2024-06-20,2024-06-20
in_000000279161,9900,1,0,0,0,0,0,0,0,0,2024-06-20,2024-06-20
in_000000265726,9900,1,0,0,0,0,0,0,0,0,2024-06-09,2024-06-09
in_000000019279,9900,1,0,0,0,0,0,0,0,0,2024-06-24,2024-06-24
in_000000264296,9900,1,0,0,0,0,0,0,0,0,2024-06-17,2024-06-17
in_000000255254,9900,1,0,0,0,0,0,0,0,0,2024-06-05,2024-06-05
in_000000242384,199900,1,0,0,0,0,0,0,0,0,2024-06-18,2024-06-18
in_000000024088,29900,1,0,0,0,0,0,0,0,0,2024-06-10,2024-06-10
in_000000204568,29900,1,0,0,0,0,0,0,0,0,2024-06-22,2024-06-22
in_000000208450,9900,1,0,0,0,0,0,0,0,0,2024-06-10,2024-06-10
in_000000251216,79900,1,0,0,0,0,0,0,0,0,2024-06-05,2024-06-05
in_000000130408,29900,1,0,0,0,0,0,0,0,0,2024-06-22,2024-06-22
in_000000114340,79900,1,0,0,0,0,0,0,0,0,2024-06-21,2024-06-21
in_000000167871,9900,1,0,0,0,0,0,0,0,0,2024-06-18,2024-06-18
in_000000186271,199900,1,0,0,0,0,0,0,0,0,2024-06-20,2024-06-20
in_000000303451,9900,1,0,0,0,0,0,0,0,0,2024-06-08,2024-06-08
in_000000318506,29900,1,0,0,0,0,0,0,0,0,2024-06-10,2024-06-10
in_000000184743,9900,1,0,0,0,0,0,0,0,0,2024-06-13,2024-06-13
in_000000109665,79900,1,0,0,0,0,0,0,0,0,2024-06-25,2024-06-25
in_000000137316,9900,1,0,0,0,0,0,0,0,0,2024-06-13,2024-06-13
in_000000169843,29900,1,0,0,0,0,0,0,0,0,2024-06-08,2024-06-08
in_000000309143,9900,1,0,0,0,0,0,0,0,0,2024-06-06,2024-06-06
in_000000127428,9900,1,0,0,0,0,0,0,0,0,2024-06-07,2024-06-07
in_000000205712,99000,1,0,0,0,0,0,0,0,0,2024-06-11,2024-06-11
in_000000305053,9900,1,0,0,0,0,0,0,0,0,2024-06-20,2024-06-20
in_000000236036,29900,1,0,0,0,0,0,0,0,0,2024-06-14,2024-06-14
in_000000039678,9900,1,0,0,0,0,0,0,0,0,2024-06-12,2024-06-12
in_000000110777,79900,1,0,0,0,0,0,0,0,0,2024-06-11,2024-06-11
in_000000257550,9900,1,0,0,0,0,0,0,0,0,2024-06-07,2024-06-07
in_000000246582,29900,1,0,0,0,0,0,0,0,0,2024-06-23,2024-06-23
in_000000204530,79900,1,0,0,0,0,0,0,0,0,2024-06-05,2024-06-05
in_000000185686,9900,1,0,0,0,0,0,0,0,0,2024-06-07,2024-06-07
in_000000273612,79900,1,0,0,0,0,0,0,0,0,2024-06-16,2024-06-16
in_000000212068,29900,1,0,0,0,0,0,0,0,0,2024-06-16,2024-06-16
in_000000121709,199900,1,0,0,0,0,0,0,0,0,2024-06-03,2024-06-03
in_000000169222,9900,1,0,0,0,0,0,0,0,0,2024-06-06,2024-06-06
in_000000108643,9900,1,0,0,0,0,0,0,0,0,2024-06-09,2024-06-09
in_000000004157,79900,1,0,0,0,0,0,0,0,0,2024-06-13,2024-06-13
in_000000121966,79900,1,0,0,0,0,0,0,0,0,2024-06-17,2024-06-17
in_000000234592,199900,1,0,0,0,0,0,0,0,0,2024-06-20,2024-06-20
in_000000078037,9900,1,0,0,0,0,0,0,0,0,2024-06-13,2024-06-13
in_000000296082,9900,1,0,0,0,0,0,0,0,0,2024-06-08,2024-06-08
in_000000192268,29900,1,0,0,0,0,0,0,0,0,2024-06-10,2024-06-10
in_000000228398,29900,1,0,0,0,0,0,0,0,0,2024-06-13,2024-06-13
in_000000015730,29900,1,0,0,0,0,0,0,0,0,2024-06-10,2024-06-10
in_000000130363,29900,1,0,0,0,0,0,0,0,0,2024-06-09,2024-06-09
in_000000034487,79900,1,0,0,0,0,0,0,0,0,2024-06-08,2024-06-08
in_000000059808,79900,1,0,0,0,0,0,0,0,0,2024-06-12,2024-06-12
in_000000159862,299000,1,0,0,0,0,0,0,0,0,2024-06-12,2024-06-12
in_000000093772,199900,1,0,0,0,0,0,0,0,0,2024-06-12,2024-06-12
in_000000142105,299000,1,0,0,0,0,0,0,0,0,2024-06-19,2024-06-19
in_000000311749,29900,1,0,0,0,0,0,0,0,0,2024-06-22,2024-06-22
in_000000151503,79900,1,0,0,0,0,0,0,0,0,2024-06-19,2024-06-19
in_000000225363,29900,1,0,0,0,0,0,0,0,0,2024-06-09,2024-06-09
in_000000264506,9900,1,0,0,0,0,0,0,0,0,2024-06-19,2024-06-19
in_000000017036,9900,1,0,0,0,0,0,0,0,0,2024-06-19,2024-06-19
in_000000241358,199900,1,0,0,0,0,0,0,0,0,2024-06-14,2024-06-14
in_000000219277,9900,1,0,0,0,0,0,0,0,0,2024-06-19,2024-06-19
in_000000279444,79900,1,0,0,0,0,0,0,0,0,2024-06-17,2024-06-17
in_000000199009,9900,1,0,0,0,0,0,0,0,0,2024-06-19,2024-06-19
in_000000283597,9900,1,0,0,0,0,0,0,0,0,2024-06-10,2024-06-10
in_000000023264,9900,1,0,0,0,0,0,0,0,0,2024-06-26,2024-06-26
in_000000297722,199900,1,0,1,0,0,0,0,0,0,2024-06-19,2024-06-19
in_000000203461,9900,1,0,1,0,0,0,0,0,0,2024-06-17,2024-06-17
in_000000223194,9900,1,0,1,0,0,0,0,0,0,2024-06-09,2024-06-09
in_000000264905,29900,1,0,1,0,0,0,0,0,0,2024-06-13,2024-06-13
in_000000001246,29900,1,0,1,0,0,0,0,0,0,2024-06-20,2024-06-20
in_000000269946,29900,1,0,1,0,0,0,0,0,0,2024-06-21,2024-06-21
in_000000192922,29900,1,0,1,0,0,0,0,0,0,2024-06-16,2024-06-16
in_000000320456,799000,1,0,1,0,0,0,0,0,0,2024-06-05,2024-06-05
in_000000117085,29900,1,0,2,0,0,0,0,0,0,2024-06-07,2024-06-07
in_000000193915,29900,1,0,1,0,0,0,0,0,0,2024-06-10,2024-06-10
in_000000128465,29900,1,0,1,0,0,0,0,0,0,2024-06-22,2024-06-22
in_000000174184,9900,1,0,1,0,0,0,0,0,0,2024-06-08,2024-06-08
in_000000251294,199900,1,0,1,0,0,0,0,0,0,2024-06-23,2024-06-23
in_000000175805,79900,1,0,1,0,0,0,0,0,0,2024-06-19,2024-06-19
in_000000121008,29900,1,0,1,0,0,0,0,0,0,2024-06-08,2024-06-08
in_000000267502,9900,1,0,1,0,0,0,0,0,0,2024-06-10,2024-06-10
in_000000250103,9900,1,0,1,0,0,0,0,0,0,2024-06-26,2024-06-26
in_000000236547,9900,1,0,1,0,0,0,0,0,0,2024-06-07,2024-06-07
in_000000085335,7920,1,0,1,1,0,0,0,0,0,2024-06-10,2024-06-10
in_000000072199,199900,1,0,1,0,0,0,0,0,0,2024-06-06,2024-06-06
in_000000249380,79900,1,0,1,0,0,0,0,0,0,2024-06-07,2024-06-07
in_000000306230,9900,1,0,2,0,0,0,0,0,0,2024-06-10,2024-06-10
in_000000270670,79900,1,0,1,0,0,0,0,0,0,2024-06-19,2024-06-19
in_000000091657,9900,1,0,1,0,0,0,0,0,0,2024-06-16,2024-06-16
in_000000223087,79900,1,0,2,0,0,0,0,0,0,2024-06-17,2024-06-17
in_000000040524,199900,1,0,1,0,0,0,0,0,0,2024-06-09,2024-06-09
in_000000275914,29900,1,0,1,0,0,0,0,0,0,2024-06-11,2024-06-11
in_000000276011,29900,1,0,2,0,0,0,0,0,0,2024-06-15,2024-06-15
in_000000125124,29900,1,0,1,0,0,0,0,0,0,2024-06-14,2024-06-14
in_000000047873,79900,1,0,1,0,0,0,0,0,0,2024-06-24,2024-06-24
in_000000203269,79900,1,0,1,0,0,0,0,0,0,2024-06-07,2024-06-07
in_000000289740,79900,1,0,1,0,0,0,0,0,0,2024-06-10,2024-06-10
in_000000245632,9900,1,0,1,0,0,0,0,0,0,2024-06-22,2024-06-22
in_000000160175,29900,1,0,2,0,0,0,0,0,0,2024-06-28,2024-06-28
in_000000320545,9900,1,0,1,0,0,0,0,0,0,2024-06-11,2024-06-11
in_000000152277,9900,1,0,1,0,0,0,0,0,0,2024-06-24,2024-06-24
in_000000172770,29900,1,0,1,0,0,0,0,0,0,2024-06-24,2024-06-24
in_000000185770,79900,1,0,1,0,0,0,0,0,0,2024-06-08,2024-06-08
in_000000088357,9900,1,0,1,0,0,0,0,0,0,2024-06-16,2024-06-16
in_000000009598,199900,1,0,2,0,0,0,0,0,0,2024-06-26,2024-06-26
in_000000252539,29900,1,0,2,0,0,0,0,0,0,2024-06-19,2024-06-19
in_000000134356,79900,1,0,1,0,0,0,0,0,0,2024-06-20,2024-06-20
in_000000167550,9900,1,0,1,0,0,0,0,0,0,2024-06-11,2024-06-11
in_000000112769,79900,1,0,1,0,0,0,0,0,0,2024-06-08,2024-06-08
in_000000184356,9900,1,0,1,0,0,0,0,0,0,2024-06-23,2024-06-23
in_000000026339,9900,1,0,1,0,0,0,0,0,0,2024-06-23,2024-06-23
in_000000097672,29900,1,0,1,0,0,0,0,0,0,2024-06-08,2024-06-08
in_000000209491,29900,1,0,1,0,0,0,0,0,0,2024-06-07,2024-06-07
in_000000278798,9900,1,0,2,0,0,0,0,0,0,2024-06-17,2024-06-17
in_000000152870,99000,1,0,1,0,0,0,0,0,0,2024-06-21,2024-06-21
in_000000294234,79900,1,0,1,0,0,0,0,0,0,2024-06-14,2024-06-14
in_000000239100,9900,1,0,1,0,0,0,0,0,0,2024-06-17,2024-06-17
in_000000061035,79900,1,0,1,0,0,0,0,0,0,2024-06-17,2024-06-17
in_000000050104,9900,1,0,1,0,0,0,0,0,0,2024-06-11,2024-06-11
in_000000063836,9900,1,0,2,0,0,0,0,0,0,2024-06-19,2024-06-19
in_000000146090,9900,1,0,1,0,0,0,0,0,0,2024-06-05,2024-06-05
in_000000191686,199900,1,0,1,0,0,0,0,0,0,2024-06-22,2024-06-22
in_000000142016,79900,1,0,1,0,0,0,0,0,0,2024-06-06,2024-06-06
in_000000194641,29900,1,0,1,0,0,0,0,0,0,2024-06-17,2024-06-17
in_000000060379,9900,1,0,1,0,0,0,0,0,0,2024-06-13,2024-06-13
in_000000232628,199900,1,0,1,0,0,0,0,0,0,2024-06-23,2024-06-23
in_000000063353,9900,1,0,1,0,0,0,0,0,0,2024-06-06,2024-06-06
in_000000277889,9900,1,0,1,0,0,0,0,0,0,2024-06-25,2024-06-25
in_000000249175,29900,1,0,1,0,0,0,0,0,0,2024-06-15,2024-06-15
in_000000003809,9900,1,0,1,0,0,0,0,0,0,2024-06-24,2024-06-24
in_000000149502,29900,1,0,1,0,0,0,0,0,0,2024-06-13,2024-06-13
in_000000117539,9900,1,0,1,0,0,0,0,0,0,2024-06-22,2024-06-22
in_000000136051,9900,1,0,1,0,0,0,0,0,0,2024-06-27,2024-06-27
in_000000213768,9900,1,0,1,0,0,0,0,0,0,2024-06-07,2024-06-07
in_000000066137,299000,1,0,1,0,0,0,0,0,0,2024-06-13,2024-06-13
in_000000252158,9900,1,0,1,0,0,0,0,0,0,2024-06-19,2024-06-19
in_000000221048,9900,1,0,1,0,0,0,0,0,0,2024-06-09,2024-06-09
in_000000258273,9900,1,0,1,0,0,0,0,0,0,2024-06-25,2024-06-25
in_000000291949,79900,1,0,2,0,0,0,0,0,0,2024-06-20,2024-06-20
in_000000137006,79900,1,0,1,0,0,0,0,0,0,2024-06-18,2024-06-18
in_000000110415,9900,1,0,1,0,0,0,0,0,0,2024-06-27,2024-06-27
in_000000160184,99000,1,0,2,0,0,0,0,0,0,2024-06-07,2024-06-07
in_000000103893,9900,1,0,2,0,0,0,0,0,0,2024-06-26,2024-06-26
in_000000224271,9900,1,0,1,0,0,0,0,0,0,2024-06-13,2024-06-13
in_000000061295,79900,1,0,1,0,0,0,0,0,0,2024-06-19,2024-06-19
in_000000065657,9900,1,0,1,0,0,0,0,0,0,2024-06-25,2024-06-25
in_000000231308,79900,1,0,2,0,0,0,0,0,0,2024-06-08,2024-06-08
in_000000234915,9900,1,0,1,0,0,0,0,0,0,2024-06-11,2024-06-11
in_000000093895,29900,1,0,2,0,0,0,0,0,0,2024-06-15,2024-06-15
in_000000047763,79900,1,0,1,0,0,0,0,0,0,2024-06-18,2024-06-18
in_000000119739,299000,1,0,1,0,0,0,0,0,0,2024-06-24,2024-06-24
in_000000054746,9900,1,0,1,0,0,0,0,0,0,2024-06-25,2024-06-25
in_000000028223,9900,1,0,2,0,0,0,0,0,0,2024-06-13,2024-06-13
in_000000221939,29900,1,0,1,0,0,0,0,0,0,2024-06-10,2024-06-10
in_000000313762,799000,1,0,1,0,0,0,0,0,0,2024-06-11,2024-06-11
in_000000132659,14950,1,0,1,1,0,0,0,0,0,2024-06-12,2024-06-12
in_000000311552,199900,1,0,1,0,0,0,0,0,0,2024-06-10,2024-06-10
in_000000149073,29900,1,0,1,0,0,0,0,0,0,2024-06-21,2024-06-21
in_000000182200,29900,1,0,2,0,0,0,0,0,0,2024-06-16,2024-06-16
in_000000169877,9900,1,0,1,0,0,0,0,0,0,2024-06-21,2024-06-21
in_000000246921,29900,1,0,1,0,0,0,0,0,0,2024-06-14,2024-06-14
in_000000218225,9900,1,0,2,0,0,0,0,0,0,2024-06-10,2024-06-10
in_000000210898,9900,1,0,1,0,0,0,0,0,0,2024-06-24,2024-06-24
in_000000010879,9900,1,0,2,0,0,0,0,0,0,2024-06-23,2024-06-23
in_000000213452,199900,1,0,2,0,0,0,0,0,0,2024-06-16,2024-06-16
in_000000100512,79900,1,0,2,0,0,0,0,0,0,2024-06-12,2024-06-12
in_000000249584,29900,1,0,1,0,0,0,0,0,0,2024-06-19,2024-06-19
in_000000062505,9900,1,0,1,0,0,0,0,0,0,2024-06-18,2024-06-18
in_000000241902,9900,1,0,1,0,0,0,0,0,0,2024-06-06,2024-06-06
in_000000054231,79900,1,0,1,0,0,0,0,0,0,2024-06-27,2024-06-27
in_000000118558,79900,1,0,1,0,0,0,0,0,0,2024-06-18,2024-06-18
in_000000097177,29900,1,0,1,0,0,0,0,0,0,2024-06-07,2024-06-07
in_000000213289,9900,1,0,1,0,0,0,0,0,0,2024-06-05,2024-06-05
in_000000072235,9900,1,0,1,0,0,0,0,0,0,2024-06-14,2024-06-14
in_000000118527,9900,1,0,1,0,0,0,0,0,0,2024-06-19,2024-06-19
in_000000182813,29900,1,0,1,0,0,0,0,0,0,2024-06-14,2024-06-14
in_000000009415,9900,1,0,1,0,0,0,0,0,0,2024-06-21,2024-06-21
in_000000153735,9900,1,0,1,0,0,0,0,0,0,2024-06-25,2024-06-25
in_000000274934,79900,1,0,1,0,0,0,0,0,0,2024-06-10,2024-06-10
in_000000219564,9900,1,0,1,0,0,0,0,0,0,2024-06-13,2024-06-13
in_000000250554,7920,1,0,1,1,0,0,0,0,0,2024-06-24,2024-06-24
in_000000006895,29900,1,0,1,0,0,0,0,0,0,2024-06-23,2024-06-23
in_000000225736,29900,1,0,1,0,0,0,0,0,0,2024-06-15,2024-06-15
in_000000000515,29900,1,0,1,0,0,0,0,0,0,2024-06-12,2024-06-12
in_000000019211,79900,1,0,2,0,0,0,0,0,0,2024-06-06,2024-06-06
in_000000217516,199900,1,0,1,0,0,0,0,0,0,2024-06-23,2024-06-23
in_000000137515,79900,1,0,1,0,0,0,0,0,0,2024-06-12,2024-06-12
in_000000227563,9900,1,0,1,0,0,0,0,0,0,2024-06-05,2024-06-05
in_000000187013,29900,1,0,1,0,0,0,0,0,0,2024-06-22,2024-06-22
in_000000036715,9900,1,0,1,0,0,0,0,0,0,2024-06-05,2024-06-05
in_000000305237,9900,1,0,1,0,0,0,0,0,0,2024-06-05,2024-06-05
in_000000290878,29900,1,0,1,0,0,0,0,0,0,2024-06-24,2024-06-24
in_000000180206,79900,1,0,1,0,0,0,0,0,0,2024-06-10,2024-06-10
in_000000162428,9900,1,0,1,0,0,0,0,0,0,2024-06-14,2024-06-14
in_000000231000,29900,1,0,1,0,0,0,0,0,0,2024-06-09,2024-06-09
in_000000203728,9900,1,0,1,0,0,0,0,0,0,2024-06-18,2024-06-18
in_000000157942,29900,1,0,1,0,0,0,0,0,0,2024-06-15,2024-06-15
in_000000320955,9900,1,0,1,0,0,0,0,0,0,2024-06-20,2024-06-20
in_000000248980,9900,1,0,1,0,0,0,0,0,0,2024-06-08,2024-06-08
in_000000267546,9900,1,0,1,0,0,0,0,0,0,2024-06-14,2024-06-14
in_000000183872,9900,1,0,1,0,0,0,0,0,0,2024-06-15,2024-06-15
in_000000146338,29900,1,0,1,0,0,0,0,0,0,2024-06-25,2024-06-25
in_000000064071,29900,1,0,1,0,0,0,0,0,0,2024-06-25,2024-06-25
in_000000299055,9900,1,0,1,0,0,0,0,0,0,2024-06-19,2024-06-19
in_000000127883,29900,1,0,2,0,0,0,0,0,0,2024-06-27,2024-06-27
in_000000042614,9900,1,0,1,0,0,0,0,0,0,2024-06-16,2024-06-16
in_000000097191,9900,1,0,1,0,0,0,0,0,0,2024-06-08,2024-06-08
in_000000216284,299000,1,0,2,0,0,0,0,0,0,2024-06-19,2024-06-19
in_000000178904,199900,1,0,1,0,0,0,0,0,0,2024-06-17,2024-06-17
in_000000097860,29900,1,0,1,0,0,0,0,0,0,2024-06-25,2024-06-25
in_000000265777,9900,1,0,1,0,0,0,0,0,0,2024-06-19,2024-06-19
in_000000105178,9900,1,0,1,0,0,0,0,0,0,2024-06-08,2024-06-08
in_000000155526,9900,1,0,1,0,0,0,0,0,0,2024-06-24,2024-06-24
in_000000062083,9900,1,0,1,0,0,0,0,0,0,2024-06-09,2024-06-09
in_000000262176,9900,1,0,1,0,0,0,0,0,0,2024-06-19,2024-06-19
in_000000205459,9900,1,0,1,0,0,0,0,0,0,2024-06-18,2024-06-18
in_000000059742,9900,1,0,1,0,0,0,0,0,0,2024-06-23,2024-06-23
in_000000269495,29900,1,0,2,0,0,0,0,0,0,2024-06-20,2024-06-20
in_000000305942,29900,1,0,1,0,0,0,0,0,0,2024-06-11,2024-06-11
in_000000298250,79900,1,0,2,0,0,0,0,0,0,2024-06-16,2024-06-16
in_000000143859,199900,1,0,1,0,0,0,0,0,0,2024-06-18,2024-06-18
in_000000318644,79900,1,0,1,0,0,0,0,0,0,2024-06-14,2024-06-14
in_000000018995,79900,1,0,1,0,0,0,0,0,0,2024-06-11,2024-06-11
in_000000161644,9900,1,0,1,0,0,0,0,0,0,2024-06-24,2024-06-24
in_000000225700,79900,1,0,1,0,0,0,0,0,0,2024-06-06,2024-06-06
in_000000055670,29900,1,0,1,0,0,0,0,0,0,2024-06-16,2024-06-16
in_000000217417,9900,1,0,2,0,0,0,0,0,0,2024-06-13,2024-06-13
in_000000276926,9900,1,0,1,0,0,0,0,0,0,2024-06-09,2024-06-09
in_000000063697,79900,1,0,1,0,0,0,0,0,0,2024-06-10,2024-06-10
in_000000001255,9900,1,0,1,0,0,0,0,0,0,2024-06-08,2024-06-08
in_000000006392,9900,1,0,1,0,0,0,0,0,0,2024-06-18,2024-06-18
in_000000286989,9900,1,0,1,0,0,0,0,0,0,2024-06-22,2024-06-22
in_000000166714,29900,1,0,1,0,0,0,0,0,0,2024-06-21,2024-06-21
in_000000290930,79900,1,0,1,0,0,0,0,0,0,2024-06-08,2024-06-08
in_000000025906,29900,1,0,1,0,0,0,0,0,0,2024-06-24,2024-06-24
in_000000140429,299000,1,0,1,0,0,0,0,0,0,2024-06-09,2024-06-09
in_000000010720,29900,1,0,1,0,0,0,0,0,0,2024-06-06,2024-06-06
in_000000152196,9900,1,0,1,0,0,0,0,0,0,2024-06-08,2024-06-08
in_000000050710,79900,1,0,1,0,0,0,0,0,0,2024-06-21,2024-06-21
in_000000143054,29900,1,0,1,0,0,0,0,0,0,2024-06-24,2024-06-24
in_000000136039,29900,1,0,2,0,0,0,0,0,0,2024-06-24,2024-06-24
in_000000202765,29900,1,0,1,0,0,0,0,0,0,2024-06-18,2024-06-18
in_000000144693,25415,1,0,2,1,0,0,0,0,0,2024-06-23,2024-06-23
in_000000210465,9900,1,0,1,0,0,0,0,0,0,2024-06-22,2024-06-22
in_000000272613,29900,1,0,1,0,0,0,0,0,0,2024-06-16,2024-06-16
in_000000000612,29900,1,0,1,0,0,0,0,0,0,2024-06-13,2024-06-13
in_000000114275,79900,1,0,1,0,0,0,0,0,0,2024-06-07,2024-06-07
in_000000195966,29900,1,0,1,0,0,0,0,0,0,2024-06-06,2024-06-06
in_000000240120,79900,1,0,2,0,0,0,0,0,0,2024-06-19,2024-06-19
in_000000140759,9900,1,0,1,0,0,0,0,0,0,2024-06-22,2024-06-22
in_000000312186,79900,1,0,1,0,0,0,0,0,0,2024-06-15,2024-06-15
in_000000254025,9900,1,0,1,0,0,0,0,0,0,2024-06-20,2024-06-20
in_000000315789,9900,1,0,1,0,0,0,0,0,0,2024-06-25,2024-06-25
in_000000116658,29900,1,0,1,0,0,0,0,0,0,2024-06-17,2024-06-17
in_000000250982,29900,1,0,1,0,0,0,0,0,0,2024-06-08,2024-06-08
in_000000236258,99000,1,0,1,0,0,0,0,0,0,2024-06-13,2024-06-13
in_000000299541,79900,1,0,1,0,0,0,0,0,0,2024-06-26,2024-06-26
in_000000002828,9900,1,0,1,0,0,0,0,0,0,2024-06-23,2024-06-23
in_000000047365,29900,1,0,1,0,0,0,0,0,0,2024-06-26,2024-06-26
in_000000165803,9900,1,0,1,0,0,0,0,0,0,2024-06-12,2024-06-12
in_000000038373,29900,1,0,1,0,0,0,0,0,0,2024-06-19,2024-06-19
in_000000291586,9900,1,0,1,0,0,0,0,0,0,2024-06-24,2024-06-24
in_000000200956,29900,1,0,1,0,0,0,0,0,0,2024-06-14,2024-06-14
in_000000284233,29900,1,0,1,0,0,0,0,0,0,2024-06-16,2024-06-16
in_000000153951,9900,1,0,1,0,0,0,0,0,0,2024-06-07,2024-06-07
in_000000168124,29900,1,0,1,0,0,0,0,0,0,2024-06-20,2024-06-20
in_000000221705,9900,1,0,1,0,0,0,0,0,0,2024-06-16,2024-06-16
in_000000171376,29900,1,0,1,0,0,0,0,0,0,2024-06-21,2024-06-21
in_000000000388,9900,1,0,1,0,0,0,0,0,0,2024-06-25,2024-06-25
in_000000301806,29900,1,0,2,0,0,0,0,0,0,2024-06-10,2024-06-10
in_000000134016,9900,1,0,1,0,0,0,0,0,0,2024-06-20,2024-06-20
in_000000242717,9900,1,0,1,0,0,0,0,0,0,2024-06-22,2024-06-22
in_000000072871,9900,1,0,1,0,0,0,0,0,0,2024-06-09,2024-06-09
in_000000049507,9900,1,0,1,0,0,0,0,0,0,2024-06-16,2024-06-16
in_000000318106,9900,1,0,1,0,0,0,0,0,0,2024-06-05,2024-06-05
in_000000253586,9900,1,0,2,0,0,0,0,0,0,2024-06-09,2024-06-09
in_000000240411,99000,1,0,1,0,0,0,0,0,0,2024-06-18,2024-06-18
in_000000081460,79900,1,0,1,0,0,0,0,0,0,2024-06-21,2024-06-21
in_000000116153,79900,1,0,1,0,0,0,0,0,0,2024-06-15,2024-06-15
in_000000116645,9900,1,0,1,0,0,0,0,0,0,2024-06-04,2024-06-04
in_000000018661,79900,1,0,1,0,0,0,0,0,0,2024-06-20,2024-06-20
in_000000050482,29900,1,0,1,0,0,0,0,0,0,2024-06-21,2024-06-21
in_000000048233,9900,1,0,2,0,0,0,0,0,0,2024-06-25,2024-06-25
in_000000313644,9900,1,0,2,0,0,0,0,0,0,2024-06-23,2024-06-23
in_000000279643,29900,1,0,2,0,0,0,0,0,0,2024-06-14,2024-06-14
in_000000081726,29900,1,0,2,0,0,0,0,0,0,2024-06-18,2024-06-18
in_000000268329,79900,1,0,2,0,0,0,0,0,0,2024-06-11,2024-06-11
in_000000021455,79900,1,0,2,0,0,0,0,0,0,2024-06-10,2024-06-10
in_000000181478,29900,1,0,2,0,0,0,0,0,0,2024-06-26,2024-06-26
in_000000187698,79900,1,0,2,0,0,0,0,0,0,2024-06-23,2024-06-23
in_000000179722,9900,1,0,2,0,0,0,0,0,0,2024-06-23,2024-06-23
in_000000013239,9900,1,0,2,0,0,0,0,0,0,2024-06-23,2024-06-23
in_000000162168,9900,1,0,2,0,0,0,0,0,0,2024-06-20,2024-06-20
in_000000028158,9900,1,0,2,0,0,0,0,0,0,2024-06-17,2024-06-17
in_000000205334,9900,1,0,2,0,0,0,0,0,0,2024-06-24,2024-06-24
in_000000297349,9900,1,0,2,0,0,0,0,0,0,2024-06-23,2024-06-23
in_000000151888,9900,1,0,2,0,0,0,0,0,0,2024-06-25,2024-06-25
in_000000272416,9900,1,0,2,0,0,0,0,0,0,2024-06-24,2024-06-24
in_000000160145,9900,1,0,2,0,0,0,0,0,0,2024-06-26,2024-06-26
in_000000173368,9900,1,0,2,0,0,0,0,0,0,2024-06-08,2024-06-08
in_000000150149,79900,1,0,2,0,0,0,0,0,0,2024-06-08,2024-06-08
in_000000246404,29900,1,0,2,0,0,0,0,0,0,2024-06-09,2024-06-09
in_000000173284,79900,1,0,2,0,0,0,0,0,0,2024-06-22,2024-06-22
in_000000040295,9900,1,0,2,0,0,0,0,0,0,2024-06-14,2024-06-14
in_000000156416,79900,1,0,2,0,0,0,0,0,0,2024-06-21,2024-06-21
in_000000167078,9900,1,0,2,0,0,0,0,0,0,2024-06-28,2024-06-28
in_000000053716,29900,1,0,2,0,0,0,0,0,0,2024-06-17,2024-06-17
in_000000253542,199900,1,0,2,0,0,0,0,0,0,2024-06-23,2024-06-23
in_000000155113,9900,1,0,2,0,0,0,0,0,0,2024-06-12,2024-06-12
in_000000248037,29900,1,0,2,0,0,0,0,0,0,2024-06-08,2024-06-08
in_000000202936,29900,1,0,2,0,0,0,0,0,0,2024-06-13,2024-06-13
in_000000235171,29900,1,0,2,0,0,0,0,0,0,2024-06-24,2024-06-24
in_000000126263,9900,1,0,2,0,0,0,0,0,0,2024-06-26,2024-06-26
in_000000049604,9900,1,0,2,0,0,0,0,0,0,2024-06-07,2024-06-07
in_000000236514,29900,1,0,2,0,0,0,0,0,0,2024-06-20,2024-06-20
in_000000279024,9900,1,0,2,0,0,0,0,0,0,2024-06-11,2024-06-11
in_000000228306,29900,1,0,2,0,0,0,0,0,0,2024-06-18,2024-06-18
in_000000206780,29900,1,0,2,0,0,0,0,0,0,2024-06-25,2024-06-25
in_000000268556,29900,1,0,2,0,0,0,0,0,0,2024-06-13,2024-06-13
in_000000144527,29900,1,0,2,0,0,0,0,0,0,2024-06-13,2024-06-13
in_000000080953,9900,1,0,2,0,0,0,0,0,0,2024-06-21,2024-06-21
in_000000113456,9900,1,0,2,0,0,0,0,0,0,2024-06-07,2024-06-07
in_000000053405,79900,1,0,2,0,0,0,0,0,0,2024-06-24,2024-06-24
in_000000140660,9900,1,0,2,0,0,0,0,0,0,2024-06-17,2024-06-17
in_000000106548,9900,1,0,2,0,0,0,0,0,0,2024-06-23,2024-06-23
in_000000076786,29900,1,0,2,0,0,0,0,0,0,2024-06-14,2024-06-14
in_000000291386,99000,1,0,2,0,0,0,0,0,0,2024-06-11,2024-06-11
in_000000014271,9900,1,0,2,0,0,0,0,0,0,2024-06-19,2024-06-19
in_000000034123,9900,1,0,2,0,0,0,0,0,0,2024-06-16,2024-06-16
in_000000243303,9900,1,0,2,0,0,0,0,0,0,2024-06-23,2024-06-23
in_000000074896,9900,1,0,2,0,0,0,0,0,0,2024-06-22,2024-06-22
in_000000209660,9900,1,0,2,0,0,0,0,0,0,2024-06-17,2024-06-17
in_000000132834,9900,1,0,2,0,0,0,0,0,0,2024-06-14,2024-06-14
in_000000236310,79900,1,0,2,0,0,0,0,0,0,2024-06-08,2024-06-08
in_000000062457,29900,1,0,2,0,0,0,0,0,0,2024-06-23,2024-06-23
in_000000161848,29900,1,0,2,0,0,0,0,0,0,2024-06-21,2024-06-21
in_000000286583,9900,1,0,2,0,0,0,0,0,0,2024-06-10,2024-06-10
in_000000136135,9900,1,0,2,0,0,0,0,0,0,2024-06-23,2024-06-23
in_000000273825,9900,1,0,2,0,0,0,0,0,0,2024-06-27,2024-06-27
in_000000132810,29900,1,0,2,0,0,0,0,0,0,2024-06-20,2024-06-20
in_000000187361,79900,1,0,2,0,0,0,0,0,0,2024-06-11,2024-06-11
in_000000200040,299000,1,0,2,0,0,0,0,0,0,2024-06-09,2024-06-09
in_000000020598,9900,1,0,1,0,0,0,0,0,0,2024-06-05,2024-06-05
in_000000061887,9900,1,0,1,0,0,0,0,0,0,2024-06-13,2024-06-13
in_000000296962,9900,1,0,1,0,0,0,0,0,0,2024-06-14,2024-06-14
in_000000317608,9900,1,0,1,0,0,0,0,0,0,2024-06-06,2024-06-06
in_000000319584,29900,1,0,1,0,0,0,0,0,0,2024-06-12,2024-06-12
in_000000202200,29900,1,0,1,0,0,0,0,0,0,2024-06-16,2024-06-16
in_000000078502,99000,1,0,1,0,0,0,0,0,0,2024-06-24,2024-06-24
in_000000096349,29900,1,0,2,0,0,0,0,0,0,2024-06-25,2024-06-25
in_000000315083,29900,1,0,1,0,0,0,0,0,0,2024-06-09,2024-06-09
in_000000199774,9900,1,0,1,0,0,0,0,0,0,2024-06-13,2024-06-13
in_000000138282,79900,1,0,1,0,0,0,0,0,0,2024-06-09,2024-06-09
in_000000093947,9900,1,0,1,0,0,0,0,0,0,2024-06-24,2024-06-24
in_000000156900,79900,1,0,1,0,0,0,0,0,0,2024-06-08,2024-06-08
in_000000146319,9900,1,0,1,0,0,0,0,0,0,2024-06-19,2024-06-19
in_000000150567,9900,1,0,1,0,0,0,0,0,0,2024-06-22,2024-06-22
in_000000301525,29900,1,0,1,0,0,0,0,0,0,2024-06-24,2024-06-24
in_000000218829,9900,1,0,1,0,0,0,0,0,0,2024-06-26,2024-06-26
in_000000158046,0,1,0,1,0,1,1,0,0,0,2024-06-09,2024-06-09
in_000000102667,9900,1,0,1,0,0,0,0,0,0,2024-06-17,2024-06-17
in_000000153577,79900,1,0,1,0,0,0,0,0,0,2024-06-11,2024-06-11
in_000000029772,9900,1,0,1,0,0,0,0,0,0,2024-06-19,2024-06-19
in_000000079415,29900,1,0,2,0,0,0,0,0,0,2024-06-06,2024-06-06
in_000000058375,199900,1,0,1,0,0,0,0,0,0,2024-06-16,2024-06-16
in_000000096123,29900,1,0,1,0,0,0,0,0,0,2024-06-12,2024-06-12
in_000000026287,9900,1,0,1,0,0,0,0,0,0,2024-06-15,2024-06-15
in_000000149054,9900,1,0,1,0,0,0,0,0,0,2024-06-11,2024-06-11
in_000000098601,79900,1,0,1,0,0,0,0,0,0,2024-06-20,2024-06-20
in_000000240258,79900,1,0,1,0,0,0,0,0,0,2024-06-12,2024-06-12
in_000000040999,9900,1,0,1,0,0,0,0,0,0,2024-06-20,2024-06-20
in_000000077874,1999000,1,0,1,0,0,0,0,0,0,2024-06-18,2024-06-18
in_000000263499,29900,1,0,1,0,0,0,0,0,0,2024-06-16,2024-06-16
in_000000239562,29900,1,0,1,0,0,0,0,0,0,2024-06-15,2024-06-15
in_000000023710,9900,1,0,1,0,0,0,0,0,0,2024-06-25,2024-06-25
in_000000280099,9900,1,0,1,0,0,0,0,0,0,2024-06-21,2024-06-21
in_000000276755,9900,1,0,2,0,0,0,0,0,0,2024-06-22,2024-06-22
in_000000199661,29900,1,0,1,0,0,0,0,0,0,2024-06-15,2024-06-15
in_000000260527,9900,1,0,1,0,0,0,0,0,0,2024-06-06,2024-06-06
in_000000088151,9900,1,0,1,0,0,0,0,0,0,2024-06-24,2024-06-24
in_000000237367,79900,1,0,1,0,0,0,0,0,0,2024-06-17,2024-06-17
in_000000009987,29900,1,0,1,0,0,0,0,0,0,2024-06-27,2024-06-27
in_000000132875,29900,1,0,1,0,0,0,0,0,0,2024-06-26,2024-06-26
in_000000045533,9900,1,0,1,0,0,0,0,0,0,2024-06-06,2024-06-06
in_000000302630,79900,1,0,1,0,0,0,0,0,0,2024-06-07,2024-06-07
in_000000031667,9900,1,0,1,0,0,0,0,0,0,2024-06-12,2024-06-12
in_000000313247,9900,1,0,1,0,0,0,0,0,0,2024-06-06,2024-06-06
in_000000080967,9900,1,0,2,0,0,0,0,0,0,2024-06-07,2024-06-07
in_000000287430,9900,1,0,1,0,0,0,0,0,0,2024-06-09,2024-06-09
in_000000157524,9900,1,0,2,0,0,0,0,0,0,2024-06-20,2024-06-20
in_000000077931,9900,1,0,1,0,0,0,0,0,0,2024-06-08,2024-06-08
in_000000284016,29900,1,0,1,0,0,0,0,0,0,2024-06-18,2024-06-18
in_000000041733,9900,1,0,1,0,0,0,0,0,0,2024-06-05,2024-06-05
in_000000236600,199900,1,0,1,0,0,0,0,0,0,2024-06-09,2024-06-09
in_000000230962,29900,1,0,1,0,0,0,0,0,0,2024-06-18,2024-06-18
in_000000085895,9900,1,0,1,0,0,0,0,0,0,2024-06-16,2024-06-16
in_000000286334,9900,1,0,1,0,0,0,0,0,0,2024-06-10,2024-06-10
in_000000095398,9900,1,0,1,0,0,0,0,0,0,2024-06-11,2024-06-11
in_000000165322,9900,1,0,1,0,0,0,0,0,0,2024-06-21,2024-06-21
in_000000196105,9900,1,0,1,0,0,0,0,0,0,2024-06-12,2024-06-12
in_000000046577,9900,1,0,1,0,0,0,0,0,0,2024-06-17,2024-06-17
in_000000214627,9900,1,0,1,0,0,0,0,0,0,2024-06-04,2024-06-04
in_000000052951,9900,1,0,2,0,0,0,0,0,0,2024-06-15,2024-06-15
in_000000280691,29900,1,0,1,0,0,0,0,0,0,2024-06-23,2024-06-23
in_000000176662,79900,1,0,1,0,0,0,0,0,0,2024-06-26,2024-06-26
in_000000181333,9900,1,0,1,0,0,0,0,0,0,2024-06-20,2024-06-20
in_000000254390,29900,1,0,1,0,0,0,0,0,0,2024-06-17,2024-06-17
in_000000152553,29900,1,0,2,0,0,0,0,0,0,2024-06-06,2024-06-06
in_000000054682,9900,1,0,2,0,0,0,0,0,0,2024-06-17,2024-06-17
in_000000191492,9900,1,0,1,0,0,0,0,0,0,2024-06-04,2024-06-04
in_000000259597,9900,1,0,2,0,0,0,0,0,0,2024-06-09,2024-06-09
in_000000005859,29900,1,0,2,0,0,0,0,0,0,2024-06-16,2024-06-16
in_000000211952,29900,1,0,1,0,0,0,0,0,0,2024-06-10,2024-06-10
in_000000124570,29900,1,0,1,0,0,0,0,0,0,2024-06-24,2024-06-24
in_000000090948,9900,1,0,1,0,0,0,0,0,0,2024-06-12,2024-06-12
in_000000037601,29900,1,0,1,0,0,0,0,0,0,2024-06-20,2024-06-20
in_000000000979,29900,1,0,1,0,0,0,0,0,0,2024-06-23,2024-06-23
in_000000067008,79900,1,0,1,0,0,0,0,0,0,2024-06-06,2024-06-06
in_000000048845,199900,1,0,1,0,0,0,0,0,0,2024-06-13,2024-06-13
in_000000221531,9900,1,0,1,0,0,0,0,0,0,2024-06-11,2024-06-11
in_000000051163,9900,1,0,1,0,0,0,0,0,0,2024-06-22,2024-06-22
in_000000118438,9900,1,0,1,0,0,0,0,0,0,2024-06-27,2024-06-27
in_000000126678,199900,1,0,1,0,0,0,0,0,0,2024-06-14,2024-06-14
in_000000016161,79900,1,0,2,0,0,0,0,0,0,2024-06-10,2024-06-10
in_000000015410,9900,1,0,1,0,0,0,0,0,0,2024-06-16,2024-06-16
in_000000080056,29900,1,0,1,0,0,0,0,0,0,2024-06-20,2024-06-20
in_000000276888,199900,1,0,1,0,0,0,0,0,0,2024-06-06,2024-06-06
in_000000230285,199900,1,0,1,0,0,0,0,0,0,2024-06-08,2024-06-08
in_000000229804,9900,1,0,1,0,0,0,0,0,0,2024-06-08,2024-06-08
in_000000112625,9900,1,0,1,0,0,0,0,0,0,2024-06-27,2024-06-27
in_000000101947,9900,1,0,1,0,0,0,0,0,0,2024-06-23,2024-06-23
in_000000001535,79900,1,0,1,0,0,0,0,0,0,2024-06-10,2024-06-10
in_000000320448,9900,1,0,2,0,0,0,0,0,0,2024-06-26,2024-06-26
in_000000194731,9900,1,0,1,0,0,0,0,0,0,2024-06-08,2024-06-08
in_000000235407,9900,1,0,1,0,0,0,0,0,0,2024-06-19,2024-06-19
in_000000204594,299000,1,0,1,0,0,0,0,0,0,2024-06-17,2024-06-17
in_000000260671,199900,1,0,2,0,0,0,0,0,0,2024-06-18,2024-06-18
in_000000078689,9900,1,0,2,0,0,0,0,0,0,2024-06-08,2024-06-08
in_000000129097,79900,1,0,1,0,0,0,0,0,0,2024-06-23,2024-06-23
in_000000215400,199900,1,0,1,0,0,0,0,0,0,2024-06-15,2024-06-15
in_000000237575,79900,1,0,2,0,0,0,0,0,0,2024-06-16,2024-06-16
in_000000001110,9900,1,0,1,0,0,0,0,0,0,2024-06-15,2024-06-15
in_000000288586,9900,1,0,2,0,0,0,0,0,0,2024-06-08,2024-06-08
in_000000107254,79900,1,0,2,0,0,0,0,0,0,2024-06-20,2024-06-20
in_000000085374,79900,1,0,1,0,0,0,0,0,0,2024-06-20,2024-06-20
in_000000224537,199900,1,0,2,0,0,0,0,0,0,2024-06-17,2024-06-17
in_000000166204,29900,1,0,1,0,0,0,0,0,0,2024-06-14,2024-06-14
in_000000100126,29900,1,0,1,0,0,0,0,0,0,2024-06-15,2024-06-15
in_000000002286,9900,1,0,1,0,0,0,0,0,0,2024-06-18,2024-06-18
in_000000200613,9900,1,0,1,0,0,0,0,0,0,2024-06-07,2024-06-07
in_000000158799,29900,1,0,1,0,0,0,0,0,0,2024-06-10,2024-06-10
in_000000187170,9900,1,0,1,0,0,0,0,0,0,2024-06-13,2024-06-13
in_000000235858,29900,1,0,2,0,0,0,0,0,0,2024-06-17,2024-06-17
in_000000058790,9900,1,0,1,0,0,0,0,0,0,2024-06-08,2024-06-08
in_000000159359,29900,1,0,1,0,0,0,0,0,0,2024-06-11,2024-06-11
in_000000082485,9900,1,0,1,0,0,0,0,0,0,2024-06-25,2024-06-25
in_000000062484,9900,1,0,1,0,0,0,0,0,0,2024-06-16,2024-06-16
in_000000159259,9900,1,0,1,0,0,0,0,0,0,2024-06-14,2024-06-14
in_000000116789,9900,1,0,1,0,0,0,0,0,0,2024-06-17,2024-06-17
in_000000055564,9900,1,0,2,0,0,0,0,0,0,2024-06-18,2024-06-18
in_000000024037,199900,1,0,1,0,0,0,0,0,0,2024-06-10,2024-06-10
in_000000199551,29900,1,0,1,0,0,0,0,0,0,2024-06-24,2024-06-24
in_000000229227,29900,1,0,1,0,0,0,0,0,0,2024-06-25,2024-06-25
in_000000121544,9900,1,0,1,0,0,0,0,0,0,2024-06-08,2024-06-08
in_000000139669,29900,1,0,1,0,0,0,0,0,0,2024-06-23,2024-06-23
in_000000256150,9900,1,0,2,0,0,0,0,0,0,2024-06-25,2024-06-25
in_000000273099,29900,1,0,2,0,0,0,0,0,0,2024-06-20,2024-06-20
in_000000078387,9900,1,0,1,0,0,0,0,0,0,2024-06-20,2024-06-20
in_000000271090,79900,1,0,1,0,0,0,0,0,0,2024-06-25,2024-06-25
in_000000265947,79900,1,0,1,0,0,0,0,0,0,2024-06-11,2024-06-11
in_000000102595,9900,1,0,1,0,0,0,0,0,0,2024-06-15,2024-06-15
in_000000266962,99000,1,0,1,0,0,0,0,0,0,2024-06-07,2024-06-07
in_000000314891,29900,1,0,1,0,0,0,0,0,0,2024-06-11,2024-06-11
in_000000038938,9900,1,0,1,0,0,0,0,0,0,2024-06-23,2024-06-23
in_000000066344,199900,1,0,1,0,0,0,0,0,0,2024-06-25,2024-06-25
in_000000172182,9900,1,0,1,0,0,0,0,0,0,2024-06-09,2024-06-09
in_000000158765,9900,1,0,1,0,0,0,0,0,0,2024-06-26,2024-06-26
in_000000166177,9900,1,0,1,0,0,0,0,0,0,2024-06-26,2024-06-26
in_000000192471,9900,1,0,1,0,0,0,0,0,0,2024-06-09,2024-06-09
in_000000297047,9900,1,0,1,0,0,0,0,0,0,2024-06-23,2024-06-23
in_000000236250,29900,1,0,1,0,0,0,0,0,0,2024-06-07,2024-06-07
in_000000191185,29900,1,0,1,0,0,0,0,0,0,2024-06-16,2024-06-16
in_000000314302,9900,1,0,1,0,0,0,0,0,0,2024-06-19,2024-06-19
in_000000032522,29900,1,0,1,0,0,0,0,0,0,2024-06-09,2024-06-09
in_000000110589,9900,1,0,2,0,0,0,0,0,0,2024-06-14,2024-06-14
in_000000264406,29900,1,0,2,0,0,0,0,0,0,2024-06-10,2024-06-10
in_000000239705,29900,1,0,1,0,0,0,0,0,0,2024-06-19,2024-06-19
in_000000278300,199900,1,0,1,0,0,0,0,0,0,2024-06-23,2024-06-23
in_000000178448,9900,1,0,1,0,0,0,0,0,0,2024-06-06,2024-06-06
in_000000243751,79900,1,0,1,0,0,0,0,0,0,2024-06-25,2024-06-25
in_000000031144,9900,1,0,1,0,0,0,0,0,0,2024-06-10,2024-06-10
in_000000134219,29900,1,0,1,0,0,0,0,0,0,2024-06-22,2024-06-22
in_000000148187,9900,1,0,1,0,0,0,0,0,0,2024-06-16,2024-06-16
in_000000166956,199900,1,0,1,0,0,0,0,0,0,2024-06-24,2024-06-24
in_000000180222,29900,1,0,1,0,0,0,0,0,0,2024-06-24,2024-06-24
in_000000148487,199900,1,0,2,0,0,0,0,0,0,2024-06-26,2024-06-26
in_000000234990,79900,1,0,1,0,0,0,0,0,0,2024-06-13,2024-06-13
in_000000122268,9900,1,0,1,0,0,0,0,0,0,2024-06-21,2024-06-21
in_000000063581,9900,1,0,1,0,0,0,0,0,0,2024-06-18,2024-06-18
in_000000034791,29900,1,0,1,0,0,0,0,0,0,2024-06-24,2024-06-24
in_000000266611,9900,1,0,2,0,0,0,0,0,0,2024-06-09,2024-06-09
in_000000199788,29900,1,0,1,0,0,0,0,0,0,2024-06-21,2024-06-21
in_000000270596,29900,1,0,1,0,0,0,0,0,0,2024-06-07,2024-06-07
in_000000255783,9900,1,0,1,0,0,0,0,0,0,2024-06-10,2024-06-10
in_000000021501,9900,1,0,1,0,0,0,0,0,0,2024-06-21,2024-06-21
in_000000238369,9900,1,0,1,0,0,0,0,0,0,2024-06-14,2024-06-14
in_000000158703,29900,1,0,1,0,0,0,0,0,0,2024-06-08,2024-06-08
in_000000028287,9900,1,0,1,0,0,0,0,0,0,2024-06-18,2024-06-18
in_000000229774,29900,1,0,1,0,0,0,0,0,0,2024-06-21,2024-06-21
in_000000050005,9900,1,0,1,0,0,0,0,0,0,2024-06-11,2024-06-11
in_000000112922,9900,1,0,1,0,0,0,0,0,0,2024-06-10,2024-06-10
in_000000019597,29900,1,0,1,0,0,0,0,0,0,2024-06-18,2024-06-18
in_000000063314,9900,1,0,1,0,0,0,0,0,0,2024-06-11,2024-06-11
in_000000272768,79900,1,0,1,0,0,0,0,0,0,2024-06-14,2024-06-14
in_000000261373,79900,1,0,2,0,0,0,0,0,0,2024-06-20,2024-06-20
in_000000134674,9900,1,0,1,0,0,0,0,0,0,2024-06-15,2024-06-15
in_000000080483,79900,1,0,1,0,0,0,0,0,0,2024-06-17,2024-06-17
in_000000056706,29900,1,0,1,0,0,0,0,0,0,2024-06-17,2024-06-17
in_000000183074,79900,1,0,1,0,0,0,0,0,0,2024-06-11,2024-06-11
in_000000023007,9900,1,0,1,0,0,0,0,0,0,2024-06-07,2024-06-07
in_000000179162,29900,1,0,2,0,0,0,0,0,0,2024-06-25,2024-06-25
in_000000104571,9900,1,0,1,0,0,0,0,0,0,2024-06-15,2024-06-15
in_000000140552,79900,1,0,1,0,0,0,0,0,0,2024-06-25,2024-06-25
in_000000247496,29900,1,0,1,0,0,0,0,0,0,2024-06-10,2024-06-10
in_000000041555,29900,1,0,1,0,0,0,0,0,0,2024-06-24,2024-06-24
in_000000133509,29900,1,0,1,0,0,0,0,0,0,2024-06-16,2024-06-16
in_000000027245,9900,1,0,1,0,0,0,0,0,0,2024-06-14,2024-06-14
in_000000224754,79900,1,0,2,0,0,0,0,0,0,2024-06-21,2024-06-21
in_000000261758,9900,1,0,1,0,0,0,0,0,0,2024-06-23,2024-06-23
in_000000261983,29900,1,0,1,0,0,0,0,0,0,2024-06-23,2024-06-23
in_000000114991,199900,1,0,1,0,0,0,0,0,0,2024-06-18,2024-06-18
in_000000316777,79900,1,0,1,0,0,0,0,0,0,2024-06-20,2024-06-20
in_000000066857,29900,1,0,1,0,0,0,0,0,0,2024-06-26,2024-06-26
in_000000235909,9900,1,0,1,0,0,0,0,0,0,2024-06-20,2024-06-20
in_000000125552,9900,1,0,1,0,0,0,0,0,0,2024-06-13,2024-06-13
in_000000155477,9900,1,0,1,0,0,0,0,0,0,2024-06-25,2024-06-25
in_000000036786,9900,1,0,1,0,0,0,0,0,0,2024-06-10,2024-06-10
in_000000062582,29900,1,0,1,0,0,0,0,0,0,2024-06-09,2024-06-09
in_000000018513,29900,1,0,1,0,0,0,0,0,0,2024-06-12,2024-06-12
in_000000076523,79900,1,0,1,0,0,0,0,0,0,2024-06-17,2024-06-17
in_000000074751,79900,1,0,2,0,0,0,0,0,0,2024-06-15,2024-06-15
in_000000143882,9900,1,0,1,0,0,0,0,0,0,2024-06-25,2024-06-25
in_000000229577,29900,1,0,1,0,0,0,0,0,0,2024-06-08,2024-06-08
in_000000025466,29900,1,0,1,0,0,0,0,0,0,2024-06-10,2024-06-10
in_000000147507,9900,1,0,1,0,0,0,0,0,0,2024-06-21,2024-06-21
in_000000258329,29900,1,0,2,0,0,0,0,0,0,2024-06-18,2024-06-18
in_000000144223,9900,1,0,1,0,0,0,0,0,0,2024-06-22,2024-06-22
in_000000079124,79900,1,0,1,0,0,0,0,0,0,2024-06-11,2024-06-11
in_000000222630,29900,1,0,1,0,0,0,0,0,0,2024-06-17,2024-06-17
in_000000263178,79900,1,0,1,0,0,0,0,0,0,2024-06-11,2024-06-11
in_000000237658,29900,1,0,1,0,0,0,0,0,0,2024-06-18,2024-06-18
in_000000059242,199900,1,0,1,0,0,0,0,0,0,2024-06-23,2024-06-23
in_000000180161,9900,1,0,1,0,0,0,0,0,0,2024-06-07,2024-06-07
in_000000253771,9900,1,0,1,0,0,0,0,0,0,2024-06-17,2024-06-17
in_000000265423,9900,1,0,1,0,0,0,0,0,0,2024-06-17,2024-06-17
in_000000017846,199900,1,0,1,0,0,0,0,0,0,2024-06-25,2024-06-25
in_000000078108,9900,1,0,1,0,0,0,0,0,0,2024-06-24,2024-06-24
in_000000303130,79900,1,0,2,0,0,0,0,0,0,2024-06-21,2024-06-21
in_000000167332,29900,1,0,1,0,0,0,0,0,0,2024-06-08,2024-06-08
in_000000266466,79900,1,0,1,0,0,0,0,0,0,2024-06-13,2024-06-13
in_000000212025,79900,1,0,1,0,0,0,0,0,0,2024-06-24,2024-06-24
in_000000098930,9900,1,0,1,0,0,0,0,0,0,2024-06-24,2024-06-24
in_000000010996,29900,1,0,1,0,0,0,0,0,0,2024-06-16,2024-06-16
in_000000216249,29900,1,0,1,0,0,0,0,0,0,2024-06-15,2024-06-15
in_000000146226,79900,1,0,1,0,0,0,0,0,0,2024-06-25,2024-06-25
in_000000185292,79900,1,0,1,0,0,0,0,0,0,2024-06-07,2024-06-07
in_000000107136,9900,1,0,1,0,0,0,0,0,0,2024-06-19,2024-06-19
in_000000006662,9900,1,0,1,0,0,0,0,0,0,2024-06-15,2024-06-15
in_000000208119,79900,1,0,1,0,0,0,0,0,0,2024-06-06,2024-06-06
in_000000164949,29900,1,0,1,0,0,0,0,0,0,2024-06-24,2024-06-24
in_000000093450,29900,1,0,1,0,0,0,0,0,0,2024-06-06,2024-06-06
in_000000016921,9900,1,0,1,0,0,0,0,0,0,2024-06-18,2024-06-18
in_000000237193,79900,1,0,1,0,0,0,0,0,0,2024-06-26,2024-06-26
in_000000000229,9900,1,0,1,0,0,0,0,0,0,2024-06-12,2024-06-12
in_000000058693,9900,1,0,1,0,0,0,0,0,0,2024-06-22,2024-06-22
in_000000241116,9900,1,0,1,0,0,0,0,0,0,2024-06-13,2024-06-13
in_000000113736,9900,1,0,2,0,0,0,0,0,0,2024-06-24,2024-06-24
in_000000217729,29900,1,0,1,0,0,0,0,0,0,2024-06-14,2024-06-14
in_000000227017,199900,1,0,1,0,0,0,0,0,0,2024-06-06,2024-06-06
in_000000205248,199900,1,0,1,0,0,0,0,0,0,2024-06-16,2024-06-16
in_000000248398,29900,1,0,1,0,0,0,0,0,0,2024-06-08,2024-06-08
in_000000158915,9900,1,0,1,0,0,0,0,0,0,2024-06-05,2024-06-05
in_000000248058,199900,1,0,1,0,0,0,0,0,0,2024-06-12,2024-06-12
in_000000063737,29900,1,0,2,0,0,0,0,0,0,2024-06-18,2024-06-18
in_000000141480,9900,1,0,1,0,0,0,0,0,0,2024-06-19,2024-06-19
in_000000184002,29900,1,0,1,0,0,0,0,0,0,2024-06-22,2024-06-22
in_000000020289,7425,1,0,1,0,1,1,0,0,0,2024-06-23,2024-06-23
in_000000202192,9900,1,0,1,0,0,0,0,0,0,2024-06-27,2024-06-27
in_000000122707,29900,1,0,1,0,0,0,0,0,0,2024-06-24,2024-06-24
in_000000023694,79900,1,0,1,0,0,0,0,0,0,2024-06-27,2024-06-27
in_000000004406,29900,1,0,1,0,0,0,0,0,0,2024-06-09,2024-06-09
in_000000198106,9900,1,0,1,0,0,0,0,0,0,2024-06-12,2024-06-12
in_000000101302,9900,1,0,2,0,0,0,0,0,0,2024-06-23,2024-06-23
in_000000027543,9900,1,0,1,0,0,0,0,0,0,2024-06-05,2024-06-05
in_000000031279,79900,1,0,1,0,0,0,0,0,0,2024-06-11,2024-06-11
in_000000077069,9900,1,0,2,0,0,0,0,0,0,2024-06-23,2024-06-23
in_000000171834,29900,1,0,1,0,0,0,0,0,0,2024-06-22,2024-06-22
in_000000140623,29900,1,0,2,0,0,0,0,0,0,2024-06-18,2024-06-18
in_000000073890,9900,1,0,1,0,0,0,0,0,0,2024-06-18,2024-06-18
in_000000000949,79900,1,0,1,0,0,0,0,0,0,2024-06-18,2024-06-18
in_000000106796,99000,1,0,1,0,0,0,0,0,0,2024-06-08,2024-06-08
in_000000270784,29900,1,0,1,0,0,0,0,0,0,2024-06-08,2024-06-08
in_000000000660,79900,1,0,1,0,0,0,0,0,0,2024-06-06,2024-06-06
in_000000242953,79900,1,0,1,0,0,0,0,0,0,2024-06-16,2024-06-16
in_000000099968,29900,1,0,1,0,0,0,0,0,0,2024-06-19,2024-06-19
in_000000186656,79900,1,0,1,0,0,0,0,0,0,2024-06-17,2024-06-17
in_000000193262,9900,1,0,1,0,0,0,0,0,0,2024-06-06,2024-06-06
in_000000128526,29900,1,0,1,0,0,0,0,0,0,2024-06-26,2024-06-26
in_000000228564,9900,1,0,1,0,0,0,0,0,0,2024-06-12,2024-06-12
in_000000278011,29900,1,0,1,0,0,0,0,0,0,2024-06-13,2024-06-13
in_000000316329,9900,1,0,1,0,0,0,0,0,0,2024-06-16,2024-06-16
in_000000319729,29900,1,0,1,0,0,0,0,0,0,2024-06-08,2024-06-08
in_000000113082,9900,1,0,1,0,0,0,0,0,0,2024-06-22,2024-06-22
in_000000275295,9900,1,0,1,0,0,0,0,0,0,2024-06-07,2024-06-07
in_000000150448,29900,1,0,1,0,0,0,0,0,0,2024-06-13,2024-06-13
in_000000064396,9900,1,0,1,0,0,0,0,0,0,2024-06-05,2024-06-05
in_000000076693,29900,1,0,1,0,0,0,0,0,0,2024-06-24,2024-06-24
in_000000114363,29900,1,0,1,0,0,0,0,0,0,2024-06-19,2024-06-19
in_000000305196,9900,1,0,1,0,0,0,0,0,0,2024-06-05,2024-06-05
in_000000239084,9900,1,0,1,0,0,0,0,0,0,2024-06-10,2024-06-10
in_000000256920,9900,1,0,1,0,0,0,0,0,0,2024-06-04,2024-06-04
in_000000098289,29900,1,0,1,0,0,0,0,0,0,2024-06-09,2024-06-09
in_000000141518,29900,1,0,2,0,0,0,0,0,0,2024-06-13,2024-06-13
in_000000094849,9900,1,0,2,0,0,0,0,0,0,2024-06-16,2024-06-16
in_000000050081,29900,1,0,1,0,0,0,0,0,0,2024-06-13,2024-06-13
in_000000316193,79900,1,0,1,0,0,0,0,0,0,2024-06-13,2024-06-13
in_000000113295,79900,1,0,1,0,0,0,0,0,0,2024-06-18,2024-06-18
in_000000121367,199900,1,0,1,0,0,0,0,0,0,2024-06-16,2024-06-16
in_000000110352,9900,1,0,1,0,0,0,0,0,0,2024-06-10,2024-06-10
in_000000276998,29900,1,0,1,0,0,0,0,0,0,2024-06-08,2024-06-08
in_000000237013,9900,1,0,1,0,0,0,0,0,0,2024-06-25,2024-06-25
in_000000188665,99000,1,0,1,0,0,0,0,0,0,2024-06-11,2024-06-11
in_000000025323,9900,1,0,1,0,0,0,0,0,0,2024-06-10,2024-06-10
in_000000043692,79900,1,0,1,0,0,0,0,0,0,2024-06-13,2024-06-13
in_000000166776,29900,1,0,1,0,0,0,0,0,0,2024-06-23,2024-06-23
in_000000037501,79900,1,0,1,0,0,0,0,0,0,2024-06-18,2024-06-18
in_000000138312,99000,1,0,1,0,0,0,0,0,0,2024-06-24,2024-06-24
in_000000126864,9900,1,0,1,0,0,0,0,0,0,2024-06-14,2024-06-14
in_000000047411,29900,1,0,1,0,0,0,0,0,0,2024-06-18,2024-06-18
in_000000022111,9900,1,0,1,0,0,0,0,0,0,2024-06-09,2024-06-09
in_000000041542,9900,1,0,1,0,0,0,0,0,0,2024-06-24,2024-06-24
in_000000302408,9900,1,0,1,0,0,0,0,0,0,2024-06-09,2024-06-09
in_000000217916,9900,1,0,2,0,0,0,0,0,0,2024-06-25,2024-06-25
in_000000066097,799000,1,0,1,0,0,0,0,0,0,2024-06-25,2024-06-25
in_000000074935,29900,1,0,1,0,0,0,0,0,0,2024-06-22,2024-06-22
in_000000293799,79900,1,0,1,0,0,0,0,0,0,2024-06-13,2024-06-13
in_000000180721,9900,1,0,2,0,0,0,0,0,0,2024-06-16,2024-06-16
in_000000263913,9900,1,0,1,0,0,0,0,0,0,2024-06-19,2024-06-19
in_000000127860,9900,1,0,1,0,0,0,0,0,0,2024-06-09,2024-06-09
in_000000025015,29900,1,0,1,0,0,0,0,0,0,2024-06-08,2024-06-08
in_000000095963,29900,1,0,1,0,0,0,0,0,0,2024-06-23,2024-06-23
in_000000034876,9900,1,0,1,0,0,0,0,0,0,2024-06-11,2024-06-11
in_000000247959,29900,1,0,1,0,0,0,0,0,0,2024-06-22,2024-06-22
in_000000121345,9900,1,0,1,0,0,0,0,0,0,2024-06-12,2024-06-12
in_000000120479,79900,1,0,1,0,0,0,0,0,0,2024-06-09,2024-06-09
in_000000296711,29900,1,0,1,0,0,0,0,0,0,2024-06-09,2024-06-09
in_000000047644,29900,1,0,1,0,0,0,0,0,0,2024-06-09,2024-06-09
in_000000271477,9900,1,0,1,0,0,0,0,0,0,2024-06-18,2024-06-18
in_000000181120,29900,1,0,1,0,0,0,0,0,0,2024-06-12,2024-06-12
in_000000247650,29900,1,0,1,0,0,0,0,0,0,2024-06-14,2024-06-14
in_000000204099,29900,1,0,1,0,0,0,0,0,0,2024-06-06,2024-06-06
in_000000202307,9900,1,0,1,0,0,0,0,0,0,2024-06-19,2024-06-19
in_000000245424,29900,1,0,1,0,0,0,0,0,0,2024-06-23,2024-06-23
in_000000023816,79900,1,0,2,0,0,0,0,0,0,2024-06-21,2024-06-21
in_000000090785,29900,1,0,1,0,0,0,0,0,0,2024-06-10,2024-06-10
in_000000023366,29900,1,0,1,0,0,0,0,0,0,2024-06-09,2024-06-09
in_000000291660,29900,1,0,1,0,0,0,0,0,0,2024-06-24,2024-06-24
in_000000058334,29900,1,0,1,0,0,0,0,0,0,2024-06-12,2024-06-12
in_000000252076,29900,1,0,1,0,0,0,0,0,0,2024-06-20,2024-06-20
in_000000106585,29900,1,0,1,0,0,0,0,0,0,2024-06-07,2024-06-07
in_000000159796,9900,1,0,1,0,0,0,0,0,0,2024-06-13,2024-06-13
in_000000120248,9900,1,0,1,0,0,0,0,0,0,2024-06-10,2024-06-10
in_000000146588,9900,1,0,1,0,0,0,0,0,0,2024-06-21,2024-06-21
in_000000180569,9900,1,0,1,0,0,0,0,0,0,2024-06-19,2024-06-19
in_000000044921,299000,1,0,1,0,0,0,0,0,0,2024-06-15,2024-06-15
in_000000091436,9900,1,0,1,0,0,0,0,0,0,2024-06-22,2024-06-22
in_000000176256,79900,1,0,1,0,0,0,0,0,0,2024-06-24,2024-06-24
in_000000136725,29900,1,0,1,0,0,0,0,0,0,2024-06-21,2024-06-21
in_000000245368,79900,1,0,0,0,0,0,0,0,0,2024-06-07,2024-06-07
in_000000313770,9900,1,0,0,0,0,0,0,0,0,2024-06-13,2024-06-13
in_000000228980,79900,1,0,0,0,0,0,0,0,0,2024-06-07,2024-06-07
in_000000286347,28405,1,0,0,1,0,0,0,0,0,2024-06-05,2024-06-05
in_000000018781,9900,1,0,0,0,0,0,0,0,0,2024-06-16,2024-06-16
in_000000007932,99000,1,0,0,0,0,0,0,0,0,2024-06-19,2024-06-19
in_000000059298,9900,1,0,0,0,0,0,0,0,0,2024-06-18,2024-06-18
in_000000062422,29900,1,0,0,0,0,0,0,0,0,2024-06-14,2024-06-14
in_000000319507,79900,1,0,0,0,0,0,0,0,0,2024-06-20,2024-06-20
in_000000038867,199900,1,0,0,0,0,0,0,0,0,2024-06-16,2024-06-16
in_000000081117,9900,1,0,0,0,0,0,0,0,0,2024-06-12,2024-06-12
in_000000185262,199900,1,0,0,0,0,0,0,0,0,2024-06-24,2024-06-24
in_000000317458,9900,1,0,0,0,0,0,0,0,0,2024-06-19,2024-06-19
in_000000169131,29900,1,0,0,0,0,0,0,0,0,2024-06-11,2024-06-11
in_000000063373,29900,1,0,0,0,0,0,0,0,0,2024-06-16,2024-06-16
in_000000109534,9900,1,0,0,0,0,0,0,0,0,2024-06-12,2024-06-12
in_000000051869,9900,1,0,0,0,0,0,0,0,0,2024-06-07,2024-06-07
in_000000109078,9900,1,0,0,0,0,0,0,0,0,2024-06-15,2024-06-15
in_000000317299,29900,1,0,0,0,0,0,0,0,0,2024-06-09,2024-06-09
in_000000067160,9900,1,0,0,0,0,0,0,0,0,2024-06-12,2024-06-12
in_000000246185,29900,1,0,0,0,0,0,0,0,0,2024-06-08,2024-06-08
in_000000066543,29900,1,0,0,0,0,0,0,0,0,2024-06-23,2024-06-23
in_000000003700,79900,1,0,0,0,0,0,0,0,0,2024-06-15,2024-06-15
in_000000135641,9900,1,0,0,0,0,0,0,0,0,2024-06-16,2024-06-16
in_000000076650,29900,1,0,0,0,0,0,0,0,0,2024-06-06,2024-06-06
in_000000159304,99000,1,0,0,0,0,0,0,0,0,2024-06-06,2024-06-06
in_000000205933,9900,1,0,0,0,0,0,0,0,0,2024-06-09,2024-06-09
in_000000196426,99000,1,0,0,0,0,0,0,0,0,2024-06-18,2024-06-18
in_000000320605,9900,1,0,0,0,0,0,0,0,0,2024-06-13,2024-06-13
in_000000017951,9900,1,0,0,0,0,0,0,0,0,2024-06-24,2024-06-24
in_000000120664,9900,1,0,0,0,0,0,0,0,0,2024-06-23,2024-06-23
in_000000226076,29900,1,0,0,0,0,0,0,0,0,2024-06-17,2024-06-17
in_000000045824,29900,1,0,0,0,0,0,0,0,0,2024-06-07,2024-06-07
in_000000028537,199900,1,0,0,0,0,0,0,0,0,2024-06-08,2024-06-08
in_000000081254,9900,1,0,0,0,0,0,0,0,0,2024-06-18,2024-06-18
in_000000198076,9900,1,0,0,0,0,0,0,0,0,2024-06-13,2024-06-13
in_000000029207,9900,1,0,0,0,0,0,0,0,0,2024-06-07,2024-06-07
in_000000313190,199900,1,0,0,0,0,0,0,0,0,2024-06-07,2024-06-07
in_000000008999,9900,1,0,0,0,0,0,0,0,0,2024-06-16,2024-06-16
in_000000297690,9900,1,0,0,0,0,0,0,0,0,2024-06-13,2024-06-13
in_000000053480,9900,1,0,0,0,0,0,0,0,0,2024-06-06,2024-06-06
in_000000042712,79900,1,0,0,0,0,0,0,0,0,2024-06-16,2024-06-16
in_000000148250,9900,1,0,0,0,0,0,0,0,0,2024-06-12,2024-06-12
in_000000147604,9900,1,0,0,0,0,0,0,0,0,2024-06-05,2024-06-05
in_000000195369,9900,1,0,0,0,0,0,0,0,0,2024-06-19,2024-06-19
in_000000187178,99000,1,0,0,0,0,0,0,0,0,2024-06-21,2024-06-21
in_000000141988,79900,1,0,0,0,0,0,0,0,0,2024-06-23,2024-06-23
in_000000014143,79900,1,0,0,0,0,0,0,0,0,2024-06-16,2024-06-16
in_000000090240,9900,1,0,0,0,0,0,0,0,0,2024-06-22,2024-06-22
in_000000014428,9900,1,0,0,0,0,0,0,0,0,2024-06-19,2024-06-19
in_000000205653,9900,1,0,0,0,0,0,0,0,0,2024-06-17,2024-06-17
in_000000303491,9900,1,0,0,0,0,0,0,0,0,2024-06-13,2024-06-13
in_000000253888,79900,1,0,0,0,0,0,0,0,0,2024-06-13,2024-06-13
in_000000150656,29900,1,0,0,0,0,0,0,0,0,2024-06-25,2024-06-25
in_000000108723,29900,1,0,0,0,0,0,0,0,0,2024-06-13,2024-06-13
in_000000191137,79900,1,0,0,0,0,0,0,0,0,2024-06-22,2024-06-22
in_000000309894,9900,1,0,0,0,0,0,0,0,0,2024-06-20,2024-06-20
in_000000190475,29900,1,0,0,0,0,0,0,0,0,2024-06-21,2024-06-21
in_000000190663,29900,1,0,0,0,0,0,0,0,0,2024-06-18,2024-06-18
in_000000162627,9900,1,0,0,0,0,0,0,0,0,2024-06-19,2024-06-19
in_000000288857,79900,1,0,0,0,0,0,0,0,0,2024-06-18,2024-06-18
in_000000004044,199900,1,0,0,0,0,0,0,0,0,2024-06-14,2024-06-14
in_000000209161,99000,1,0,0,0,0,0,0,0,0,2024-06-10,2024-06-10
in_000000270963,9900,1,0,0,0,0,0,0,0,0,2024-06-17,2024-06-17
in_000000061823,9900,1,0,0,0,0,0,0,0,0,2024-06-26,2024-06-26
in_000000144298,9900,1,0,0,0,0,0,0,0,0,2024-06-06,2024-06-06
in_000000066577,79900,1,0,0,0,0,0,0,0,0,2024-06-09,2024-06-09
in_000000131427,199900,1,0,0,0,0,0,0,0,0,2024-06-18,2024-06-18
in_000000282045,9900,1,0,0,0,0,0,0,0,0,2024-06-20,2024-06-20
in_000000154006,9900,1,0,0,0,0,0,0,0,0,2024-06-07,2024-06-07
in_000000103024,9900,1,0,0,0,0,0,0,0,0,2024-06-22,2024-06-22
in_000000268481,9900,1,0,0,0,0,0,0,0,0,2024-06-17,2024-06-17
in_000000186529,9900,1,0,0,0,0,0,0,0,0,2024-06-23,2024-06-23
in_000000101328,199900,1,0,0,0,0,0,0,0,0,2024-06-19,2024-06-19
in_000000047115,79900,1,0,0,0,0,0,0,0,0,2024-06-05,2024-06-05
in_000000277919,799000,1,0,0,0,0,0,0,0,0,2024-06-17,2024-06-17
in_000000066213,79900,1,0,0,0,0,0,0,0,0,2024-06-16,2024-06-16
in_000000116136,99000,1,0,0,0,0,0,0,0,0,2024-06-11,2024-06-11
in_000000143900,29900,1,0,0,0,0,0,0,0,0,2024-06-18,2024-06-18
in_000000166247,29900,1,0,0,0,0,0,0,0,0,2024-06-17,2024-06-17
in_000000006424,29900,1,0,0,0,0,0,0,0,0,2024-06-20,2024-06-20
in_000000057764,9900,1,0,0,0,0,0,0,0,0,2024-06-20,2024-06-20
in_000000225349,9900,1,0,0,0,0,0,0,0,0,2024-06-16,2024-06-16
in_000000307356,9900,1,0,0,0,0,0,0,0,0,2024-06-04,2024-06-04
in_000000053661,79900,1,0,0,0,0,0,0,0,0,2024-06-24,2024-06-24
in_000000178752,29900,1,0,0,0,0,0,0,0,0,2024-06-11,2024-06-11
in_000000153592,9900,1,0,0,0,0,0,0,0,0,2024-06-20,2024-06-20
in_000000310727,29900,1,0,0,0,0,0,0,0,0,2024-06-09,2024-06-09
in_000000194263,79900,1,0,0,0,0,0,0,0,0,2024-06-15,2024-06-15
in_000000001446,79900,1,0,0,0,0,0,0,0,0,2024-06-18,2024-06-18
in_000000156758,99000,1,0,0,0,0,0,0,0,0,2024-06-21,2024-06-21
in_000000141839,29900,1,0,0,0,0,0,0,0,0,2024-06-22,2024-06-22
in_000000095925,199900,1,0,0,0,0,0,0,0,0,2024-06-18,2024-06-18
in_000000191729,9900,1,0,0,0,0,0,0,0,0,2024-06-19,2024-06-19
in_000000270083,29900,1,0,0,0,0,0,0,0,0,2024-07-02,2024-07-02
in_000000034933,9900,1,0,0,0,0,0,0,0,0,2024-06-09,2024-06-09
in_000000092951,29900,1,0,0,0,0,0,0,0,0,2024-06-24,2024-06-24
in_000000227395,199900,1,0,0,0,0,0,0,0,0,2024-06-21,2024-06-21
in_000000025295,79900,1,0,0,0,0,0,0,0,0,2024-06-24,2024-06-24
in_000000147203,9900,1,0,0,0,0,0,0,0,0,2024-06-22,2024-06-22
in_000000280659,299000,1,0,0,0,0,0,0,0,0,2024-06-23,2024-06-23
in_000000115641,9900,1,0,0,0,0,0,0,0,0,2024-06-21,2024-06-21
in_000000238068,9900,1,0,0,0,0,0,0,0,0,2024-06-13,2024-06-13
in_000000221583,799000,1,0,0,0,0,0,0,0,0,2024-06-18,2024-06-18
in_000000033698,29900,1,0,0,0,0,0,0,0,0,2024-06-07,2024-06-07
in_000000262626,9900,1,0,0,0,0,0,0,0,0,2024-06-19,2024-06-19
in_000000199026,29900,1,0,0,0,0,0,0,0,0,2024-06-23,2024-06-23
in_000000017367,9900,1,0,0,0,0,0,0,0,0,2024-06-15,2024-06-15
in_000000225957,79900,1,0,0,0,0,0,0,0,0,2024-06-17,2024-06-17
in_000000033980,199900,1,0,0,0,0,0,0,0,0,2024-06-22,2024-06-22
in_000000178937,9900,1,0,0,0,0,0,0,0,0,2024-06-08,2024-06-08
in_000000008748,29900,1,0,0,0,0,0,0,0,0,2024-06-25,2024-06-25
in_000000087716,199900,1,0,0,0,0,0,0,0,0,2024-06-14,2024-06-14
in_000000066116,9900,1,0,0,0,0,0,0,0,0,2024-06-17,2024-06-17
in_000000296647,299000,1,0,0,0,0,0,0,0,0,2024-06-18,2024-06-18
in_000000180481,199900,1,0,0,0,0,0,0,0,0,2024-06-24,2024-06-24
in_000000063191,299000,1,0,0,0,0,0,0,0,0,2024-06-18,2024-06-18
in_000000160100,199900,1,0,0,0,0,0,0,0,0,2024-06-18,2024-06-18
in_000000043073,79900,1,0,0,0,0,0,0,0,0,2024-06-12,2024-06-12
in_000000137402,9900,1,0,0,0,0,0,0,0,0,2024-06-12,2024-06-12
in_000000148093,79900,1,0,0,0,0,0,0,0,0,2024-06-24,2024-06-24
in_000000012191,29900,1,0,0,0,0,0,0,0,0,2024-06-07,2024-06-07
in_000000132477,79900,1,0,0,0,0,0,0,0,0,2024-06-09,2024-06-09
in_000000315718,29900,1,0,0,0,0,0,0,0,0,2024-06-14,2024-06-14
in_000000184039,9900,1,0,0,0,0,0,0,0,0,2024-06-19,2024-06-19
in_000000069635,7920,1,0,0,1,0,0,0,0,0,2024-06-09,2024-06-09
in_000000144375,79900,1,0,0,0,0,0,0,0,0,2024-06-14,2024-06-14
in_000000007906,9900,1,0,0,0,0,0,0,0,0,2024-06-22,2024-06-22
in_000000202549,199900,1,0,0,0,0,0,0,0,0,2024-06-13,2024-06-13
in_000000136869,9900,1,0,0,0,0,0,0,0,0,2024-06-25,2024-06-25
in_000000012853,9900,1,0,0,0,0,0,0,0,0,2024-06-14,2024-06-14
in_000000029095,29900,1,0,0,0,0,0,0,0,0,2024-06-20,2024-06-20
in_000000009183,199900,1,0,0,0,0,0,0,0,0,2024-06-06,2024-06-06
in_000000301600,79900,1,0,0,0,0,0,0,0,0,2024-06-10,2024-06-10
in_000000168186,199900,1,0,0,0,0,0,0,0,0,2024-06-19,2024-06-19
in_000000215872,79900,1,0,0,0,0,0,0,0,0,2024-06-14,2024-06-14
in_000000317104,29900,1,0,0,0,0,0,0,0,0,2024-06-20,2024-06-20
in_000000083001,9900,1,0,0,0,0,0,0,0,0,2024-06-06,2024-06-06
in_000000315968,9900,1,0,0,0,0,0,0,0,0,2024-06-05,2024-06-05
in_000000000929,99000,1,0,0,0,0,0,0,0,0,2024-06-26,2024-06-26
in_000000163597,29900,1,0,0,0,0,0,0,0,0,2024-06-09,2024-06-09
in_000000099436,9900,1,0,0,0,0,0,0,0,0,2024-06-12,2024-06-12
in_000000169109,79900,1,0,0,0,0,0,0,0,0,2024-06-13,2024-06-13
in_000000040403,9900,1,0,0,0,0,0,0,0,0,2024-06-12,2024-06-12
in_000000024337,9900,1,0,0,0,0,0,0,0,0,2024-06-08,2024-06-08
in_000000234899,9900,1,0,0,0,0,0,0,0,0,2024-06-16,2024-06-16
in_000000247066,79900,1,0,0,0,0,0,0,0,0,2024-06-19,2024-06-19
in_000000105027,29900,1,0,0,0,0,0,0,0,0,2024-06-16,2024-06-16
in_000000250457,9900,1,0,0,0,0,0,0,0,0,2024-06-22,2024-06-22
in_000000294682,29900,1,0,0,0,0,0,0,0,0,2024-06-08,2024-06-08
in_000000215323,79900,1,0,0,0,0,0,0,0,0,2024-06-25,2024-06-25
in_000000129066,79900,1,0,0,0,0,0,0,0,0,2024-06-16,2024-06-16
in_000000266333,9900,1,0,0,0,0,0,0,0,0,2024-06-10,2024-06-10
in_000000303817,9900,1,0,0,0,0,0,0,0,0,2024-06-06,2024-06-06
in_000000101638,79900,1,0,0,0,0,0,0,0,0,2024-06-08,2024-06-08
in_000000092460,29900,1,0,0,0,0,0,0,0,0,2024-06-16,2024-06-16
in_000000298614,29900,1,0,0,0,0,0,0,0,0,2024-06-10,2024-06-10
in_000000226695,79900,1,0,0,0,0,0,0,0,0,2024-06-03,2024-06-03
in_000000245489,9900,1,0,0,0,0,0,0,0,0,2024-06-20,2024-06-20
in_000000175843,9900,1,0,0,0,0,0,0,0,0,2024-06-12,2024-06-12
in_000000050380,9900,1,0,0,0,0,0,0,0,0,2024-06-07,2024-06-07
in_000000152018,29900,1,0,0,0,0,0,0,0,0,2024-06-18,2024-06-18
in_000000191220,29900,1,0,0,0,0,0,0,0,0,2024-06-19,2024-06-19
in_000000060723,9900,1,0,0,0,0,0,0,0,0,2024-06-08,2024-06-08
in_000000193690,79900,1,0,0,0,0,0,0,0,0,2024-06-15,2024-06-15
in_000000063123,9900,1,0,0,0,0,0,0,0,0,2024-06-21,2024-06-21
in_000000180199,199900,1,0,0,0,0,0,0,0,0,2024-06-12,2024-06-12
in_000000320034,9900,1,0,0,0,0,0,0,0,0,2024-06-03,2024-06-03
in_000000237613,9900,1,0,0,0,0,0,0,0,0,2024-06-07,2024-06-07
in_000000096340,79900,1,0,0,0,0,0,0,0,0,2024-06-21,2024-06-21
in_000000291610,79900,1,0,0,0,0,0,0,0,0,2024-06-13,2024-06-13
in_000000013601,9900,1,0,0,0,0,0,0,0,0,2024-06-23,2024-06-23
in_000000019893,199900,1,0,0,0,0,0,0,0,0,2024-06-21,2024-06-21
in_000000106370,9900,1,0,0,0,0,0,0,0,0,2024-06-06,2024-06-06
in_000000011326,29900,1,0,0,0,0,0,0,0,0,2024-06-08,2024-06-08
in_000000234165,29900,1,0,0,0,0,0,0,0,0,2024-06-18,2024-06-18
in_000000274758,9900,1,0,0,0,0,0,0,0,0,2024-06-09,2024-06-09
in_000000125956,29900,1,0,0,0,0,0,0,0,0,2024-06-07,2024-06-07
in_000000161947,9900,1,0,0,0,0,0,0,0,0,2024-06-14,2024-06-14
in_000000259234,29900,1,0,0,0,0,0,0,0,0,2024-06-22,2024-06-22
in_000000216914,9900,1,0,0,0,0,0,0,0,0,2024-06-18,2024-06-18
in_000000179809,29900,1,0,0,0,0,0,0,0,0,2024-06-18,2024-06-18
in_000000095716,199900,1,0,0,0,0,0,0,0,0,2024-06-13,2024-06-13
in_000000120963,29900,1,0,0,0,0,0,0,0,0,2024-06-17,2024-06-17
in_000000125357,9900,1,0,0,0,0,0,0,0,0,2024-06-14,2024-06-14
in_000000137712,29900,1,0,0,0,0,0,0,0,0,2024-06-17,2024-06-17
in_000000269978,9900,1,0,0,0,0,0,0,0,0,2024-06-05,2024-06-05
in_000000011289,299000,1,0,0,0,0,0,0,0,0,2024-06-13,2024-06-13
in_000000146711,9900,1,0,0,0,0,0,0,0,0,2024-06-08,2024-06-08
in_000000224911,199900,1,0,0,0,0,0,0,0,0,2024-06-20,2024-06-20
in_000000084016,9900,1,0,0,0,0,0,0,0,0,2024-06-25,2024-06-25
in_000000246960,99000,1,0,0,0,0,0,0,0,0,2024-06-17,2024-06-17
in_000000223829,199900,1,0,0,0,0,0,0,0,0,2024-06-12,2024-06-12
in_000000263484,29900,1,0,0,0,0,0,0,0,0,2024-06-08,2024-06-08
in_000000131965,9900,1,0,0,0,0,0,0,0,0,2024-06-18,2024-06-18
in_000000229614,29900,1,0,0,0,0,0,0,0,0,2024-06-12,2024-06-12
in_000000182615,79900,1,0,0,0,0,0,0,0,0,2024-06-19,2024-06-19
in_000000157002,29900,1,0,0,0,0,0,0,0,0,2024-06-25,2024-06-25
in_000000310000,29900,1,0,0,0,0,0,0,0,0,2024-06-23,2024-06-23
in_000000295908,29900,1,0,0,0,0,0,0,0,0,2024-06-14,2024-06-14
in_000000040764,9900,1,0,0,0,0,0,0,0,0,2024-06-12,2024-06-12
in_000000171481,9900,1,0,0,0,0,0,0,0,0,2024-06-10,2024-06-10
in_000000109124,29900,1,0,0,0,0,0,0,0,0,2024-06-18,2024-06-18
in_000000094376,29900,1,0,0,0,0,0,0,0,0,2024-06-16,2024-06-16
in_000000105134,9900,1,0,0,0,0,0,0,0,0,2024-06-22,2024-06-22
in_000000232044,29900,1,0,0,0,0,0,0,0,0,2024-06-16,2024-06-16
in_000000066919,9900,1,0,0,0,0,0,0,0,0,2024-06-22,2024-06-22
in_000000136843,9900,1,0,0,0,0,0,0,0,0,2024-06-06,2024-06-06
in_000000142474,99000,1,0,0,0,0,0,0,0,0,2024-06-19,2024-06-19
in_000000196208,79900,1,0,0,0,0,0,0,0,0,2024-06-10,2024-06-10
in_000000053648,9900,1,0,0,0,0,0,0,0,0,2024-06-23,2024-06-23
in_000000197656,9900,1,0,0,0,0,0,0,0,0,2024-06-07,2024-06-07
in_000000253791,9900,1,0,0,0,0,0,0,0,0,2024-06-04,2024-06-04
in_000000175135,29900,1,0,0,0,0,0,0,0,0,2024-06-23,2024-06-23
in_000000033882,29900,1,0,0,0,0,0,0,0,0,2024-06-13,2024-06-13
in_000000241260,29900,1,0,0,0,0,0,0,0,0,2024-06-11,2024-06-11
in_000000060736,9900,1,0,0,0,0,0,0,0,0,2024-06-06,2024-06-06
in_000000225728,299000,1,0,0,0,0,0,0,0,0,2024-06-18,2024-06-18
in_000000012167,29900,1,0,0,0,0,0,0,0,0,2024-06-11,2024-06-11
in_000000009628,79900,1,0,0,0,0,0,0,0,0,2024-06-09,2024-06-09
in_000000071222,79900,1,0,0,0,0,0,0,0,0,2024-06-19,2024-06-19
in_000000001995,79900,1,0,0,0,0,0,0,0,0,2024-06-15,2024-06-15
in_000000296195,9900,1,0,0,0,0,0,0,0,0,2024-06-23,2024-06-23
in_000000318311,9900,1,0,0,0,0,0,0,0,0,2024-06-20,2024-06-20
in_000000219776,29900,1,0,0,0,0,0,0,0,0,2024-06-11,2024-06-11
in_000000304572,9900,1,0,0,0,0,0,0,0,0,2024-06-14,2024-06-14
in_000000236937,9900,1,0,0,0,0,0,0,0,0,2024-06-23,2024-06-23
in_000000318143,29900,1,0,0,0,0,0,0,0,0,2024-06-11,2024-06-11
in_000000110249,99000,1,0,0,0,0,0,0,0,0,2024-06-10,2024-06-10
in_000000164793,9900,1,0,0,0,0,0,0,0,0,2024-06-12,2024-06-12
in_000000001142,29900,1,0,0,0,0,0,0,0,0,2024-06-08,2024-06-08
in_000000083372,29900,1,0,0,0,0,0,0,0,0,2024-06-19,2024-06-19
in_000000234828,29900,1,0,0,0,0,0,0,0,0,2024-06-16,2024-06-16
in_000000101085,79900,1,0,0,0,0,0,0,0,0,2024-06-12,2024-06-12
in_000000270894,9900,1,0,0,0,0,0,0,0,0,2024-06-10,2024-06-10
in_000000247811,9900,1,0,0,0,0,0,0,0,0,2024-06-14,2024-06-14
in_000000068117,9900,1,0,0,0,0,0,0,0,0,2024-06-12,2024-06-12
in_000000308217,9900,1,0,0,0,0,0,0,0,0,2024-06-17,2024-06-17
in_000000103254,199900,1,0,0,0,0,0,0,0,0,2024-06-24,2024-06-24
in_000000218269,9900,1,0,0,0,0,0,0,0,0,2024-06-04,2024-06-04
in_000000094164,99000,1,0,0,0,0,0,0,0,0,2024-06-18,2024-06-18
in_000000099556,9900,1,0,0,0,0,0,0,0,0,2024-06-06,2024-06-06
in_000000063420,9900,1,0,0,0,0,0,0,0,0,2024-06-10,2024-06-10
in_000000181289,9900,1,0,0,0,0,0,0,0,0,2024-06-14,2024-06-14
in_000000177534,29900,1,0,0,0,0,0,0,0,0,2024-06-16,2024-06-16
in_000000048675,9900,1,0,0,0,0,0,0,0,0,2024-06-20,2024-06-20
in_000000301469,79900,1,0,0,0,0,0,0,0,0,2024-06-16,2024-06-16
in_000000024060,9900,1,0,0,0,0,0,0,0,0,2024-06-09,2024-06-09
in_000000260502,799000,1,0,0,0,0,0,0,0,0,2024-06-06,2024-06-06
in_000000306157,9900,1,0,0,0,0,0,0,0,0,2024-06-18,2024-06-18
in_000000054644,79900,1,0,0,0,0,0,0,0,0,2024-06-26,2024-06-26
in_000000157135,9900,1,0,0,0,0,0,0,0,0,2024-06-11,2024-06-11
in_000000108893,79900,1,0,0,0,0,0,0,0,0,2024-06-08,2024-06-08
in_000000122422,29900,1,0,0,0,0,0,0,0,0,2024-06-23,2024-06-23
in_000000182461,9900,1,0,0,0,0,0,0,0,0,2024-06-21,2024-06-21
in_000000255503,9900,1,0,0,0,0,0,0,0,0,2024-06-21,2024-06-21
in_000000021536,29900,1,0,0,0,0,0,0,0,0,2024-06-15,2024-06-15
in_000000030671,79900,1,0,0,0,0,0,0,0,0,2024-06-09,2024-06-09
in_000000265142,9900,1,0,0,0,0,0,0,0,0,2024-06-11,2024-06-11
in_000000069691,79900,1,0,0,0,0,0,0,0,0,2024-06-17,2024-06-17
in_000000217101,299000,1,0,0,0,0,0,0,0,0,2024-06-22,2024-06-22
in_000000220588,29900,1,0,0,0,0,0,0,0,0,2024-06-12,2024-06-12
in_000000211782,9900,1,0,0,0,0,0,0,0,0,2024-06-20,2024-06-20
in_000000229450,29900,1,0,0,0,0,0,0,0,0,2024-06-05,2024-06-05
in_000000137976,29900,1,0,0,0,0,0,0,0,0,2024-06-13,2024-06-13
in_000000273454,9900,1,0,0,0,0,0,0,0,0,2024-06-13,2024-06-13
in_000000311101,9900,1,0,0,0,0,0,0,0,0,2024-06-25,2024-06-25
in_000000212523,9900,1,0,0,0,0,0,0,0,0,2024-06-08,2024-06-08
in_000000312175,29900,1,0,0,0,0,0,0,0,0,2024-06-21,2024-06-21
in_000000033429,29900,1,0,0,0,0,0,0,0,0,2024-06-15,2024-06-15
in_000000098036,99000,1,0,0,0,0,0,0,0,0,2024-06-20,2024-06-20
in_000000179086,9900,1,0,0,0,0,0,0,0,0,2024-06-13,2024-06-13
in_000000122495,9900,1,0,0,0,0,0,0,0,0,2024-06-07,2024-06-07
in_000000202288,79900,1,0,0,0,0,0,0,0,0,2024-06-17,2024-06-17
in_000000201757,29900,1,0,0,0,0,0,0,0,0,2024-06-10,2024-06-10
in_000000182667,99000,1,0,0,0,0,0,0,0,0,2024-06-15,2024-06-15
in_000000159011,9900,1,0,0,0,0,0,0,0,0,2024-06-09,2024-06-09
in_000000246206,9900,1,0,0,0,0,0,0,0,0,2024-06-09,2024-06-09
in_000000066750,1999000,1,0,0,0,0,0,0,0,0,2024-06-21,2024-06-21
in_000000087154,29900,1,0,0,0,0,0,0,0,0,2024-06-08,2024-06-08
in_000000119531,9900,1,0,0,0,0,0,0,0,0,2024-06-13,2024-06-13
in_000000189000,199900,1,0,0,0,0,0,0,0,0,2024-06-07,2024-06-07
in_000000182647,79900,1,0,0,0,0,0,0,0,0,2024-06-13,2024-06-13
in_000000117156,9900,1,0,0,0,0,0,0,0,0,2024-06-04,2024-06-04
in_000000291559,89100,1,0,0,1,0,0,0,0,0,2024-06-06,2024-06-06
in_000000145365,79900,1,0,0,0,0,0,0,0,0,2024-06-08,2024-06-08
in_000000227319,29900,1,0,0,0,0,0,0,0,0,2024-06-15,2024-06-15
in_000000103515,79900,1,0,0,0,0,0,0,0,0,2024-06-19,2024-06-19
in_000000234651,9900,1,0,0,0,0,0,0,0,0,2024-06-05,2024-06-05
in_000000199823,79900,1,0,0,0,0,0,0,0,0,2024-06-17,2024-06-17
in_000000155338,9900,1,0,0,0,0,0,0,0,0,2024-06-21,2024-06-21
in_000000092493,79900,1,0,0,0,0,0,0,0,0,2024-06-05,2024-06-05
in_000000119033,9900,1,0,0,0,0,0,0,0,0,2024-06-13,2024-06-13
in_000000137015,1999000,1,0,0,0,0,0,0,0,0,2024-06-24,2024-06-24
in_000000111653,29900,1,0,0,0,0,0,0,0,0,2024-06-13,2024-06-13
in_000000317684,9900,1,0,0,0,0,0,0,0,0,2024-06-09,2024-06-09
in_000000019296,9900,1,0,0,0,0,0,0,0,0,2024-06-21,2024-06-21
in_000000244685,79900,1,0,0,0,0,0,0,0,0,2024-06-09,2024-06-09
in_000000090868,29900,1,0,0,0,0,0,0,0,0,2024-06-09,2024-06-09
in_000000214724,79900,1,0,0,0,0,0,0,0,0,2024-06-22,2024-06-22
in_000000246872,9900,1,0,0,0,0,0,0,0,0,2024-06-13,2024-06-13
in_000000312831,199900,1,0,0,0,0,0,0,0,0,2024-06-11,2024-06-11
in_000000217016,9900,1,0,0,0,0,0,0,0,0,2024-06-07,2024-06-07
in_000000281759,9900,1,0,0,0,0,0,0,0,0,2024-06-14,2024-06-14
in_000000079457,9900,1,0,0,0,0,0,0,0,0,2024-06-12,2024-06-12
in_000000261466,79900,1,0,0,0,0,0,0,0,0,2024-06-17,2024-06-17
in_000000000950,29900,1,0,0,0,0,0,0,0,0,2024-06-14,2024-06-14
in_000000264610,79900,1,0,0,0,0,0,0,0,0,2024-06-16,2024-06-16
in_000000143458,9900,1,0,0,0,0,0,0,0,0,2024-06-22,2024-06-22
in_000000291407,9900,1,0,0,0,0,0,0,0,0,2024-06-19,2024-06-19
in_000000218203,9900,1,0,0,0,0,0,0,0,0,2024-06-17,2024-06-17
in_000000180578,9900,1,0,0,0,0,0,0,0,0,2024-06-11,2024-06-11
in_000000167840,29900,1,0,0,0,0,0,0,0,0,2024-06-12,2024-06-12
in_000000295356,29900,1,0,0,0,0,0,0,0,0,2024-06-16,2024-06-16
in_000000210613,29900,1,0,0,0,0,0,0,0,0,2024-06-14,2024-06-14
in_000000092885,79900,1,0,0,0,0,0,0,0,0,2024-06-18,2024-06-18
in_000000297596,29900,1,0,0,0,0,0,0,0,0,2024-06-14,2024-06-14
in_000000141124,79900,1,0,0,0,0,0,0,0,0,2024-06-23,2024-06-23
in_000000219157,29900,1,0,0,0,0,0,0,0,0,2024-06-13,2024-06-13
in_000000072442,9900,1,0,0,0,0,0,0,0,0,2024-06-11,2024-06-11
in_000000283072,199900,1,0,0,0,0,0,0,0,0,2024-06-23,2024-06-23
in_000000070989,79900,1,0,0,0,0,0,0,0,0,2024-06-12,2024-06-12
in_000000149047,29900,1,0,0,0,0,0,0,0,0,2024-06-17,2024-06-17
in_000000056604,9900,1,0,0,0,0,0,0,0,0,2024-06-20,2024-06-20
in_000000033537,29900,1,0,0,0,0,0,0,0,0,2024-06-08,2024-06-08
in_000000198292,29900,1,0,0,0,0,0,0,0,0,2024-06-22,2024-06-22
in_000000220344,9900,1,0,0,0,0,0,0,0,0,2024-06-23,2024-06-23
in_000000064355,9900,1,0,0,0,0,0,0,0,0,2024-06-23,2024-06-23
in_000000149529,79900,1,0,0,0,0,0,0,0,0,2024-06-11,2024-06-11
in_000000316234,79900,1,0,0,0,0,0,0,0,0,2024-06-25,2024-06-25
in_000000141280,9900,1,0,0,0,0,0,0,0,0,2024-06-19,2024-06-19
in_000000000886,9900,1,0,0,0,0,0,0,0,0,2024-06-21,2024-06-21
in_000000083963,9900,1,0,0,0,0,0,0,0,0,2024-06-21,2024-06-21
in_000000034082,1999000,1,0,0,0,0,0,0,0,0,2024-06-04,2024-06-04
in_000000075758,9900,1,0,0,0,0,0,0,0,0,2024-06-05,2024-06-05
in_000000149221,29900,1,0,0,0,0,0,0,0,0,2024-06-05,2024-06-05
in_000000300463,9900,1,0,0,0,0,0,0,0,0,2024-06-08,2024-06-08
in_000000135610,79900,1,0,0,0,0,0,0,0,0,2024-06-10,2024-06-10
in_000000281782,9900,1,0,0,0,0,0,0,0,0,2024-06-22,2024-06-22
in_000000114111,9900,1,0,0,0,0,0,0,0,0,2024-06-14,2024-06-14
in_000000030481,199900,1,0,0,0,0,0,0,0,0,2024-06-16,2024-06-16
in_000000181445,8910,1,0,0,1,0,0,0,0,0,2024-06-11,2024-06-11
in_000000001237,29900,1,0,0,0,0,0,0,0,0,2024-06-25,2024-06-25
in_000000314072,79900,1,0,0,0,0,0,0,0,0,2024-06-13,2024-06-13
in_000000275845,29900,1,0,0,0,0,0,0,0,0,2024-06-06,2024-06-06
in_000000142595,29900,1,0,0,0,0,0,0,0,0,2024-06-18,2024-06-18
in_000000014206,29900,1,0,0,0,0,0,0,0,0,2024-06-20,2024-06-20
in_000000025898,79900,1,0,0,0,0,0,0,0,0,2024-06-13,2024-06-13
in_000000012071,9900,1,0,0,0,0,0,0,0,0,2024-06-12,2024-06-12
in_000000099543,29900,1,0,0,0,0,0,0,0,0,2024-06-14,2024-06-14
in_000000223766,29900,1,0,0,0,0,0,0,0,0,2024-06-11,2024-06-11
in_000000133560,9900,1,0,0,0,0,0,0,0,0,2024-06-05,2024-06-05
in_000000124976,9900,1,0,0,0,0,0,0,0,0,2024-06-06,2024-06-06
in_000000079198,29900,1,0,0,0,0,0,0,0,0,2024-06-06,2024-06-06
in_000000029734,29900,1,0,0,0,0,0,0,0,0,2024-06-16,2024-06-16
in_000000108593,9900,1,0,0,0,0,0,0,0,0,2024-06-16,2024-06-16
in_000000241778,29900,1,0,0,0,0,0,0,0,0,2024-06-09,2024-06-09
in_000000241756,79900,1,0,0,0,0,0,0,0,0,2024-06-07,2024-06-07
in_000000286179,9900,1,0,0,0,0,0,0,0,0,2024-06-17,2024-06-17
in_000000224127,9900,1,0,0,0,0,0,0,0,0,2024-06-06,2024-06-06
in_000000136863,9900,1,0,0,0,0,0,0,0,0,2024-06-23,2024-06-23
in_000000129542,79900,1,0,0,0,0,0,0,0,0,2024-06-25,2024-06-25
in_000000123040,9900,1,0,0,0,0,0,0,0,0,2024-06-06,2024-06-06
in_000000236879,29900,1,0,0,0,0,0,0,0,0,2024-06-17,2024-06-17
in_000000214504,29900,1,0,0,0,0,0,0,0,0,2024-06-04,2024-06-04
in_000000165723,79900,1,0,0,0,0,0,0,0,0,2024-06-11,2024-06-11
in_000000073494,9900,1,0,0,0,0,0,0,0,0,2024-06-17,2024-06-17
in_000000099736,99000,1,0,0,0,0,0,0,0,0,2024-06-17,2024-06-17
in_000000212643,9900,1,0,0,0,0,0,0,0,0,2024-06-13,2024-06-13
in_000000194434,79900,1,0,0,0,0,0,0,0,0,2024-06-11,2024-06-11
in_000000096447,29900,1,0,0,0,0,0,0,0,0,2024-06-18,2024-06-18
in_000000290183,29900,1,0,0,0,0,0,0,0,0,2024-06-11,2024-06-11
in_000000109517,79900,1,0,0,0,0,0,0,0,0,2024-06-15,2024-06-15
in_000000289119,7920,1,0,0,1,0,0,0,0,0,2024-06-17,2024-06-17
in_000000212224,9900,1,0,0,0,0,0,0,0,0,2024-06-21,2024-06-21
in_000000056148,29900,1,0,0,0,0,0,0,0,0,2024-06-17,2024-06-17
in_000000060785,9900,1,0,0,0,0,0,0,0,0,2024-06-12,2024-06-12
in_000000071856,29900,1,0,0,0,0,0,0,0,0,2024-06-03,2024-06-03
in_000000270251,199900,1,0,0,0,0,0,0,0,0,2024-06-25,2024-06-25
in_000000262004,79900,1,0,0,0,0,0,0,0,0,2024-06-16,2024-06-16
in_000000009762,9900,1,0,0,0,0,0,0,0,0,2024-06-16,2024-06-16
in_000000220072,9900,1,0,0,0,0,0,0,0,0,2024-06-11,2024-06-11
in_000000081813,199900,1,0,0,0,0,0,0,0,0,2024-06-20,2024-06-20
in_000000219905,9900,1,0,0,0,0,0,0,0,0,2024-06-14,2024-06-14
in_000000058304,9900,1,0,0,0,0,0,0,0,0,2024-06-06,2024-06-06
in_000000304907,29900,1,0,0,0,0,0,0,0,0,2024-06-07,2024-06-07
in_000000121428,75905,1,0,0,1,0,0,0,0,0,2024-06-09,2024-06-09
in_000000132205,9900,1,0,0,0,0,0,0,0,0,2024-06-11,2024-06-11
in_000000200646,79900,1,0,0,0,0,0,0,0,0,2024-06-14,2024-06-14
in_000000030403,29900,1,0,0,0,0,0,0,0,0,2024-06-07,2024-06-07
in_000000251661,99000,1,0,0,0,0,0,0,0,0,2024-06-14,2024-06-14
in_000000269134,9900,1,0,0,0,0,0,0,0,0,2024-06-26,2024-06-26
in_000000103705,9900,1,0,0,0,0,0,0,0,0,2024-06-20,2024-06-20
in_000000139121,29900,1,0,0,0,0,0,0,0,0,2024-06-12,2024-06-12
in_000000311362,9900,1,0,0,0,0,0,0,0,0,2024-06-14,2024-06-14
in_000000003565,9900,1,0,0,0,0,0,0,0,0,2024-06-13,2024-06-13
in_000000016078,29900,1,0,0,0,0,0,0,0,0,2024-06-20,2024-06-20
in_000000277735,9900,1,0,0,0,0,0,0,0,0,2024-06-11,2024-06-11
in_000000090846,9900,1,0,0,0,0,0,0,0,0,2024-06-10,2024-06-10
in_000000097525,9900,1,0,0,0,0,0,0,0,0,2024-06-24,2024-06-24
in_000000012252,79900,1,0,0,0,0,0,0,0,0,2024-06-04,2024-06-04
in_000000311240,9900,1,0,0,0,0,0,0,0,0,2024-06-24,2024-06-24
in_000000035996,79900,1,0,0,0,0,0,0,0,0,2024-06-20,2024-06-20
in_000000137798,79900,1,0,0,0,0,0,0,0,0,2024-06-08,2024-06-08
in_000000097209,29900,1,0,0,0,0,0,0,0,0,2024-06-15,2024-06-15
in_000000131361,9900,1,0,0,0,0,0,0,0,0,2024-06-19,2024-06-19
in_000000135117,9900,1,0,0,0,0,0,0,0,0,2024-06-12,2024-06-12
in_000000304015,9900,1,0,0,0,0,0,0,0,0,2024-06-18,2024-06-18
in_000000302358,9900,1,0,0,0,0,0,0,0,0,2024-06-09,2024-06-09
in_000000279437,79900,1,0,0,0,0,0,0,0,0,2024-06-11,2024-06-11
in_000000026697,9900,1,0,0,0,0,0,0,0,0,2024-06-19,2024-06-19
in_000000166450,29900,1,0,0,0,0,0,0,0,0,2024-06-08,2024-06-08
in_000000086154,79900,1,0,0,0,0,0,0,0,0,2024-06-08,2024-06-08
in_000000233762,199900,1,0,0,0,0,0,0,0,0,2024-06-24,2024-06-24
in_000000070524,29900,1,0,0,0,0,0,0,0,0,2024-06-17,2024-06-17
in_000000036680,29900,1,0,0,0,0,0,0,0,0,2024-06-06,2024-06-06
in_000000229439,29900,1,0,0,0,0,0,0,0,0,2024-06-04,2024-06-04
in_000000076320,29900,1,0,0,0,0,0,0,0,0,2024-06-13,2024-06-13
in_000000008894,9900,1,0,0,0,0,0,0,0,0,2024-06-08,2024-06-08
in_000000193385,9900,1,0,0,0,0,0,0,0,0,2024-06-19,2024-06-19
in_000000199523,9900,1,0,0,0,0,0,0,0,0,2024-06-22,2024-06-22
in_000000148611,29900,1,0,0,0,0,0,0,0,0,2024-06-25,2024-06-25
in_000000085087,7425,1,0,0,0,1,1,0,0,0,2024-06-05,2024-06-05
in_000000083609,9900,1,0,0,0,0,0,0,0,0,2024-06-05,2024-06-05
in_000000060675,9900,1,0,0,0,0,0,0,0,0,2024-06-10,2024-06-10
in_000000209519,9900,1,0,0,0,0,0,0,0,0,2024-06-04,2024-06-04
in_000000023349,9900,1,0,0,0,0,0,0,0,0,2024-06-11,2024-06-11
in_000000273923,99000,1,0,0,0,0,0,0,0,0,2024-06-13,2024-06-13
in_000000045398,29900,1,0,0,0,0,0,0,0,0,2024-06-18,2024-06-18
in_000000232744,79900,1,0,0,0,0,0,0,0,0,2024-06-24,2024-06-24
in_000000097510,79900,1,0,0,0,0,0,0,0,0,2024-06-13,2024-06-13
in_000000179029,79900,1,0,0,0,0,0,0,0,0,2024-06-05,2024-06-05
in_000000053531,9900,1,0,0,0,0,0,0,0,0,2024-06-19,2024-06-19
in_000000126739,199900,1,0,0,0,0,0,0,0,0,2024-06-21,2024-06-21
in_000000029065,29900,1,0,0,0,0,0,0,0,0,2024-06-18,2024-06-18
in_000000308753,29900,1,0,0,0,0,0,0,0,0,2024-06-11,2024-06-11
in_000000179242,199900,1,0,0,0,0,0,0,0,0,2024-06-16,2024-06-16
in_000000249202,9900,1,0,0,0,0,0,0,0,0,2024-06-12,2024-06-12
in_000000307450,9900,1,0,0,0,0,0,0,0,0,2024-06-18,2024-06-18
in_000000290771,9900,1,0,0,0,0,0,0,0,0,2024-06-09,2024-06-09
in_000000045795,29900,1,0,0,0,0,0,0,0,0,2024-06-08,2024-06-08
in_000000142678,29900,1,0,0,0,0,0,0,0,0,2024-06-23,2024-06-23
in_000000120209,9900,1,0,0,0,0,0,0,0,0,2024-06-24,2024-06-24
in_000000177266,9900,1,0,0,0,0,0,0,0,0,2024-06-07,2024-06-07
in_000000274413,79900,1,0,0,0,0,0,0,0,0,2024-06-06,2024-06-06
in_000000296547,29900,1,0,0,0,0,0,0,0,0,2024-06-07,2024-06-07
in_000000045124,9900,1,0,0,0,0,0,0,0,0,2024-06-18,2024-06-18
in_000000119237,29900,1,0,0,0,0,0,0,0,0,2024-06-09,2024-06-09
in_000000158722,9900,1,0,0,0,0,0,0,0,0,2024-06-22,2024-06-22
in_000000137064,29900,1,0,0,0,0,0,0,0,0,2024-06-24,2024-06-24
in_000000101701,79900,1,0,0,0,0,0,0,0,0,2024-06-09,2024-06-09
in_000000027752,79900,1,0,0,0,0,0,0,0,0,2024-06-20,2024-06-20
in_000000151639,29900,1,0,0,0,0,0,0,0,0,2024-06-16,2024-06-16
in_000000258547,79900,1,0,0,0,0,0,0,0,0,2024-06-12,2024-06-12
in_000000105644,9900,1,0,0,0,0,0,0,0,0,2024-06-12,2024-06-12
in_000000223717,29900,1,0,0,0,0,0,0,0,0,2024-06-23,2024-06-23
in_000000080610,9900,1,0,0,0,0,0,0,0,0,2024-06-10,2024-06-10
in_000000095230,79900,1,0,0,0,0,0,0,0,0,2024-06-10,2024-06-10
in_000000157787,9900,1,0,0,0,0,0,0,0,0,2024-06-09,2024-06-09
in_000000080536,9900,1,0,0,0,0,0,0,0,0,2024-06-05,2024-06-05
in_000000292444,29900,1,0,0,0,0,0,0,0,0,2024-06-23,2024-06-23
in_000000011873,9900,1,0,0,0,0,0,0,0,0,2024-06-11,2024-06-11
in_000000052748,29900,1,0,0,0,0,0,0,0,0,2024-06-24,2024-06-24
in_000000207100,29900,1,0,0,0,0,0,0,0,0,2024-06-18,2024-06-18
in_000000202130,9900,1,0,0,0,0,0,0,0,0,2024-06-06,2024-06-06
in_000000239520,9900,1,0,0,0,0,0,0,0,0,2024-06-21,2024-06-21
in_000000206432,29900,1,0,0,0,0,0,0,0,0,2024-06-17,2024-06-17
in_000000222518,199900,1,0,0,0,0,0,0,0,0,2024-06-24,2024-06-24
in_000000035852,29900,1,0,0,0,0,0,0,0,0,2024-06-22,2024-06-22
in_000000213391,9900,1,0,0,0,0,0,0,0,0,2024-06-06,2024-06-06
in_000000271832,9900,1,0,0,0,0,0,0,0,0,2024-06-05,2024-06-05
in_000000212130,9900,1,0,0,0,0,0,0,0,0,2024-06-11,2024-06-11
in_000000266192,29900,1,0,0,0,0,0,0,0,0,2024-06-10,2024-06-10
in_000000026071,9900,1,0,0,0,0,0,0,0,0,2024-06-17,2024-06-17
in_000000239806,9900,1,0,0,0,0,0,0,0,0,2024-06-14,2024-06-14
in_000000186051,79900,1,0,0,0,0,0,0,0,0,2024-06-24,2024-06-24
in_000000224559,29900,1,0,0,0,0,0,0,0,0,2024-06-04,2024-06-04
in_000000282260,9900,1,0,0,0,0,0,0,0,0,2024-06-24,2024-06-24
in_000000252191,299000,1,0,0,0,0,0,0,0,0,2024-06-12,2024-06-12
in_000000073634,79900,1,0,0,0,0,0,0,0,0,2024-06-16,2024-06-16
in_000000200692,59925,1,0,0,1,0,0,0,0,0,2024-06-08,2024-06-08
in_000000191474,9900,1,0,0,0,0,0,0,0,0,2024-06-24,2024-06-24
in_000000002666,79900,1,0,0,0,0,0,0,0,0,2024-06-15,2024-06-15
in_000000169074,9900,1,0,0,0,0,0,0,0,0,2024-06-22,2024-06-22
in_000000139876,29900,1,0,0,0,0,0,0,0,0,2024-06-21,2024-06-21
in_000000020100,9900,1,0,0,0,0,0,0,0,0,2024-06-05,2024-06-05
in_000000165566,199900,1,0,0,0,0,0,0,0,0,2024-06-08,2024-06-08
in_000000060424,79900,1,0,0,0,0,0,0,0,0,2024-06-17,2024-06-17
in_000000106240,9900,1,0,0,0,0,0,0,0,0,2024-06-19,2024-06-19
in_000000187195,99000,1,0,0,0,0,0,0,0,0,2024-06-25,2024-06-25
in_000000090721,29900,1,0,0,0,0,0,0,0,0,2024-06-19,2024-06-19
in_000000068930,29900,1,0,0,0,0,0,0,0,0,2024-06-17,2024-06-17
in_000000235459,99000,1,0,0,0,0,0,0,0,0,2024-06-20,2024-06-20
in_000000315758,99000,1,0,0,0,0,0,0,0,0,2024-06-22,2024-06-22
in_000000165748,29900,1,0,0,0,0,0,0,0,0,2024-06-08,2024-06-08
in_000000150905,29900,1,0,0,0,0,0,0,0,0,2024-06-19,2024-06-19
in_000000254614,29900,1,0,0,0,0,0,0,0,0,2024-06-25,2024-06-25
in_000000044392,9900,1,0,0,0,0,0,0,0,0,2024-06-23,2024-06-23
in_000000091808,79900,1,0,0,0,0,0,0,0,0,2024-06-15,2024-06-15
in_000000000486,79900,1,0,0,0,0,0,0,0,0,2024-06-19,2024-06-19
in_000000256237,29900,1,0,0,0,0,0,0,0,0,2024-06-23,2024-06-23
in_000000022811,29900,1,0,0,0,0,0,0,0,0,2024-06-15,2024-06-15
in_000000172736,9900,1,0,0,0,0,0,0,0,0,2024-06-05,2024-06-05
in_000000048828,9900,1,0,0,0,0,0,0,0,0,2024-06-13,2024-06-13
in_000000037794,9900,1,0,0,0,0,0,0,0,0,2024-06-23,2024-06-23
in_000000218816,9900,1,0,0,0,0,0,0,0,0,2024-06-11,2024-06-11
in_000000097573,9900,1,0,0,0,0,0,0,0,0,2024-06-21,2024-06-21
in_000000133066,9900,1,0,0,0,0,0,0,0,0,2024-06-08,2024-06-08
in_000000159840,79900,1,0,0,0,0,0,0,0,0,2024-06-21,2024-06-21
in_000000226099,9900,1,0,0,0,0,0,0,0,0,2024-06-17,2024-06-17
in_000000077528,29900,1,0,0,0,0,0,0,0,0,2024-06-05,2024-06-05
in_000000180540,9900,1,0,0,0,0,0,0,0,0,2024-06-22,2024-06-22
in_000000073466,9900,1,0,0,0,0,0,0,0,0,2024-06-16,2024-06-16
in_000000316247,9900,1,0,0,0,0,0,0,0,0,2024-06-11,2024-06-11
in_000000268725,9900,1,0,0,0,0,0,0,0,0,2024-06-20,2024-06-20
in_000000230544,9900,1,0,0,0,0,0,0,0,0,2024-06-21,2024-06-21
in_000000238971,9900,1,0,0,0,0,0,0,0,0,2024-06-24,2024-06-24
in_000000232560,9900,1,0,0,0,0,0,0,0,0,2024-06-25,2024-06-25
in_000000061512,29900,1,0,0,0,0,0,0,0,0,2024-06-20,2024-06-20
in_000000237817,29900,1,0,0,0,0,0,0,0,0,2024-06-07,2024-06-07
in_000000075146,9900,1,0,0,0,0,0,0,0,0,2024-06-25,2024-06-25
in_000000226878,9900,1,0,0,0,0,0,0,0,0,2024-06-09,2024-06-09
in_000000310793,9900,1,0,0,0,0,0,0,0,0,2024-06-24,2024-06-24
in_000000117588,79900,1,0,0,0,0,0,0,0,0,2024-06-22,2024-06-22
in_000000032651,29900,1,0,0,0,0,0,0,0,0,2024-06-11,2024-06-11
in_000000193726,9900,1,0,0,0,0,0,0,0,0,2024-06-11,2024-06-11
in_000000107596,79900,1,0,0,0,0,0,0,0,0,2024-06-15,2024-06-15
in_000000143243,29900,1,0,0,0,0,0,0,0,0,2024-06-23,2024-06-23
in_000000271361,9900,1,0,0,0,0,0,0,0,0,2024-06-11,2024-06-11
in_000000256468,9900,1,0,0,0,0,0,0,0,0,2024-06-17,2024-06-17
in_000000194685,9900,1,0,0,0,0,0,0,0,0,2024-06-17,2024-06-17
in_000000220873,29900,1,0,0,0,0,0,0,0,0,2024-06-24,2024-06-24
in_000000084647,79900,1,0,0,0,0,0,0,0,0,2024-06-21,2024-06-21
in_000000224883,9900,1,0,0,0,0,0,0,0,0,2024-06-09,2024-06-09
in_000000260247,99000,1,0,0,0,0,0,0,0,0,2024-06-24,2024-06-24
in_000000273419,9900,1,0,0,0,0,0,0,0,0,2024-06-24,2024-06-24
in_000000260126,9900,1,0,0,0,0,0,0,0,0,2024-06-15,2024-06-15
in_000000130096,9900,1,0,0,0,0,0,0,0,0,2024-06-19,2024-06-19
in_000000104871,9900,1,0,0,0,0,0,0,0,0,2024-06-09,2024-06-09
in_000000204772,29900,1,0,0,0,0,0,0,0,0,2024-06-19,2024-06-19
in_000000290211,9900,1,0,0,0,0,0,0,0,0,2024-06-12,2024-06-12
in_000000233282,299000,1,0,0,0,0,0,0,0,0,2024-06-13,2024-06-13
in_000000112667,79900,1,0,0,0,0,0,0,0,0,2024-06-10,2024-06-10
in_000000207883,29900,1,0,0,0,0,0,0,0,0,2024-06-20,2024-06-20
in_000000040071,9900,1,0,0,0,0,0,0,0,0,2024-06-26,2024-06-26
in_000000309966,9900,1,0,0,0,0,0,0,0,0,2024-06-06,2024-06-06
in_000000147433,199900,1,0,0,0,0,0,0,0,0,2024-06-04,2024-06-04
in_000000085808,99000,1,0,0,0,0,0,0,0,0,2024-06-15,2024-06-15
in_000000045206,199900,1,0,0,0,0,0,0,0,0,2024-06-05,2024-06-05
in_000000279792,29900,1,0,0,0,0,0,0,0,0,2024-06-12,2024-06-12
in_000000195196,29900,1,0,0,0,0,0,0,0,0,2024-06-08,2024-06-08
in_000000143312,29900,1,0,0,0,0,0,0,0,0,2024-06-19,2024-06-19
in_000000290498,29900,1,0,0,0,0,0,0,0,0,2024-06-26,2024-06-26
in_000000023485,9900,1,0,0,0,0,0,0,0,0,2024-06-11,2024-06-11
in_000000093976,29900,1,0,0,0,0,0,0,0,0,2024-06-22,2024-06-22
in_000000283962,9900,1,0,0,0,0,0,0,0,0,2024-06-03,2024-06-03
in_000000270753,29900,1,0,0,0,0,0,0,0,0,2024-06-12,2024-06-12
in_000000132753,9900,1,0,0,0,0,0,0,0,0,2024-06-23,2024-06-23
in_000000198375,29900,1,0,0,0,0,0,0,0,0,2024-06-13,2024-06-13
in_000000296353,9900,1,0,0,0,0,0,0,0,0,2024-06-07,2024-06-07
in_000000152560,199900,1,0,0,0,0,0,0,0,0,2024-06-16,2024-06-16
in_000000172931,9900,1,0,0,0,0,0,0,0,0,2024-06-10,2024-06-10
in_000000291466,29900,1,0,0,0,0,0,0,0,0,2024-06-05,2024-06-05
in_000000298985,9900,1,0,0,0,0,0,0,0,0,2024-06-25,2024-06-25
in_000000135085,29900,1,0,0,0,0,0,0,0,0,2024-06-22,2024-06-22
in_000000306899,29900,1,0,0,0,0,0,0,0,0,2024-06-20,2024-06-20
in_000000214344,79900,1,0,0,0,0,0,0,0,0,2024-06-08,2024-06-08
in_000000008409,9900,1,0,0,0,0,0,0,0,0,2024-06-05,2024-06-05
in_000000123672,29900,1,0,0,0,0,0,0,0,0,2024-06-18,2024-06-18
in_000000001095,29900,1,0,0,0,0,0,0,0,0,2024-06-18,2024-06-18
in_000000319846,199900,1,0,0,0,0,0,0,0,0,2024-06-06,2024-06-06
in_000000194488,29900,1,0,0,0,0,0,0,0,0,2024-06-16,2024-06-16
in_000000137232,29900,1,0,0,0,0,0,0,0,0,2024-06-25,2024-06-25
in_000000309123,9900,1,0,0,0,0,0,0,0,0,2024-06-20,2024-06-20
in_000000189615,29900,1,0,0,0,0,0,0,0,0,2024-06-16,2024-06-16
in_000000301636,29900,1,0,0,0,0,0,0,0,0,2024-06-08,2024-06-08
in_000000223304,79900,1,0,0,0,0,0,0,0,0,2024-06-11,2024-06-11
in_000000082718,79900,1,0,0,0,0,0,0,0,0,2024-06-22,2024-06-22
in_000000051087,79900,1,0,0,0,0,0,0,0,0,2024-06-08,2024-06-08
in_000000099481,79900,1,0,0,0,0,0,0,0,0,2024-06-20,2024-06-20
in_000000251186,29900,1,0,0,0,0,0,0,0,0,2024-06-10,2024-06-10
in_000000233070,79900,1,0,0,0,0,0,0,0,0,2024-06-24,2024-06-24
in_000000071291,199900,1,0,0,0,0,0,0,0,0,2024-06-19,2024-06-19
in_000000185399,199900,1,0,0,0,0,0,0,0,0,2024-06-23,2024-06-23
in_000000052135,79900,1,0,0,0,0,0,0,0,0,2024-06-24,2024-06-24
in_000000255376,29900,1,0,0,0,0,0,0,0,0,2024-06-07,2024-06-07
in_000000087673,9900,1,0,0,0,0,0,0,0,0,2024-06-15,2024-06-15
in_000000056314,9900,1,0,0,0,0,0,0,0,0,2024-06-22,2024-06-22
in_000000138448,9900,1,0,0,0,0,0,0,0,0,2024-06-17,2024-06-17
in_000000123129,9900,1,0,0,0,0,0,0,0,0,2024-06-05,2024-06-05
in_000000287588,25415,1,0,0,1,0,0,0,0,0,2024-06-11,2024-06-11
in_000000235502,29900,1,0,0,0,0,0,0,0,0,2024-06-21,2024-06-21
in_000000305753,9900,1,0,0,0,0,0,0,0,0,2024-06-22,2024-06-22
in_000000293810,79900,1,0,0,0,0,0,0,0,0,2024-06-09,2024-06-09
in_000000183856,29900,1,0,0,0,0,0,0,0,0,2024-06-15,2024-06-15
in_000000183482,79900,1,0,0,0,0,0,0,0,0,2024-06-06,2024-06-06
in_000000264825,9900,1,0,0,0,0,0,0,0,0,2024-06-16,2024-06-16
in_000000060058,79900,1,0,0,0,0,0,0,0,0,2024-06-10,2024-06-10
in_000000311940,9900,1,0,0,0,0,0,0,0,0,2024-06-09,2024-06-09
in_000000217466,9900,1,0,0,0,0,0,0,0,0,2024-06-08,2024-06-08
in_000000135251,29900,1,0,0,0,0,0,0,0,0,2024-06-12,2024-06-12
in_000000228465,299000,1,0,0,0,0,0,0,0,0,2024-06-20,2024-06-20
in_000000199304,199900,1,0,0,0,0,0,0,0,0,2024-06-05,2024-06-05
in_000000276695,9900,1,0,0,0,0,0,0,0,0,2024-06-21,2024-06-21
in_000000265339,79900,1,0,0,0,0,0,0,0,0,2024-06-21,2024-06-21
in_000000222146,29900,1,0,0,0,0,0,0,0,0,2024-06-20,2024-06-20
in_000000282330,799000,1,0,0,0,0,0,0,0,0,2024-06-15,2024-06-15
in_000000070196,29900,1,0,0,0,0,0,0,0,0,2024-06-21,2024-06-21
in_000000064512,9900,1,0,0,0,0,0,0,0,0,2024-06-06,2024-06-06
in_000000185910,29900,1,0,0,0,0,0,0,0,0,2024-06-17,2024-06-17
in_000000115730,9900,1,0,0,0,0,0,0,0,0,2024-06-11,2024-06-11
in_000000247389,9900,1,0,0,0,0,0,0,0,0,2024-06-18,2024-06-18
in_000000154395,9900,1,0,0,0,0,0,0,0,0,2024-06-22,2024-06-22
in_000000271856,29900,1,0,0,0,0,0,0,0,0,2024-06-23,2024-06-23
in_000000149922,29900,1,0,0,0,0,0,0,0,0,2024-06-20,2024-06-20
in_000000093550,79900,1,0,0,0,0,0,0,0,0,2024-06-18,2024-06-18
in_000000249068,23920,1,0,0,1,0,0,0,0,0,2024-06-05,2024-06-05
in_000000056749,29900,1,0,0,0,0,0,0,0,0,2024-06-15,2024-06-15
in_000000316630,79900,1,0,0,0,0,0,0,0,0,2024-06-13,2024-06-13
in_000000317526,9900,1,0,0,0,0,0,0,0,0,2024-06-23,2024-06-23
in_000000202346,29900,1,0,0,0,0,0,0,0,0,2024-06-08,2024-06-08
in_000000074200,29900,1,0,0,0,0,0,0,0,0,2024-06-23,2024-06-23
in_000000230188,1999000,1,0,0,0,0,0,0,0,0,2024-06-21,2024-06-21
in_000000047747,9900,1,0,0,0,0,0,0,0,0,2024-06-06,2024-06-06
in_000000083046,9900,1,0,0,0,0,0,0,0,0,2024-06-05,2024-06-05
in_000000265474,9900,1,0,0,0,0,0,0,0,0,2024-06-13,2024-06-13
in_000000137956,79900,1,0,0,0,0,0,0,0,0,2024-06-05,2024-06-05
in_000000311974,9900,1,0,0,0,0,0,0,0,0,2024-06-08,2024-06-08
in_000000199695,199900,1,0,0,0,0,0,0,0,0,2024-06-06,2024-06-06
in_000000133005,9900,1,0,0,0,0,0,0,0,0,2024-06-12,2024-06-12
in_000000243415,9900,1,0,0,0,0,0,0,0,0,2024-06-24,2024-06-24
in_000000288101,99000,1,0,0,0,0,0,0,0,0,2024-06-03,2024-06-03
in_000000017250,29900,1,0,0,0,0,0,0,0,0,2024-06-07,2024-06-07
in_000000235800,9900,1,0,0,0,0,0,0,0,0,2024-06-23,2024-06-23
in_000000070712,9900,1,0,0,0,0,0,0,0,0,2024-06-17,2024-06-17
in_000000112107,9900,1,0,0,0,0,0,0,0,0,2024-06-16,2024-06-16
in_000000290975,29900,1,0,0,0,0,0,0,0,0,2024-06-21,2024-06-21
in_000000180663,79900,1,0,0,0,0,0,0,0,0,2024-06-10,2024-06-10
in_000000221293,9900,1,0,0,0,0,0,0,0,0,2024-06-10,2024-06-10
in_000000039415,9900,1,0,0,0,0,0,0,0,0,2024-06-12,2024-06-12
in_000000266720,29900,1,0,0,0,0,0,0,0,0,2024-06-24,2024-06-24
in_000000006856,9900,1,0,0,0,0,0,0,0,0,2024-06-26,2024-06-26
in_000000272023,79900,1,0,0,0,0,0,0,0,0,2024-06-20,2024-06-20
in_000000230595,9900,1,0,0,0,0,0,0,0,0,2024-06-19,2024-06-19
in_000000276236,29900,1,0,0,0,0,0,0,0,0,2024-06-11,2024-06-11
in_000000083669,9900,1,0,0,0,0,0,0,0,0,2024-06-25,2024-06-25
in_000000081420,9900,1,0,0,0,0,0,0,0,0,2024-06-16,2024-06-16
in_000000021395,29900,1,0,0,0,0,0,0,0,0,2024-06-17,2024-06-17
in_000000098058,79900,1,0,0,0,0,0,0,0,0,2024-06-18,2024-06-18
in_000000239020,9900,1,0,0,0,0,0,0,0,0,2024-06-15,2024-06-15
in_000000284769,29900,1,0,0,0,0,0,0,0,0,2024-06-25,2024-06-25
in_000000196795,9900,1,0,0,0,0,0,0,0,0,2024-06-04,2024-06-04
in_000000046992,29900,1,0,0,0,0,0,0,0,0,2024-06-22,2024-06-22
in_000000212859,9900,1,0,0,0,0,0,0,0,0,2024-06-17,2024-06-17
in_000000279631,9900,1,0,0,0,0,0,0,0,0,2024-06-20,2024-06-20
in_000000236708,29900,1,0,0,0,0,0,0,0,0,2024-06-22,2024-06-22
in_000000168810,29900,1,0,0,0,0,0,0,0,0,2024-06-19,2024-06-19
in_000000044057,199900,1,0,0,0,0,0,0,0,0,2024-06-10,2024-06-10
in_000000066772,9900,1,0,0,0,0,0,0,0,0,2024-06-13,2024-06-13
in_000000179056,9900,1,0,0,0,0,0,0,0,0,2024-06-15,2024-06-15
in_000000150773,9900,1,0,0,0,0,0,0,0,0,2024-06-05,2024-06-05
in_000000071766,9900,1,0,0,0,0,0,0,0,0,2024-06-11,2024-06-11
in_000000099570,9900,1,0,0,0,0,0,0,0,0,2024-06-09,2024-06-09
in_000000174008,9900,1,0,0,0,0,0,0,0,0,2024-06-13,2024-06-13
in_000000128403,29900,1,0,0,0,0,0,0,0,0,2024-06-22,2024-06-22
in_000000308673,29900,1,0,0,0,0,0,0,0,0,2024-06-19,2024-06-19
in_000000270506,29900,1,0,0,0,0,0,0,0,0,2024-06-17,2024-06-17
in_000000279102,9900,1,0,0,0,0,0,0,0,0,2024-06-16,2024-06-16
in_000000306715,29900,1,0,0,0,0,0,0,0,0,2024-06-11,2024-06-11
in_000000033641,9900,1,0,0,0,0,0,0,0,0,2024-06-18,2024-06-18
in_000000089979,79900,1,0,0,0,0,0,0,0,0,2024-06-11,2024-06-11
in_000000128725,9900,1,0,0,0,0,0,0,0,0,2024-06-16,2024-06-16
in_000000251113,9900,1,0,0,0,0,0,0,0,0,2024-06-24,2024-06-24
in_000000079810,9900,1,0,0,0,0,0,0,0,0,2024-06-06,2024-06-06
in_000000125913,9900,1,0,0,0,0,0,0,0,0,2024-06-20,2024-06-20
in_000000267737,9900,1,0,0,0,0,0,0,0,0,2024-06-13,2024-06-13
in_000000119041,29900,1,0,0,0,0,0,0,0,0,2024-06-11,2024-06-11
in_000000293408,9900,1,0,0,0,0,0,0,0,0,2024-06-04,2024-06-04
in_000000299100,9900,1,0,0,0,0,0,0,0,0,2024-06-03,2024-06-03
in_000000272556,79900,1,0,0,0,0,0,0,0,0,2024-06-06,2024-06-06
in_000000109478,9900,1,0,0,0,0,0,0,0,0,2024-06-18,2024-06-18
in_000000249755,29900,1,0,0,0,0,0,0,0,0,2024-06-03,2024-06-03
in_000000312355,29900,1,0,0,0,0,0,0,0,0,2024-06-21,2024-06-21
in_000000141610,29900,1,0,0,0,0,0,0,0,0,2024-06-19,2024-06-19
in_000000321027,9900,1,0,0,0,0,0,0,0,0,2024-06-08,2024-06-08
in_000000201898,9900,1,0,0,0,0,0,0,0,0,2024-06-06,2024-06-06
in_000000262393,79900,1,0,0,0,0,0,0,0,0,2024-06-10,2024-06-10
in_000000313171,9900,1,0,0,0,0,0,0,0,0,2024-06-15,2024-06-15
in_000000015450,9900,1,0,0,0,0,0,0,0,0,2024-06-19,2024-06-19
in_000000319485,79900,1,0,0,0,0,0,0,0,0,2024-06-26,2024-06-26
in_000000272391,9900,1,0,0,0,0,0,0,0,0,2024-06-17,2024-06-17
in_000000201934,29900,1,0,0,0,0,0,0,0,0,2024-06-11,2024-06-11
in_000000089557,199900,1,0,0,0,0,0,0,0,0,2024-06-11,2024-06-11
in_000000197857,29900,1,0,0,0,0,0,0,0,0,2024-06-08,2024-06-08
in_000000001564,9900,1,0,0,0,0,0,0,0,0,2024-06-13,2024-06-13
in_000000102113,9900,1,0,0,0,0,0,0,0,0,2024-06-17,2024-06-17
in_000000317961,79900,1,0,0,0,0,0,0,0,0,2024-06-23,2024-06-23
in_000000107946,9900,1,0,0,0,0,0,0,0,0,2024-06-09,2024-06-09
in_000000153714,29900,1,0,0,0,0,0,0,0,0,2024-06-21,2024-06-21
in_000000010865,199900,1,0,0,0,0,0,0,0,0,2024-06-23,2024-06-23
in_000000081665,9900,1,0,0,0,0,0,0,0,0,2024-06-24,2024-06-24
in_000000303571,29900,1,0,0,0,0,0,0,0,0,2024-06-18,2024-06-18
in_000000123860,9900,1,0,0,0,0,0,0,0,0,2024-06-09,2024-06-09
in_000000219928,9900,1,0,0,0,0,0,0,0,0,2024-06-21,2024-06-21
in_000000202861,9900,1,0,0,0,0,0,0,0,0,2024-06-18,2024-06-18
in_000000041147,9900,1,0,0,0,0,0,0,0,0,2024-06-21,2024-06-21
in_000000300475,9900,1,0,0,0,0,0,0,0,0,2024-06-13,2024-06-13
in_000000183538,9900,1,0,0,0,0,0,0,0,0,2024-06-18,2024-06-18
in_000000221627,29900,1,0,0,0,0,0,0,0,0,2024-06-17,2024-06-17
in_000000294393,9900,1,0,0,0,0,0,0,0,0,2024-06-22,2024-06-22
in_000000246644,9900,1,0,0,0,0,0,0,0,0,2024-06-13,2024-06-13
in_000000282177,94050,1,0,0,1,0,0,0,0,0,2024-06-10,2024-06-10
in_000000247905,9900,1,0,0,0,0,0,0,0,0,2024-06-14,2024-06-14
in_000000017466,29900,1,0,0,0,0,0,0,0,0,2024-06-14,2024-06-14
in_000000055793,99000,1,0,0,0,0,0,0,0,0,2024-06-16,2024-06-16
in_000000250802,29900,1,0,0,0,0,0,0,0,0,2024-06-16,2024-06-16
in_000000019686,29900,1,0,0,0,0,0,0,0,0,2024-06-21,2024-06-21
in_000000314427,9900,1,0,0,0,0,0,0,0,0,2024-06-16,2024-06-16
in_000000019472,9900,1,0,0,0,0,0,0,0,0,2024-06-19,2024-06-19
in_000000145902,29900,1,0,0,0,0,0,0,0,0,2024-06-18,2024-06-18
in_000000143988,29900,1,0,0,0,0,0,0,0,0,2024-06-04,2024-06-04
in_000000001029,199900,1,0,0,0,0,0,0,0,0,2024-06-08,2024-06-08
in_000000253347,79900,1,0,0,0,0,0,0,0,0,2024-06-12,2024-06-12
in_000000136652,199900,1,0,0,0,0,0,0,0,0,2024-06-06,2024-06-06
in_000000144809,29900,1,0,0,0,0,0,0,0,0,2024-06-14,2024-06-14
in_000000009110,79900,1,0,0,0,0,0,0,0,0,2024-06-12,2024-06-12
in_000000162801,9900,1,0,0,0,0,0,0,0,0,2024-06-13,2024-06-13
in_000000096886,29900,1,0,0,0,0,0,0,0,0,2024-06-24,2024-06-24
in_000000048799,9900,1,0,0,0,0,0,0,0,0,2024-06-15,2024-06-15
in_000000057093,9900,1,0,0,0,0,0,0,0,0,2024-06-05,2024-06-05
in_000000064855,199900,1,0,0,0,0,0,0,0,0,2024-06-17,2024-06-17
in_000000124874,9900,1,0,0,0,0,0,0,0,0,2024-06-21,2024-06-21
in_000000082845,29900,1,0,0,0,0,0,0,0,0,2024-06-09,2024-06-09
in_000000155010,79900,1,0,0,0,0,0,0,0,0,2024-06-05,2024-06-05
in_000000030343,29900,1,0,0,0,0,0,0,0,0,2024-06-24,2024-06-24
in_000000239794,9900,1,0,0,0,0,0,0,0,0,2024-06-13,2024-06-13
in_000000223135,9900,1,0,0,0,0,0,0,0,0,2024-06-18,2024-06-18
in_000000149289,99000,1,0,0,0,0,0,0,0,0,2024-06-12,2024-06-12
in_000000106876,29900,1,0,0,0,0,0,0,0,0,2024-06-20,2024-06-20
in_000000116977,29900,1,0,0,0,0,0,0,0,0,2024-06-14,2024-06-14
in_000000205272,9900,1,0,0,0,0,0,0,0,0,2024-06-10,2024-06-10
in_000000123731,9900,1,0,0,0,0,0,0,0,0,2024-06-18,2024-06-18
in_000000077812,79900,1,0,0,0,0,0,0,0,0,2024-06-09,2024-06-09
in_000000036491,9900,1,0,0,0,0,0,0,0,0,2024-06-22,2024-06-22
in_000000144277,29900,1,0,0,0,0,0,0,0,0,2024-06-10,2024-06-10
in_000000156295,79900,1,0,0,0,0,0,0,0,0,2024-06-13,2024-06-13
in_000000192520,9900,1,0,0,0,0,0,0,0,0,2024-06-08,2024-06-08
in_000000157969,29900,1,0,0,0,0,0,0,0,0,2024-06-15,2024-06-15
in_000000032003,9900,1,0,0,0,0,0,0,0,0,2024-06-13,2024-06-13
in_000000283874,9900,1,0,0,0,0,0,0,0,0,2024-06-11,2024-06-11
in_000000314766,29900,1,0,0,0,0,0,0,0,0,2024-06-10,2024-06-10
in_000000214067,9900,1,0,0,0,0,0,0,0,0,2024-06-23,2024-06-23
in_000000106687,9900,1,0,0,0,0,0,0,0,0,2024-06-22,2024-06-22
in_000000317170,29900,1,0,0,0,0,0,0,0,0,2024-06-10,2024-06-10
in_000000276304,9900,1,0,0,0,0,0,0,0,0,2024-06-08,2024-06-08
in_000000115290,79900,1,0,0,0,0,0,0,0,0,2024-06-05,2024-06-05
in_000000317336,29900,1,0,0,0,0,0,0,0,0,2024-06-09,2024-06-09
in_000000190579,29900,1,0,0,0,0,0,0,0,0,2024-06-14,2024-06-14
in_000000198807,29900,1,0,0,0,0,0,0,0,0,2024-06-14,2024-06-14
in_000000241799,79900,1,0,0,0,0,0,0,0,0,2024-06-18,2024-06-18
in_000000022962,29900,1,0,0,0,0,0,0,0,0,2024-06-09,2024-06-09
in_000000107983,9900,1,0,0,0,0,0,0,0,0,2024-06-07,2024-06-07
in_000000017603,9900,1,0,0,0,0,0,0,0,0,2024-06-16,2024-06-16
in_000000051715,29900,1,0,0,0,0,0,0,0,0,2024-06-07,2024-06-07
in_000000022680,9900,1,0,0,0,0,0,0,0,0,2024-06-19,2024-06-19
in_000000068187,79900,1,0,0,0,0,0,0,0,0,2024-06-22,2024-06-22
in_000000001338,29900,1,0,0,0,0,0,0,0,0,2024-06-13,2024-06-13
in_000000300910,29900,1,0,0,0,0,0,0,0,0,2024-06-06,2024-06-06
in_000000113355,29900,1,0,0,0,0,0,0,0,0,2024-06-13,2024-06-13
in_000000315880,79900,1,0,0,0,0,0,0,0,0,2024-06-21,2024-06-21
in_000000252454,9900,1,0,0,0,0,0,0,0,0,2024-06-16,2024-06-16
in_000000007023,9900,1,0,0,0,0,0,0,0,0,2024-06-23,2024-06-23
in_000000267061,79900,1,0,0,0,0,0,0,0,0,2024-06-13,2024-06-13
in_000000185823,199900,1,0,0,0,0,0,0,0,0,2024-06-12,2024-06-12
in_000000027480,29900,1,0,0,0,0,0,0,0,0,2024-06-07,2024-06-07
in_000000233249,9900,1,0,0,0,0,0,0,0,0,2024-06-21,2024-06-21
in_000000093867,79900,1,0,0,0,0,0,0,0,0,2024-06-17,2024-06-17
in_000000279352,29900,1,0,0,0,0,0,0,0,0,2024-06-13,2024-06-13
in_000000275140,9900,1,0,0,0,0,0,0,0,0,2024-06-08,2024-06-08
in_000000258693,29900,1,0,0,0,0,0,0,0,0,2024-06-25,2024-06-25
in_000000265209,9900,1,0,0,0,0,0,0,0,0,2024-06-22,2024-06-22
in_000000009706,29900,1,0,0,0,0,0,0,0,0,2024-06-24,2024-06-24
in_000000191874,29900,1,0,0,0,0,0,0,0,0,2024-06-23,2024-06-23
in_000000161921,99000,1,0,0,0,0,0,0,0,0,2024-06-11,2024-06-11
in_000000149706,29900,1,0,0,0,0,0,0,0,0,2024-06-20,2024-06-20
in_000000145380,9900,1,0,0,0,0,0,0,0,0,2024-06-10,2024-06-10
in_000000249483,299000,1,0,0,0,0,0,0,0,0,2024-06-24,2024-06-24
in_000000278806,29900,1,0,0,0,0,0,0,0,0,2024-06-16,2024-06-16
in_000000170536,299000,1,0,0,0,0,0,0,0,0,2024-06-22,2024-06-22
in_000000064283,199900,1,0,0,0,0,0,0,0,0,2024-06-22,2024-06-22
in_000000310495,29900,1,0,0,0,0,0,0,0,0,2024-06-16,2024-06-16
in_000000020206,79900,1,0,0,0,0,0,0,0,0,2024-06-06,2024-06-06
in_000000070437,29900,1,0,0,0,0,0,0,0,0,2024-06-13,2024-06-13
in_000000078630,29900,1,0,0,0,0,0,0,0,0,2024-06-19,2024-06-19
in_000000108938,9900,1,0,0,0,0,0,0,0,0,2024-06-22,2024-06-22
in_000000300754,99000,1,0,0,0,0,0,0,0,0,2024-06-21,2024-06-21
in_000000006111,29900,1,0,0,0,0,0,0,0,0,2024-06-09,2024-06-09
in_000000265076,29900,1,0,0,0,0,0,0,0,0,2024-06-16,2024-06-16
in_000000159904,199900,1,0,0,0,0,0,0,0,0,2024-06-15,2024-06-15
in_000000108814,79900,1,0,0,0,0,0,0,0,0,2024-06-21,2024-06-21
in_000000161203,79900,1,0,0,0,0,0,0,0,0,2024-06-22,2024-06-22
in_000000202357,9900,1,0,0,0,0,0,0,0,0,2024-06-10,2024-06-10
in_000000064613,79900,1,0,0,0,0,0,0,0,0,2024-06-18,2024-06-18
in_000000129673,79900,1,0,0,0,0,0,0,0,0,2024-06-21,2024-06-21
in_000000009335,79900,1,0,0,0,0,0,0,0,0,2024-06-19,2024-06-19
in_000000056428,29900,1,0,0,0,0,0,0,0,0,2024-06-06,2024-06-06
in_000000122746,9900,1,0,0,0,0,0,0,0,0,2024-06-14,2024-06-14
in_000000112453,29900,1,0,0,0,0,0,0,0,0,2024-06-10,2024-06-10
in_000000293248,9900,1,0,0,0,0,0,0,0,0,2024-06-15,2024-06-15
in_000000148169,199900,1,0,0,0,0,0,0,0,0,2024-06-23,2024-06-23
in_000000317838,29900,1,0,0,0,0,0,0,0,0,2024-06-24,2024-06-24
in_000000288521,9900,1,0,0,0,0,0,0,0,0,2024-06-24,2024-06-24
in_000000027600,9900,1,0,0,0,0,0,0,0,0,2024-06-24,2024-06-24
in_000000178485,9900,1,0,0,0,0,0,0,0,0,2024-06-23,2024-06-23
in_000000319110,29900,1,0,0,0,0,0,0,0,0,2024-06-10,2024-06-10
in_000000222346,9900,1,0,0,0,0,0,0,0,0,2024-06-20,2024-06-20
in_000000310807,9900,1,0,0,0,0,0,0,0,0,2024-06-18,2024-06-18
in_000000288906,199900,1,0,0,0,0,0,0,0,0,2024-06-05,2024-06-05
in_000000190201,79900,1,0,0,0,0,0,0,0,0,2024-06-14,2024-06-14
in_000000067471,29900,1,0,0,0,0,0,0,0,0,2024-06-14,2024-06-14
in_000000260658,9900,1,0,0,0,0,0,0,0,0,2024-06-20,2024-06-20
in_000000186154,29900,1,0,0,0,0,0,0,0,0,2024-06-07,2024-06-07
in_000000235993,79900,1,0,0,0,0,0,0,0,0,2024-06-14,2024-06-14
in_000000139610,29900,1,0,0,0,0,0,0,0,0,2024-06-15,2024-06-15
in_000000054600,29900,1,0,0,0,0,0,0,0,0,2024-06-07,2024-06-07
in_000000162782,29900,1,0,0,0,0,0,0,0,0,2024-06-09,2024-06-09
in_000000191535,9900,1,0,0,0,0,0,0,0,0,2024-06-18,2024-06-18
in_000000162471,9900,1,0,0,0,0,0,0,0,0,2024-06-12,2024-06-12
in_000000287690,9900,1,0,0,0,0,0,0,0,0,2024-06-12,2024-06-12
in_000000289303,79900,1,0,0,0,0,0,0,0,0,2024-06-07,2024-06-07
in_000000142778,9900,1,0,0,0,0,0,0,0,0,2024-06-11,2024-06-11
in_000000093029,9900,1,0,0,0,0,0,0,0,0,2024-06-10,2024-06-10
in_000000224414,29900,1,0,0,0,0,0,0,0,0,2024-06-05,2024-06-05
in_000000063759,9900,1,0,0,0,0,0,0,0,0,2024-06-25,2024-06-25
in_000000077692,199900,1,0,0,0,0,0,0,0,0,2024-06-23,2024-06-23
in_000000291753,9900,1,0,0,0,0,0,0,0,0,2024-06-05,2024-06-05
in_000000193949,79900,1,0,0,0,0,0,0,0,0,2024-06-03,2024-06-03
in_000000144600,29900,1,0,0,0,0,0,0,0,0,2024-06-12,2024-06-12
in_000000318218,9900,1,0,0,0,0,0,0,0,0,2024-06-07,2024-06-07
in_000000271437,29900,1,0,0,0,0,0,0,0,0,2024-06-19,2024-06-19
in_000000246719,9900,1,0,0,0,0,0,0,0,0,2024-06-22,2024-06-22
in_000000163037,199900,1,0,0,0,0,0,0,0,0,2024-06-06,2024-06-06
in_000000044330,9900,1,0,0,0,0,0,0,0,0,2024-06-10,2024-06-10
in_000000261990,799000,1,0,0,0,0,0,0,0,0,2024-06-20,2024-06-20
in_000000240405,299000,1,0,0,0,0,0,0,0,0,2024-06-23,2024-06-23
in_000000094541,9900,1,0,0,0,0,0,0,0,0,2024-06-11,2024-06-11
in_000000310527,79900,1,0,0,0,0,0,0,0,0,2024-06-08,2024-06-08
in_000000293606,29900,1,0,0,0,0,0,0,0,0,2024-06-21,2024-06-21
in_000000182754,8415,1,0,0,1,0,0,0,0,0,2024-06-14,2024-06-14
in_000000033620,199900,1,0,0,0,0,0,0,0,0,2024-06-14,2024-06-14
in_000000098463,29900,1,0,0,0,0,0,0,0,0,2024-06-25,2024-06-25
in_000000152115,29900,1,0,0,0,0,0,0,0,0,2024-06-20,2024-06-20
in_000000230374,9900,1,0,0,0,0,0,0,0,0,2024-06-12,2024-06-12
in_000000299402,29900,1,0,0,0,0,0,0,0,0,2024-06-06,2024-06-06
in_000000069252,9900,1,0,0,0,0,0,0,0,0,2024-06-19,2024-06-19
in_000000260766,9900,1,0,0,0,0,0,0,0,0,2024-06-19,2024-06-19
in_000000000622,9900,1,0,0,0,0,0,0,0,0,2024-06-10,2024-06-10
in_000000257688,9900,1,0,0,0,0,0,0,0,0,2024-07-05,2024-07-05
in_000000263114,9900,1,0,0,0,0,0,0,0,0,2024-06-05,2024-06-05
in_000000024050,799000,1,0,0,0,0,0,0,0,0,2024-06-10,2024-06-10
in_000000314557,7920,1,0,0,1,0,0,0,0,0,2024-06-15,2024-06-15
in_000000260931,1999000,1,0,0,0,0,0,0,0,0,2024-06-15,2024-06-15
in_000000022593,9900,1,0,0,0,0,0,0,0,0,2024-06-25,2024-06-25
in_000000184030,29900,1,0,0,0,0,0,0,0,0,2024-06-17,2024-06-17
in_000000058555,29900,1,0,0,0,0,0,0,0,0,2024-06-23,2024-06-23
in_000000015903,29900,1,0,0,0,0,0,0,0,0,2024-06-20,2024-06-20
in_000000006919,14950,1,0,0,1,0,0,0,0,0,2024-06-13,2024-06-13
in_000000240635,29900,1,0,0,0,0,0,0,0,0,2024-06-14,2024-06-14
in_000000046628,71910,1,0,0,1,0,0,0,0,0,2024-06-09,2024-06-09
in_000000278601,29900,1,0,0,0,0,0,0,0,0,2024-06-09,2024-06-09
in_000000048265,199900,1,0,0,0,0,0,0,0,0,2024-06-12,2024-06-12
in_000000169967,79900,1,0,0,0,0,0,0,0,0,2024-06-16,2024-06-16
in_000000207931,29900,1,0,0,0,0,0,0,0,0,2024-06-09,2024-06-09
in_000000154650,9900,1,0,0,0,0,0,0,0,0,2024-06-05,2024-06-05
in_000000287771,199900,1,0,0,0,0,0,0,0,0,2024-06-19,2024-06-19
in_000000310854,9900,1,0,0,0,0,0,0,0,0,2024-06-05,2024-06-05
in_000000198795,9900,1,0,0,0,0,0,0,0,0,2024-06-07,2024-06-07
in_000000010838,9900,1,0,0,0,0,0,0,0,0,2024-06-18,2024-06-18
in_000000307054,9900,1,0,0,0,0,0,0,0,0,2024-06-11,2024-06-11
in_000000266845,29900,1,0,0,0,0,0,0,0,0,2024-06-08,2024-06-08
in_000000283028,9900,1,0,0,0,0,0,0,0,0,2024-06-23,2024-06-23
in_000000067939,9900,1,0,0,0,0,0,0,0,0,2024-06-14,2024-06-14
in_000000043662,9900,1,0,0,0,0,0,0,0,0,2024-06-17,2024-06-17
in_000000038161,29900,1,0,0,0,0,0,0,0,0,2024-06-09,2024-06-09
in_000000096553,29900,1,0,0,0,0,0,0,0,0,2024-06-22,2024-06-22
in_000000060014,29900,1,0,0,0,0,0,0,0,0,2024-06-08,2024-06-08
in_000000194769,9900,1,0,0,0,0,0,0,0,0,2024-06-17,2024-06-17
in_000000164469,9900,1,0,0,0,0,0,0,0,0,2024-06-13,2024-06-13
in_000000231744,9900,1,0,0,0,0,0,0,0,0,2024-06-23,2024-06-23
in_000000053948,9900,1,0,0,0,0,0,0,0,0,2024-06-18,2024-06-18
in_000000258152,9900,1,0,0,0,0,0,0,0,0,2024-06-22,2024-06-22
in_000000063152,9900,1,0,0,0,0,0,0,0,0,2024-06-18,2024-06-18
in_000000072478,79900,1,0,0,0,0,0,0,0,0,2024-06-19,2024-06-19
in_000000157068,199900,1,0,0,0,0,0,0,0,0,2024-06-08,2024-06-08
in_000000299263,199900,1,0,0,0,0,0,0,0,0,2024-06-21,2024-06-21
in_000000243862,9900,1,0,0,0,0,0,0,0,0,2024-06-03,2024-06-03
in_000000015460,29900,1,0,0,0,0,0,0,0,0,2024-06-13,2024-06-13
in_000000151158,9900,1,0,0,0,0,0,0,0,0,2024-06-09,2024-06-09
in_000000185336,9900,1,0,0,0,0,0,0,0,0,2024-06-23,2024-06-23
in_000000200928,29900,1,0,0,0,0,0,0,0,0,2024-06-15,2024-06-15
in_000000166104,79900,1,0,0,0,0,0,0,0,0,2024-06-21,2024-06-21
in_000000231517,199900,1,0,0,0,0,0,0,0,0,2024-06-24,2024-06-24
in_000000173242,9900,1,0,0,0,0,0,0,0,0,2024-06-22,2024-06-22
in_000000171504,199900,1,0,0,0,0,0,0,0,0,2024-06-16,2024-06-16
in_000000039200,9900,1,0,0,0,0,0,0,0,0,2024-06-07,2024-06-07
in_000000270857,29900,1,0,0,0,0,0,0,0,0,2024-06-06,2024-06-06
in_000000127906,29900,1,0,0,0,0,0,0,0,0,2024-06-12,2024-06-12
in_000000192442,29900,1,0,0,0,0,0,0,0,0,2024-06-23,2024-06-23
in_000000141918,29900,1,0,0,0,0,0,0,0,0,2024-06-24,2024-06-24
in_000000061860,9900,1,0,0,0,0,0,0,0,0,2024-06-19,2024-06-19
in_000000110731,79900,1,0,0,0,0,0,0,0,0,2024-06-17,2024-06-17
in_000000188943,299000,1,0,0,0,0,0,0,0,0,2024-06-08,2024-06-08
in_000000276162,29900,1,0,0,0,0,0,0,0,0,2024-06-12,2024-06-12
in_000000257676,29900,1,0,0,0,0,0,0,0,0,2024-06-22,2024-06-22
in_000000211228,9900,1,0,0,0,0,0,0,0,0,2024-06-12,2024-06-12
in_000000214602,9900,1,0,0,0,0,0,0,0,0,2024-06-19,2024-06-19
in_000000252547,29900,1,0,0,0,0,0,0,0,0,2024-06-26,2024-06-26
in_000000242042,9900,1,0,0,0,0,0,0,0,0,2024-06-23,2024-06-23
in_000000031321,9900,1,0,0,0,0,0,0,0,0,2024-06-20,2024-06-20
in_000000015140,29900,1,0,0,0,0,0,0,0,0,2024-06-18,2024-06-18
in_000000207007,9900,1,0,0,0,0,0,0,0,0,2024-06-17,2024-06-17
in_000000050020,199900,1,0,0,0,0,0,0,0,0,2024-06-18,2024-06-18
in_000000080215,79900,1,0,0,0,0,0,0,0,0,2024-06-15,2024-06-15
in_000000127047,9900,1,0,0,0,0,0,0,0,0,2024-06-21,2024-06-21
in_000000310772,99000,1,0,0,0,0,0,0,0,0,2024-06-03,2024-06-03
in_000000122536,29900,1,0,0,0,0,0,0,0,0,2024-06-12,2024-06-12
in_000000243170,79900,1,0,0,0,0,0,0,0,0,2024-06-14,2024-06-14
in_000000166212,9900,1,0,0,0,0,0,0,0,0,2024-06-06,2024-06-06
in_000000176477,9900,1,0,0,0,0,0,0,0,0,2024-06-06,2024-06-06
in_000000254487,9900,1,0,0,0,0,0,0,0,0,2024-06-16,2024-06-16
in_000000203824,59925,1,0,0,0,1,1,0,0,0,2024-06-07,2024-06-07
in_000000273210,9900,1,0,0,0,0,0,0,0,0,2024-06-06,2024-06-06
in_000000263780,9900,1,0,0,0,0,0,0,0,0,2024-06-04,2024-06-04
in_000000084919,9900,1,0,0,0,0,0,0,0,0,2024-06-18,2024-06-18
in_000000137684,9900,1,0,0,0,0,0,0,0,0,2024-06-16,2024-06-16
in_000000077370,29900,1,0,0,0,0,0,0,0,0,2024-06-17,2024-06-17
in_000000151316,9900,1,0,0,0,0,0,0,0,0,2024-06-11,2024-06-11
in_000000120095,199900,1,0,0,0,0,0,0,0,0,2024-06-20,2024-06-20
in_000000313044,9900,1,0,0,0,0,0,0,0,0,2024-06-25,2024-06-25
in_000000309501,79900,1,0,0,0,0,0,0,0,0,2024-06-22,2024-06-22
in_000000067719,9900,1,0,0,0,0,0,0,0,0,2024-06-11,2024-06-11
in_000000203210,29900,1,0,0,0,0,0,0,0,0,2024-06-21,2024-06-21
in_000000069105,29900,1,0,0,0,0,0,0,0,0,2024-06-04,2024-06-04
in_000000074020,9900,1,0,0,0,0,0,0,0,0,2024-06-23,2024-06-23
in_000000065792,29900,1,0,0,0,0,0,0,0,0,2024-06-17,2024-06-17
in_000000015720,29900,1,0,0,0,0,0,0,0,0,2024-06-07,2024-06-07
in_000000295615,9900,1,0,0,0,0,0,0,0,0,2024-06-23,2024-06-23
in_000000218180,9900,1,0,0,0,0,0,0,0,0,2024-06-12,2024-06-12
in_000000196555,29900,1,0,0,0,0,0,0,0,0,2024-06-11,2024-06-11
in_000000120612,29900,1,0,0,0,0,0,0,0,0,2024-06-07,2024-06-07
in_000000069055,9900,1,0,0,0,0,0,0,0,0,2024-06-17,2024-06-17
in_000000229397,29900,1,0,0,0,0,0,0,0,0,2024-06-19,2024-06-19
in_000000171392,9900,1,0,0,0,0,0,0,0,0,2024-06-08,2024-06-08
in_000000243936,199900,1,0,0,0,0,0,0,0,0,2024-06-14,2024-06-14
in_000000101186,9900,1,0,0,0,0,0,0,0,0,2024-06-06,2024-06-06
in_000000019358,9900,1,0,0,0,0,0,0,0,0,2024-06-13,2024-06-13
in_000000202267,199900,1,0,0,0,0,0,0,0,0,2024-06-23,2024-06-23
in_000000168747,9900,1,0,0,0,0,0,0,0,0,2024-06-16,2024-06-16
in_000000005512,29900,1,0,0,0,0,0,0,0,0,2024-06-20,2024-06-20
in_000000126580,9900,1,0,0,0,0,0,0,0,0,2024-06-10,2024-06-10
in_000000224962,9900,1,0,0,0,0,0,0,0,0,2024-06-16,2024-06-16
in_000000282710,9900,1,0,0,0,0,0,0,0,0,2024-06-18,2024-06-18
in_000000234195,9900,1,0,0,0,0,0,0,0,0,2024-06-17,2024-06-17
in_000000264965,79900,1,0,0,0,0,0,0,0,0,2024-06-20,2024-06-20
in_000000138577,29900,1,0,0,0,0,0,0,0,0,2024-06-08,2024-06-08
in_000000039102,29900,1,0,0,0,0,0,0,0,0,2024-06-10,2024-06-10
in_000000245810,9900,1,0,0,0,0,0,0,0,0,2024-06-23,2024-06-23
in_000000102429,9900,1,0,0,0,0,0,0,0,0,2024-06-07,2024-06-07
in_000000117663,9900,1,0,0,0,0,0,0,0,0,2024-06-08,2024-06-08
in_000000101918,79900,1,0,0,0,0,0,0,0,0,2024-06-12,2024-06-12
in_000000008064,79900,1,0,0,0,0,0,0,0,0,2024-06-20,2024-06-20
in_000000036375,9900,1,0,0,0,0,0,0,0,0,2024-06-09,2024-06-09
in_000000134479,9900,1,0,0,0,0,0,0,0,0,2024-06-05,2024-06-05
in_000000279470,29900,1,0,0,0,0,0,0,0,0,2024-06-08,2024-06-08
in_000000302378,29900,1,0,0,0,0,0,0,0,0,2024-06-06,2024-06-06
in_000000196630,29900,1,0,0,0,0,0,0,0,0,2024-06-24,2024-06-24
in_000000119484,9900,1,0,0,0,0,0,0,0,0,2024-06-09,2024-06-09
in_000000118936,9900,1,0,0,0,0,0,0,0,0,2024-06-15,2024-06-15
in_000000287840,79900,1,0,0,0,0,0,0,0,0,2024-06-06,2024-06-06
in_000000184213,9900,1,0,0,0,0,0,0,0,0,2024-06-24,2024-06-24
in_000000106886,29900,1,0,0,0,0,0,0,0,0,2024-06-24,2024-06-24
in_000000311704,79900,1,0,0,0,0,0,0,0,0,2024-06-21,2024-06-21
in_000000297515,29900,1,0,0,0,0,0,0,0,0,2024-06-18,2024-06-18
in_000000294147,9900,1,0,0,0,0,0,0,0,0,2024-06-21,2024-06-21
in_000000129881,9900,1,0,0,0,0,0,0,0,0,2024-06-03,2024-06-03
in_000000004839,99000,1,0,0,0,0,0,0,0,0,2024-06-18,2024-06-18
in_000000046133,9900,1,0,0,0,0,0,0,0,0,2024-06-23,2024-06-23
in_000000263332,9900,1,0,0,0,0,0,0,0,0,2024-06-11,2024-06-11
in_000000189077,199900,1,0,0,0,0,0,0,0,0,2024-06-09,2024-06-09
in_000000022090,25415,1,0,0,1,0,0,0,0,0,2024-06-03,2024-06-03
in_000000016797,29900,1,0,0,0,0,0,0,0,0,2024-06-19,2024-06-19
in_000000305111,79900,1,0,0,0,0,0,0,0,0,2024-06-24,2024-06-24
in_000000301337,29900,1,0,0,0,0,0,0,0,0,2024-06-15,2024-06-15
in_000000309308,9900,1,0,0,0,0,0,0,0,0,2024-06-15,2024-06-15
in_000000231669,9900,1,0,0,0,0,0,0,0,0,2024-06-20,2024-06-20
in_000000287895,29900,1,0,0,0,0,0,0,0,0,2024-06-07,2024-06-07
in_000000011842,199900,1,0,0,0,0,0,0,0,0,2024-06-26,2024-06-26
in_000000163655,199900,1,0,0,0,0,0,0,0,0,2024-06-09,2024-06-09
in_000000112971,9400,1,0,0,1,0,0,0,0,0,2024-06-15,2024-06-15
in_000000086881,799000,1,0,0,0,0,0,0,0,0,2024-06-21,2024-06-21
in_000000311521,9900,1,0,0,0,0,0,0,0,0,2024-06-10,2024-06-10
in_000000115993,9900,1,0,0,0,0,0,0,0,0,2024-06-04,2024-06-04
in_000000021259,29900,1,0,0,0,0,0,0,0,0,2024-06-19,2024-06-19
in_000000043479,29900,1,0,0,0,0,0,0,0,0,2024-06-18,2024-06-18
in_000000182419,29900,1,0,0,0,0,0,0,0,0,2024-06-11,2024-06-11
in_000000147273,79900,1,0,0,0,0,0,0,0,0,2024-06-22,2024-06-22
in_000000185006,29900,1,0,0,0,0,0,0,0,0,2024-06-10,2024-06-10
in_000000315040,9900,1,0,0,0,0,0,0,0,0,2024-06-18,2024-06-18
in_000000051297,29900,1,0,0,0,0,0,0,0,0,2024-06-11,2024-06-11
in_000000294590,9900,1,0,0,0,0,0,0,0,0,2024-06-08,2024-06-08
in_000000287101,9900,1,0,0,0,0,0,0,0,0,2024-06-09,2024-06-09
in_000000214450,29900,1,0,0,0,0,0,0,0,0,2024-06-23,2024-06-23
in_000000282319,9900,1,0,0,0,0,0,0,0,0,2024-06-23,2024-06-23
in_000000136436,9900,1,0,0,0,0,0,0,0,0,2024-06-04,2024-06-04
in_000000195089,9900,1,0,0,0,0,0,0,0,0,2024-06-13,2024-06-13
in_000000264212,29900,1,0,0,0,0,0,0,0,0,2024-06-19,2024-06-19
in_000000123049,9900,1,0,0,0,0,0,0,0,0,2024-06-07,2024-06-07
in_000000271719,199900,1,0,0,0,0,0,0,0,0,2024-06-19,2024-06-19
in_000000024524,29900,1,0,0,0,0,0,0,0,0,2024-06-13,2024-06-13
in_000000027282,29900,1,0,0,0,0,0,0,0,0,2024-06-13,2024-06-13
in_000000099606,9900,1,0,0,0,0,0,0,0,0,2024-06-13,2024-06-13
in_000000194913,9900,1,0,0,0,0,0,0,0,0,2024-06-21,2024-06-21
in_000000115398,9900,1,0,0,0,0,0,0,0,0,2024-06-05,2024-06-05
in_000000094631,79900,1,0,0,0,0,0,0,0,0,2024-06-14,2024-06-14
in_000000177364,29900,1,0,0,0,0,0,0,0,0,2024-06-10,2024-06-10
in_000000273138,7425,1,0,0,1,0,0,0,0,0,2024-06-25,2024-06-25
in_000000137221,9900,1,0,0,0,0,0,0,0,0,2024-06-20,2024-06-20
in_000000103603,9900,1,0,0,0,0,0,0,0,0,2024-06-05,2024-06-05
in_000000174819,9900,1,0,0,0,0,0,0,0,0,2024-06-09,2024-06-09
in_000000254072,29900,1,0,0,0,0,0,0,0,0,2024-06-13,2024-06-13
in_000000010119,79900,1,0,0,0,0,0,0,0,0,2024-06-14,2024-06-14
in_000000134796,79900,1,0,0,0,0,0,0,0,0,2024-06-14,2024-06-14
in_000000288089,29900,1,0,0,0,0,0,0,0,0,2024-06-13,2024-06-13
in_000000238804,79900,1,0,0,0,0,0,0,0,0,2024-06-21,2024-06-21
in_000000243380,29900,1,0,0,0,0,0,0,0,0,2024-06-18,2024-06-18
in_000000307622,9900,1,0,0,0,0,0,0,0,0,2024-06-11,2024-06-11
in_000000128673,9400,1,0,0,1,0,0,0,0,0,2024-06-06,2024-06-06
in_000000032677,29900,1,0,0,0,0,0,0,0,0,2024-06-20,2024-06-20
in_000000049535,29900,1,0,0,0,0,0,0,0,0,2024-06-20,2024-06-20
in_000000291975,199900,1,0,0,0,0,0,0,0,0,2024-06-18,2024-06-18
in_000000315164,9900,1,0,0,0,0,0,0,0,0,2024-06-24,2024-06-24
in_000000078944,9900,1,0,0,0,0,0,0,0,0,2024-06-06,2024-06-06
in_000000208383,9900,1,0,0,0,0,0,0,0,0,2024-06-12,2024-06-12
in_000000075408,79900,1,0,0,0,0,0,0,0,0,2024-06-10,2024-06-10
in_000000206560,79900,1,0,0,0,0,0,0,0,0,2024-06-18,2024-06-18
in_000000276182,79900,1,0,0,0,0,0,0,0,0,2024-06-23,2024-06-23
in_000000277075,29900,1,0,0,0,0,0,0,0,0,2024-06-22,2024-06-22
in_000000284538,9900,1,0,0,0,0,0,0,0,0,2024-06-18,2024-06-18
in_000000272699,9900,1,0,0,0,0,0,0,0,0,2024-06-14,2024-06-14
in_000000149904,9900,1,0,0,0,0,0,0,0,0,2024-06-12,2024-06-12
in_000000055294,79900,1,0,0,0,0,0,0,0,0,2024-06-11,2024-06-11
in_000000092689,9900,1,0,0,0,0,0,0,0,0,2024-06-23,2024-06-23
in_000000195787,29900,1,0,0,0,0,0,0,0,0,2024-06-08,2024-06-08
in_000000281475,8910,1,0,0,1,0,0,0,0,0,2024-06-15,2024-06-15
in_000000084965,79900,1,0,0,0,0,0,0,0,0,2024-06-23,2024-06-23
in_000000079907,9900,1,0,0,0,0,0,0,0,0,2024-06-20,2024-06-20
in_000000320616,79900,1,0,0,0,0,0,0,0,0,2024-06-06,2024-06-06
in_000000169388,9900,1,0,0,0,0,0,0,0,0,2024-06-24,2024-06-24
in_000000201087,79900,1,0,0,0,0,0,0,0,0,2024-06-18,2024-06-18
in_000000208239,9900,1,0,0,0,0,0,0,0,0,2024-06-26,2024-06-26
in_000000308813,79900,1,0,0,0,0,0,0,0,0,2024-06-08,2024-06-08
in_000000060338,29900,1,0,0,0,0,0,0,0,0,2024-06-23,2024-06-23
in_000000157810,79900,1,0,0,0,0,0,0,0,0,2024-06-07,2024-06-07
in_000000026760,9900,1,0,0,0,0,0,0,0,0,2024-06-09,2024-06-09
in_000000100690,9900,1,0,0,0,0,0,0,0,0,2024-06-23,2024-06-23
in_000000194952,99000,1,0,0,0,0,0,0,0,0,2024-06-23,2024-06-23
in_000000115211,9900,1,0,0,0,0,0,0,0,0,2024-06-06,2024-06-06
in_000000017567,9900,1,0,0,0,0,0,0,0,0,2024-06-22,2024-06-22
in_000000242564,29900,1,0,0,0,0,0,0,0,0,2024-06-23,2024-06-23
in_000000118661,29900,1,0,0,0,0,0,0,0,0,2024-06-25,2024-06-25
in_000000025189,29900,1,0,0,0,0,0,0,0,0,2024-06-16,2024-06-16
in_000000261633,99000,1,0,0,0,0,0,0,0,0,2024-06-09,2024-06-09
in_000000307857,9900,1,0,0,0,0,0,0,0,0,2024-06-23,2024-06-23
in_000000306210,29900,1,0,0,0,0,0,0,0,0,2024-06-04,2024-06-04
in_000000203693,29900,1,0,0,0,0,0,0,0,0,2024-06-16,2024-06-16
in_000000274721,9900,1,0,0,0,0,0,0,0,0,2024-06-13,2024-06-13
in_000000229362,9900,1,0,0,0,0,0,0,0,0,2024-06-10,2024-06-10
in_000000055082,9900,1,0,0,0,0,0,0,0,0,2024-06-11,2024-06-11
in_000000007588,29900,1,0,0,0,0,0,0,0,0,2024-06-16,2024-06-16
in_000000198974,199900,1,0,0,0,0,0,0,0,0,2024-06-07,2024-06-07
in_000000252677,8910,1,0,0,1,0,0,0,0,0,2024-06-13,2024-06-13
in_000000318563,9900,1,0,0,0,0,0,0,0,0,2024-06-06,2024-06-06
in_000000079255,9900,1,0,0,0,0,0,0,0,0,2024-06-14,2024-06-14
in_000000201612,79900,1,0,0,0,0,0,0,0,0,2024-06-19,2024-06-19
in_000000178436,9900,1,0,0,0,0,0,0,0,0,2024-06-05,2024-06-05
in_000000317922,9900,1,0,0,0,0,0,0,0,0,2024-06-20,2024-06-20
in_000000184438,9900,1,0,0,0,0,0,0,0,0,2024-06-07,2024-06-07
in_000000300944,9900,1,0,0,0,0,0,0,0,0,2024-06-13,2024-06-13
in_000000018200,79900,1,0,0,0,0,0,0,0,0,2024-06-06,2024-06-06
in_000000307217,29900,1,0,0,0,0,0,0,0,0,2024-06-25,2024-06-25
in_000000296794,199900,1,0,0,0,0,0,0,0,0,2024-06-12,2024-06-12
in_000000284860,29900,1,0,0,0,0,0,0,0,0,2024-06-23,2024-06-23
in_000000202364,799000,1,0,0,0,0,0,0,0,0,2024-06-13,2024-06-13
in_000000241141,29900,1,0,0,0,0,0,0,0,0,2024-06-05,2024-06-05
in_000000225639,79900,1,0,0,0,0,0,0,0,0,2024-06-07,2024-06-07
in_000000060806,9900,1,0,0,0,0,0,0,0,0,2024-06-15,2024-06-15
in_000000282075,9900,1,0,0,0,0,0,0,0,0,2024-06-10,2024-06-10
in_000000141578,299000,1,0,0,0,0,0,0,0,0,2024-06-08,2024-06-08
in_000000241033,29900,1,0,0,0,0,0,0,0,0,2024-06-20,2024-06-20
in_000000316566,9900,1,0,0,0,0,0,0,0,0,2024-06-14,2024-06-14
in_000000005322,9900,1,0,0,0,0,0,0,0,0,2024-06-09,2024-06-09
in_000000195268,9900,1,0,0,0,0,0,0,0,0,2024-06-22,2024-06-22
in_000000292713,26910,1,0,0,1,0,0,0,0,0,2024-06-03,2024-06-03
in_000000287988,9900,1,0,0,0,0,0,0,0,0,2024-06-16,2024-06-16
in_000000266112,29900,1,0,0,0,0,0,0,0,0,2024-06-23,2024-06-23
in_000000020133,9900,1,0,0,0,0,0,0,0,0,2024-06-08,2024-06-08
in_000000005185,9900,1,0,0,0,0,0,0,0,0,2024-06-20,2024-06-20
in_000000098691,29900,1,0,0,0,0,0,0,0,0,2024-06-09,2024-06-09
in_000000255734,79900,1,0,0,0,0,0,0,0,0,2024-06-07,2024-06-07
in_000000291036,9900,1,0,0,0,0,0,0,0,0,2024-06-21,2024-06-21
in_000000265180,9900,1,0,0,0,0,0,0,0,0,2024-06-13,2024-06-13
in_000000061678,199900,1,0,0,0,0,0,0,0,0,2024-06-11,2024-06-11
in_000000135737,9900,1,0,0,0,0,0,0,0,0,2024-06-11,2024-06-11
in_000000239843,9900,1,0,0,0,0,0,0,0,0,2024-06-21,2024-06-21
in_000000171494,29900,1,0,0,0,0,0,0,0,0,2024-06-20,2024-06-20
in_000000215194,9900,1,0,0,0,0,0,0,0,0,2024-06-11,2024-06-11
in_000000215773,29900,1,0,0,0,0,0,0,0,0,2024-06-15,2024-06-15
in_000000139251,29900,1,0,0,0,0,0,0,0,0,2024-06-16,2024-06-16
in_000000211862,9900,1,0,0,0,0,0,0,0,0,2024-06-06,2024-06-06
in_000000001600,29900,1,0,0,0,0,0,0,0,0,2024-06-12,2024-06-12
in_000000163276,79900,1,0,0,0,0,0,0,0,0,2024-06-18,2024-06-18
in_000000114044,79900,1,0,0,0,0,0,0,0,0,2024-06-25,2024-06-25
in_000000043017,9900,1,0,0,0,0,0,0,0,0,2024-06-13,2024-06-13
in_000000225130,9900,1,0,0,0,0,0,0,0,0,2024-06-03,2024-06-03
in_000000175480,199900,1,0,0,0,0,0,0,0,0,2024-06-09,2024-06-09
in_000000159296,199900,1,0,0,0,0,0,0,0,0,2024-06-23,2024-06-23
in_000000249713,9900,1,0,0,0,0,0,0,0,0,2024-06-14,2024-06-14
in_000000074580,29900,1,0,0,0,0,0,0,0,0,2024-06-23,2024-06-23
in_000000049330,9900,1,0,0,0,0,0,0,0,0,2024-06-17,2024-06-17
in_000000175877,29900,1,0,0,0,0,0,0,0,0,2024-06-07,2024-06-07
in_000000306082,29900,1,0,0,0,0,0,0,0,0,2024-06-12,2024-06-12
in_000000005807,79900,1,0,0,0,0,0,0,0,0,2024-06-18,2024-06-18
in_000000304941,9900,1,0,0,0,0,0,0,0,0,2024-06-16,2024-06-16
in_000000030796,9900,1,0,0,0,0,0,0,0,0,2024-06-10,2024-06-10
in_000000197268,9900,1,0,0,0,0,0,0,0,0,2024-06-11,2024-06-11
in_000000232956,9900,1,0,0,0,0,0,0,0,0,2024-06-20,2024-06-20
in_000000269791,29900,1,0,0,0,0,0,0,0,0,2024-06-19,2024-06-19
in_000000015348,9900,1,0,0,0,0,0,0,0,0,2024-06-14,2024-06-14
in_000000260408,29900,1,0,0,0,0,0,0,0,0,2024-06-05,2024-06-05
in_000000130643,29900,1,0,0,0,0,0,0,0,0,2024-06-17,2024-06-17
in_000000220545,299000,1,0,0,0,0,0,0,0,0,2024-06-13,2024-06-13
in_000000283266,799000,1,0,0,0,0,0,0,0,0,2024-06-04,2024-06-04
in_000000133685,9900,1,0,0,0,0,0,0,0,0,2024-06-11,2024-06-11
in_000000012865,9900,1,0,0,0,0,0,0,0,0,2024-06-09,2024-06-09
in_000000084564,29900,1,0,0,0,0,0,0,0,0,2024-06-15,2024-06-15
in_000000212947,29900,1,0,0,0,0,0,0,0,0,2024-06-15,2024-06-15
in_000000270472,29900,1,0,0,0,0,0,0,0,0,2024-06-09,2024-06-09
in_000000162747,9900,1,0,0,0,0,0,0,0,0,2024-06-19,2024-06-19
in_000000012005,9900,1,0,0,0,0,0,0,0,0,2024-06-15,2024-06-15
in_000000132868,29900,1,0,0,0,0,0,0,0,0,2024-06-08,2024-06-08
in_000000116372,9900,1,0,0,0,0,0,0,0,0,2024-06-16,2024-06-16
in_000000299238,9900,1,0,0,0,0,0,0,0,0,2024-06-04,2024-06-04
in_000000098229,29900,1,0,0,0,0,0,0,0,0,2024-06-19,2024-06-19
in_000000320893,9900,1,0,0,0,0,0,0,0,0,2024-06-07,2024-06-07
in_000000204826,8910,1,0,0,1,0,0,0,0,0,2024-06-12,2024-06-12
in_000000240298,29900,1,0,0,0,0,0,0,0,0,2024-06-18,2024-06-18
in_000000127351,9900,1,0,0,0,0,0,0,0,0,2024-06-22,2024-06-22
in_000000257487,29900,1,0,0,0,0,0,0,0,0,2024-06-06,2024-06-06
in_000000044841,29900,1,0,0,0,0,0,0,0,0,2024-06-05,2024-06-05
in_000000020940,28405,1,0,0,1,0,0,0,0,0,2024-06-22,2024-06-22
in_000000072208,9900,1,0,0,0,0,0,0,0,0,2024-06-20,2024-06-20
in_000000095861,29900,1,0,0,0,0,0,0,0,0,2024-06-12,2024-06-12
in_000000168285,9900,1,0,0,0,0,0,0,0,0,2024-06-07,2024-06-07
in_000000006991,79900,1,0,0,0,0,0,0,0,0,2024-06-18,2024-06-18
in_000000310319,9900,1,0,0,0,0,0,0,0,0,2024-06-06,2024-06-06
in_000000237329,29900,1,0,0,0,0,0,0,0,0,2024-06-17,2024-06-17
in_000000274993,9900,1,0,0,0,0,0,0,0,0,2024-06-14,2024-06-14
in_000000221576,9900,1,0,0,0,0,0,0,0,0,2024-06-19,2024-06-19
in_000000173210,29900,1,0,0,0,0,0,0,0,0,2024-06-12,2024-06-12
in_000000086908,9900,1,0,0,0,0,0,0,0,0,2024-06-11,2024-06-11
in_000000131795,79900,1,0,0,0,0,0,0,0,0,2024-06-14,2024-06-14
in_000000243721,99000,1,0,0,0,0,0,0,0,0,2024-06-19,2024-06-19
in_000000215969,79900,1,0,0,0,0,0,0,0,0,2024-06-10,2024-06-10
in_000000172518,9900,1,0,0,0,0,0,0,0,0,2024-06-07,2024-06-07
in_000000082228,199900,1,0,0,0,0,0,0,0,0,2024-06-26,2024-06-26
in_000000075494,79900,1,0,0,0,0,0,0,0,0,2024-06-17,2024-06-17
in_000000161026,39600,1,0,0,0,1,1,0,0,0,2024-06-07,2024-06-07
in_000000151086,79900,1,0,0,0,0,0,0,0,0,2024-06-21,2024-06-21
in_000000174288,79900,1,0,0,0,0,0,0,0,0,2024-06-13,2024-06-13
in_000000086401,9900,1,0,0,0,0,0,0,0,0,2024-06-21,2024-06-21
in_000000153068,9900,1,0,0,0,0,0,0,0,0,2024-06-23,2024-06-23
in_000000057340,5940,1,0,0,0,1,1,0,0,0,2024-06-12,2024-06-12
in_000000089406,79900,1,0,0,0,0,0,0,0,0,2024-06-10,2024-06-10
in_000000193164,29900,1,0,0,0,0,0,0,0,0,2024-06-04,2024-06-04
in_000000168357,9900,1,0,0,0,0,0,0,0,0,2024-06-20,2024-06-20
in_000000109848,29900,1,0,0,0,0,0,0,0,0,2024-06-19,2024-06-19
in_000000140102,29900,1,0,0,0,0,0,0,0,0,2024-06-03,2024-06-03
in_000000082132,29900,1,0,0,0,0,0,0,0,0,2024-06-26,2024-06-26
in_000000266921,29900,1,0,0,0,0,0,0,0,0,2024-06-23,2024-06-23
in_000000311445,79900,1,0,0,0,0,0,0,0,0,2024-06-19,2024-06-19
in_000000307936,9900,1,0,0,0,0,0,0,0,0,2024-06-14,2024-06-14
in_000000130502,79900,1,0,0,0,0,0,0,0,0,2024-06-24,2024-06-24
in_000000158142,9900,1,0,0,0,0,0,0,0,0,2024-06-11,2024-06-11
in_000000319668,99000,1,0,0,0,0,0,0,0,0,2024-06-25,2024-06-25
in_000000285780,29900,1,0,0,0,0,0,0,0,0,2024-06-23,2024-06-23
in_000000120802,29900,1,0,0,0,0,0,0,0,0,2024-06-15,2024-06-15
in_000000240525,29900,1,0,0,0,0,0,0,0,0,2024-06-12,2024-06-12
in_000000004812,79900,1,0,0,0,0,0,0,0,0,2024-06-22,2024-06-22
in_000000200434,29900,1,0,0,0,0,0,0,0,0,2024-06-14,2024-06-14
in_000000207316,29900,1,0,0,0,0,0,0,0,0,2024-06-16,2024-06-16
in_000000246318,9900,1,0,0,0,0,0,0,0,0,2024-06-06,2024-06-06
in_000000074673,29900,1,0,0,0,0,0,0,0,0,2024-06-16,2024-06-16
in_000000079398,9900,1,0,0,0,0,0,0,0,0,2024-06-06,2024-06-06
in_000000259315,29900,1,0,0,0,0,0,0,0,0,2024-06-20,2024-06-20
in_000000258827,99000,1,0,0,0,0,0,0,0,0,2024-06-17,2024-06-17
in_000000121592,9900,1,0,0,0,0,0,0,0,0,2024-06-18,2024-06-18
in_000000057121,29900,1,0,0,0,0,0,0,0,0,2024-06-17,2024-06-17
in_000000085389,79900,1,0,0,0,0,0,0,0,0,2024-06-13,2024-06-13
in_000000187519,9900,1,0,0,0,0,0,0,0,0,2024-06-17,2024-06-17
in_000000117525,29900,1,0,0,0,0,0,0,0,0,2024-06-03,2024-06-03
in_000000290322,9900,1,0,0,0,0,0,0,0,0,2024-06-06,2024-06-06
in_000000208296,9900,1,0,0,0,0,0,0,0,0,2024-06-12,2024-06-12
in_000000067974,9900,1,0,0,0,0,0,0,0,0,2024-06-12,2024-06-12
in_000000153447,79900,1,0,0,0,0,0,0,0,0,2024-06-14,2024-06-14
in_000000253601,29900,1,0,0,0,0,0,0,0,0,2024-06-11,2024-06-11
in_000000017346,29900,1,0,0,0,0,0,0,0,0,2024-06-18,2024-06-18
in_000000256434,9900,1,0,0,0,0,0,0,0,0,2024-06-13,2024-06-13
in_000000162271,9900,1,0,0,0,0,0,0,0,0,2024-06-06,2024-06-06
in_000000263871,79900,1,0,0,0,0,0,0,0,0,2024-06-12,2024-06-12
in_000000161340,9900,1,0,0,0,0,0,0,0,0,2024-06-15,2024-06-15
in_000000168099,9900,1,0,0,0,0,0,0,0,0,2024-06-21,2024-06-21
in_000000026226,9900,1,0,0,0,0,0,0,0,0,2024-06-17,2024-06-17
in_000000113010,9900,1,0,0,0,0,0,0,0,0,2024-06-09,2024-06-09
in_000000313095,9900,1,0,0,0,0,0,0,0,0,2024-06-18,2024-06-18
in_000000162696,9900,1,0,0,0,0,0,0,0,0,2024-06-21,2024-06-21
in_000000141188,29900,1,0,0,0,0,0,0,0,0,2024-06-21,2024-06-21
in_000000166749,9900,1,0,0,0,0,0,0,0,0,2024-06-07,2024-06-07
in_000000153259,29900,1,0,0,0,0,0,0,0,0,2024-06-18,2024-06-18
in_000000215469,9900,1,0,0,0,0,0,0,0,0,2024-06-16,2024-06-16
in_000000189746,79900,1,0,0,0,0,0,0,0,0,2024-06-17,2024-06-17
in_000000244472,79900,1,0,0,0,0,0,0,0,0,2024-06-20,2024-06-20
in_000000169243,79900,1,0,0,0,0,0,0,0,0,2024-06-04,2024-06-04
in_000000112805,9900,1,0,0,0,0,0,0,0,0,2024-06-22,2024-06-22
in_000000286657,29900,1,0,0,0,0,0,0,0,0,2024-06-12,2024-06-12
in_000000040789,9900,1,0,0,0,0,0,0,0,0,2024-06-07,2024-06-07
in_000000250235,9900,1,0,0,0,0,0,0,0,0,2024-06-12,2024-06-12
in_000000050760,9900,1,0,0,0,0,0,0,0,0,2024-06-05,2024-06-05
in_000000109013,9900,1,0,0,0,0,0,0,0,0,2024-06-22,2024-06-22
in_000000047727,9900,1,0,0,0,0,0,0,0,0,2024-06-26,2024-06-26
in_000000153694,9900,1,0,0,0,0,0,0,0,0,2024-06-09,2024-06-09
in_000000103741,79900,1,0,0,0,0,0,0,0,0,2024-06-11,2024-06-11
in_000000250181,1999000,1,0,0,0,0,0,0,0,0,2024-06-06,2024-06-06
in_000000189043,29900,1,0,0,0,0,0,0,0,0,2024-06-24,2024-06-24
in_000000095423,29900,1,0,0,0,0,0,0,0,0,2024-06-13,2024-06-13
in_000000191292,29900,1,0,0,0,0,0,0,0,0,2024-06-20,2024-06-20
in_000000308065,9900,1,0,0,0,0,0,0,0,0,2024-06-18,2024-06-18
in_000000258565,199900,1,0,0,0,0,0,0,0,0,2024-06-21,2024-06-21
in_000000051653,29900,1,0,0,0,0,0,0,0,0,2024-06-10,2024-06-10
in_000000174615,79900,1,0,0,0,0,0,0,0,0,2024-06-17,2024-06-17
in_000000207809,199900,1,0,0,0,0,0,0,0,0,2024-06-16,2024-06-16
in_000000103718,29900,1,0,0,0,0,0,0,0,0,2024-06-22,2024-06-22
in_000000077893,9900,1,0,0,0,0,0,0,0,0,2024-06-21,2024-06-21
in_000000053332,9900,1,0,0,0,0,0,0,0,0,2024-06-14,2024-06-14
in_000000076820,29900,1,0,0,0,0,0,0,0,0,2024-06-17,2024-06-17
in_000000039245,29900,1,0,0,0,0,0,0,0,0,2024-06-21,2024-06-21
in_000000144609,9900,1,0,0,0,0,0,0,0,0,2024-06-24,2024-06-24
in_000000186610,79900,1,0,0,0,0,0,0,0,0,2024-06-10,2024-06-10
in_000000081225,79900,1,0,0,0,0,0,0,0,0,2024-06-22,2024-06-22
in_000000048484,9900,1,0,0,0,0,0,0,0,0,2024-06-18,2024-06-18
in_000000268245,9900,1,0,0,0,0,0,0,0,0,2024-06-04,2024-06-04
in_000000071904,29900,1,0,0,0,0,0,0,0,0,2024-06-11,2024-06-11
in_000000200126,99000,1,0,0,0,0,0,0,0,0,2024-06-15,2024-06-15
in_000000125618,9900,1,0,0,0,0,0,0,0,0,2024-06-08,2024-06-08
in_000000214773,29900,1,0,0,0,0,0,0,0,0,2024-06-04,2024-06-04
in_000000304419,9900,1,0,0,0,0,0,0,0,0,2024-06-08,2024-06-08
in_000000031946,799000,1,0,0,0,0,0,0,0,0,2024-06-11,2024-06-11
in_000000071201,79900,1,0,0,0,0,0,0,0,0,2024-06-26,2024-06-26
in_000000297938,29900,1,0,0,0,0,0,0,0,0,2024-06-03,2024-06-03
in_000000014931,9900,1,0,0,0,0,0,0,0,0,2024-06-06,2024-06-06
in_000000198599,29900,1,0,0,0,0,0,0,0,0,2024-06-16,2024-06-16
in_000000196087,9900,1,0,0,0,0,0,0,0,0,2024-06-13,2024-06-13
in_000000274552,9900,1,0,0,0,0,0,0,0,0,2024-06-07,2024-06-07
in_000000027416,29900,1,0,0,0,0,0,0,0,0,2024-06-09,2024-06-09
in_000000171339,29900,1,0,0,0,0,0,0,0,0,2024-06-12,2024-06-12
in_000000075803,29900,1,0,0,0,0,0,0,0,0,2024-06-08,2024-06-08
in_000000306243,29900,1,0,0,0,0,0,0,0,0,2024-06-18,2024-06-18
in_000000186379,29900,1,0,0,0,0,0,0,0,0,2024-06-06,2024-06-06
in_000000285263,299000,1,0,0,0,0,0,0,0,0,2024-06-26,2024-06-26
in_000000233145,79900,1,0,0,0,0,0,0,0,0,2024-06-11,2024-06-11
in_000000284749,9900,1,0,0,0,0,0,0,0,0,2024-06-07,2024-06-07
in_000000019050,299000,1,0,0,0,0,0,0,0,0,2024-06-14,2024-06-14
in_000000000147,29900,1,0,0,0,0,0,0,0,0,2024-06-12,2024-06-12
in_000000188798,29900,1,0,0,0,0,0,0,0,0,2024-06-09,2024-06-09
in_000000164836,9900,1,0,0,0,0,0,0,0,0,2024-06-15,2024-06-15
in_000000187555,6435,1,0,0,1,0,0,0,0,0,2024-06-05,2024-06-05
in_000000170139,9900,1,0,0,0,0,0,0,0,0,2024-06-09,2024-06-09
in_000000149450,99000,1,0,0,0,0,0,0,0,0,2024-06-23,2024-06-23
in_000000056657,9900,1,0,0,0,0,0,0,0,0,2024-06-21,2024-06-21
in_000000147992,9900,1,0,0,0,0,0,0,0,0,2024-06-24,2024-06-24
in_000000218369,29900,1,0,0,0,0,0,0,0,0,2024-06-15,2024-06-15
in_000000102730,199900,1,0,0,0,0,0,0,0,0,2024-06-03,2024-06-03
in_000000016348,29900,1,0,0,0,0,0,0,0,0,2024-06-18,2024-06-18
in_000000227240,29900,1,0,0,0,0,0,0,0,0,2024-06-04,2024-06-04
in_000000195569,9900,1,0,0,0,0,0,0,0,0,2024-06-04,2024-06-04
in_000000172573,29900,1,0,0,0,0,0,0,0,0,2024-06-14,2024-06-14
in_000000247888,9900,1,0,0,0,0,0,0,0,0,2024-06-21,2024-06-21
in_000000204866,9900,1,0,0,0,0,0,0,0,0,2024-06-11,2024-06-11
in_000000070911,9900,1,0,0,0,0,0,0,0,0,2024-06-16,2024-06-16
in_000000180670,9900,1,0,0,0,0,0,0,0,0,2024-06-20,2024-06-20
in_000000051928,29900,1,0,0,0,0,0,0,0,0,2024-06-18,2024-06-18
in_000000185321,9900,1,0,0,0,0,0,0,0,0,2024-06-19,2024-06-19
in_000000163484,29900,1,0,0,0,0,0,0,0,0,2024-06-06,2024-06-06
in_000000073215,29900,1,0,0,0,0,0,0,0,0,2024-06-16,2024-06-16
in_000000262971,29900,1,0,0,0,0,0,0,0,0,2024-06-20,2024-06-20
in_000000177934,9900,1,0,0,0,0,0,0,0,0,2024-06-09,2024-06-09
in_000000250675,29900,1,0,0,0,0,0,0,0,0,2024-06-25,2024-06-25
in_000000132091,9900,1,0,0,0,0,0,0,0,0,2024-06-03,2024-06-03
in_000000126074,199900,1,0,0,0,0,0,0,0,0,2024-06-10,2024-06-10
in_000000270451,99000,1,0,0,0,0,0,0,0,0,2024-06-10,2024-06-10
in_000000239993,9900,1,0,0,0,0,0,0,0,0,2024-06-19,2024-06-19
in_000000199196,9900,1,0,0,0,0,0,0,0,0,2024-06-07,2024-06-07
in_000000222110,29900,1,0,0,0,0,0,0,0,0,2024-06-19,2024-06-19
in_000000002872,29900,1,0,0,0,0,0,0,0,0,2024-06-17,2024-06-17
in_000000079988,79900,1,0,0,0,0,0,0,0,0,2024-06-22,2024-06-22
in_000000252906,9900,1,0,0,0,0,0,0,0,0,2024-06-21,2024-06-21
in_000000163302,9900,1,0,0,0,0,0,0,0,0,2024-06-11,2024-06-11
in_000000052326,79900,1,0,0,0,0,0,0,0,0,2024-06-11,2024-06-11
in_000000209813,9900,1,0,0,0,0,0,0,0,0,2024-06-13,2024-06-13
in_000000279325,9900,1,0,0,0,0,0,0,0,0,2024-06-19,2024-06-19
in_000000252811,9900,1,0,0,0,0,0,0,0,0,2024-06-23,2024-06-23
in_000000005617,9900,1,0,0,0,0,0,0,0,0,2024-06-10,2024-06-10
in_000000300608,9900,1,0,0,0,0,0,0,0,0,2024-06-24,2024-06-24
in_000000260471,9900,1,0,0,0,0,0,0,0,0,2024-06-16,2024-06-16
in_000000071437,29900,1,0,0,0,0,0,0,0,0,2024-06-19,2024-06-19
in_000000021274,9900,1,0,0,0,0,0,0,0,0,2024-06-26,2024-06-26
in_000000263985,9900,1,0,0,0,0,0,0,0,0,2024-06-16,2024-06-16
in_000000231948,9900,1,0,0,0,0,0,0,0,0,2024-06-15,2024-06-15
in_000000283297,9900,1,0,0,0,0,0,0,0,0,2024-06-16,2024-06-16
in_000000319289,29900,1,0,0,0,0,0,0,0,0,2024-06-05,2024-06-05
in_000000116953,299000,1,0,0,0,0,0,0,0,0,2024-06-23,2024-06-23
in_000000066367,9900,1,0,0,0,0,0,0,0,0,2024-06-21,2024-06-21
in_000000261407,29900,1,0,0,0,0,0,0,0,0,2024-06-14,2024-06-14
in_000000315472,9900,1,0,0,0,0,0,0,0,0,2024-06-25,2024-06-25
in_000000166473,29900,1,0,0,0,0,0,0,0,0,2024-06-20,2024-06-20
in_000000178106,29900,1,0,0,0,0,0,0,0,0,2024-06-15,2024-06-15
in_000000146698,9900,1,0,0,0,0,0,0,0,0,2024-06-24,2024-06-24
in_000000200392,29900,1,0,0,0,0,0,0,0,0,2024-06-23,2024-06-23
in_000000247263,79900,1,0,0,0,0,0,0,0,0,2024-06-04,2024-06-04
in_000000134264,199900,1,0,0,0,0,0,0,0,0,2024-06-17,2024-06-17
in_000000089356,9900,1,0,0,0,0,0,0,0,0,2024-06-08,2024-06-08
in_000000096076,29900,1,0,0,0,0,0,0,0,0,2024-06-14,2024-06-14
in_000000107726,79900,1,0,0,0,0,0,0,0,0,2024-06-05,2024-06-05
in_000000273916,29900,1,0,0,0,0,0,0,0,0,2024-06-09,2024-06-09
in_000000012609,199900,1,0,0,0,0,0,0,0,0,2024-06-19,2024-06-19
in_000000216884,29900,1,0,0,0,0,0,0,0,0,2024-06-05,2024-06-05
in_000000275307,9900,1,0,0,0,0,0,0,0,0,2024-06-13,2024-06-13
in_000000257178,199900,1,0,0,0,0,0,0,0,0,2024-06-22,2024-06-22
in_000000083985,29900,1,0,0,0,0,0,0,0,0,2024-06-07,2024-06-07
in_000000265640,9900,1,0,0,0,0,0,0,0,0,2024-06-21,2024-06-21
in_000000062776,71910,1,0,0,1,0,0,0,0,0,2024-06-22,2024-06-22
in_000000216764,29900,1,0,0,0,0,0,0,0,0,2024-06-05,2024-06-05
in_000000074889,9900,1,0,0,0,0,0,0,0,0,2024-06-07,2024-06-07
in_000000189425,29900,1,0,0,0,0,0,0,0,0,2024-06-07,2024-06-07
in_000000014599,29900,1,0,0,0,0,0,0,0,0,2024-06-16,2024-06-16
in_000000033919,9900,1,0,0,0,0,0,0,0,0,2024-06-11,2024-06-11
in_000000001172,9900,1,0,0,0,0,0,0,0,0,2024-06-13,2024-06-13
in_000000144252,9900,1,0,0,0,0,0,0,0,0,2024-06-11,2024-06-11
in_000000312499,9900,1,0,0,0,0,0,0,0,0,2024-06-15,2024-06-15
in_000000046360,9900,1,0,0,0,0,0,0,0,0,2024-06-21,2024-06-21
in_000000081406,99000,1,0,0,0,0,0,0,0,0,2024-06-09,2024-06-09
in_000000100389,29900,1,0,0,0,0,0,0,0,0,2024-06-15,2024-06-15
in_000000085407,9900,1,0,0,0,0,0,0,0,0,2024-06-19,2024-06-19
in_000000196418,29900,1,0,0,0,0,0,0,0,0,2024-06-10,2024-06-10
in_000000024566,99000,1,0,0,0,0,0,0,0,0,2024-06-09,2024-06-09
in_000000007973,29900,1,0,0,0,0,0,0,0,0,2024-06-16,2024-06-16
in_000000223879,79900,1,0,0,0,0,0,0,0,0,2024-06-21,2024-06-21
in_000000157920,29900,1,0,0,0,0,0,0,0,0,2024-06-17,2024-06-17
in_000000011463,29900,1,0,0,0,0,0,0,0,0,2024-06-11,2024-06-11
in_000000183131,9900,1,0,0,0,0,0,0,0,0,2024-06-06,2024-06-06
in_000000130911,17940,1,0,0,0,1,1,0,0,0,2024-06-07,2024-06-07
in_000000320536,9900,1,0,0,0,0,0,0,0,0,2024-06-16,2024-06-16
in_000000182845,9900,1,0,0,0,0,0,0,0,0,2024-06-14,2024-06-14
in_000000037368,9900,1,0,0,0,0,0,0,0,0,2024-06-23,2024-06-23
in_000000037985,9900,1,0,0,0,0,0,0,0,0,2024-06-24,2024-06-24
in_000000063675,9900,1,0,0,0,0,0,0,0,0,2024-06-18,2024-06-18
in_000000232853,299000,1,0,0,0,0,0,0,0,0,2024-06-19,2024-06-19
in_000000269969,29900,1,0,0,0,0,0,0,0,0,2024-06-16,2024-06-16
in_000000286599,29900,1,0,0,0,0,0,0,0,0,2024-06-06,2024-06-06
in_000000013710,199900,1,0,0,0,0,0,0,0,0,2024-06-10,2024-06-10
in_000000315407,29900,1,0,0,0,0,0,0,0,0,2024-06-11,2024-06-11
in_000000090564,9900,1,0,0,0,0,0,0,0,0,2024-06-11,2024-06-11
in_000000058348,29900,1,0,0,0,0,0,0,0,0,2024-06-17,2024-06-17
in_000000263341,29900,1,0,0,0,0,0,0,0,0,2024-06-08,2024-06-08
in_000000030228,9900,1,0,0,0,0,0,0,0,0,2024-06-09,2024-06-09
in_000000134299,79900,1,0,0,0,0,0,0,0,0,2024-06-23,2024-06-23
in_000000045345,9900,1,0,0,0,0,0,0,0,0,2024-06-10,2024-06-10
in_000000047484,29900,1,0,0,0,0,0,0,0,0,2024-06-07,2024-06-07
in_000000113846,29900,1,0,0,0,0,0,0,0,0,2024-06-15,2024-06-15
in_000000319014,199900,1,0,0,0,0,0,0,0,0,2024-06-16,2024-06-16
in_000000055969,79900,1,0,0,0,0,0,0,0,0,2024-06-08,2024-06-08
in_000000061059,79900,1,0,0,0,0,0,0,0,0,2024-06-15,2024-06-15
in_000000300594,9900,1,0,0,0,0,0,0,0,0,2024-06-15,2024-06-15
in_000000241303,29900,1,0,0,0,0,0,0,0,0,2024-06-17,2024-06-17
in_000000205121,29900,1,0,0,0,0,0,0,0,0,2024-06-24,2024-06-24
in_000000268985,79900,1,0,0,0,0,0,0,0,0,2024-06-13,2024-06-13
in_000000051050,29900,1,0,0,0,0,0,0,0,0,2024-06-09,2024-06-09
in_000000203660,9900,1,0,0,0,0,0,0,0,0,2024-06-21,2024-06-21
in_000000022345,79900,1,0,0,0,0,0,0,0,0,2024-06-22,2024-06-22
in_000000011350,29900,1,0,0,0,0,0,0,0,0,2024-06-20,2024-06-20
in_000000193636,29900,1,0,0,0,0,0,0,0,0,2024-06-17,2024-06-17
in_000000164235,9900,1,0,0,0,0,0,0,0,0,2024-06-15,2024-06-15
in_000000171730,159920,1,0,0,1,0,0,0,0,0,2024-06-12,2024-06-12
in_000000086886,199900,1,0,0,0,0,0,0,0,0,2024-06-11,2024-06-11
in_000000173544,9900,1,0,0,0,0,0,0,0,0,2024-06-19,2024-06-19
in_000000108361,9900,1,0,0,0,0,0,0,0,0,2024-06-18,2024-06-18
in_000000186835,9900,1,0,0,0,0,0,0,0,0,2024-06-09,2024-06-09
in_000000054924,29900,1,0,0,0,0,0,0,0,0,2024-06-20,2024-06-20
in_000000265253,9900,1,0,0,0,0,0,0,0,0,2024-06-24,2024-06-24
in_000000101197,79900,1,0,0,0,0,0,0,0,0,2024-06-08,2024-06-08
in_000000079442,29900,1,0,0,0,0,0,0,0,0,2024-06-09,2024-06-09
in_000000125267,29900,1,0,0,0,0,0,0,0,0,2024-06-06,2024-06-06
in_000000218797,29900,1,0,0,0,0,0,0,0,0,2024-06-08,2024-06-08
in_000000118958,79900,1,0,0,0,0,0,0,0,0,2024-06-22,2024-06-22
in_000000008128,199900,1,0,0,0,0,0,0,0,0,2024-06-18,2024-06-18
in_000000255341,99000,1,0,0,0,0,0,0,0,0,2024-06-07,2024-06-07
in_000000049449,29900,1,0,0,0,0,0,0,0,0,2024-06-10,2024-06-10
in_000000257267,9900,1,0,0,0,0,0,0,0,0,2024-06-16,2024-06-16
in_000000241401,299000,1,0,0,0,0,0,0,0,0,2024-06-12,2024-06-12
in_000000278031,9900,1,0,0,0,0,0,0,0,0,2024-06-22,2024-06-22
in_000000287813,9900,1,0,0,0,0,0,0,0,0,2024-06-12,2024-06-12
in_000000028969,9900,1,0,0,0,0,0,0,0,0,2024-06-24,2024-06-24
in_000000136197,79900,1,0,0,0,0,0,0,0,0,2024-06-08,2024-06-08
in_000000251448,9900,1,0,0,0,0,0,0,0,0,2024-06-11,2024-06-11
in_000000244553,29900,1,0,0,0,0,0,0,0,0,2024-06-19,2024-06-19
in_000000172858,9900,1,0,0,0,0,0,0,0,0,2024-06-18,2024-06-18
in_000000068045,9900,1,0,0,0,0,0,0,0,0,2024-06-18,2024-06-18
in_000000097971,199900,1,0,0,0,0,0,0,0,0,2024-06-07,2024-06-07
in_000000160122,29900,1,0,0,0,0,0,0,0,0,2024-06-17,2024-06-17
in_000000043388,79900,1,0,0,0,0,0,0,0,0,2024-06-18,2024-06-18
in_000000280646,29900,1,0,0,0,0,0,0,0,0,2024-06-21,2024-06-21
in_000000216123,99000,1,0,0,0,0,0,0,0,0,2024-06-07,2024-06-07
in_000000200543,199900,1,0,0,0,0,0,0,0,0,2024-06-24,2024-06-24
in_000000068967,9900,1,0,0,0,0,0,0,0,0,2024-06-13,2024-06-13
in_000000240016,29900,1,0,0,0,0,0,0,0,0,2024-06-13,2024-06-13
in_000000171018,9900,1,0,0,0,0,0,0,0,0,2024-06-17,2024-06-17
in_000000120683,9900,1,0,0,0,0,0,0,0,0,2024-06-17,2024-06-17
in_000000307262,29900,1,0,0,0,0,0,0,0,0,2024-06-15,2024-06-15
in_000000278743,9900,1,0,0,0,0,0,0,0,0,2024-06-18,2024-06-18
in_000000278473,29900,1,0,0,0,0,0,0,0,0,2024-06-16,2024-06-16
in_000000045617,29900,1,0,0,0,0,0,0,0,0,2024-06-20,2024-06-20
in_000000047084,9900,1,0,0,0,0,0,0,0,0,2024-06-09,2024-06-09
in_000000035098,29900,1,0,0,0,0,0,0,0,0,2024-06-22,2024-06-22
in_000000285327,9900,1,0,0,0,0,0,0,0,0,2024-06-21,2024-06-21
in_000000107217,29900,1,0,0,0,0,0,0,0,0,2024-06-21,2024-06-21
in_000000250613,9900,1,0,0,0,0,0,0,0,0,2024-06-15,2024-06-15
in_000000275928,29900,1,0,0,0,0,0,0,0,0,2024-06-03,2024-06-03
in_000000301582,79900,1,0,0,0,0,0,0,0,0,2024-06-20,2024-06-20
in_000000089792,199900,1,0,0,0,0,0,0,0,0,2024-06-09,2024-06-09
in_000000078897,9900,1,0,0,0,0,0,0,0,0,2024-06-10,2024-06-10
in_000000173554,9900,1,0,0,0,0,0,0,0,0,2024-06-07,2024-06-07
in_000000180096,9900,1,0,0,0,0,0,0,0,0,2024-06-20,2024-06-20
in_000000077421,79900,1,0,0,0,0,0,0,0,0,2024-06-23,2024-06-23
in_000000174481,199900,1,0,0,0,0,0,0,0,0,2024-06-19,2024-06-19
in_000000312114,199900,1,0,0,0,0,0,0,0,0,2024-06-18,2024-06-18
in_000000077341,9900,1,0,0,0,0,0,0,0,0,2024-06-20,2024-06-20
in_000000080896,9900,1,0,0,0,0,0,0,0,0,2024-06-22,2024-06-22
in_000000146727,9900,1,0,0,0,0,0,0,0,0,2024-06-04,2024-06-04
in_000000065730,9900,1,0,0,0,0,0,0,0,0,2024-06-14,2024-06-14
in_000000059456,79900,1,0,0,0,0,0,0,0,0,2024-06-12,2024-06-12
in_000000274570,79900,1,0,0,0,0,0,0,0,0,2024-06-13,2024-06-13
in_000000187212,79900,1,0,0,0,0,0,0,0,0,2024-06-26,2024-06-26
in_000000284691,9400,1,0,0,1,0,0,0,0,0,2024-06-12,2024-06-12
in_000000051475,9900,1,0,0,0,0,0,0,0,0,2024-06-12,2024-06-12
in_000000055530,9900,1,0,0,0,0,0,0,0,0,2024-06-05,2024-06-05
in_000000190346,29900,1,0,0,0,0,0,0,0,0,2024-06-23,2024-06-23
in_000000177430,99000,1,0,0,0,0,0,0,0,0,2024-06-13,2024-06-13
in_000000152638,63920,1,0,0,1,0,0,0,0,0,2024-06-08,2024-06-08
in_000000204382,199900,1,0,0,0,0,0,0,0,0,2024-06-20,2024-06-20
in_000000044369,29900,1,0,0,0,0,0,0,0,0,2024-06-03,2024-06-03
in_000000090651,9900,1,0,0,0,0,0,0,0,0,2024-06-07,2024-06-07
in_000000206295,29900,1,0,0,0,0,0,0,0,0,2024-06-19,2024-06-19
in_000000140360,9900,1,0,0,0,0,0,0,0,0,2024-06-12,2024-06-12
in_000000088495,9900,1,0,0,0,0,0,0,0,0,2024-06-26,2024-06-26
in_000000304809,9900,1,0,0,0,0,0,0,0,0,2024-06-16,2024-06-16
in_000000219635,9900,1,0,0,0,0,0,0,0,0,2024-06-16,2024-06-16
in_000000220820,79900,1,0,0,0,0,0,0,0,0,2024-06-26,2024-06-26
in_000000269468,29900,1,0,0,0,0,0,0,0,0,2024-06-11,2024-06-11
in_000000148067,79900,1,0,0,0,0,0,0,0,0,2024-06-18,2024-06-18
in_000000249561,9900,1,0,0,0,0,0,0,0,0,2024-06-08,2024-06-08
in_000000238768,29900,1,0,0,0,0,0,0,0,0,2024-06-15,2024-06-15
in_000000137342,29900,1,0,0,0,0,0,0,0,0,2024-06-12,2024-06-12
in_000000312399,9900,1,0,0,0,0,0,0,0,0,2024-06-14,2024-06-14
in_000000225322,9900,1,0,0,0,0,0,0,0,0,2024-06-26,2024-06-26
in_000000203652,29900,1,0,0,0,0,0,0,0,0,2024-06-25,2024-06-25
in_000000313539,79900,1,0,0,0,0,0,0,0,0,2024-06-11,2024-06-11
in_000000070079,79900,1,0,0,0,0,0,0,0,0,2024-06-08,2024-06-08
in_000000128555,29900,1,0,0,0,0,0,0,0,0,2024-06-15,2024-06-15
in_000000237458,9900,1,0,0,0,0,0,0,0,0,2024-06-25,2024-06-25
in_000000312777,9900,1,0,0,0,0,0,0,0,0,2024-06-20,2024-06-20
in_000000283797,79900,1,0,0,0,0,0,0,0,0,2024-06-06,2024-06-06
in_000000145174,299000,1,0,0,0,0,0,0,0,0,2024-06-13,2024-06-13
in_000000155123,9900,1,0,0,0,0,0,0,0,0,2024-06-13,2024-06-13
in_000000059837,9900,1,0,0,0,0,0,0,0,0,2024-06-05,2024-06-05
in_000000126044,29900,1,0,0,0,0,0,0,0,0,2024-06-23,2024-06-23
in_000000170111,9900,1,0,0,0,0,0,0,0,0,2024-06-13,2024-06-13
in_000000246480,79900,1,0,0,0,0,0,0,0,0,2024-06-23,2024-06-23
in_000000262248,9900,1,0,0,0,0,0,0,0,0,2024-06-13,2024-06-13
in_000000194612,29900,1,0,0,0,0,0,0,0,0,2024-06-06,2024-06-06
in_000000232237,9900,1,0,0,0,0,0,0,0,0,2024-06-15,2024-06-15
in_000000232690,99000,1,0,0,0,0,0,0,0,0,2024-06-13,2024-06-13
in_000000004584,9900,1,0,0,0,0,0,0,0,0,2024-06-06,2024-06-06
in_000000167211,9900,1,0,0,0,0,0,0,0,0,2024-06-07,2024-06-07
in_000000119095,9900,1,0,0,0,0,0,0,0,0,2024-06-05,2024-06-05
in_000000296917,9900,1,0,0,0,0,0,0,0,0,2024-06-22,2024-06-22
in_000000233180,9900,1,0,0,0,0,0,0,0,0,2024-06-06,2024-06-06
in_000000043110,9900,1,0,0,0,0,0,0,0,0,2024-06-04,2024-06-04
in_000000052984,79900,1,0,0,0,0,0,0,0,0,2024-06-23,2024-06-23
in_000000252353,9900,1,0,0,0,0,0,0,0,0,2024-07-03,2024-07-03
in_000000291869,9900,1,0,0,0,0,0,0,0,0,2024-06-11,2024-06-11
in_000000111373,9900,1,0,0,0,0,0,0,0,0,2024-06-07,2024-06-07
in_000000264641,9900,1,0,0,0,0,0,0,0,0,2024-06-16,2024-06-16
in_000000245656,9900,1,0,0,0,0,0,0,0,0,2024-06-09,2024-06-09
in_000000088855,9900,1,0,0,0,0,0,0,0,0,2024-06-23,2024-06-23
in_000000147528,79900,1,0,0,0,0,0,0,0,0,2024-06-08,2024-06-08
in_000000191354,29900,1,0,0,0,0,0,0,0,0,2024-06-14,2024-06-14
in_000000005837,799000,1,0,0,0,0,0,0,0,0,2024-06-21,2024-06-21
in_000000027529,9900,1,0,0,0,0,0,0,0,0,2024-06-22,2024-06-22
in_000000313615,29900,1,0,0,0,0,0,0,0,0,2024-06-19,2024-06-19
in_000000262877,799000,1,0,0,0,0,0,0,0,0,2024-06-06,2024-06-06
in_000000318760,9900,1,0,0,0,0,0,0,0,0,2024-06-06,2024-06-06
in_000000086656,9900,1,0,0,0,0,0,0,0,0,2024-06-22,2024-06-22
in_000000309407,29900,1,0,0,0,0,0,0,0,0,2024-06-14,2024-06-14
in_000000292276,29900,1,0,0,0,0,0,0,0,0,2024-06-25,2024-06-25
in_000000124901,9900,1,0,0,0,0,0,0,0,0,2024-06-13,2024-06-13
in_000000177948,9900,1,0,0,0,0,0,0,0,0,2024-06-12,2024-06-12
in_000000116401,79900,1,0,0,0,0,0,0,0,0,2024-06-07,2024-06-07
in_000000072166,9900,1,0,0,0,0,0,0,0,0,2024-06-17,2024-06-17
in_000000136474,29900,1,0,0,0,0,0,0,0,0,2024-06-23,2024-06-23
in_000000163351,9900,1,0,0,0,0,0,0,0,0,2024-06-18,2024-06-18
in_000000257370,79900,1,0,0,0,0,0,0,0,0,2024-06-06,2024-06-06
in_000000019446,9900,1,0,0,0,0,0,0,0,0,2024-06-24,2024-06-24
in_000000287282,9900,1,0,0,0,0,0,0,0,0,2024-06-11,2024-06-11
in_000000234532,29900,1,0,0,0,0,0,0,0,0,2024-06-19,2024-06-19
in_000000232700,29900,1,0,0,0,0,0,0,0,0,2024-06-15,2024-06-15
in_000000136418,79900,1,0,0,0,0,0,0,0,0,2024-06-17,2024-06-17
in_000000099863,9900,1,0,0,0,0,0,0,0,0,2024-06-09,2024-06-09
in_000000142027,9900,1,0,0,0,0,0,0,0,0,2024-06-08,2024-06-08
in_000000268257,299000,1,0,0,0,0,0,0,0,0,2024-06-11,2024-06-11
in_000000289852,9900,1,0,0,0,0,0,0,0,0,2024-06-09,2024-06-09
in_000000273163,9900,1,0,0,0,0,0,0,0,0,2024-06-25,2024-06-25
in_000000150882,9900,1,0,0,0,0,0,0,0,0,2024-06-09,2024-06-09
in_000000036751,9900,1,0,0,0,0,0,0,0,0,2024-06-26,2024-06-26
in_000000298115,29900,1,0,0,0,0,0,0,0,0,2024-06-25,2024-06-25
in_000000217956,9900,1,0,0,0,0,0,0,0,0,2024-06-23,2024-06-23
in_000000197415,9900,1,0,0,0,0,0,0,0,0,2024-06-23,2024-06-23
in_000000119731,9900,1,0,0,0,0,0,0,0,0,2024-06-15,2024-06-15
in_000000007561,79900,1,0,0,0,0,0,0,0,0,2024-06-16,2024-06-16
in_000000211253,9900,1,0,0,0,0,0,0,0,0,2024-06-13,2024-06-13
in_000000242403,9900,1,0,0,0,0,0,0,0,0,2024-06-10,2024-06-10
in_000000189333,9900,1,0,0,0,0,0,0,0,0,2024-06-11,2024-06-11
in_000000158340,29900,1,0,0,0,0,0,0,0,0,2024-06-17,2024-06-17
in_000000136904,79900,1,0,0,0,0,0,0,0,0,2024-06-11,2024-06-11
in_000000004527,29900,1,0,0,0,0,0,0,0,0,2024-06-16,2024-06-16
in_000000281670,9900,1,0,0,0,0,0,0,0,0,2024-06-08,2024-06-08
in_000000295036,9900,1,0,0,0,0,0,0,0,0,2024-06-20,2024-06-20
in_000000312070,79900,1,0,0,0,0,0,0,0,0,2024-06-05,2024-06-05
in_000000289092,9900,1,0,0,0,0,0,0,0,0,2024-06-10,2024-06-10
in_000000112653,9900,1,0,0,0,0,0,0,0,0,2024-06-11,2024-06-11
in_000000071915,79900,1,0,0,0,0,0,0,0,0,2024-06-16,2024-06-16
in_000000133905,9900,1,0,0,0,0,0,0,0,0,2024-06-22,2024-06-22
in_000000255025,79900,1,0,0,0,0,0,0,0,0,2024-06-12,2024-06-12
in_000000026552,79900,1,0,0,0,0,0,0,0,0,2024-06-16,2024-06-16
in_000000224719,79900,1,0,0,0,0,0,0,0,0,2024-06-23,2024-06-23
in_000000145731,29900,1,0,0,0,0,0,0,0,0,2024-06-14,2024-06-14
in_000000141602,9900,1,0,0,0,0,0,0,0,0,2024-06-16,2024-06-16
in_000000289776,29900,1,0,0,0,0,0,0,0,0,2024-06-13,2024-06-13
in_000000127297,29900,1,0,0,0,0,0,0,0,0,2024-06-20,2024-06-20
in_000000237626,9900,1,0,0,0,0,0,0,0,0,2024-06-22,2024-06-22
in_000000162858,9900,1,0,0,0,0,0,0,0,0,2024-06-10,2024-06-10
in_000000139688,29900,1,0,0,0,0,0,0,0,0,2024-06-09,2024-06-09
in_000000020252,9900,1,0,0,0,0,0,0,0,0,2024-06-13,2024-06-13
in_000000135800,9900,1,0,0,0,0,0,0,0,0,2024-06-15,2024-06-15
in_000000193108,299000,1,0,0,0,0,0,0,0,0,2024-06-22,2024-06-22
in_000000132033,9900,1,0,0,0,0,0,0,0,0,2024-06-19,2024-06-19
in_000000018591,9900,1,0,0,0,0,0,0,0,0,2024-06-24,2024-06-24
in_000000207152,9900,1,0,0,0,0,0,0,0,0,2024-06-03,2024-06-03
in_000000149687,9900,1,0,0,0,0,0,0,0,0,2024-06-14,2024-06-14
in_000000247710,199900,1,0,0,0,0,0,0,0,0,2024-06-19,2024-06-19
in_000000099152,299000,1,0,0,0,0,0,0,0,0,2024-06-12,2024-06-12
in_000000017047,9900,1,0,0,0,0,0,0,0,0,2024-06-12,2024-06-12
in_000000262373,29900,1,0,0,0,0,0,0,0,0,2024-06-23,2024-06-23
in_000000244507,79900,1,0,0,0,0,0,0,0,0,2024-06-06,2024-06-06
in_000000160016,99000,1,0,0,0,0,0,0,0,0,2024-06-22,2024-06-22
in_000000115569,199900,1,0,0,0,0,0,0,0,0,2024-06-25,2024-06-25
in_000000074254,29900,1,0,0,0,0,0,0,0,0,2024-06-11,2024-06-11
in_000000272207,9900,1,0,0,0,0,0,0,0,0,2024-06-21,2024-06-21
in_000000200459,9900,1,0,0,0,0,0,0,0,0,2024-06-15,2024-06-15
in_000000200012,29900,1,0,0,0,0,0,0,0,0,2024-06-06,2024-06-06
in_000000020448,9900,1,0,0,0,0,0,0,0,0,2024-06-09,2024-06-09
in_000000079050,29900,1,0,0,0,0,0,0,0,0,2024-06-06,2024-06-06
in_000000283573,29900,1,0,0,0,0,0,0,0,0,2024-06-23,2024-06-23
in_000000269375,9900,1,0,0,0,0,0,0,0,0,2024-06-15,2024-06-15
in_000000042345,9900,1,0,0,0,0,0,0,0,0,2024-06-23,2024-06-23
in_000000263132,9900,1,0,0,0,0,0,0,0,0,2024-06-23,2024-06-23
in_000000118505,29900,1,0,0,0,0,0,0,0,0,2024-07-05,2024-07-05
in_000000051640,29900,1,0,0,0,0,0,0,0,0,2024-06-16,2024-06-16
in_000000297188,799000,1,0,0,0,0,0,0,0,0,2024-06-16,2024-06-16
in_000000237160,9900,1,0,0,0,0,0,0,0,0,2024-06-12,2024-06-12
in_000000167944,9900,1,0,0,0,0,0,0,0,0,2024-06-16,2024-06-16
in_000000055579,9900,1,0,0,0,0,0,0,0,0,2024-06-14,2024-06-14
in_000000157427,9900,1,0,0,0,0,0,0,0,0,2024-06-23,2024-06-23
in_000000293537,9900,1,0,0,0,0,0,0,0,0,2024-06-08,2024-06-08
in_000000094197,79900,1,0,0,0,0,0,0,0,0,2024-06-05,2024-06-05
in_000000101177,79900,1,0,0,0,0,0,0,0,0,2024-06-08,2024-06-08
in_000000022524,29900,1,0,0,0,0,0,0,0,0,2024-06-21,2024-06-21
in_000000172320,79900,1,0,0,0,0,0,0,0,0,2024-06-14,2024-06-14
in_000000261552,9900,1,0,0,0,0,0,0,0,0,2024-06-11,2024-06-11
in_000000238872,29900,1,0,0,0,0,1,1,0,0,2024-06-19,2024-06-19
in_000000036565,29900,1,0,0,0,0,0,0,0,0,2024-06-09,2024-06-09
in_000000209591,79900,1,0,0,0,0,0,0,0,0,2024-06-11,2024-06-11
in_000000059218,79900,1,0,0,0,0,0,0,0,0,2024-06-03,2024-06-03
in_000000083710,29900,1,0,0,0,0,0,0,0,0,2024-06-19,2024-06-19
in_000000026088,9900,1,0,0,0,0,0,0,0,0,2024-06-08,2024-06-08
in_000000245874,199900,1,0,0,0,0,0,0,0,0,2024-06-09,2024-06-09
in_000000295942,9900,1,0,0,0,0,0,0,0,0,2024-06-15,2024-06-15
in_000000155175,9900,1,0,0,0,0,0,0,0,0,2024-06-20,2024-06-20
in_000000075423,29900,1,0,0,0,0,0,0,0,0,2024-06-05,2024-06-05
in_000000052231,9900,1,0,0,0,0,0,0,0,0,2024-06-16,2024-06-16
in_000000124080,29900,1,0,0,0,0,0,0,0,0,2024-06-12,2024-06-12
in_000000075902,9900,1,0,0,0,0,0,0,0,0,2024-06-13,2024-06-13
in_000000245942,9900,1,0,0,0,0,0,0,0,0,2024-06-07,2024-06-07
in_000000276448,9900,1,0,0,0,0,0,0,0,0,2024-06-12,2024-06-12
in_000000231264,9900,1,0,0,0,0,0,0,0,0,2024-06-21,2024-06-21
in_000000103117,299000,1,0,0,0,0,0,0,0,0,2024-06-19,2024-06-19
in_000000048523,29900,1,0,0,0,0,0,0,0,0,2024-06-11,2024-06-11
in_000000096570,9900,1,0,0,0,0,0,0,0,0,2024-06-14,2024-06-14
in_000000003579,9900,1,0,0,0,0,0,0,0,0,2024-06-11,2024-06-11
in_000000117920,9900,1,0,0,0,0,0,0,0,0,2024-06-11,2024-06-11
in_000000187059,9900,1,0,0,0,0,0,0,0,0,2024-06-13,2024-06-13
in_000000102335,29900,1,0,0,0,0,0,0,0,0,2024-06-22,2024-06-22
in_000000020774,79900,1,0,0,0,0,0,0,0,0,2024-06-06,2024-06-06
in_000000086253,9900,1,0,0,0,0,0,0,0,0,2024-06-15,2024-06-15
in_000000276337,9900,1,0,0,0,0,0,0,0,0,2024-06-14,2024-06-14
in_000000028041,9900,1,0,0,0,0,0,0,0,0,2024-06-17,2024-06-17
in_000000081620,79900,1,0,0,0,0,0,0,0,0,2024-06-08,2024-06-08
in_000000246151,9900,1,0,0,0,0,0,0,0,0,2024-06-08,2024-06-08
in_000000224423,29900,1,0,0,0,0,0,0,0,0,2024-06-04,2024-06-04
in_000000260292,29900,1,0,0,0,0,0,0,0,0,2024-06-05,2024-06-05
in_000000023808,799000,1,0,0,0,0,0,0,0,0,2024-06-16,2024-06-16
in_000000268811,9900,1,0,0,0,0,0,0,0,0,2024-06-03,2024-06-03
in_000000263159,9900,1,0,0,0,0,0,0,0,0,2024-06-11,2024-06-11
in_000000318679,79900,1,0,0,0,0,0,0,0,0,2024-06-16,2024-06-16
in_000000033899,9900,1,0,0,0,0,0,0,0,0,2024-06-20,2024-06-20
in_000000309717,9900,1,0,0,0,0,0,0,0,0,2024-06-04,2024-06-04
in_000000150538,199900,1,0,0,0,0,0,0,0,0,2024-06-25,2024-06-25
in_000000138815,9900,1,0,0,0,0,0,0,0,0,2024-06-10,2024-06-10
in_000000230094,9900,1,0,0,0,0,0,0,0,0,2024-06-24,2024-06-24
in_000000165649,9900,1,0,0,0,0,0,0,0,0,2024-06-21,2024-06-21
in_000000007553,9900,1,0,0,0,0,0,0,0,0,2024-06-10,2024-06-10
in_000000029017,29900,1,0,0,0,0,0,0,0,0,2024-06-18,2024-06-18
in_000000071575,9900,1,0,0,0,0,0,0,0,0,2024-06-16,2024-06-16
in_000000278062,29900,1,0,0,0,0,0,0,0,0,2024-06-24,2024-06-24
in_000000236330,9900,1,0,0,0,0,0,0,0,0,2024-06-21,2024-06-21
in_000000056591,29900,1,0,0,0,0,0,0,0,0,2024-06-08,2024-06-08
in_000000028073,9900,1,0,0,0,0,0,0,0,0,2024-06-09,2024-06-09
in_000000108557,29900,1,0,0,0,0,0,0,0,0,2024-06-13,2024-06-13
in_000000019565,179910,1,0,0,1,0,0,0,0,0,2024-06-11,2024-06-11
in_000000108216,9900,1,0,0,0,0,0,0,0,0,2024-06-20,2024-06-20
in_000000176407,9900,1,0,0,0,0,0,0,0,0,2024-06-06,2024-06-06
in_000000173991,9900,1,0,0,0,0,0,0,0,0,2024-06-12,2024-06-12
in_000000053808,9900,1,0,0,0,0,0,0,0,0,2024-06-09,2024-06-09
in_000000314127,79900,1,0,0,0,0,0,0,0,0,2024-06-16,2024-06-16
in_000000231075,79900,1,0,0,0,0,0,0,0,0,2024-06-20,2024-06-20
in_000000111933,9900,1,0,0,0,0,0,0,0,0,2024-06-10,2024-06-10
in_000000162353,299000,1,0,0,0,0,0,0,0,0,2024-06-12,2024-06-12
in_000000153413,79900,1,0,0,0,0,0,0,0,0,2024-06-05,2024-06-05
in_000000163065,29900,1,0,0,0,0,0,0,0,0,2024-06-04,2024-06-04
in_000000315111,9900,1,0,0,0,0,0,0,0,0,2024-06-21,2024-06-21
in_000000294659,29900,1,0,0,0,0,0,0,0,0,2024-06-25,2024-06-25
in_000000170181,99000,1,0,0,0,0,0,0,0,0,2024-06-09,2024-06-09
in_000000252987,29900,1,0,0,0,0,0,0,0,0,2024-06-23,2024-06-23
in_000000165287,29900,1,0,0,0,0,0,0,0,0,2024-06-08,2024-06-08
in_000000200176,79900,1,0,0,0,0,0,0,0,0,2024-06-18,2024-06-18
in_000000209377,29900,1,0,0,0,0,0,0,0,0,2024-06-06,2024-06-06
in_000000171264,29900,1,0,0,0,0,0,0,0,0,2024-06-07,2024-06-07
in_000000158890,79900,1,0,0,0,0,0,0,0,0,2024-06-22,2024-06-22
in_000000141954,9900,1,0,0,0,0,0,0,0,0,2024-06-05,2024-06-05
in_000000190980,9900,1,0,0,0,0,0,0,0,0,2024-06-17,2024-06-17
in_000000159192,9900,1,0,0,0,0,0,0,0,0,2024-06-18,2024-06-18
in_000000070835,79900,1,0,0,0,0,0,0,0,0,2024-06-15,2024-06-15
in_000000175067,99000,1,0,0,0,0,0,0,0,0,2024-06-22,2024-06-22
in_000000310835,9900,1,0,0,0,0,0,0,0,0,2024-06-22,2024-06-22
in_000000119139,29900,1,0,0,0,0,0,0,0,0,2024-06-15,2024-06-15
in_000000253445,9900,1,0,0,0,0,0,0,0,0,2024-06-18,2024-06-18
in_000000105355,29900,1,0,0,0,0,0,0,0,0,2024-06-19,2024-06-19
in_000000290852,9900,1,0,0,0,0,0,0,0,0,2024-06-20,2024-06-20
in_000000201447,79900,1,0,0,0,0,0,0,0,0,2024-06-11,2024-06-11
in_000000183928,29900,1,0,0,0,0,0,0,0,0,2024-06-13,2024-06-13
in_000000095361,79900,1,0,0,0,0,0,0,0,0,2024-06-20,2024-06-20
in_000000017181,9900,1,0,0,0,0,0,0,0,0,2024-06-22,2024-06-22
in_000000046725,29900,1,0,0,0,0,0,0,0,0,2024-06-12,2024-06-12
in_000000073313,79900,1,0,0,0,0,0,0,0,0,2024-06-11,2024-06-11
in_000000089927,29900,1,0,0,0,0,0,0,0,0,2024-06-10,2024-06-10
in_000000042804,79900,1,0,0,0,0,0,0,0,0,2024-06-17,2024-06-17
in_000000162052,9900,1,0,0,0,0,0,0,0,0,2024-06-12,2024-06-12
in_000000037241,29900,1,0,0,0,0,0,0,0,0,2024-06-23,2024-06-23
in_000000049523,29900,1,0,0,0,0,0,0,0,0,2024-06-11,2024-06-11
in_000000199143,9900,1,0,0,0,0,0,0,0,0,2024-06-08,2024-06-08
in_000000241393,29900,1,0,0,0,0,0,0,0,0,2024-06-05,2024-06-05
in_000000218042,29900,1,0,0,0,0,0,0,0,0,2024-06-12,2024-06-12
in_000000313833,9900,1,0,0,0,0,0,0,0,0,2024-06-18,2024-06-18
in_000000227597,79900,1,0,0,0,0,0,0,0,0,2024-06-17,2024-06-17
in_000000298064,29900,1,0,0,0,0,0,0,0,0,2024-06-19,2024-06-19
in_000000024174,9900,1,0,0,0,0,0,0,0,0,2024-06-18,2024-06-18
in_000000223749,99000,1,0,0,0,0,0,0,0,0,2024-06-08,2024-06-08
in_000000285219,29900,1,0,0,0,0,0,0,0,0,2024-06-16,2024-06-16
in_000000093188,9900,1,0,0,0,0,0,0,0,0,2024-06-24,2024-06-24
in_000000031940,99000,1,0,0,0,0,0,0,0,0,2024-06-12,2024-06-12
in_000000164566,29900,1,0,0,0,0,0,0,0,0,2024-06-07,2024-06-07
in_000000012150,9900,1,0,0,0,0,0,0,0,0,2024-06-26,2024-06-26
in_000000280307,9900,1,0,0,0,0,0,0,0,0,2024-06-25,2024-06-25
in_000000253212,29900,1,0,0,0,0,0,0,0,0,2024-06-14,2024-06-14
in_000000197577,9900,1,0,0,0,0,0,0,0,0,2024-06-20,2024-06-20
in_000000075516,199900,1,0,0,0,0,0,0,0,0,2024-06-10,2024-06-10
in_000000227772,29900,1,0,0,0,0,0,0,0,0,2024-06-10,2024-06-10
in_000000255071,9900,1,0,0,0,0,0,0,0,0,2024-06-17,2024-06-17
in_000000314141,79900,1,0,0,0,0,0,0,0,0,2024-06-12,2024-06-12
in_000000302991,9900,1,0,0,0,0,0,0,0,0,2024-06-16,2024-06-16
in_000000035214,9900,1,0,0,0,0,0,0,0,0,2024-06-17,2024-06-17
in_000000313374,79900,1,0,0,0,0,0,0,0,0,2024-06-17,2024-06-17
in_000000174439,9900,1,0,0,0,0,0,0,0,0,2024-06-24,2024-06-24
in_000000004684,29900,1,0,0,0,0,0,0,0,0,2024-06-14,2024-06-14
in_000000292457,29900,1,0,0,0,0,0,0,0,0,2024-06-07,2024-06-07
in_000000044590,29900,1,0,0,0,0,0,0,0,0,2024-06-18,2024-06-18
in_000000226247,29900,1,0,0,0,0,0,0,0,0,2024-06-13,2024-06-13
in_000000202742,9900,1,0,0,0,0,0,0,0,0,2024-06-11,2024-06-11
in_000000095813,199900,1,0,0,0,0,0,0,0,0,2024-06-04,2024-06-04
in_000000217337,29900,1,0,0,0,0,0,0,0,0,2024-06-21,2024-06-21
in_000000015088,29900,1,0,0,0,0,0,0,0,0,2024-06-04,2024-06-04
in_000000067028,29900,1,0,0,0,0,0,0,0,0,2024-06-08,2024-06-08
in_000000012507,99000,1,0,0,0,0,0,0,0,0,2024-06-13,2024-06-13
in_000000246596,9900,1,0,0,0,0,0,0,0,0,2024-06-23,2024-06-23
in_000000105714,9900,1,0,0,0,0,0,0,0,0,2024-06-18,2024-06-18
in_000000016586,9900,1,0,0,0,0,0,0,0,0,2024-06-11,2024-06-11
in_000000046511,9900,1,0,0,0,0,0,0,0,0,2024-06-25,2024-06-25
in_000000198008,9900,1,0,0,0,0,0,0,0,0,2024-06-21,2024-06-21
in_000000257106,99000,1,0,0,0,0,0,0,0,0,2024-06-15,2024-06-15
in_000000168632,29900,1,0,0,0,0,0,0,0,0,2024-06-23,2024-06-23
in_000000201765,299000,1,0,0,0,0,0,0,0,0,2024-06-20,2024-06-20
in_000000307647,199900,1,0,0,0,0,0,0,0,0,2024-06-23,2024-06-23
in_000000291880,29900,1,0,0,0,0,0,0,0,0,2024-06-08,2024-06-08
in_000000213266,29900,1,0,0,0,0,0,0,0,0,2024-06-08,2024-06-08
in_000000046475,79900,1,0,0,0,0,0,0,0,0,2024-06-19,2024-06-19
in_000000195937,9900,1,0,0,0,0,0,0,0,0,2024-06-17,2024-06-17
in_000000254936,9900,1,0,0,0,0,0,0,0,0,2024-06-09,2024-06-09
in_000000216789,9900,1,0,0,0,0,0,0,0,0,2024-06-11,2024-06-11
in_000000276592,29900,1,0,0,0,0,0,0,0,0,2024-06-16,2024-06-16
in_000000178077,9900,1,0,0,0,0,0,0,0,0,2024-06-14,2024-06-14
in_000000093720,79900,1,0,0,0,0,0,0,0,0,2024-06-16,2024-06-16
in_000000266710,9900,1,0,0,0,0,0,0,0,0,2024-06-11,2024-06-11
in_000000300738,9900,1,0,0,0,0,0,0,0,0,2024-06-10,2024-06-10
in_000000219988,29900,1,0,0,0,0,0,0,0,0,2024-06-19,2024-06-19
in_000000019861,29900,1,0,0,0,0,0,0,0,0,2024-06-20,2024-06-20
in_000000222417,299000,1,0,0,0,0,0,0,0,0,2024-06-17,2024-06-17
in_000000145709,9900,1,0,0,0,0,0,0,0,0,2024-06-06,2024-06-06
in_000000095017,9900,1,0,0,0,0,0,0,0,0,2024-06-24,2024-06-24
in_000000102951,79900,1,0,0,0,0,0,0,0,0,2024-06-21,2024-06-21
in_000000114850,9900,1,0,0,0,0,0,0,0,0,2024-06-19,2024-06-19
in_000000146032,9900,1,0,0,0,0,0,0,0,0,2024-06-16,2024-06-16
in_000000002899,99000,1,0,0,0,0,0,0,0,0,2024-06-19,2024-06-19
in_000000058891,9900,1,0,0,0,0,0,0,0,0,2024-06-12,2024-06-12
in_000000052795,9900,1,0,0,0,0,0,0,0,0,2024-06-07,2024-06-07
in_000000033278,29900,1,0,0,0,0,0,0,0,0,2024-06-23,2024-06-23
in_000000035170,79900,1,0,0,0,0,0,0,0,0,2024-06-16,2024-06-16
in_000000223549,29900,1,0,0,0,0,0,0,0,0,2024-06-18,2024-06-18
in_000000009967,9900,1,0,0,0,0,0,0,0,0,2024-06-14,2024-06-14
in_000000036614,9900,1,0,0,0,0,0,0,0,0,2024-06-23,2024-06-23
in_000000278119,9900,1,0,0,0,0,0,0,0,0,2024-06-06,2024-06-06
in_000000132774,79900,1,0,0,0,0,0,0,0,0,2024-06-16,2024-06-16
in_000000277437,9900,1,0,0,0,0,0,0,0,0,2024-06-21,2024-06-21
in_000000082388,9900,1,0,0,0,0,0,0,0,0,2024-06-06,2024-06-06
in_000000270239,29900,1,0,0,0,0,0,0,0,0,2024-06-24,2024-06-24
in_000000234223,29900,1,0,0,0,0,0,0,0,0,2024-06-16,2024-06-16
in_000000247881,79900,1,0,0,0,0,0,0,0,0,2024-06-06,2024-06-06
in_000000223847,9900,1,0,0,0,0,0,0,0,0,2024-06-19,2024-06-19
in_000000188692,9900,1,0,0,0,0,0,0,0,0,2024-06-16,2024-06-16
in_000000274597,9900,1,0,0,0,0,0,0,0,0,2024-06-06,2024-06-06
in_000000008334,9900,1,0,0,0,0,0,0,0,0,2024-06-19,2024-06-19
in_000000240408,99000,1,0,0,0,0,0,0,0,0,2024-06-20,2024-06-20
in_000000285184,9900,1,0,0,0,0,0,0,0,0,2024-06-11,2024-06-11
in_000000279608,9900,1,0,0,0,0,0,0,0,0,2024-06-13,2024-06-13
in_000000037411,9900,1,0,0,0,0,0,0,0,0,2024-06-14,2024-06-14
in_000000008262,9900,1,0,0,0,0,0,0,0,0,2024-06-21,2024-06-21
in_000000294055,79900,1,0,0,0,0,0,0,0,0,2024-06-19,2024-06-19
in_000000293061,29900,1,0,0,0,0,0,0,0,0,2024-06-17,2024-06-17
in_000000278206,99000,1,0,0,0,0,0,0,0,0,2024-06-12,2024-06-12
in_000000292329,199900,1,0,0,0,0,0,0,0,0,2024-06-08,2024-06-08
in_000000236442,79900,1,0,0,0,0,0,0,0,0,2024-06-07,2024-06-07
in_000000037359,29900,1,0,0,0,0,0,0,0,0,2024-06-14,2024-06-14
in_000000075459,29900,1,0,0,0,0,0,0,0,0,2024-06-12,2024-06-12
in_000000153226,9900,1,0,0,0,0,0,0,0,0,2024-06-20,2024-06-20
in_000000027779,9900,1,0,0,0,0,0,0,0,0,2024-06-12,2024-06-12
in_000000252338,199900,1,0,0,0,0,0,0,0,0,2024-06-22,2024-06-22
in_000000269717,199900,1,0,0,0,0,0,0,0,0,2024-06-21,2024-06-21
in_000000136282,199900,1,0,0,0,0,0,0,0,0,2024-06-05,2024-06-05
in_000000282115,79900,1,0,0,0,0,0,0,0,0,2024-06-09,2024-06-09
in_000000171856,29900,1,0,0,0,0,0,0,0,0,2024-06-19,2024-06-19
in_000000171575,29900,1,0,0,0,0,0,0,0,0,2024-06-17,2024-06-17
in_000000281111,79900,1,0,0,0,0,0,0,0,0,2024-06-04,2024-06-04
in_000000258481,9900,1,0,0,0,0,0,0,0,0,2024-06-18,2024-06-18
in_000000088661,79900,1,0,0,0,0,0,0,0,0,2024-06-17,2024-06-17
in_000000290154,79900,1,0,0,0,0,0,0,0,0,2024-06-25,2024-06-25
in_000000290866,9900,1,0,0,0,0,0,0,0,0,2024-06-22,2024-06-22
in_000000255240,9900,1,0,0,0,0,0,0,0,0,2024-06-21,2024-06-21
in_000000280327,9900,1,0,0,0,0,0,0,0,0,2024-06-09,2024-06-09
in_000000045135,9900,1,0,0,0,0,0,0,0,0,2024-06-16,2024-06-16
in_000000317869,29900,1,0,0,0,0,0,0,0,0,2024-06-23,2024-06-23
in_000000037767,29900,1,0,0,0,0,0,0,0,0,2024-06-04,2024-06-04
in_000000298953,9900,1,0,0,0,0,0,0,0,0,2024-06-23,2024-06-23
in_000000285624,9900,1,0,0,0,0,0,0,0,0,2024-06-25,2024-06-25
in_000000304540,22425,1,0,0,1,0,0,0,0,0,2024-06-18,2024-06-18
in_000000273877,9900,1,0,0,0,0,0,0,0,0,2024-06-07,2024-06-07
in_000000276935,1999000,1,0,0,0,0,0,0,0,0,2024-06-22,2024-06-22
in_000000243134,29900,1,0,0,0,0,0,0,0,0,2024-06-11,2024-06-11
in_000000173595,9900,1,0,0,0,0,0,0,0,0,2024-06-12,2024-06-12
in_000000078537,29900,1,0,0,0,0,0,0,0,0,2024-06-15,2024-06-15
in_000000113151,199900,1,0,0,0,0,0,0,0,0,2024-06-20,2024-06-20
in_000000302083,79900,1,0,0,0,0,0,0,0,0,2024-06-16,2024-06-16
in_000000220257,199900,1,0,0,0,0,0,0,0,0,2024-06-12,2024-06-12
in_000000085076,29900,1,0,0,0,0,0,0,0,0,2024-06-10,2024-06-10
in_000000297913,9900,1,0,0,0,0,0,0,0,0,2024-06-12,2024-06-12
in_000000248573,9900,1,0,0,0,0,0,0,0,0,2024-06-18,2024-06-18
in_000000048764,29900,1,0,0,0,0,0,0,0,0,2024-06-08,2024-06-08
in_000000028683,9900,1,0,0,0,0,0,0,0,0,2024-06-23,2024-06-23
in_000000050546,9900,1,0,0,0,0,0,0,0,0,2024-06-13,2024-06-13
in_000000214859,9900,1,0,0,0,0,0,0,0,0,2024-06-07,2024-06-07
in_000000010896,299000,1,0,0,0,0,0,0,0,0,2024-06-11,2024-06-11
in_000000101987,29900,1,0,0,0,0,0,0,0,0,2024-06-19,2024-06-19
in_000000238111,9900,1,0,0,0,0,0,0,0,0,2024-06-21,2024-06-21
in_000000166520,79900,1,0,0,0,0,0,0,0,0,2024-06-08,2024-06-08
in_000000193229,9900,1,0,0,0,0,0,0,0,0,2024-06-12,2024-06-12
in_000000312990,79900,1,0,0,0,0,0,0,0,0,2024-06-14,2024-06-14
in_000000012364,79900,1,0,0,0,0,0,0,0,0,2024-06-24,2024-06-24
in_000000194622,9900,1,0,0,0,0,0,0,0,0,2024-06-21,2024-06-21
in_000000052523,79900,1,0,0,0,0,0,0,0,0,2024-06-18,2024-06-18
in_000000257031,29900,1,0,0,0,0,0,0,0,0,2024-06-25,2024-06-25
in_000000038601,29900,1,0,0,0,0,0,0,0,0,2024-06-23,2024-06-23
in_000000009484,9900,1,0,0,0,0,0,0,0,0,2024-06-16,2024-06-16
in_000000044647,9900,1,0,0,0,0,0,0,0,0,2024-06-09,2024-06-09
in_000000119283,29900,1,0,0,0,0,0,0,0,0,2024-06-16,2024-06-16
in_000000079303,9900,1,0,0,0,0,0,0,0,0,2024-06-13,2024-06-13
in_000000199583,9900,1,0,0,0,0,0,0,0,0,2024-06-20,2024-06-20
in_000000242272,9900,1,0,0,0,0,0,0,0,0,2024-06-20,2024-06-20
in_000000280731,9900,1,0,0,0,0,0,0,0,0,2024-06-16,2024-06-16
in_000000099728,29900,1,0,0,0,0,0,0,0,0,2024-06-11,2024-06-11
in_000000049847,9900,1,0,0,0,0,0,0,0,0,2024-06-14,2024-06-14
in_000000168607,9900,1,0,0,0,0,0,0,0,0,2024-06-17,2024-06-17
in_000000162215,79900,1,0,0,0,0,0,0,0,0,2024-06-10,2024-06-10
in_000000294879,29900,1,0,0,0,0,0,0,0,0,2024-06-10,2024-06-10
in_000000228585,9900,1,0,0,0,0,0,0,0,0,2024-06-24,2024-06-24
in_000000118081,9900,1,0,0,0,0,0,0,0,0,2024-06-12,2024-06-12
in_000000213204,29900,1,0,0,0,0,0,0,0,0,2024-06-25,2024-06-25
in_000000203359,9900,1,0,0,0,0,0,0,0,0,2024-06-06,2024-06-06
in_000000168536,9900,1,0,0,0,0,0,0,0,0,2024-06-16,2024-06-16
in_000000313293,29900,1,0,0,0,0,0,0,0,0,2024-06-10,2024-06-10
in_000000150968,9900,1,0,0,0,0,0,0,0,0,2024-06-23,2024-06-23
in_000000314976,199900,1,0,0,0,0,0,0,0,0,2024-06-13,2024-06-13
in_000000256357,199900,1,0,0,0,0,0,0,0,0,2024-06-12,2024-06-12
in_000000317473,1999000,1,0,0,0,0,0,0,0,0,2024-06-13,2024-06-13
in_000000180745,29900,1,0,0,0,0,0,0,0,0,2024-06-07,2024-06-07
in_000000038572,9900,1,0,0,0,0,0,0,0,0,2024-06-16,2024-06-16
in_000000133757,29900,1,0,0,0,0,0,0,0,0,2024-06-15,2024-06-15
in_000000247473,9900,1,0,0,0,0,0,0,0,0,2024-06-05,2024-06-05
in_000000250156,9900,1,0,0,0,0,0,0,0,0,2024-06-16,2024-06-16
in_000000277180,29900,1,0,0,0,0,0,0,0,0,2024-06-17,2024-06-17
in_000000284189,9900,1,0,0,0,0,0,0,0,0,2024-06-14,2024-06-14
in_000000152573,9900,1,0,0,0,0,0,0,0,0,2024-06-08,2024-06-08
in_000000063730,9900,1,0,0,0,0,0,0,0,0,2024-06-11,2024-06-11
in_000000053127,199900,1,0,0,0,0,0,0,0,0,2024-06-13,2024-06-13
in_000000317018,29900,1,0,0,0,0,0,0,0,0,2024-06-09,2024-06-09
in_000000035028,9900,1,0,0,0,0,0,0,0,0,2024-06-22,2024-06-22
in_000000129601,9900,1,0,0,0,0,0,0,0,0,2024-06-06,2024-06-06
in_000000020436,29900,1,0,0,0,0,0,0,0,0,2024-06-04,2024-06-04
in_000000006910,9900,1,0,0,0,0,0,0,0,0,2024-06-16,2024-06-16
in_000000191829,199900,1,0,0,0,0,0,0,0,0,2024-06-14,2024-06-14
in_000000292694,29900,1,0,0,0,0,0,0,0,0,2024-06-14,2024-06-14
in_000000249880,199900,1,0,0,0,0,0,0,0,0,2024-06-23,2024-06-23
in_000000130437,9900,1,0,0,0,0,0,0,0,0,2024-06-11,2024-06-11
in_000000087530,9900,1,0,0,0,0,0,0,0,0,2024-06-10,2024-06-10
in_000000070318,29900,1,0,0,0,0,0,0,0,0,2024-06-19,2024-06-19
in_000000071125,29900,1,0,0,0,0,0,0,0,0,2024-06-06,2024-06-06
in_000000137148,29900,1,0,0,0,0,0,0,0,0,2024-06-07,2024-06-07
in_000000049103,22425,1,0,0,1,0,0,0,0,0,2024-06-17,2024-06-17
in_000000025011,99000,1,0,0,0,0,0,0,0,0,2024-06-24,2024-06-24
in_000000170876,199900,1,0,0,0,0,0,0,0,0,2024-06-16,2024-06-16
in_000000022555,79900,1,0,0,0,0,0,0,0,0,2024-06-13,2024-06-13
in_000000292406,9900,1,0,0,0,0,0,0,0,0,2024-06-16,2024-06-16
in_000000057669,9900,1,0,0,0,0,0,0,0,0,2024-06-11,2024-06-11
in_000000143280,29900,1,0,0,0,0,0,0,0,0,2024-06-08,2024-06-08
in_000000133464,29900,1,0,0,0,0,0,0,0,0,2024-06-19,2024-06-19
in_000000292025,9900,1,0,0,0,0,0,0,0,0,2024-06-21,2024-06-21
in_000000195548,29900,1,0,0,0,0,0,0,0,0,2024-06-23,2024-06-23
in_000000315273,79900,1,0,0,0,0,0,0,0,0,2024-06-16,2024-06-16
in_000000095561,9900,1,0,0,0,0,0,0,0,0,2024-06-13,2024-06-13
in_000000098901,29900,1,0,0,0,0,0,0,0,0,2024-06-07,2024-06-07
in_000000247038,29900,1,0,0,0,0,0,0,0,0,2024-06-22,2024-06-22
in_000000197882,9900,1,0,0,0,0,0,0,0,0,2024-06-15,2024-06-15
in_000000125963,299000,1,0,0,0,0,0,0,0,0,2024-06-19,2024-06-19
in_000000062166,9900,1,0,0,0,0,0,0,0,0,2024-06-10,2024-06-10
in_000000108144,29900,1,0,0,0,0,0,0,0,0,2024-06-13,2024-06-13
in_000000299694,29900,1,0,0,0,0,0,0,0,0,2024-06-14,2024-06-14
in_000000204991,29900,1,0,0,0,0,0,0,0,0,2024-06-24,2024-06-24
in_000000142346,9900,1,0,0,0,0,0,0,0,0,2024-06-19,2024-06-19
in_000000184645,9900,1,0,0,0,0,0,0,0,0,2024-06-23,2024-06-23
in_000000096840,9900,1,0,0,0,0,0,0,0,0,2024-06-13,2024-06-13
in_000000001845,9900,1,0,0,0,0,0,0,0,0,2024-06-17,2024-06-17
in_000000177599,9900,1,0,0,0,0,0,0,0,0,2024-06-06,2024-06-06
in_000000106019,9900,1,0,0,0,0,0,0,0,0,2024-06-10,2024-06-10
in_000000149707,29900,1,0,0,0,0,0,0,0,0,2024-06-10,2024-06-10
in_000000243583,9900,1,0,0,0,0,0,0,0,0,2024-06-24,2024-06-24
in_000000295753,29900,1,0,0,0,0,0,0,0,0,2024-06-09,2024-06-09
in_000000243016,79900,1,0,0,0,0,0,0,0,0,2024-06-07,2024-06-07
in_000000246062,9900,1,0,0,0,0,0,0,0,0,2024-06-05,2024-06-05
in_000000031807,299000,1,0,0,0,0,0,0,0,0,2024-06-17,2024-06-17
in_000000151368,79900,1,0,0,0,0,0,0,0,0,2024-06-18,2024-06-18
in_000000319212,29900,1,0,0,0,0,0,0,0,0,2024-06-07,2024-06-07
in_000000261340,9900,1,0,0,0,0,0,0,0,0,2024-06-08,2024-06-08
in_000000168138,9900,1,0,0,0,0,0,0,0,0,2024-06-15,2024-06-15
in_000000159731,9900,1,0,0,0,0,0,0,0,0,2024-06-22,2024-06-22
in_000000140455,29900,1,0,0,0,0,0,0,0,0,2024-06-09,2024-06-09
in_000000122306,79900,1,0,0,0,0,0,0,0,0,2024-06-20,2024-06-20
in_000000187292,199900,1,0,0,0,0,0,0,0,0,2024-06-21,2024-06-21
in_000000247580,9900,1,0,0,0,0,0,0,0,0,2024-06-14,2024-06-14
in_000000216007,29900,1,0,0,0,0,0,0,0,0,2024-06-13,2024-06-13
in_000000242581,79900,1,0,0,0,0,0,0,0,0,2024-06-19,2024-06-19
in_000000236043,29900,1,0,0,0,0,0,0,0,0,2024-06-19,2024-06-19
in_000000046914,29900,1,0,0,0,0,0,0,0,0,2024-06-12,2024-06-12
in_000000161775,9900,1,0,0,0,0,0,0,0,0,2024-06-11,2024-06-11
in_000000182951,9900,1,0,0,0,0,0,0,0,0,2024-06-24,2024-06-24
in_000000262345,9900,1,0,0,0,0,0,0,0,0,2024-06-20,2024-06-20
in_000000295199,29900,1,0,0,0,0,0,0,0,0,2024-06-18,2024-06-18
in_000000136171,199900,1,0,0,0,0,0,0,0,0,2024-06-19,2024-06-19
in_000000139494,9900,1,0,0,0,0,0,0,0,0,2024-06-15,2024-06-15
in_000000147498,9900,1,0,0,0,0,0,0,0,0,2024-06-17,2024-06-17
in_000000035240,9900,1,0,0,0,0,0,0,0,0,2024-06-18,2024-06-18
in_000000005824,29900,1,0,0,0,0,0,0,0,0,2024-06-09,2024-06-09
in_000000177205,79900,1,0,0,0,0,0,0,0,0,2024-06-25,2024-06-25
in_000000304877,29900,1,0,0,0,0,0,0,0,0,2024-06-15,2024-06-15
in_000000156442,29900,1,0,0,0,0,0,0,0,0,2024-06-26,2024-06-26
in_000000089654,9900,1,0,0,0,0,0,0,0,0,2024-06-09,2024-06-09
in_000000284358,79900,1,0,0,0,0,0,0,0,0,2024-06-11,2024-06-11
in_000000194003,9900,1,0,0,0,0,0,0,0,0,2024-06-18,2024-06-18
in_000000219873,99000,1,0,0,0,0,0,0,0,0,2024-06-10,2024-06-10
in_000000307247,29900,1,0,0,0,0,0,0,0,0,2024-06-16,2024-06-16
in_000000221924,199900,1,0,0,0,0,0,0,0,0,2024-06-18,2024-06-18
in_000000096482,29900,1,0,0,0,0,0,0,0,0,2024-06-24,2024-06-24
in_000000301501,29900,1,0,0,0,0,0,0,0,0,2024-06-13,2024-06-13
in_000000110174,9900,1,0,0,0,0,0,0,0,0,2024-06-22,2024-06-22
in_000000263091,29900,1,0,0,0,0,0,0,0,0,2024-06-25,2024-06-25
in_000000314105,799000,1,0,0,0,0,0,0,0,0,2024-06-26,2024-06-26
in_000000202614,9900,1,0,0,0,0,0,0,0,0,2024-06-09,2024-06-09
in_000000135681,9900,1,0,0,0,0,0,0,0,0,2024-06-12,2024-06-12
in_000000050202,9900,1,0,0,0,0,0,0,0,0,2024-06-06,2024-06-06
in_000000009135,9900,1,0,0,0,0,0,0,0,0,2024-06-08,2024-06-08
in_000000260823,9900,1,0,0,0,0,0,0,0,0,2024-06-13,2024-06-13
in_000000247210,29900,1,0,0,0,0,0,0,0,0,2024-06-11,2024-06-11
in_000000298599,29900,1,0,0,0,0,0,0,0,0,2024-06-16,2024-06-16
in_000000109192,79900,1,0,0,0,0,0,0,0,0,2024-06-06,2024-06-06
in_000000038182,9900,1,0,0,0,0,0,0,0,0,2024-06-16,2024-06-16
in_000000178419,29900,1,0,0,0,0,0,0,0,0,2024-06-17,2024-06-17
in_000000031873,29900,1,0,0,0,0,0,0,0,0,2024-06-09,2024-06-09
in_000000273556,74250,1,0,0,1,0,0,0,0,0,2024-06-14,2024-06-14
in_000000314307,99000,1,0,0,0,0,0,0,0,0,2024-06-25,2024-06-25
in_000000000184,79900,1,0,0,0,0,0,0,0,0,2024-06-23,2024-06-23
in_000000039278,199900,1,0,0,0,0,0,0,0,0,2024-06-16,2024-06-16
in_000000181570,199900,1,0,0,0,0,0,0,0,0,2024-06-25,2024-06-25
in_000000111518,29900,1,0,0,0,0,0,0,0,0,2024-06-23,2024-06-23
in_000000088046,9900,1,0,0,0,0,0,0,0,0,2024-06-22,2024-06-22
in_000000095633,9900,1,0,0,0,0,0,0,0,0,2024-06-24,2024-06-24
in_000000124736,79900,1,0,0,0,0,0,0,0,0,2024-06-20,2024-06-20
in_000000089975,99000,1,0,0,0,0,0,0,0,0,2024-06-12,2024-06-12
in_000000316388,9900,1,0,0,0,0,0,0,0,0,2024-06-05,2024-06-05
in_000000318527,9900,1,0,0,0,0,0,0,0,0,2024-06-10,2024-06-10
in_000000106307,29900,1,0,0,0,0,0,0,0,0,2024-06-21,2024-06-21
in_000000191704,299000,1,0,0,0,0,0,0,0,0,2024-06-05,2024-06-05
in_000000238391,9900,1,0,0,0,0,0,0,0,0,2024-06-14,2024-06-14
in_000000216148,9900,1,0,0,0,0,0,0,0,0,2024-06-08,2024-06-08
in_000000076747,9900,1,0,0,0,0,0,0,0,0,2024-06-20,2024-06-20
in_000000112139,79900,1,0,0,0,0,0,0,0,0,2024-06-14,2024-06-14
in_000000006542,9900,1,0,0,0,0,0,0,0,0,2024-06-11,2024-06-11
in_000000181034,9900,1,0,0,0,0,0,0,0,0,2024-06-15,2024-06-15
in_000000212716,9900,1,0,0,0,0,0,0,0,0,2024-06-16,2024-06-16
in_000000008672,29900,1,0,0,0,0,0,0,0,0,2024-06-22,2024-06-22
in_000000243648,29900,1,0,0,0,0,0,0,0,0,2024-06-19,2024-06-19
in_000000211896,29900,1,0,0,0,0,0,0,0,0,2024-06-17,2024-06-17
in_000000238566,29900,1,0,0,0,0,0,0,0,0,2024-06-19,2024-06-19
in_000000260332,9900,1,0,0,0,0,0,0,0,0,2024-06-19,2024-06-19
in_000000116010,79900,1,0,0,0,0,0,0,0,0,2024-06-16,2024-06-16
in_000000254945,99000,1,0,0,0,0,0,0,0,0,2024-06-11,2024-06-11
in_000000198837,29900,1,0,0,0,0,0,0,0,0,2024-06-03,2024-06-03
in_000000166270,199900,1,0,0,0,0,0,0,0,0,2024-06-11,2024-06-11
in_000000213175,29900,1,0,0,0,0,0,0,0,0,2024-06-20,2024-06-20
in_000000070495,199900,1,0,0,0,0,0,0,0,0,2024-06-22,2024-06-22
in_000000021157,29900,1,0,0,0,0,0,0,0,0,2024-06-10,2024-06-10
in_000000275249,9900,1,0,0,0,0,0,0,0,0,2024-06-20,2024-06-20
in_000000064322,99000,1,0,0,0,0,0,0,0,0,2024-06-12,2024-06-12
in_000000266631,9900,1,0,0,0,0,0,0,0,0,2024-06-20,2024-06-20
in_000000169313,9900,1,0,0,0,0,0,0,0,0,2024-06-12,2024-06-12
in_000000215163,9900,1,0,0,0,0,0,0,0,0,2024-06-16,2024-06-16
in_000000123718,9900,1,0,0,0,0,0,0,0,0,2024-06-12,2024-06-12
in_000000098153,29900,1,0,0,0,0,0,0,0,0,2024-06-21,2024-06-21
in_000000002155,9900,1,0,0,0,0,0,0,0,0,2024-06-23,2024-06-23
in_000000291222,29900,1,0,0,0,0,0,0,0,0,2024-06-07,2024-06-07
in_000000186428,9900,1,0,0,0,0,0,0,0,0,2024-06-15,2024-06-15
in_000000251818,9900,1,0,0,0,0,0,0,0,0,2024-06-20,2024-06-20
in_000000140562,9900,1,0,0,0,0,0,0,0,0,2024-06-09,2024-06-09
in_000000288261,29900,1,0,0,0,0,0,0,0,0,2024-06-03,2024-06-03
in_000000187720,29900,1,0,0,0,0,0,0,0,0,2024-06-23,2024-06-23
in_000000127197,99000,1,0,0,0,0,0,0,0,0,2024-06-09,2024-06-09
in_000000030102,9900,1,0,0,0,0,0,0,0,0,2024-06-10,2024-06-10
in_000000090089,9900,1,0,0,0,0,0,0,0,0,2024-06-21,2024-06-21
in_000000319653,29900,1,0,0,0,0,0,0,0,0,2024-06-17,2024-06-17
in_000000233159,79900,1,0,0,0,0,0,0,0,0,2024-06-21,2024-06-21
in_000000145957,9900,1,0,0,0,0,0,0,0,0,2024-06-10,2024-06-10
in_000000003760,29900,1,0,0,0,0,0,0,0,0,2024-06-17,2024-06-17
in_000000266413,29900,1,0,0,0,0,0,0,0,0,2024-06-19,2024-06-19
in_000000132933,9900,1,0,0,0,0,0,0,0,0,2024-06-07,2024-06-07
in_000000108302,29900,1,0,0,0,0,0,0,0,0,2024-06-23,2024-06-23
in_000000251623,9900,1,0,0,0,0,0,0,0,0,2024-06-11,2024-06-11
in_000000057368,29900,1,0,0,0,0,0,0,0,0,2024-06-22,2024-06-22
in_000000177388,29900,1,0,0,0,0,0,0,0,0,2024-06-07,2024-06-07
in_000000139011,79900,1,0,0,0,0,0,0,0,0,2024-06-14,2024-06-14
in_000000078090,9900,1,0,0,0,0,0,0,0,0,2024-06-10,2024-06-10
in_000000071872,9900,1,0,0,0,0,0,0,0,0,2024-06-16,2024-06-16
in_000000251421,9900,1,0,0,0,0,0,0,0,0,2024-06-09,2024-06-09
in_000000088888,79900,1,0,0,0,0,0,0,0,0,2024-06-12,2024-06-12
in_000000205623,9900,1,0,0,0,0,0,0,0,0,2024-06-21,2024-06-21
in_000000026116,29900,1,0,0,0,0,0,0,0,0,2024-06-20,2024-06-20
in_000000152136,9900,1,0,0,0,0,0,0,0,0,2024-06-11,2024-06-11
in_000000194799,99000,1,0,0,0,0,0,0,0,0,2024-06-13,2024-06-13
in_000000287959,29900,1,0,0,0,0,0,0,0,0,2024-06-06,2024-06-06
in_000000186366,9900,1,0,0,0,0,0,0,0,0,2024-06-06,2024-06-06
in_000000138172,9900,1,0,0,0,0,0,0,0,0,2024-06-24,2024-06-24
in_000000233823,79900,1,0,0,0,0,0,0,0,0,2024-06-06,2024-06-06
in_000000078333,199900,1,0,0,0,0,0,0,0,0,2024-06-16,2024-06-16
in_000000277251,199900,1,0,0,0,0,0,0,0,0,2024-06-15,2024-06-15
in_000000035077,9900,1,0,0,0,0,0,0,0,0,2024-06-10,2024-06-10
in_000000173386,9900,1,0,0,0,0,0,0,0,0,2024-06-22,2024-06-22
in_000000123774,9900,1,0,0,0,0,0,0,0,0,2024-06-05,2024-06-05
in_000000081368,79900,1,0,0,0,0,0,0,0,0,2024-06-11,2024-06-11
in_000000318818,9900,1,0,0,0,0,0,0,0,0,2024-06-20,2024-06-20
in_000000161908,9900,1,0,0,0,0,0,0,0,0,2024-06-19,2024-06-19
in_000000090837,9900,1,0,0,0,0,0,0,0,0,2024-06-13,2024-06-13
in_000000278307,29900,1,0,0,0,0,0,0,0,0,2024-06-09,2024-06-09
in_000000094601,29900,1,0,0,0,0,0,0,0,0,2024-06-23,2024-06-23
in_000000117566,9900,1,0,0,0,0,0,0,0,0,2024-06-18,2024-06-18
in_000000184076,9900,1,0,0,0,0,0,0,0,0,2024-06-23,2024-06-23
in_000000015873,9900,1,0,0,0,0,0,0,0,0,2024-06-06,2024-06-06
in_000000207445,9900,1,0,0,0,0,0,0,0,0,2024-06-12,2024-06-12
in_000000184541,9900,1,0,0,0,0,0,0,0,0,2024-06-24,2024-06-24
in_000000193151,9900,1,0,0,0,0,0,0,0,0,2024-06-13,2024-06-13
in_000000297448,9900,1,0,0,0,0,0,0,0,0,2024-06-09,2024-06-09
in_000000247946,79900,1,0,0,0,0,0,0,0,0,2024-06-11,2024-06-11
in_000000178984,29900,1,0,0,0,0,0,0,0,0,2024-06-25,2024-06-25
in_000000181669,29900,1,0,0,0,0,0,0,0,0,2024-06-14,2024-06-14
in_000000242104,9900,1,0,0,0,0,0,0,0,0,2024-06-09,2024-06-09
in_000000004370,9900,1,0,0,0,0,0,0,0,0,2024-06-21,2024-06-21
in_000000263957,9900,1,0,0,0,0,0,0,0,0,2024-06-15,2024-06-15
in_000000109725,29900,1,0,0,0,0,0,0,0,0,2024-06-16,2024-06-16
in_000000197216,299000,1,0,0,0,0,0,0,0,0,2024-06-21,2024-06-21
in_000000200845,29900,1,0,0,0,0,0,0,0,0,2024-06-05,2024-06-05
in_000000037073,199900,1,0,0,0,0,0,0,0,0,2024-06-08,2024-06-08
in_000000089835,9900,1,0,0,0,0,0,0,0,0,2024-06-07,2024-06-07
in_000000119255,29900,1,0,0,0,0,0,0,0,0,2024-06-11,2024-06-11
in_000000032086,9900,1,0,0,0,0,0,0,0,0,2024-06-04,2024-06-04
in_000000160888,9900,1,0,0,0,0,0,0,0,0,2024-06-17,2024-06-17
in_000000141212,79900,1,0,0,0,0,0,0,0,0,2024-06-21,2024-06-21
in_000000145639,29900,1,0,0,0,0,0,0,0,0,2024-06-12,2024-06-12
in_000000235685,29900,1,0,0,0,0,0,0,0,0,2024-06-04,2024-06-04
in_000000140173,9900,1,0,0,0,0,0,0,0,0,2024-06-16,2024-06-16
in_000000245864,9900,1,0,0,0,0,0,0,0,0,2024-06-07,2024-06-07
in_000000295678,7920,1,0,0,1,0,0,0,0,0,2024-06-08,2024-06-08
in_000000316005,9900,1,0,0,0,0,0,0,0,0,2024-06-10,2024-06-10
in_000000112027,9900,1,0,0,0,0,0,0,0,0,2024-06-21,2024-06-21
in_000000204857,9900,1,0,0,0,0,0,0,0,0,2024-06-21,2024-06-21
in_000000202021,9900,1,0,0,0,0,0,0,0,0,2024-06-21,2024-06-21
in_000000147814,29900,1,0,0,0,0,0,0,0,0,2024-06-20,2024-06-20
in_000000268778,29900,1,0,0,0,0,0,0,0,0,2024-06-15,2024-06-15
in_000000201246,29900,1,0,0,0,0,0,0,0,0,2024-06-14,2024-06-14
in_000000068529,9900,1,0,0,0,0,0,0,0,0,2024-06-14,2024-06-14
in_000000063557,9900,1,0,0,0,0,0,0,0,0,2024-06-20,2024-06-20
in_000000070880,9900,1,0,0,0,0,0,0,0,0,2024-06-17,2024-06-17
in_000000211335,9900,1,0,0,0,0,0,0,0,0,2024-06-06,2024-06-06
in_000000007138,29900,1,0,0,0,0,0,0,0,0,2024-06-12,2024-06-12
in_000000003959,9900,1,0,0,0,0,0,0,0,0,2024-06-21,2024-06-21
in_000000062655,9900,1,0,0,0,0,0,0,0,0,2024-06-10,2024-06-10
in_000000044638,9900,1,0,0,0,0,0,0,0,0,2024-06-21,2024-06-21
in_000000168449,9900,1,0,0,0,0,0,0,0,0,2024-06-26,2024-06-26
in_000000202240,9900,1,0,0,0,0,0,0,0,0,2024-06-15,2024-06-15
in_000000107570,9900,1,0,0,0,0,0,0,0,0,2024-06-04,2024-06-04
in_000000275861,199900,1,0,0,0,0,0,0,0,0,2024-06-04,2024-06-04
in_000000195440,9900,1,0,0,0,0,0,0,0,0,2024-06-19,2024-06-19
in_000000267238,79900,1,0,0,0,0,0,0,0,0,2024-06-24,2024-06-24
in_000000196049,9900,1,0,0,0,0,0,0,0,0,2024-06-21,2024-06-21
in_000000033241,29900,1,0,0,0,0,0,0,0,0,2024-06-15,2024-06-15
in_000000163244,29900,1,0,0,0,0,0,0,0,0,2024-06-17,2024-06-17
in_000000262835,79900,1,0,0,0,0,0,0,0,0,2024-06-06,2024-06-06
in_000000112243,31960,1,0,0,0,1,1,0,0,0,2024-06-17,2024-06-17
in_000000299554,29900,1,0,0,0,0,0,0,0,0,2024-06-20,2024-06-20
in_000000077264,9900,1,0,0,0,0,0,0,0,0,2024-06-08,2024-06-08
in_000000317287,29900,1,0,0,0,0,0,0,0,0,2024-06-13,2024-06-13
in_000000109096,79900,1,0,0,0,0,0,0,0,0,2024-06-24,2024-06-24
in_000000002527,9900,1,0,0,0,0,0,0,0,0,2024-06-22,2024-06-22
in_000000140980,9900,1,0,0,0,0,0,0,0,0,2024-06-07,2024-06-07
in_000000076966,8910,1,0,0,1,0,0,0,0,0,2024-06-23,2024-06-23
in_000000261172,29900,1,0,0,0,0,0,0,0,0,2024-06-14,2024-06-14
in_000000142973,9900,1,0,0,0,0,0,0,0,0,2024-06-04,2024-06-04
in_000000032299,29900,1,0,0,0,0,0,0,0,0,2024-06-15,2024-06-15
in_000000128931,29900,1,0,0,0,0,0,0,0,0,2024-06-05,2024-06-05
in_000000031121,29900,1,0,0,0,0,0,0,0,0,2024-06-23,2024-06-23
in_000000171687,29900,1,0,0,0,0,0,0,0,0,2024-06-26,2024-06-26
in_000000268276,9900,1,0,0,0,0,0,0,0,0,2024-06-25,2024-06-25
in_000000270364,79900,1,0,0,0,0,0,0,0,0,2024-06-17,2024-06-17
in_000000038084,79900,1,0,0,0,0,0,0,0,0,2024-06-04,2024-06-04
in_000000020480,9900,1,0,0,0,0,0,0,0,0,2024-06-17,2024-06-17
in_000000070057,9900,1,0,0,0,0,0,0,0,0,2024-06-21,2024-06-21
in_000000005056,9900,1,0,0,0,0,0,0,0,0,2024-06-11,2024-06-11
in_000000079821,29900,1,0,0,0,0,0,0,0,0,2024-06-20,2024-06-20
in_000000066654,199900,1,0,0,0,0,0,0,0,0,2024-06-15,2024-06-15
in_000000006737,29900,1,0,0,0,0,0,0,0,0,2024-06-09,2024-06-09
in_000000185127,9900,1,0,0,0,0,0,0,0,0,2024-06-10,2024-06-10
in_000000106924,9900,1,0,0,0,0,0,0,0,0,2024-06-08,2024-06-08
in_000000044189,79900,1,0,0,0,0,0,0,0,0,2024-06-10,2024-06-10
in_000000190216,29900,1,0,0,0,0,0,0,0,0,2024-06-05,2024-06-05
in_000000120420,9900,1,0,0,0,0,0,0,0,0,2024-06-18,2024-06-18
in_000000175626,9900,1,0,0,0,0,0,0,0,0,2024-06-25,2024-06-25
in_000000228939,79900,1,0,0,0,0,0,0,0,0,2024-06-23,2024-06-23
in_000000267392,9900,1,0,0,0,0,0,0,0,0,2024-06-12,2024-06-12
in_000000147736,9900,1,0,0,0,0,0,0,0,0,2024-06-18,2024-06-18
in_000000093157,9900,1,0,0,0,0,0,0,0,0,2024-06-06,2024-06-06
in_000000102277,9900,1,0,0,0,0,0,0,0,0,2024-06-15,2024-06-15
in_000000313741,9900,1,0,0,0,0,0,0,0,0,2024-06-15,2024-06-15
in_000000029747,199900,1,0,0,0,0,0,0,0,0,2024-06-16,2024-06-16
in_000000145551,9900,1,0,0,0,0,0,0,0,0,2024-06-20,2024-06-20
in_000000186066,9900,1,0,0,0,0,0,0,0,0,2024-06-23,2024-06-23
in_000000247366,9900,1,0,0,0,0,0,0,0,0,2024-06-12,2024-06-12
in_000000254107,29900,1,0,0,0,0,0,0,0,0,2024-06-05,2024-06-05
in_000000028664,99000,1,0,0,0,0,0,0,0,0,2024-06-16,2024-06-16
in_000000186632,29900,1,0,0,0,0,0,0,0,0,2024-06-22,2024-06-22
in_000000239980,9900,1,0,0,0,0,0,0,0,0,2024-06-19,2024-06-19
in_000000234734,9900,1,0,0,0,0,0,0,0,0,2024-06-19,2024-06-19
in_000000143500,9900,1,0,0,0,0,0,0,0,0,2024-06-08,2024-06-08
in_000000021773,199900,1,0,0,0,0,0,0,0,0,2024-06-17,2024-06-17
in_000000203864,79900,1,0,0,0,0,0,0,0,0,2024-06-08,2024-06-08
in_000000083762,29900,1,0,0,0,0,0,0,0,0,2024-06-11,2024-06-11
in_000000141056,29900,1,0,0,0,0,0,0,0,0,2024-06-18,2024-06-18
in_000000211295,29900,1,0,0,0,0,0,0,0,0,2024-06-16,2024-06-16
in_000000241700,29900,1,0,0,0,0,0,0,0,0,2024-06-15,2024-06-15
in_000000188604,71910,1,0,0,1,0,0,0,0,0,2024-06-15,2024-06-15
in_000000261689,99000,1,0,0,0,0,0,0,0,0,2024-06-14,2024-06-14
in_000000018809,79900,1,0,0,0,0,0,0,0,0,2024-06-06,2024-06-06
in_000000087937,79900,1,0,0,0,0,0,0,0,0,2024-06-10,2024-06-10
in_000000063856,29900,1,0,0,0,0,0,0,0,0,2024-06-11,2024-06-11
in_000000233998,9900,1,0,0,0,0,0,0,0,0,2024-06-20,2024-06-20
in_000000268970,9900,1,0,0,0,0,0,0,0,0,2024-06-07,2024-06-07
in_000000020341,79900,1,0,0,0,0,0,0,0,0,2024-06-08,2024-06-08
in_000000242213,9900,1,0,0,0,0,0,0,0,0,2024-06-21,2024-06-21
in_000000140822,29900,1,0,0,0,0,0,0,0,0,2024-06-20,2024-06-20
in_000000124861,79900,1,0,0,0,0,0,0,0,0,2024-06-16,2024-06-16
in_000000235093,9900,1,0,0,0,0,0,0,0,0,2024-06-14,2024-06-14
in_000000109157,9900,1,0,0,0,0,0,0,0,0,2024-06-21,2024-06-21
in_000000267839,199900,1,0,0,0,0,0,0,0,0,2024-06-07,2024-06-07
in_000000008416,29900,1,0,0,0,0,0,0,0,0,2024-06-09,2024-06-09
in_000000282447,29900,1,0,0,0,0,0,0,0,0,2024-06-06,2024-06-06
in_000000194281,79900,1,0,0,0,0,0,0,0,0,2024-06-18,2024-06-18
in_000000100938,9900,1,0,0,0,0,0,0,0,0,2024-06-16,2024-06-16
in_000000132710,9900,1,0,0,0,0,0,0,0,0,2024-06-14,2024-06-14
in_000000231452,199900,1,0,0,0,0,0,0,0,0,2024-06-13,2024-06-13
in_000000320828,9900,1,0,0,0,0,0,0,0,0,2024-06-17,2024-06-17
in_000000107298,9900,1,0,0,0,0,0,0,0,0,2024-06-23,2024-06-23
in_000000073525,9900,1,0,0,0,0,0,0,0,0,2024-06-06,2024-06-06
in_000000103656,299000,1,0,0,0,0,0,0,0,0,2024-06-13,2024-06-13
in_000000112035,9900,1,0,0,0,0,0,0,0,0,2024-06-22,2024-06-22
in_000000258524,9900,1,0,0,0,0,0,0,0,0,2024-06-20,2024-06-20
in_000000114767,299000,1,0,0,0,0,0,0,0,0,2024-06-12,2024-06-12
in_000000278538,9900,1,0,0,0,0,0,0,0,0,2024-06-08,2024-06-08
in_000000020630,79900,1,0,0,0,0,0,0,0,0,2024-06-12,2024-06-12
in_000000137536,99000,1,0,0,0,0,0,0,0,0,2024-06-08,2024-06-08
in_000000008611,79900,1,0,0,0,0,0,0,0,0,2024-06-18,2024-06-18
in_000000097200,29900,1,0,0,0,0,0,0,0,0,2024-06-11,2024-06-11
in_000000319021,29900,1,0,0,0,0,0,0,0,0,2024-06-05,2024-06-05
in_000000194922,199900,1,0,0,0,0,0,0,0,0,2024-06-10,2024-06-10
in_000000146151,199900,1,0,0,0,0,0,0,0,0,2024-06-06,2024-06-06
in_000000198409,9900,1,0,0,0,0,0,0,0,0,2024-06-14,2024-06-14
in_000000235657,9900,1,0,0,0,0,0,0,0,0,2024-06-23,2024-06-23
in_000000193780,9900,1,0,0,0,0,0,0,0,0,2024-06-03,2024-06-03
in_000000071468,29900,1,0,0,0,0,0,0,0,0,2024-06-20,2024-06-20
in_000000094226,79900,1,0,0,0,0,0,0,0,0,2024-06-19,2024-06-19
in_000000134745,29900,1,0,0,0,0,0,0,0,0,2024-06-07,2024-06-07
in_000000085468,9900,1,0,0,0,0,0,0,0,0,2024-06-06,2024-06-06
in_000000237533,199900,1,0,0,0,0,0,0,0,0,2024-06-18,2024-06-18
in_000000019958,9900,1,0,0,0,0,0,0,0,0,2024-06-08,2024-06-08
in_000000057258,9900,1,0,0,0,0,0,0,0,0,2024-06-13,2024-06-13
in_000000316369,9900,1,0,0,0,0,0,0,0,0,2024-06-04,2024-06-04
in_000000150629,29900,1,0,0,0,0,0,0,0,0,2024-06-19,2024-06-19
in_000000299034,9900,1,0,0,0,0,0,0,0,0,2024-06-20,2024-06-20
in_000000150607,9900,1,0,0,0,0,0,0,0,0,2024-06-15,2024-06-15
in_000000115077,9900,1,0,0,0,0,0,0,0,0,2024-06-09,2024-06-09
in_000000077960,9900,1,0,0,0,0,0,0,0,0,2024-06-11,2024-06-11
in_000000108744,9900,1,0,0,0,0,0,0,0,0,2024-06-23,2024-06-23
in_000000319410,179910,1,0,0,1,0,0,0,0,0,2024-06-08,2024-06-08
in_000000008715,9900,1,0,0,0,0,0,0,0,0,2024-06-21,2024-06-21
in_000000282284,29900,1,0,0,0,0,0,0,0,0,2024-06-06,2024-06-06
in_000000190369,29900,1,0,0,0,0,0,0,0,0,2024-06-22,2024-06-22
in_000000043642,29900,1,0,0,0,0,0,0,0,0,2024-06-22,2024-06-22
in_000000045068,199900,1,0,0,0,0,0,0,0,0,2024-06-03,2024-06-03
in_000000193335,79900,1,0,0,0,0,0,0,0,0,2024-06-24,2024-06-24
in_000000059948,79900,1,0,0,0,0,0,0,0,0,2024-06-17,2024-06-17
in_000000215805,199900,1,0,0,0,0,0,0,0,0,2024-06-18,2024-06-18
in_000000024761,9900,1,0,0,0,0,0,0,0,0,2024-06-06,2024-06-06
in_000000142468,9400,1,0,0,1,0,0,0,0,0,2024-06-24,2024-06-24
in_000000056290,79900,1,0,0,0,0,0,0,0,0,2024-07-05,2024-07-05
in_000000025452,79900,1,0,0,0,0,0,0,0,0,2024-06-06,2024-06-06
in_000000023429,29900,1,0,0,0,0,0,0,0,0,2024-06-07,2024-06-07
in_000000232544,9900,1,0,0,0,0,0,0,0,0,2024-06-23,2024-06-23
in_000000014693,29900,1,0,0,0,0,0,0,0,0,2024-06-12,2024-06-12
in_000000166129,9900,1,0,0,0,0,0,0,0,0,2024-06-23,2024-06-23
in_000000028257,29900,1,0,0,0,0,0,0,0,0,2024-06-10,2024-06-10
in_000000221479,4950,1,0,0,1,0,0,0,0,0,2024-06-16,2024-06-16
in_000000193068,99000,1,0,0,0,0,0,0,0,0,2024-06-17,2024-06-17
in_000000092017,79900,1,0,0,0,0,0,0,0,0,2024-06-14,2024-06-14
in_000000170421,9900,1,0,0,0,0,0,0,0,0,2024-06-17,2024-06-17
in_000000031336,79900,1,0,0,0,0,0,0,0,0,2024-06-05,2024-06-05
in_000000004439,29900,1,0,0,0,0,0,0,0,0,2024-06-21,2024-06-21
in_000000280852,29900,1,0,0,0,0,0,0,0,0,2024-06-13,2024-06-13
in_000000114903,9900,1,0,0,0,0,0,0,0,0,2024-06-04,2024-06-04
in_000000206501,29900,1,0,0,0,0,0,0,0,0,2024-06-23,2024-06-23
in_000000192014,9900,1,0,0,0,0,0,0,0,0,2024-06-19,2024-06-19
in_000000184626,29900,1,0,0,0,0,0,0,0,0,2024-06-17,2024-06-17
in_000000101854,199900,1,0,0,0,0,0,0,0,0,2024-06-06,2024-06-06
in_000000158381,9900,1,0,0,0,0,0,0,0,0,2024-06-11,2024-06-11
in_000000212909,9900,1,0,0,0,0,0,0,0,0,2024-06-24,2024-06-24
in_000000205178,79900,1,0,0,0,0,0,0,0,0,2024-06-06,2024-06-06
in_000000094907,29900,1,0,0,0,0,0,0,0,0,2024-06-13,2024-06-13
in_000000219465,79900,1,0,0,0,0,0,0,0,0,2024-06-05,2024-06-05
in_000000260570,79900,1,0,0,0,0,0,0,0,0,2024-06-08,2024-06-08
in_000000291668,9900,1,0,0,0,0,0,0,0,0,2024-06-17,2024-06-17
in_000000097146,9900,1,0,0,0,0,0,0,0,0,2024-06-06,2024-06-06
in_000000060898,29900,1,0,0,0,0,0,0,0,0,2024-06-21,2024-06-21
in_000000165546,199900,1,0,0,0,0,0,0,0,0,2024-06-13,2024-06-13
in_000000022192,9900,1,0,0,0,0,0,0,0,0,2024-06-13,2024-06-13
in_000000167314,29900,1,0,0,0,0,0,0,0,0,2024-06-24,2024-06-24
in_000000044412,199900,1,0,0,0,0,0,0,0,0,2024-06-16,2024-06-16
in_000000199708,79900,1,0,0,0,0,0,0,0,0,2024-06-09,2024-06-09
in_000000227150,29900,1,0,0,0,0,0,0,0,0,2024-06-09,2024-06-09
in_000000025875,79900,1,0,0,0,0,0,0,0,0,2024-06-22,2024-06-22
in_000000247466,9900,1,0,0,0,0,0,0,0,0,2024-06-10,2024-06-10
in_000000027023,9900,1,0,0,0,0,0,0,0,0,2024-06-09,2024-06-09
in_000000182879,29900,1,0,0,0,0,0,0,0,0,2024-06-07,2024-06-07
in_000000210705,79900,1,0,0,0,0,0,0,0,0,2024-06-17,2024-06-17
in_000000278507,29900,1,0,0,0,0,0,0,0,0,2024-06-23,2024-06-23
in_000000068312,29900,1,0,0,0,0,0,0,0,0,2024-06-07,2024-06-07
in_000000057647,9900,1,0,0,0,0,0,0,0,0,2024-06-18,2024-06-18
in_000000245756,9900,1,0,0,0,0,0,0,0,0,2024-06-04,2024-06-04
in_000000039168,99000,1,0,0,0,0,0,0,0,0,2024-06-22,2024-06-22
in_000000245280,9900,1,0,0,0,0,0,0,0,0,2024-06-09,2024-06-09
in_000000250203,79900,1,0,0,0,0,0,0,0,0,2024-06-08,2024-06-08
in_000000120018,9900,1,0,0,0,0,0,0,0,0,2024-06-11,2024-06-11
in_000000290234,79900,1,0,0,0,0,0,0,0,0,2024-06-22,2024-06-22
in_000000041473,9900,1,0,0,0,0,0,0,0,0,2024-06-12,2024-06-12
in_000000256559,9900,1,0,0,0,0,0,0,0,0,2024-06-16,2024-06-16
in_000000139951,199900,1,0,0,0,0,0,0,0,0,2024-06-15,2024-06-15
in_000000058243,29900,1,0,0,0,0,0,0,0,0,2024-06-15,2024-06-15
in_000000161709,199900,1,0,0,0,0,0,0,0,0,2024-06-22,2024-06-22
in_000000244697,9900,1,0,0,0,0,0,0,0,0,2024-06-18,2024-06-18
in_000000090049,79900,1,0,0,0,0,0,0,0,0,2024-06-25,2024-06-25
in_000000179067,79900,1,0,0,0,0,0,0,0,0,2024-06-14,2024-06-14
in_000000222305,99000,1,0,0,0,0,0,0,0,0,2024-06-18,2024-06-18
in_000000035434,9900,1,0,0,0,0,0,0,0,0,2024-06-23,2024-06-23
in_000000271798,8910,1,0,0,1,0,0,0,0,0,2024-06-17,2024-06-17
in_000000232299,29900,1,0,0,0,0,0,0,0,0,2024-06-11,2024-06-11
in_000000137364,9900,1,0,0,0,0,0,0,0,0,2024-06-22,2024-06-22
in_000000247544,29900,1,0,0,0,0,0,0,0,0,2024-06-10,2024-06-10
in_000000297541,199900,1,0,0,0,0,0,0,0,0,2024-06-19,2024-06-19
in_000000113586,29900,1,0,0,0,0,0,0,0,0,2024-06-10,2024-06-10
in_000000191342,9900,1,0,0,0,0,0,0,0,0,2024-06-19,2024-06-19
in_000000294754,9900,1,0,0,0,0,0,0,0,0,2024-06-15,2024-06-15
in_000000236272,9900,1,0,0,0,0,0,0,0,0,2024-06-04,2024-06-04
in_000000225605,29900,1,0,0,0,0,0,0,0,0,2024-06-13,2024-06-13
in_000000254556,9900,1,0,0,0,0,0,0,0,0,2024-06-20,2024-06-20
in_000000021366,79900,1,0,0,0,0,0,0,0,0,2024-06-21,2024-06-21
in_000000157906,9900,1,0,0,0,0,0,0,0,0,2024-06-05,2024-06-05
in_000000190918,79900,1,0,0,0,0,0,0,0,0,2024-06-07,2024-06-07
in_000000054163,9900,1,0,0,0,0,0,0,0,0,2024-06-19,2024-06-19
in_000000252735,9900,1,0,0,0,0,0,0,0,0,2024-06-25,2024-06-25
in_000000243833,29900,1,0,0,0,0,0,0,0,0,2024-06-05,2024-06-05
in_000000110017,9900,1,0,0,0,0,0,0,0,0,2024-06-06,2024-06-06
in_000000048921,79900,1,0,0,0,0,0,0,0,0,2024-06-18,2024-06-18
in_000000131010,79900,1,0,0,0,0,0,0,0,0,2024-06-07,2024-06-07
in_000000315239,79900,1,0,0,0,0,0,0,0,0,2024-06-21,2024-06-21
in_000000111740,9900,1,0,0,0,0,0,0,0,0,2024-06-07,2024-06-07
in_000000209060,29900,1,0,0,0,0,0,0,0,0,2024-06-19,2024-06-19
in_000000146785,199900,1,0,0,0,0,0,0,0,0,2024-06-19,2024-06-19
in_000000154875,79900,1,0,0,0,0,0,0,0,0,2024-06-25,2024-06-25
in_000000260546,39950,1,0,0,1,0,0,0,0,0,2024-06-23,2024-06-23
in_000000041201,9900,1,0,0,0,0,0,0,0,0,2024-06-09,2024-06-09
in_000000251698,9900,1,0,0,0,0,0,0,0,0,2024-06-23,2024-06-23
in_000000119852,29900,1,0,0,0,0,0,0,0,0,2024-06-16,2024-06-16
in_000000143728,29900,1,0,0,0,0,0,0,0,0,2024-06-17,2024-06-17
in_000000204280,29900,1,0,0,0,0,0,0,0,0,2024-06-14,2024-06-14
in_000000068082,79900,1,0,0,0,0,0,0,0,0,2024-06-12,2024-06-12
in_000000069274,9900,1,0,0,0,0,0,0,0,0,2024-06-19,2024-06-19
in_000000079010,79900,1,0,0,0,0,0,0,0,0,2024-06-17,2024-06-17
in_000000217558,799000,1,0,0,0,0,0,0,0,0,2024-06-08,2024-06-08
in_000000225260,9900,1,0,0,0,0,0,0,0,0,2024-06-05,2024-06-05
in_000000180513,9900,1,0,0,0,0,0,0,0,0,2024-06-13,2024-06-13
in_000000008425,299000,1,0,0,0,0,0,0,0,0,2024-06-20,2024-06-20
in_000000286484,799000,1,0,0,0,0,0,0,0,0,2024-06-11,2024-06-11
in_000000242307,9900,1,0,0,0,0,0,0,0,0,2024-06-22,2024-06-22
in_000000023207,29900,1,0,0,0,0,0,0,0,0,2024-06-21,2024-06-21
in_000000155793,9900,1,0,0,0,0,0,0,0,0,2024-06-12,2024-06-12
in_000000204316,29900,1,0,0,0,0,0,0,0,0,2024-06-16,2024-06-16
in_000000189952,26910,1,0,0,1,0,0,0,0,0,2024-06-18,2024-06-18
in_000000210149,9900,1,0,0,0,0,0,0,0,0,2024-06-08,2024-06-08
in_000000233504,79900,1,0,0,0,0,0,0,0,0,2024-06-20,2024-06-20
in_000000168840,9900,1,0,0,0,0,0,0,0,0,2024-06-20,2024-06-20
in_000000029259,9900,1,0,0,0,0,0,0,0,0,2024-06-08,2024-06-08
in_000000303292,9900,1,0,0,0,0,0,0,0,0,2024-06-19,2024-06-19
in_000000156088,29900,1,0,0,0,0,0,0,0,0,2024-06-06,2024-06-06
in_000000030065,9900,1,0,0,0,0,0,0,0,0,2024-06-09,2024-06-09
in_000000089492,29900,1,0,0,0,0,0,0,0,0,2024-06-16,2024-06-16
in_000000018113,79900,1,0,0,0,0,0,0,0,0,2024-06-13,2024-06-13
in_000000004993,29900,1,0,0,0,0,0,0,0,0,2024-06-17,2024-06-17
in_000000256692,9900,1,0,0,0,0,0,0,0,0,2024-06-22,2024-06-22
in_000000021969,79900,1,0,0,0,0,0,0,0,0,2024-06-18,2024-06-18
in_000000168476,29900,1,0,0,0,0,0,0,0,0,2024-06-18,2024-06-18
in_000000027840,99000,1,0,0,0,0,0,0,0,0,2024-06-12,2024-06-12
in_000000288756,29900,1,0,0,0,0,0,0,0,0,2024-06-08,2024-06-08
in_000000216312,99000,1,0,0,0,0,0,0,0,0,2024-06-13,2024-06-13
in_000000103108,9900,1,0,0,0,0,0,0,0,0,2024-06-12,2024-06-12
in_000000126176,9900,1,0,0,0,0,0,0,0,0,2024-06-05,2024-06-05
in_000000199914,29900,1,0,0,0,0,0,0,0,0,2024-06-22,2024-06-22
in_000000065987,9900,1,0,0,0,0,0,0,0,0,2024-06-22,2024-06-22
in_000000148701,29900,1,0,0,0,0,0,0,0,0,2024-06-20,2024-06-20
in_000000078449,79900,1,0,0,0,0,0,0,0,0,2024-06-07,2024-06-07
in_000000211650,9900,1,0,0,0,0,0,0,0,0,2024-06-18,2024-06-18
in_000000028652,79900,1,0,0,0,0,0,0,0,0,2024-06-17,2024-06-17
in_000000094300,29900,1,0,0,0,0,0,0,0,0,2024-06-23,2024-06-23
in_000000273224,799000,1,0,0,0,0,0,0,0,0,2024-06-15,2024-06-15
in_000000037544,29900,1,0,0,0,0,0,0,0,0,2024-06-07,2024-06-07
in_000000111707,79900,1,0,0,0,0,0,0,0,0,2024-06-23,2024-06-23
in_000000223471,9900,1,0,0,0,0,0,0,0,0,2024-06-22,2024-06-22
in_000000198774,29900,1,0,0,0,0,0,0,0,0,2024-06-16,2024-06-16
in_000000238076,9900,1,0,0,0,0,0,0,0,0,2024-06-17,2024-06-17
in_000000041877,29900,1,0,0,0,0,0,0,0,0,2024-06-18,2024-06-18
in_000000314616,9900,1,0,0,0,0,0,0,0,0,2024-06-07,2024-06-07
in_000000114018,9900,1,0,0,0,0,0,0,0,0,2024-06-24,2024-06-24
in_000000229968,9900,1,0,0,0,0,0,0,0,0,2024-06-11,2024-06-11
in_000000128147,29900,1,0,0,0,0,0,0,0,0,2024-06-15,2024-06-15
in_000000273368,9900,1,0,0,0,0,0,0,0,0,2024-06-21,2024-06-21
in_000000123251,29900,1,0,0,0,0,0,0,0,0,2024-06-13,2024-06-13
in_000000220140,799000,1,0,0,0,0,0,0,0,0,2024-06-16,2024-06-16
in_000000291139,8415,1,0,0,1,0,0,0,0,0,2024-06-11,2024-06-11
in_000000011715,29900,1,0,0,0,0,0,0,0,0,2024-06-20,2024-06-20
in_000000131313,9900,1,0,0,0,0,0,0,0,0,2024-06-25,2024-06-25
in_000000279845,29900,1,0,0,0,0,0,0,0,0,2024-06-09,2024-06-09
in_000000011404,9900,1,0,0,0,0,0,0,0,0,2024-06-22,2024-06-22
in_000000067922,9900,1,0,0,0,0,0,0,0,0,2024-06-21,2024-06-21
in_000000290423,29900,1,0,0,0,0,0,0,0,0,2024-06-14,2024-06-14
in_000000014567,9900,1,0,0,0,0,0,0,0,0,2024-06-11,2024-06-11
in_000000067827,29900,1,0,0,0,0,0,0,0,0,2024-06-05,2024-06-05
in_000000296583,22425,1,0,0,0,1,1,0,0,0,2024-06-06,2024-06-06
in_000000095088,9900,1,0,0,0,0,0,0,0,0,2024-06-23,2024-06-23
in_000000083531,29900,1,0,0,0,0,0,0,0,0,2024-06-24,2024-06-24
in_000000292190,9900,1,0,0,0,0,0,0,0,0,2024-06-10,2024-06-10
in_000000234643,9900,1,0,0,0,0,0,0,0,0,2024-06-23,2024-06-23
in_000000103012,9900,1,0,0,0,0,0,0,0,0,2024-06-14,2024-06-14
in_000000205703,9900,1,0,0,0,0,0,0,0,0,2024-06-17,2024-06-17
in_000000206900,29900,1,0,0,0,0,0,0,0,0,2024-06-21,2024-06-21
in_000000006502,9900,1,0,0,0,0,0,0,0,0,2024-06-06,2024-06-06
in_000000086564,9900,1,0,0,0,0,0,0,0,0,2024-06-14,2024-06-14
in_000000171657,29900,1,0,0,0,0,0,0,0,0,2024-06-19,2024-06-19
in_000000087262,29900,1,0,0,0,0,0,0,0,0,2024-06-24,2024-06-24
in_000000246450,99000,1,0,0,0,0,0,0,0,0,2024-06-11,2024-06-11
in_000000264749,29900,1,0,0,0,0,0,0,0,0,2024-06-11,2024-06-11
in_000000267117,29900,1,0,0,0,0,0,0,0,0,2024-06-08,2024-06-08
in_000000243474,29900,1,0,0,0,0,0,0,0,0,2024-06-16,2024-06-16
in_000000139635,9900,1,0,0,0,0,0,0,0,0,2024-06-24,2024-06-24
in_000000005494,199900,1,0,0,0,0,0,0,0,0,2024-06-23,2024-06-23
in_000000145452,799000,1,0,0,0,0,0,0,0,0,2024-06-07,2024-06-07
in_000000289066,9900,1,0,0,0,0,0,0,0,0,2024-06-08,2024-06-08
in_000000252779,199900,1,0,0,0,0,0,0,0,0,2024-06-09,2024-06-09
in_000000274795,9900,1,0,0,0,0,0,0,0,0,2024-06-23,2024-06-23
in_000000109945,9900,1,0,0,0,0,0,0,0,0,2024-06-04,2024-06-04
in_000000311127,79900,1,0,0,0,0,0,0,0,0,2024-06-17,2024-06-17
in_000000007677,1999000,1,0,0,0,0,0,0,0,0,2024-06-12,2024-06-12
in_000000078077,9900,1,0,0,0,0,0,0,0,0,2024-06-18,2024-06-18
in_000000201745,79900,1,0,0,0,0,0,0,0,0,2024-06-08,2024-06-08
in_000000030088,29900,1,0,0,0,0,0,0,0,0,2024-06-20,2024-06-20
in_000000300805,9900,1,0,0,0,0,0,0,0,0,2024-06-14,2024-06-14
in_000000311307,29900,1,0,0,0,0,0,0,0,0,2024-06-15,2024-06-15
in_000000068248,199900,1,0,0,0,0,0,0,0,0,2024-06-09,2024-06-09
in_000000231340,9900,1,0,0,0,0,0,0,0,0,2024-06-22,2024-06-22
in_000000112383,79900,1,0,0,0,0,0,0,0,0,2024-06-25,2024-06-25
in_000000308195,199900,1,0,0,0,0,0,0,0,0,2024-06-17,2024-06-17
in_000000255639,9900,1,0,0,0,0,0,0,0,0,2024-06-18,2024-06-18
in_000000191521,29900,1,0,0,0,0,0,0,0,0,2024-06-19,2024-06-19
in_000000039064,9900,1,0,0,0,0,0,0,0,0,2024-06-12,2024-06-12
in_000000217672,9900,1,0,0,0,0,0,0,0,0,2024-06-20,2024-06-20
in_000000264927,29900,1,0,0,0,0,0,0,0,0,2024-06-15,2024-06-15
in_000000003039,29900,1,0,0,0,0,0,0,0,0,2024-06-21,2024-06-21
in_000000106764,9900,1,0,0,0,0,0,0,0,0,2024-06-19,2024-06-19
in_000000111088,28405,1,0,0,1,0,0,0,0,0,2024-06-07,2024-06-07
in_000000096984,9900,1,0,0,0,0,0,0,0,0,2024-06-19,2024-06-19
in_000000101429,199900,1,0,0,0,0,0,0,0,0,2024-06-21,2024-06-21
in_000000228128,0,1,0,0,0,1,1,0,0,0,2024-06-05,2024-06-05
in_000000318150,9900,1,0,0,0,0,0,0,0,0,2024-06-09,2024-06-09
in_000000314458,29900,1,0,0,0,0,0,0,0,0,2024-06-07,2024-06-07
in_000000138699,29900,1,0,0,0,0,0,0,0,0,2024-06-19,2024-06-19
in_000000300206,9900,1,0,0,0,0,0,0,0,0,2024-06-25,2024-06-25
in_000000101521,29900,1,0,0,0,0,0,0,0,0,2024-06-04,2024-06-04
in_000000245084,9900,1,0,0,0,0,0,0,0,0,2024-06-26,2024-06-26
in_000000300325,99000,1,0,0,0,0,0,0,0,0,2024-06-17,2024-06-17
in_000000087489,79900,1,0,0,0,0,0,0,0,0,2024-06-16,2024-06-16
in_000000076115,29900,1,0,0,0,0,0,0,0,0,2024-06-13,2024-06-13
in_000000065325,9900,1,0,0,0,0,0,0,0,0,2024-06-13,2024-06-13
in_000000014808,9900,1,0,0,0,0,0,0,0,0,2024-06-08,2024-06-08
in_000000302510,9900,1,0,0,0,0,0,0,0,0,2024-06-12,2024-06-12
in_000000259441,9900,1,0,0,0,0,0,0,0,0,2024-06-12,2024-06-12
in_000000004474,9900,1,0,0,0,0,0,0,0,0,2024-06-18,2024-06-18
in_000000161122,29900,1,0,0,0,0,0,0,0,0,2024-06-22,2024-06-22
in_000000201624,79900,1,0,0,0,0,0,0,0,0,2024-06-18,2024-06-18
in_000000282903,9900,1,0,0,0,0,0,0,0,0,2024-06-04,2024-06-04
in_000000002834,79900,1,0,0,0,0,0,0,0,0,2024-06-23,2024-06-23
in_000000094459,9900,1,0,0,0,0,0,0,0,0,2024-06-18,2024-06-18
in_000000239305,9900,1,0,0,0,0,0,0,0,0,2024-06-24,2024-06-24
in_000000203787,29900,1,0,0,0,0,0,0,0,0,2024-06-05,2024-06-05
in_000000046521,9900,1,0,0,0,0,0,0,0,0,2024-06-20,2024-06-20
in_000000206453,9900,1,0,0,0,0,0,0,0,0,2024-06-16,2024-06-16
in_000000099496,799000,1,0,0,0,0,0,0,0,0,2024-06-20,2024-06-20
in_000000028990,29900,1,0,0,0,0,0,0,0,0,2024-06-09,2024-06-09
in_000000103070,9900,1,0,0,0,0,0,0,0,0,2024-06-23,2024-06-23
in_000000060039,9900,1,0,0,0,0,0,0,0,0,2024-06-18,2024-06-18
in_000000123269,9900,1,0,0,0,0,0,0,0,0,2024-06-05,2024-06-05
in_000000184114,29900,1,0,0,0,0,0,0,0,0,2024-06-15,2024-06-15
in_000000135146,29900,1,0,0,0,0,0,0,0,0,2024-06-07,2024-06-07
in_000000008543,29900,1,0,0,0,0,0,0,0,0,2024-06-17,2024-06-17
in_000000236217,9900,1,0,0,0,0,0,0,0,0,2024-06-23,2024-06-23
in_000000257908,299000,1,0,0,0,0,0,0,0,0,2024-06-10,2024-06-10
in_000000048998,9900,1,0,0,0,0,0,0,0,0,2024-06-16,2024-06-16
in_000000065747,29900,1,0,0,0,0,0,0,0,0,2024-06-12,2024-06-12
in_000000052403,79900,1,0,0,0,0,0,0,0,0,2024-06-09,2024-06-09
in_000000096376,29900,1,0,0,0,0,0,0,0,0,2024-06-22,2024-06-22
in_000000123189,29900,1,0,0,0,0,0,0,0,0,2024-06-26,2024-06-26
in_000000137388,29900,1,0,0,0,0,0,0,0,0,2024-06-12,2024-06-12
in_000000111490,29900,1,0,0,0,0,0,0,0,0,2024-06-12,2024-06-12
in_000000121233,79900,1,0,0,0,0,0,0,0,0,2024-06-13,2024-06-13
in_000000247253,79900,1,0,0,0,0,0,0,0,0,2024-06-11,2024-06-11
in_000000045149,79900,1,0,0,0,0,0,0,0,0,2024-06-23,2024-06-23
in_000000213576,9900,1,0,0,0,0,0,0,0,0,2024-06-18,2024-06-18
in_000000220209,79900,1,0,0,0,0,0,0,0,0,2024-06-24,2024-06-24
in_000000205154,199900,1,0,0,0,0,0,0,0,0,2024-06-06,2024-06-06
in_000000252843,29900,1,0,0,0,0,0,0,0,0,2024-06-08,2024-06-08
in_000000045009,9900,1,0,0,0,0,0,0,0,0,2024-06-15,2024-06-15
in_000000279252,29900,1,0,0,0,0,0,0,0,0,2024-06-09,2024-06-09
in_000000259738,29900,1,0,0,0,0,0,0,0,0,2024-06-05,2024-06-05
in_000000270565,199900,1,0,0,0,0,0,0,0,0,2024-06-08,2024-06-08
in_000000130522,79900,1,0,0,0,0,0,0,0,0,2024-06-09,2024-06-09
in_000000263749,9900,1,0,0,0,0,0,0,0,0,2024-06-22,2024-06-22
in_000000310410,9900,1,0,0,0,0,0,0,0,0,2024-06-15,2024-06-15
in_000000125063,9900,1,0,0,0,0,0,0,0,0,2024-06-23,2024-06-23
in_000000285825,79900,1,0,0,0,0,0,0,0,0,2024-06-15,2024-06-15
in_000000280220,799000,1,0,0,0,0,0,0,0,0,2024-06-07,2024-06-07
in_000000249724,8900,1,0,0,1,0,0,0,0,0,2024-06-17,2024-06-17
in_000000214496,199900,1,0,0,0,0,0,0,0,0,2024-06-11,2024-06-11
in_000000313483,29900,1,0,0,0,0,0,0,0,0,2024-06-13,2024-06-13
in_000000300779,79900,1,0,0,0,0,0,0,0,0,2024-06-20,2024-06-20
in_000000245067,9900,1,0,0,0,0,0,0,0,0,2024-06-22,2024-06-22
in_000000027381,79900,1,0,0,0,0,0,0,0,0,2024-06-22,2024-06-22
in_000000276895,29900,1,0,0,0,0,0,0,0,0,2024-06-13,2024-06-13
in_000000021287,9900,1,0,0,0,0,0,0,0,0,2024-06-08,2024-06-08
in_000000241412,9900,1,0,0,0,0,0,0,0,0,2024-06-24,2024-06-24
in_000000063071,9900,1,0,0,0,0,0,0,0,0,2024-06-17,2024-06-17
in_000000239239,199900,1,0,0,0,0,0,0,0,0,2024-06-15,2024-06-15
in_000000256210,99000,1,0,0,0,0,0,0,0,0,2024-06-20,2024-06-20
in_000000305827,29900,1,0,0,0,0,0,0,0,0,2024-06-10,2024-06-10
in_000000001384,199900,1,0,0,0,0,0,0,0,0,2024-06-05,2024-06-05
in_000000140858,79900,1,0,0,0,0,0,0,0,0,2024-06-21,2024-06-21
in_000000276658,29900,1,0,0,0,0,0,0,0,0,2024-06-12,2024-06-12
in_000000184399,99000,1,0,0,0,0,0,0,0,0,2024-06-22,2024-06-22
in_000000030375,29900,1,0,0,0,0,0,0,0,0,2024-06-07,2024-06-07
in_000000117270,29900,1,0,0,0,0,0,0,0,0,2024-06-18,2024-06-18
in_000000297884,9900,1,0,0,0,0,0,0,0,0,2024-06-22,2024-06-22
in_000000054154,29900,1,0,0,0,0,0,0,0,0,2024-06-13,2024-06-13
in_000000009367,199900,1,0,0,0,0,0,0,0,0,2024-06-19,2024-06-19
in_000000018627,79900,1,0,0,0,0,0,0,0,0,2024-06-14,2024-06-14
in_000000007732,29900,1,0,0,0,0,0,0,0,0,2024-06-25,2024-06-25
in_000000002555,79900,1,0,0,0,0,0,0,0,0,2024-06-23,2024-06-23
in_000000203597,9900,1,0,0,0,0,0,0,0,0,2024-06-23,2024-06-23
in_000000179615,29900,1,0,0,0,0,0,0,0,0,2024-06-23,2024-06-23
in_000000042047,9900,1,0,0,0,0,0,0,0,0,2024-06-10,2024-06-10
in_000000174845,9900,1,0,0,0,0,0,0,0,0,2024-06-25,2024-06-25
in_000000045962,29900,1,0,0,0,0,0,0,0,0,2024-06-22,2024-06-22
in_000000142640,29900,1,0,0,0,0,0,0,0,0,2024-06-13,2024-06-13
in_000000293089,29900,1,0,0,0,0,0,0,0,0,2024-06-03,2024-06-03
in_000000112418,29900,1,0,0,0,0,0,0,0,0,2024-06-12,2024-06-12
in_000000150231,29900,1,0,0,0,0,0,0,0,0,2024-06-11,2024-06-11
in_000000029608,29900,1,0,0,0,0,0,0,0,0,2024-06-23,2024-06-23
in_000000184638,299000,1,0,0,0,0,0,0,0,0,2024-06-21,2024-06-21
in_000000179107,29900,1,0,0,0,0,0,0,0,0,2024-06-17,2024-06-17
in_000000308640,9900,1,0,0,0,0,0,0,0,0,2024-06-17,2024-06-17
in_000000118277,9900,1,0,0,0,0,0,0,0,0,2024-06-11,2024-06-11
in_000000199880,9900,1,0,0,0,0,0,0,0,0,2024-06-12,2024-06-12
in_000000142382,79900,1,0,0,0,0,0,0,0,0,2024-06-18,2024-06-18
in_000000219065,9900,1,0,0,0,0,0,0,0,0,2024-06-09,2024-06-09
in_000000062113,9900,1,0,0,0,0,0,0,0,0,2024-06-22,2024-06-22
in_000000155320,29900,1,0,0,0,0,0,0,0,0,2024-06-10,2024-06-10
in_000000228621,9900,1,0,0,0,0,0,0,0,0,2024-06-07,2024-06-07
in_000000086007,9900,1,0,0,0,0,0,0,0,0,2024-06-10,2024-06-10
in_000000206737,29900,1,0,0,0,0,0,0,0,0,2024-06-07,2024-06-07
in_000000044801,9900,1,0,0,0,0,0,0,0,0,2024-06-14,2024-06-14
in_000000193128,9900,1,0,0,0,0,0,0,0,0,2024-06-19,2024-06-19
in_000000222296,29900,1,0,0,0,0,0,0,0,0,2024-06-12,2024-06-12
in_000000064424,9900,1,0,0,0,0,0,0,0,0,2024-06-12,2024-06-12
in_000000215743,299000,1,0,0,0,0,0,0,0,0,2024-06-16,2024-06-16
in_000000102206,29900,1,0,0,0,0,0,0,0,0,2024-06-18,2024-06-18
in_000000034108,29900,1,0,0,0,0,0,0,0,0,2024-06-20,2024-06-20
in_000000290525,29900,1,0,0,0,0,0,0,0,0,2024-06-25,2024-06-25
in_000000178172,79900,1,0,0,0,0,0,0,0,0,2024-06-12,2024-06-12
in_000000217621,29900,1,0,0,0,0,0,0,0,0,2024-06-18,2024-06-18
in_000000184577,29900,1,0,0,0,0,0,0,0,0,2024-06-22,2024-06-22
in_000000000990,9900,1,0,0,0,0,0,0,0,0,2024-06-05,2024-06-05
in_000000072138,199900,1,0,0,0,0,0,0,0,0,2024-06-13,2024-06-13
in_000000264538,9900,1,0,0,0,0,0,0,0,0,2024-06-05,2024-06-05
in_000000266735,29900,1,0,0,0,0,0,0,0,0,2024-06-21,2024-06-21
in_000000248478,9900,1,0,0,0,0,0,0,0,0,2024-06-06,2024-06-06
in_000000167671,9900,1,0,0,0,0,0,0,0,0,2024-06-13,2024-06-13
in_000000067101,9900,1,0,0,0,0,0,0,0,0,2024-06-26,2024-06-26
in_000000065719,28405,1,0,0,1,0,0,0,0,0,2024-06-05,2024-06-05
in_000000248827,29900,1,0,0,0,0,0,0,0,0,2024-06-19,2024-06-19
in_000000110986,29900,1,0,0,0,0,0,0,0,0,2024-06-10,2024-06-10
in_000000134932,9900,1,0,0,0,0,0,0,0,0,2024-06-13,2024-06-13
in_000000094281,9900,1,0,0,0,0,0,0,0,0,2024-06-03,2024-06-03
in_000000156024,9900,1,0,0,0,0,0,0,0,0,2024-06-15,2024-06-15
in_000000290110,29900,1,0,0,0,0,0,0,0,0,2024-06-09,2024-06-09
in_000000012982,79900,1,0,0,0,0,0,0,0,0,2024-06-05,2024-06-05
in_000000051783,9900,1,0,0,0,0,0,0,0,0,2024-06-14,2024-06-14
in_000000195422,199900,1,0,0,0,0,0,0,0,0,2024-07-05,2024-07-05
in_000000231414,29900,1,0,0,0,0,0,0,0,0,2024-06-23,2024-06-23
in_000000191764,9900,1,0,0,0,0,0,0,0,0,2024-06-18,2024-06-18
in_000000144197,29900,1,0,0,0,0,0,0,0,0,2024-06-09,2024-06-09
in_000000103968,284050,1,0,0,1,0,0,0,0,0,2024-06-23,2024-06-23
in_000000256132,9900,1,0,0,0,0,0,0,0,0,2024-06-15,2024-06-15
in_000000026035,9900,1,0,0,0,0,0,0,0,0,2024-06-05,2024-06-05
in_000000173677,199900,1,0,0,0,0,0,0,0,0,2024-06-07,2024-06-07
in_000000052170,29900,1,0,0,0,0,0,0,0,0,2024-06-09,2024-06-09
in_000000242142,9900,1,0,0,0,0,0,0,0,0,2024-06-16,2024-06-16
in_000000275637,9900,1,0,0,0,0,0,0,0,0,2024-06-05,2024-06-05
in_000000315980,9900,1,0,0,0,0,0,0,0,0,2024-06-09,2024-06-09
in_000000150866,99000,1,0,0,0,0,0,0,0,0,2024-06-22,2024-06-22
in_000000035000,29900,1,0,0,0,0,0,0,0,0,2024-06-21,2024-06-21
in_000000064201,9900,1,0,0,0,0,0,0,0,0,2024-06-04,2024-06-04
in_000000053901,9900,1,0,0,0,0,0,0,0,0,2024-06-11,2024-06-11
in_000000017610,9900,1,0,0,0,0,0,0,0,0,2024-06-11,2024-06-11
in_000000188432,79900,1,0,0,0,0,0,0,0,0,2024-06-19,2024-06-19
in_000000175908,9900,1,0,0,0,0,0,0,0,0,2024-06-06,2024-06-06
in_000000104259,29900,1,0,0,0,0,0,0,0,0,2024-06-17,2024-06-17
in_000000100405,9900,1,0,0,0,0,0,0,0,0,2024-06-16,2024-06-16
in_000000219751,9900,1,0,0,0,0,0,0,0,0,2024-06-13,2024-06-13
in_000000265095,9900,1,0,0,0,0,0,0,0,0,2024-06-08,2024-06-08
in_000000162659,29900,1,0,0,0,0,0,0,0,0,2024-06-09,2024-06-09
in_000000109182,79900,1,0,0,0,0,0,0,0,0,2024-06-20,2024-06-20
in_000000150957,9900,1,0,0,0,0,0,0,0,0,2024-06-25,2024-06-25
in_000000246525,9900,1,0,0,0,0,0,0,0,0,2024-06-15,2024-06-15
in_000000036182,79900,1,0,0,0,0,0,0,0,0,2024-06-22,2024-06-22
in_000000256080,29900,1,0,0,0,0,0,0,0,0,2024-06-21,2024-06-21
in_000000127162,9900,1,0,0,0,0,0,0,0,0,2024-06-19,2024-06-19
in_000000206084,29900,1,0,0,0,0,0,0,0,0,2024-06-21,2024-06-21
in_000000260965,9900,1,0,0,0,0,0,0,0,0,2024-06-23,2024-06-23
in_000000015519,79900,1,0,0,0,0,0,0,0,0,2024-06-11,2024-06-11
in_000000237488,9900,1,0,0,0,0,0,0,0,0,2024-06-13,2024-06-13
in_000000202208,79900,1,0,0,0,0,0,0,0,0,2024-06-17,2024-06-17
in_000000193716,9900,1,0,0,0,0,0,0,0,0,2024-06-25,2024-06-25
in_000000117344,299000,1,0,0,0,0,0,0,0,0,2024-06-21,2024-06-21
in_000000300353,9900,1,0,0,0,0,0,0,0,0,2024-06-15,2024-06-15
in_000000239647,199900,1,0,0,0,0,0,0,0,0,2024-06-18,2024-06-18
in_000000278841,9900,1,0,0,0,0,0,0,0,0,2024-06-24,2024-06-24
in_000000055609,9900,1,0,0,0,0,0,0,0,0,2024-06-20,2024-06-20
in_000000134807,9900,1,0,0,0,0,0,0,0,0,2024-06-18,2024-06-18
in_000000086215,29900,1,0,0,0,0,0,0,0,0,2024-06-12,2024-06-12
in_000000013179,9900,1,0,0,0,0,0,0,0,0,2024-06-25,2024-06-25
in_000000134583,9900,1,0,0,0,0,0,0,0,0,2024-06-20,2024-06-20
in_000000291346,299000,1,0,0,0,0,0,0,0,0,2024-06-18,2024-06-18
in_000000097622,29900,1,0,0,0,0,0,0,0,0,2024-06-20,2024-06-20
in_000000030273,29900,1,0,0,0,0,0,0,0,0,2024-06-23,2024-06-23
in_000000100832,29900,1,0,0,0,0,0,0,0,0,2024-06-05,2024-06-05
in_000000122002,9900,1,0,0,0,0,0,0,0,0,2024-06-07,2024-06-07
in_000000215829,29900,1,0,0,0,0,0,0,0,0,2024-06-07,2024-06-07
in_000000172041,9900,1,0,0,0,0,0,0,0,0,2024-06-13,2024-06-13
in_000000028383,29900,1,0,0,0,0,0,0,0,0,2024-06-09,2024-06-09
in_000000250734,29900,1,0,0,0,0,0,0,0,0,2024-06-12,2024-06-12
in_000000221281,9900,1,0,0,0,0,0,0,0,0,2024-06-13,2024-06-13
in_000000070234,79900,1,0,0,0,0,0,0,0,0,2024-06-18,2024-06-18
in_000000278387,29900,1,0,0,0,0,0,0,0,0,2024-06-07,2024-06-07
in_000000305970,29900,1,0,0,0,0,0,0,0,0,2024-06-07,2024-06-07
in_000000213614,99000,1,0,0,0,0,0,0,0,0,2024-06-10,2024-06-10
in_000000040478,9900,1,0,0,0,0,0,0,0,0,2024-06-09,2024-06-09
in_000000296698,79900,1,0,0,0,0,0,0,0,0,2024-06-22,2024-06-22
in_000000287871,79900,1,0,0,0,0,0,0,0,0,2024-06-14,2024-06-14
in_000000164655,9900,1,0,0,0,0,0,0,0,0,2024-06-03,2024-06-03
in_000000014050,29900,1,0,0,0,0,0,0,0,0,2024-06-14,2024-06-14
in_000000247620,29900,1,0,0,0,0,0,0,0,0,2024-06-12,2024-06-12
in_000000249646,299000,1,0,0,0,0,0,0,0,0,2024-06-13,2024-06-13
in_000000188653,29900,1,0,0,0,0,0,0,0,0,2024-06-13,2024-06-13
in_000000287051,9900,1,0,0,0,0,0,0,0,0,2024-06-26,2024-06-26
in_000000067382,9900,1,0,0,0,0,0,0,0,0,2024-06-12,2024-06-12
in_000000023962,79900,1,0,0,0,0,0,0,0,0,2024-06-21,2024-06-21
in_000000252753,29900,1,0,0,0,0,0,0,0,0,2024-06-08,2024-06-08
in_000000086105,9900,1,0,0,0,0,0,0,0,0,2024-06-08,2024-06-08
in_000000216972,9900,1,0,0,0,0,0,0,0,0,2024-06-11,2024-06-11
in_000000265745,79900,1,0,0,0,0,0,0,0,0,2024-06-16,2024-06-16
in_000000146559,79900,1,0,0,0,0,0,0,0,0,2024-06-06,2024-06-06
in_000000258062,9900,1,0,0,0,0,0,0,0,0,2024-06-19,2024-06-19
in_000000134524,199900,1,0,0,0,0,0,0,0,0,2024-06-20,2024-06-20
in_000000252877,9900,1,0,0,0,0,0,0,0,0,2024-06-10,2024-06-10
in_000000000748,29900,1,0,0,0,0,0,0,0,0,2024-06-06,2024-06-06
in_000000163940,29900,1,0,0,0,0,0,0,0,0,2024-06-21,2024-06-21
in_000000163545,29900,1,0,0,0,0,0,0,0,0,2024-06-26,2024-06-26
in_000000118318,29900,1,0,0,0,0,0,0,0,0,2024-06-15,2024-06-15
in_000000203222,9900,1,0,0,0,0,0,0,0,0,2024-06-19,2024-06-19
in_000000015774,8415,1,0,0,1,0,0,0,0,0,2024-06-14,2024-06-14
in_000000317756,29900,1,0,0,0,0,0,0,0,0,2024-06-17,2024-06-17
in_000000142623,9900,1,0,0,0,0,0,0,0,0,2024-06-12,2024-06-12
in_000000300558,9900,1,0,0,0,0,0,0,0,0,2024-06-18,2024-06-18
in_000000054715,9900,1,0,0,0,0,0,0,0,0,2024-06-14,2024-06-14
in_000000103794,9900,1,0,0,0,0,0,0,0,0,2024-06-16,2024-06-16
in_000000171299,9900,1,0,0,0,0,0,0,0,0,2024-06-23,2024-06-23
in_000000246359,199900,1,0,0,0,0,0,0,0,0,2024-06-20,2024-06-20
in_000000320097,79900,1,0,0,0,0,0,0,0,0,2024-06-16,2024-06-16
in_000000167999,99000,1,0,0,0,0,0,0,0,0,2024-06-10,2024-06-10
in_000000101866,9900,1,0,0,0,0,0,0,0,0,2024-06-24,2024-06-24
in_000000041011,29900,1,0,0,0,0,0,0,0,0,2024-06-09,2024-06-09
in_000000037871,9900,1,0,0,0,0,0,0,0,0,2024-06-09,2024-06-09
in_000000031059,199900,1,0,0,0,0,0,0,0,0,2024-06-12,2024-06-12
in_000000048892,9900,1,0,0,0,0,0,0,0,0,2024-06-05,2024-06-05
in_000000219303,9900,1,0,0,0,0,0,0,0,0,2024-06-22,2024-06-22
in_000000283725,29900,1,0,0,0,0,0,0,0,0,2024-06-14,2024-06-14
in_000000074834,29900,1,0,0,0,0,0,0,0,0,2024-06-18,2024-06-18
in_000000053601,29900,1,0,0,0,0,0,0,0,0,2024-06-23,2024-06-23
in_000000318879,9900,1,0,0,0,0,0,0,0,0,2024-06-04,2024-06-04
in_000000050576,9900,1,0,0,0,0,0,0,0,0,2024-06-22,2024-06-22
in_000000088825,9900,1,0,0,0,0,0,0,0,0,2024-06-07,2024-06-07
in_000000049074,9900,1,0,0,0,0,0,0,0,0,2024-06-12,2024-06-12
in_000000199617,9900,1,0,0,0,0,0,0,0,0,2024-06-16,2024-06-16
in_000000073371,29900,1,0,0,0,0,0,0,0,0,2024-06-14,2024-06-14
in_000000022022,9900,1,0,0,0,0,0,0,0,0,2024-06-20,2024-06-20
in_000000219001,79900,1,0,0,0,0,0,0,0,0,2024-06-22,2024-06-22
in_000000132006,9900,1,0,0,0,0,0,0,0,0,2024-06-18,2024-06-18
in_000000267194,9900,1,0,0,0,0,0,0,0,0,2024-06-20,2024-06-20
in_000000138231,9900,1,0,0,0,0,0,0,0,0,2024-06-14,2024-06-14
in_000000234127,29900,1,0,0,0,0,0,0,0,0,2024-06-04,2024-06-04
in_000000312519,79900,1,0,0,0,0,0,0,0,0,2024-06-04,2024-06-04
in_000000294808,29900,1,0,0,0,0,0,0,0,0,2024-06-08,2024-06-08
in_000000101511,29900,1,0,0,0,0,0,0,0,0,2024-06-22,2024-06-22
in_000000176480,99000,1,0,0,0,0,0,0,0,0,2024-06-13,2024-06-13
in_000000281426,199900,1,0,0,0,0,0,0,0,0,2024-06-08,2024-06-08
in_000000075682,299000,1,0,0,0,0,0,0,0,0,2024-06-19,2024-06-19
in_000000238719,9900,1,0,0,0,0,0,0,0,0,2024-06-24,2024-06-24
in_000000292125,29900,1,0,0,0,0,0,0,0,0,2024-06-24,2024-06-24
in_000000313877,9900,1,0,0,0,0,0,0,0,0,2024-06-14,2024-06-14
in_000000197443,29900,1,0,0,0,0,0,0,0,0,2024-06-05,2024-06-05
in_000000039984,79900,1,0,0,0,0,0,0,0,0,2024-06-18,2024-06-18
in_000000188280,9900,1,0,0,0,0,0,0,0,0,2024-06-08,2024-06-08
in_000000164600,29900,1,0,0,0,0,0,0,0,0,2024-06-24,2024-06-24
in_000000040033,9900,1,0,0,0,0,0,0,0,0,2024-06-15,2024-06-15
in_000000286972,9900,1,0,0,0,0,0,0,0,0,2024-06-16,2024-06-16
in_000000115450,29900,1,0,0,0,0,0,0,0,0,2024-06-15,2024-06-15
in_000000254027,9900,1,0,0,0,0,0,0,0,0,2024-06-14,2024-06-14
in_000000208335,79900,1,0,0,0,0,0,0,0,0,2024-06-12,2024-06-12
in_000000118753,9900,1,0,0,0,0,0,0,0,0,2024-06-16,2024-06-16
in_000000147707,29900,1,0,0,0,0,0,0,0,0,2024-06-10,2024-06-10
in_000000271890,29900,1,0,0,0,0,0,0,0,0,2024-06-23,2024-06-23
in_000000140767,29900,1,0,0,0,0,0,0,0,0,2024-06-19,2024-06-19
in_000000110191,9900,1,0,0,0,0,0,0,0,0,2024-06-06,2024-06-06
in_000000050519,9900,1,0,0,0,0,0,0,0,0,2024-06-20,2024-06-20
in_000000070745,14950,1,0,0,1,0,0,0,0,0,2024-06-08,2024-06-08
in_000000320933,99000,1,0,0,0,0,0,0,0,0,2024-06-20,2024-06-20
in_000000243845,29900,1,0,0,0,0,0,0,0,0,2024-06-06,2024-06-06
in_000000174322,799000,1,0,0,0,0,0,0,0,0,2024-06-11,2024-06-11
in_000000156032,99000,1,0,0,0,0,0,0,0,0,2024-06-20,2024-06-20
in_000000152446,29900,1,0,0,0,0,0,0,0,0,2024-06-25,2024-06-25
in_000000050468,29900,1,0,0,0,0,0,0,0,0,2024-06-19,2024-06-19
in_000000218460,9900,1,0,0,0,0,0,0,0,0,2024-06-10,2024-06-10
in_000000257380,9900,1,0,0,0,0,0,0,0,0,2024-06-16,2024-06-16
in_000000113246,79900,1,0,0,0,0,0,0,0,0,2024-06-06,2024-06-06
in_000000206384,29900,1,0,0,0,0,0,0,0,0,2024-06-03,2024-06-03
in_000000254779,9900,1,0,0,0,0,0,0,0,0,2024-06-05,2024-06-05
in_000000257922,199900,1,0,0,0,0,0,0,0,0,2024-06-16,2024-06-16
in_000000078572,9900,1,0,0,0,0,0,0,0,0,2024-06-08,2024-06-08
in_000000261681,9900,1,0,0,0,0,0,0,0,0,2024-06-11,2024-06-11
in_000000059267,9900,1,0,0,0,0,0,0,0,0,2024-06-23,2024-06-23
in_000000217393,9900,1,0,0,0,0,0,0,0,0,2024-06-07,2024-06-07
in_000000276556,9900,1,0,0,0,0,0,0,0,0,2024-06-09,2024-06-09
in_000000183902,9900,1,0,0,0,0,0,0,0,0,2024-06-13,2024-06-13
in_000000253336,9900,1,0,0,0,0,0,0,0,0,2024-06-16,2024-06-16
in_000000083145,79900,1,0,0,0,0,0,0,0,0,2024-06-20,2024-06-20
in_000000052300,29900,1,0,0,0,0,0,0,0,0,2024-06-22,2024-06-22
in_000000317139,9900,1,0,0,0,0,0,0,0,0,2024-06-05,2024-06-05
in_000000270097,9900,1,0,0,0,0,0,0,0,0,2024-06-08,2024-06-08
in_000000066188,79900,1,0,0,0,0,0,0,0,0,2024-06-19,2024-06-19
in_000000154034,299000,1,0,0,0,0,0,0,0,0,2024-06-16,2024-06-16
in_000000099630,79900,1,0,0,0,0,0,0,0,0,2024-06-10,2024-06-10
in_000000076632,79900,1,0,0,0,0,0,0,0,0,2024-06-14,2024-06-14
in_000000029118,9900,1,0,0,0,0,0,0,0,0,2024-06-12,2024-06-12
in_000000086982,9900,1,0,0,0,0,0,0,0,0,2024-06-23,2024-06-23
in_000000299320,199900,1,0,0,0,0,0,0,0,0,2024-06-04,2024-06-04
in_000000239814,799000,1,0,0,0,0,0,0,0,0,2024-06-09,2024-06-09
in_000000308526,29900,1,0,0,0,0,0,0,0,0,2024-06-14,2024-06-14
in_000000257328,9900,1,0,0,0,0,0,0,0,0,2024-06-04,2024-06-04
in_000000064753,29900,1,0,0,0,0,0,0,0,0,2024-06-12,2024-06-12
in_000000306183,9900,1,0,0,0,0,0,0,0,0,2024-06-07,2024-06-07
in_000000017761,79900,1,0,0,0,0,0,0,0,0,2024-06-11,2024-06-11
in_000000086076,29900,1,0,0,0,0,0,0,0,0,2024-06-16,2024-06-16
in_000000299442,9900,1,0,0,0,0,0,0,0,0,2024-06-12,2024-06-12
in_000000280212,29900,1,0,0,0,0,0,0,0,0,2024-06-25,2024-06-25
in_000000315751,199900,1,0,0,0,0,0,0,0,0,2024-06-03,2024-06-03
in_000000263274,9900,1,0,0,0,0,0,0,0,0,2024-06-14,2024-06-14
in_000000245842,9900,1,0,0,0,0,0,0,0,0,2024-06-22,2024-06-22
in_000000018068,9900,1,0,0,0,0,0,0,0,0,2024-06-06,2024-06-06
in_000000280597,199900,1,0,0,0,0,0,0,0,0,2024-06-21,2024-06-21
in_000000047035,29900,1,0,0,0,0,0,0,0,0,2024-06-18,2024-06-18
in_000000087640,299000,1,0,0,0,0,0,0,0,0,2024-06-14,2024-06-14
in_000000049934,29900,1,0,0,0,0,0,0,0,0,2024-06-11,2024-06-11
in_000000080185,199900,1,0,0,0,0,0,0,0,0,2024-06-13,2024-06-13
in_000000125319,9900,1,0,0,0,0,0,0,0,0,2024-06-22,2024-06-22
in_000000126845,79900,1,0,0,0,0,0,0,0,0,2024-06-08,2024-06-08
in_000000110402,29900,1,0,0,0,0,0,0,0,0,2024-06-05,2024-06-05
in_000000277905,9900,1,0,0,0,0,0,0,0,0,2024-06-14,2024-06-14
in_000000246615,9900,1,0,0,0,0,0,0,0,0,2024-06-22,2024-06-22
in_000000134915,79900,1,0,0,0,0,0,0,0,0,2024-06-22,2024-06-22
in_000000147220,9900,1,0,0,0,0,0,0,0,0,2024-06-06,2024-06-06
in_000000165385,9900,1,0,0,0,0,0,0,0,0,2024-06-22,2024-06-22
in_000000005193,9900,1,0,0,0,0,0,0,0,0,2024-06-08,2024-06-08
in_000000145238,29900,1,0,0,0,0,0,0,0,0,2024-06-17,2024-06-17
in_000000308310,9900,1,0,0,0,0,0,0,0,0,2024-06-19,2024-06-19
in_000000101457,29900,1,0,0,0,0,0,0,0,0,2024-06-12,2024-06-12
in_000000035039,99000,1,0,0,0,0,0,0,0,0,2024-06-16,2024-06-16
in_000000094039,9900,1,0,0,0,0,0,0,0,0,2024-06-18,2024-06-18
in_000000193881,29900,1,0,0,0,0,0,0,0,0,2024-06-03,2024-06-03
in_000000145328,9900,1,0,0,0,0,0,0,0,0,2024-06-19,2024-06-19
in_000000239163,9900,1,0,0,0,0,0,0,0,0,2024-06-20,2024-06-20
in_000000026187,9900,1,0,0,0,0,0,0,0,0,2024-06-12,2024-06-12
in_000000184150,9900,1,0,0,0,0,0,0,0,0,2024-06-23,2024-06-23
in_000000246054,29900,1,0,0,0,0,0,0,0,0,2024-06-20,2024-06-20
in_000000110238,29900,1,0,0,0,0,0,0,0,0,2024-06-20,2024-06-20
in_000000112753,9900,1,0,0,0,0,0,0,0,0,2024-06-15,2024-06-15
in_000000078922,29900,1,0,0,0,0,0,0,0,0,2024-06-11,2024-06-11
in_000000196709,9900,1,0,0,0,0,0,0,0,0,2024-06-11,2024-06-11
in_000000036981,79900,1,0,0,0,0,0,0,0,0,2024-06-17,2024-06-17
in_000000216182,29900,1,0,0,0,0,0,0,0,0,2024-06-06,2024-06-06
in_000000123804,79900,1,0,0,0,0,0,0,0,0,2024-06-13,2024-06-13
in_000000146345,9900,1,0,0,0,0,0,0,0,0,2024-06-22,2024-06-22
in_000000107003,199900,1,0,0,0,0,0,0,0,0,2024-06-15,2024-06-15
in_000000239665,9900,1,0,0,0,0,0,0,0,0,2024-06-06,2024-06-06
in_000000048209,9900,1,0,0,0,0,0,0,0,0,2024-06-10,2024-06-10
in_000000169494,29900,1,0,0,0,0,0,0,0,0,2024-06-20,2024-06-20
in_000000280985,199900,1,0,0,0,0,0,0,0,0,2024-06-18,2024-06-18
in_000000284511,9900,1,0,0,0,0,0,0,0,0,2024-06-16,2024-06-16
in_000000213518,9900,1,0,0,0,0,0,0,0,0,2024-06-14,2024-06-14
in_000000125015,9900,1,0,0,0,0,0,0,0,0,2024-06-17,2024-06-17
in_000000216355,29900,1,0,0,0,0,0,0,0,0,2024-06-19,2024-06-19
in_000000003231,99000,1,0,0,0,0,0,0,0,0,2024-06-17,2024-06-17
in_000000222743,9900,1,0,0,0,0,0,0,0,0,2024-06-03,2024-06-03
in_000000007308,29900,1,0,0,0,0,0,0,0,0,2024-06-19,2024-06-19
in_000000230009,29900,1,0,0,0,0,0,0,0,0,2024-06-18,2024-06-18
in_000000161753,29900,1,0,0,0,0,0,0,0,0,2024-06-16,2024-06-16
in_000000025442,9400,1,0,0,1,0,0,0,0,0,2024-06-20,2024-06-20
in_000000123359,29900,1,0,0,0,0,0,0,0,0,2024-06-10,2024-06-10
in_000000029438,79900,1,0,0,0,0,0,0,0,0,2024-06-18,2024-06-18
in_000000057608,9900,1,0,0,0,0,0,0,0,0,2024-06-23,2024-06-23
in_000000297963,9900,1,0,0,0,0,0,0,0,0,2024-06-07,2024-06-07
in_000000233528,9900,1,0,0,0,0,0,0,0,0,2024-06-12,2024-06-12
in_000000318252,9900,1,0,0,0,0,0,0,0,0,2024-06-09,2024-06-09
in_000000289020,29900,1,0,0,0,0,0,0,0,0,2024-06-11,2024-06-11
in_000000304391,9900,1,0,0,0,0,0,0,0,0,2024-06-13,2024-06-13
in_000000306753,199900,1,0,0,0,0,0,0,0,0,2024-06-24,2024-06-24
in_000000150858,29900,1,0,0,0,0,0,0,0,0,2024-06-07,2024-06-07
in_000000304600,79900,1,0,0,0,0,0,0,0,0,2024-06-05,2024-06-05
in_000000276535,99000,1,0,0,0,0,0,0,0,0,2024-06-12,2024-06-12
in_000000314047,29900,1,0,0,0,0,0,0,0,0,2024-06-10,2024-06-10
in_000000026996,29900,1,0,0,0,0,0,0,0,0,2024-06-15,2024-06-15
in_000000222809,9900,1,0,0,0,0,0,0,0,0,2024-06-04,2024-06-04
in_000000263072,29900,1,0,0,0,0,0,0,0,0,2024-06-20,2024-06-20
in_000000282822,29900,1,0,0,0,0,0,0,0,0,2024-06-17,2024-06-17
in_000000008459,29900,1,0,0,0,0,0,0,0,0,2024-06-16,2024-06-16
in_000000252859,79900,1,0,0,0,0,0,0,0,0,2024-06-06,2024-06-06
in_000000021488,9900,1,0,0,0,0,0,0,0,0,2024-06-11,2024-06-11
in_000000092122,99000,1,0,0,0,0,0,0,0,0,2024-06-05,2024-06-05
in_000000161318,29900,1,0,0,0,0,0,0,0,0,2024-06-25,2024-06-25
in_000000295910,9900,1,0,0,0,0,0,0,0,0,2024-06-09,2024-06-09
in_000000306413,9900,1,0,0,0,0,0,0,0,0,2024-06-22,2024-06-22
in_000000184656,29900,1,0,0,0,0,0,0,0,0,2024-06-06,2024-06-06
in_000000094326,29900,1,0,0,0,0,0,0,0,0,2024-06-06,2024-06-06
in_000000267725,9900,1,0,0,0,0,0,0,0,0,2024-06-08,2024-06-08
in_000000300317,9900,1,0,0,0,0,0,0,0,0,2024-06-17,2024-06-17
in_000000146623,9900,1,0,0,0,0,0,0,0,0,2024-06-07,2024-06-07
in_000000025124,29900,1,0,0,0,0,0,0,0,0,2024-06-09,2024-06-09
in_000000299307,799000,1,0,0,0,0,0,0,0,0,2024-06-16,2024-06-16
in_000000181259,9900,1,0,0,0,0,0,0,0,0,2024-06-12,2024-06-12
in_000000259998,9900,1,0,0,0,0,0,0,0,0,2024-06-22,2024-06-22
in_000000102418,9900,1,0,0,0,0,0,0,0,0,2024-06-15,2024-06-15
in_000000196966,29900,1,0,0,0,0,0,0,0,0,2024-06-04,2024-06-04
in_000000015422,9900,1,0,0,0,0,0,0,0,0,2024-06-07,2024-06-07
in_000000125840,9900,1,0,0,0,0,0,0,0,0,2024-06-24,2024-06-24
in_000000215654,9900,1,0,0,0,0,0,0,0,0,2024-06-19,2024-06-19
in_000000234377,29900,1,0,0,0,0,0,0,0,0,2024-06-11,2024-06-11
in_000000019996,199900,1,0,0,0,0,0,0,0,0,2024-06-05,2024-06-05
in_000000049803,9900,1,0,0,0,0,0,0,0,0,2024-06-08,2024-06-08
in_000000166856,29900,1,0,0,0,0,0,0,0,0,2024-06-20,2024-06-20
in_000000145125,9900,1,0,0,0,0,0,0,0,0,2024-06-09,2024-06-09
in_000000003092,29900,1,0,0,0,0,0,0,0,0,2024-06-24,2024-06-24
in_000000011967,9900,1,0,0,0,0,0,0,0,0,2024-06-11,2024-06-11
in_000000143660,29900,1,0,0,0,0,0,0,0,0,2024-06-18,2024-06-18
in_000000193527,79900,1,0,0,0,0,0,0,0,0,2024-06-13,2024-06-13
in_000000284477,29900,1,0,0,0,0,0,0,0,0,2024-06-10,2024-06-10
in_000000305665,29900,1,0,0,0,0,0,0,0,0,2024-06-20,2024-06-20
in_000000091924,79900,1,0,0,0,0,0,0,0,0,2024-06-20,2024-06-20
in_000000085442,9900,1,0,0,0,0,0,0,0,0,2024-06-19,2024-06-19
in_000000167028,29900,1,0,0,0,0,0,0,0,0,2024-06-18,2024-06-18
in_000000191999,9900,1,0,0,0,0,0,0,0,0,2024-06-13,2024-06-13
in_000000280367,9900,1,0,0,0,0,0,0,0,0,2024-06-14,2024-06-14
in_000000188218,29900,1,0,0,0,0,0,0,0,0,2024-06-21,2024-06-21
in_000000304506,29900,1,0,0,0,0,0,0,0,0,2024-06-21,2024-06-21
in_000000047255,29900,1,0,0,0,0,0,0,0,0,2024-06-23,2024-06-23
in_000000140028,29900,1,0,0,0,0,0,0,0,0,2024-06-18,2024-06-18
in_000000240857,99000,1,0,0,0,0,0,0,0,0,2024-06-22,2024-06-22
in_000000243054,99000,1,0,0,0,0,0,0,0,0,2024-06-18,2024-06-18
in_000000148669,9900,1,0,0,0,0,0,0,0,0,2024-06-21,2024-06-21
in_000000169730,9900,1,0,0,0,0,0,0,0,0,2024-06-17,2024-06-17
in_000000098542,29900,1,0,0,0,0,0,0,0,0,2024-06-08,2024-06-08
in_000000206979,79900,1,0,0,0,0,0,0,0,0,2024-06-21,2024-06-21
in_000000050692,9900,1,0,0,0,0,0,0,0,0,2024-06-10,2024-06-10
in_000000086872,9900,1,0,0,0,0,0,0,0,0,2024-06-21,2024-06-21
in_000000257804,29900,1,0,0,0,0,0,0,0,0,2024-06-09,2024-06-09
in_000000151334,9900,1,0,0,0,0,0,0,0,0,2024-06-19,2024-06-19
in_000000222005,9900,1,0,0,0,0,0,0,0,0,2024-06-05,2024-06-05
in_000000260922,9900,1,0,0,0,0,0,0,0,0,2024-06-06,2024-06-06
in_000000264676,799000,1,0,0,0,0,0,0,0,0,2024-06-10,2024-06-10
in_000000269633,9900,1,0,0,0,0,0,0,0,0,2024-06-17,2024-06-17
in_000000171460,9900,1,0,0,0,0,0,0,0,0,2024-06-24,2024-06-24
in_000000200883,29900,1,0,0,0,0,0,0,0,0,2024-06-19,2024-06-19
in_000000092523,9900,1,0,0,0,0,0,0,0,0,2024-06-13,2024-06-13
in_000000276073,79900,1,0,0,0,0,0,0,0,0,2024-06-10,2024-06-10
in_000000295538,29900,1,0,0,0,0,0,0,0,0,2024-06-24,2024-06-24
in_000000078196,299000,1,0,0,0,0,0,0,0,0,2024-06-22,2024-06-22
in_000000072542,9900,1,0,0,0,0,0,0,0,0,2024-06-08,2024-06-08
in_000000317383,29900,1,0,0,0,0,0,0,0,0,2024-06-23,2024-06-23
in_000000003256,9900,1,0,0,0,0,0,0,0,0,2024-06-21,2024-06-21
in_000000295870,9900,1,0,0,0,0,0,0,0,0,2024-06-23,2024-06-23
in_000000054014,199900,1,0,0,0,0,0,0,0,0,2024-06-20,2024-06-20
in_000000307180,9900,1,0,0,0,0,0,0,0,0,2024-06-17,2024-06-17
in_000000280433,9900,1,0,0,0,0,0,0,0,0,2024-06-23,2024-06-23
in_000000243046,79900,1,0,0,0,0,0,0,0,0,2024-06-22,2024-06-22
in_000000259270,79900,1,0,0,0,0,0,0,0,0,2024-06-08,2024-06-08
in_000000273757,29900,1,0,0,0,0,0,0,0,0,2024-06-22,2024-06-22
in_000000007283,9900,1,0,0,0,0,0,0,0,0,2024-06-14,2024-06-14
in_000000113825,9900,1,0,0,0,0,0,0,0,0,2024-06-11,2024-06-11
in_000000000570,9900,1,0,0,0,0,0,0,0,0,2024-06-08,2024-06-08
in_000000224481,79900,1,0,0,0,0,0,0,0,0,2024-06-24,2024-06-24
in_000000313527,299000,1,0,0,0,0,0,0,0,0,2024-06-06,2024-06-06
in_000000150921,29900,1,0,0,0,0,0,0,0,0,2024-06-05,2024-06-05
in_000000051825,29900,1,0,0,0,0,0,0,0,0,2024-06-17,2024-06-17
in_000000106455,9900,1,0,0,0,0,0,0,0,0,2024-06-06,2024-06-06
in_000000061401,29900,1,0,0,0,0,0,0,0,0,2024-06-13,2024-06-13
in_000000212846,79900,1,0,0,0,0,0,0,0,0,2024-06-04,2024-06-04
in_000000275018,9900,1,0,0,0,0,0,0,0,0,2024-06-22,2024-06-22
in_000000248144,29900,1,0,0,0,0,0,0,0,0,2024-06-24,2024-06-24
in_000000130577,9900,1,0,0,0,0,0,0,0,0,2024-06-17,2024-06-17
in_000000017773,9900,1,0,0,0,0,0,0,0,0,2024-06-06,2024-06-06
in_000000244856,9900,1,0,0,0,0,0,0,0,0,2024-06-21,2024-06-21
in_000000195651,9900,1,0,0,0,0,0,0,0,0,2024-06-23,2024-06-23
in_000000148563,79900,1,0,0,0,0,0,0,0,0,2024-06-16,2024-06-16
in_000000084941,9900,1,0,0,0,0,0,0,0,0,2024-06-09,2024-06-09
in_000000259112,29900,1,0,0,0,0,0,0,0,0,2024-06-18,2024-06-18
in_000000138761,29900,1,0,0,0,0,0,0,0,0,2024-06-09,2024-06-09
in_000000204348,9900,1,0,0,0,0,0,0,0,0,2024-06-19,2024-06-19
in_000000231875,99000,1,0,0,0,0,0,0,0,0,2024-06-18,2024-06-18
in_000000046102,29900,1,0,0,0,0,0,0,0,0,2024-06-24,2024-06-24
in_000000014119,9900,1,0,0,0,0,0,0,0,0,2024-06-05,2024-06-05
in_000000204261,79900,1,0,0,0,0,0,0,0,0,2024-06-10,2024-06-10
in_000000193200,9900,1,0,0,0,0,0,0,0,0,2024-06-22,2024-06-22
in_000000318620,29900,1,0,0,0,0,0,0,0,0,2024-06-07,2024-06-07
in_000000269308,9900,1,0,0,0,0,0,0,0,0,2024-06-16,2024-06-16
in_000000045868,9900,1,0,0,0,0,0,0,0,0,2024-06-17,2024-06-17
in_000000139093,29900,1,0,0,0,0,0,0,0,0,2024-06-09,2024-06-09
in_000000161652,9900,1,0,0,0,0,0,0,0,0,2024-06-04,2024-06-04
in_000000024595,9900,1,0,0,0,0,0,0,0,0,2024-06-08,2024-06-08
in_000000277971,79900,1,0,0,0,0,0,0,0,0,2024-06-23,2024-06-23
in_000000252058,79900,1,0,0,0,0,0,0,0,0,2024-06-05,2024-06-05
in_000000267660,799000,1,0,0,0,0,0,0,0,0,2024-06-19,2024-06-19
in_000000239531,9900,1,0,0,0,0,0,0,0,0,2024-06-15,2024-06-15
in_000000132081,29900,1,0,0,0,0,0,0,0,0,2024-06-14,2024-06-14
in_000000127132,29900,1,0,0,0,0,0,0,0,0,2024-06-13,2024-06-13
in_000000073665,29900,1,0,0,0,0,0,0,0,0,2024-06-25,2024-06-25
in_000000206679,29900,1,0,0,0,0,0,0,0,0,2024-06-07,2024-06-07
in_000000091410,29900,1,0,0,0,0,0,0,0,0,2024-06-16,2024-06-16
in_000000273382,9900,1,0,0,0,0,0,0,0,0,2024-06-13,2024-06-13
in_000000134989,9900,1,0,0,0,0,0,0,0,0,2024-06-17,2024-06-17
in_000000258939,9900,1,0,0,0,0,0,0,0,0,2024-06-23,2024-06-23
in_000000263082,9900,1,0,0,0,0,0,0,0,0,2024-06-05,2024-06-05
in_000000099266,9900,1,0,0,0,0,0,0,0,0,2024-06-16,2024-06-16
in_000000017526,9900,1,0,0,0,0,0,0,0,0,2024-06-17,2024-06-17
in_000000119940,79900,1,0,0,0,0,0,0,0,0,2024-06-09,2024-06-09
in_000000279392,79900,1,0,0,0,0,0,0,0,0,2024-06-23,2024-06-23
in_000000251329,9900,1,0,0,0,0,0,0,0,0,2024-06-22,2024-06-22
in_000000311689,9900,1,0,0,0,0,0,0,0,0,2024-06-10,2024-06-10
in_000000209043,9900,1,0,0,0,0,0,0,0,0,2024-06-08,2024-06-08
in_000000145603,9900,1,0,0,0,0,0,0,0,0,2024-06-21,2024-06-21
in_000000013503,9900,1,0,0,0,0,0,0,0,0,2024-06-12,2024-06-12
in_000000007891,29900,1,0,0,0,0,0,0,0,0,2024-06-19,2024-06-19
in_000000163184,79900,1,0,0,0,0,0,0,0,0,2024-06-21,2024-06-21
in_000000305319,29900,1,0,0,0,0,0,0,0,0,2024-06-11,2024-06-11
in_000000192612,9900,1,0,0,0,0,0,0,0,0,2024-06-08,2024-06-08
in_000000156003,9900,1,0,0,0,0,0,0,0,0,2024-06-19,2024-06-19
in_000000044698,199900,1,0,0,0,0,0,0,0,0,2024-06-08,2024-06-08
in_000000035918,29900,1,0,0,0,0,0,0,0,0,2024-06-19,2024-06-19
in_000000306685,9900,1,0,0,0,0,0,0,0,0,2024-06-18,2024-06-18
in_000000299941,299000,1,0,0,0,0,0,0,0,0,2024-06-22,2024-06-22
in_000000068238,9900,1,0,0,0,0,0,0,0,0,2024-06-11,2024-06-11
in_000000227451,9900,1,0,0,0,0,0,0,0,0,2024-06-21,2024-06-21
in_000000320405,9900,1,0,0,0,0,0,0,0,0,2024-06-22,2024-06-22
in_000000160585,79900,1,0,0,0,0,0,0,0,0,2024-06-17,2024-06-17
in_000000014910,29900,1,0,0,0,0,0,0,0,0,2024-06-20,2024-06-20
in_000000153985,29900,1,0,0,0,0,0,0,0,0,2024-06-20,2024-06-20
in_000000223372,29900,1,0,0,0,0,0,0,0,0,2024-06-16,2024-06-16
in_000000311661,79900,1,0,0,0,0,0,0,0,0,2024-06-18,2024-06-18
in_000000197328,79900,1,0,0,0,0,0,0,0,0,2024-06-09,2024-06-09
in_000000003572,9900,1,0,0,0,0,0,0,0,0,2024-06-23,2024-06-23
in_000000276876,9900,1,0,0,0,0,0,0,0,0,2024-06-21,2024-06-21
in_000000308626,29900,1,0,0,0,0,0,0,0,0,2024-06-11,2024-06-11
in_000000167754,29900,1,0,0,0,0,0,0,0,0,2024-06-10,2024-06-10
in_000000106606,29900,1,0,0,0,0,0,0,0,0,2024-06-16,2024-06-16
in_000000120897,79900,1,0,0,0,0,0,0,0,0,2024-06-19,2024-06-19
in_000000126139,9900,1,0,0,0,0,0,0,0,0,2024-06-16,2024-06-16
in_000000073767,9900,1,0,0,0,0,0,0,0,0,2024-06-24,2024-06-24
in_000000289710,99000,1,0,0,0,0,0,0,0,0,2024-06-22,2024-06-22
in_000000178268,9900,1,0,0,0,0,0,0,0,0,2024-06-07,2024-06-07
in_000000282627,9900,1,0,0,0,0,0,0,0,0,2024-06-14,2024-06-14
in_000000312720,29900,1,0,0,0,0,0,0,0,0,2024-06-13,2024-06-13
in_000000265150,9900,1,0,0,0,0,0,0,0,0,2024-06-12,2024-06-12
in_000000010571,9900,1,0,0,0,0,0,0,0,0,2024-06-14,2024-06-14
in_000000066337,9900,1,0,0,0,0,0,0,0,0,2024-06-22,2024-06-22
in_000000112791,9900,1,0,0,0,0,0,0,0,0,2024-06-14,2024-06-14
in_000000258819,9900,1,0,0,0,0,0,0,0,0,2024-06-11,2024-06-11
in_000000245028,29900,1,0,0,0,0,0,0,0,0,2024-06-05,2024-06-05
in_000000130417,99000,1,0,0,0,0,0,0,0,0,2024-06-12,2024-06-12
in_000000035273,29900,1,0,0,0,0,0,0,0,0,2024-06-13,2024-06-13
in_000000099683,9900,1,0,0,0,0,0,0,0,0,2024-06-18,2024-06-18
in_000000007761,79900,1,0,0,0,0,0,0,0,0,2024-06-25,2024-06-25
in_000000175743,29900,1,0,0,0,0,0,0,0,0,2024-06-05,2024-06-05
in_000000290701,79900,1,0,0,0,0,0,0,0,0,2024-06-18,2024-06-18
in_000000237306,29900,1,0,0,0,0,0,0,0,0,2024-07-05,2024-07-05
in_000000077825,29900,1,0,0,0,0,0,0,0,0,2024-06-12,2024-06-12
in_000000136332,199900,1,0,0,0,0,0,0,0,0,2024-06-21,2024-06-21
in_000000175106,9900,1,0,0,0,0,0,0,0,0,2024-06-11,2024-06-11
in_000000097454,29900,1,0,0,0,0,0,0,0,0,2024-06-19,2024-06-19
in_000000164927,9900,1,0,0,0,0,0,0,0,0,2024-06-08,2024-06-08
in_000000269162,29900,1,0,0,0,0,0,0,0,0,2024-06-05,2024-06-05
in_000000256601,199900,1,0,0,0,0,0,0,0,0,2024-06-21,2024-06-21
in_000000091059,17940,1,0,0,0,1,1,0,0,0,2024-06-09,2024-06-09
in_000000249596,9900,1,0,0,0,0,0,0,0,0,2024-06-04,2024-06-04
in_000000248741,9900,1,0,0,0,0,0,0,0,0,2024-06-12,2024-06-12
in_000000103313,299000,1,0,0,0,0,0,0,0,0,2024-06-14,2024-06-14
in_000000091775,9900,1,0,0,0,0,0,0,0,0,2024-06-15,2024-06-15
in_000000207188,29900,1,0,0,0,0,0,0,0,0,2024-06-25,2024-06-25
in_000000288219,29900,1,0,0,0,0,0,0,0,0,2024-06-22,2024-06-22
in_000000310927,79900,1,0,0,0,0,0,0,0,0,2024-06-06,2024-06-06
in_000000295529,79900,1,0,0,0,0,0,0,0,0,2024-06-17,2024-06-17
in_000000204229,79900,1,0,0,0,0,0,0,0,0,2024-06-16,2024-06-16
in_000000285961,29900,1,0,0,0,0,0,0,0,0,2024-06-07,2024-06-07
in_000000243979,9900,1,0,0,0,0,0,0,0,0,2024-06-16,2024-06-16
in_000000150177,29900,1,0,0,0,0,0,0,0,0,2024-06-22,2024-06-22
in_000000024801,9900,1,0,0,0,0,0,0,0,0,2024-06-10,2024-06-10
in_000000245995,9900,1,0,0,0,0,0,0,0,0,2024-06-23,2024-06-23
in_000000185803,199900,1,0,0,0,0,0,0,0,0,2024-06-15,2024-06-15
in_000000116810,9900,1,0,0,0,0,0,0,0,0,2024-06-12,2024-06-12
in_000000042320,9900,1,0,0,0,0,0,0,0,0,2024-06-16,2024-06-16
in_000000213157,29900,1,0,0,0,0,0,0,0,0,2024-06-04,2024-06-04
in_000000106618,199900,1,0,0,0,0,0,0,0,0,2024-06-14,2024-06-14
in_000000171128,29900,1,0,0,0,0,0,0,0,0,2024-06-15,2024-06-15
in_000000089986,9900,1,0,0,0,0,0,0,0,0,2024-06-21,2024-06-21
in_000000227619,29900,1,0,0,0,0,0,0,0,0,2024-06-10,2024-06-10
in_000000058319,9900,1,0,0,0,0,0,0,0,0,2024-06-16,2024-06-16
in_000000255400,199900,1,0,0,0,0,0,0,0,0,2024-06-13,2024-06-13
in_000000123963,29900,1,0,0,0,0,0,0,0,0,2024-06-25,2024-06-25
in_000000153008,199900,1,0,0,0,0,0,0,0,0,2024-06-21,2024-06-21
in_000000274335,199900,1,0,0,0,0,0,0,0,0,2024-06-05,2024-06-05
in_000000087769,79900,1,0,0,0,0,0,0,0,0,2024-06-12,2024-06-12
in_000000093689,79900,1,0,0,0,0,0,0,0,0,2024-06-24,2024-06-24
in_000000118204,29900,1,0,0,0,0,0,0,0,0,2024-06-04,2024-06-04
in_000000082870,9900,1,0,0,0,0,0,0,0,0,2024-06-06,2024-06-06
in_000000110301,9900,1,0,0,0,0,0,0,0,0,2024-06-26,2024-06-26
in_000000305692,29900,1,0,0,0,0,0,0,0,0,2024-06-04,2024-06-04
in_000000212566,9900,1,0,0,0,0,0,0,0,0,2024-06-24,2024-06-24
in_000000015386,9900,1,0,0,0,0,0,0,0,0,2024-06-17,2024-06-17
in_000000247118,79900,1,0,0,0,0,0,0,0,0,2024-06-03,2024-06-03
in_000000093424,29900,1,0,0,0,0,0,0,0,0,2024-06-12,2024-06-12
in_000000010706,79900,1,0,0,0,0,0,0,0,0,2024-06-06,2024-06-06
in_000000294128,29900,1,0,0,0,0,0,0,0,0,2024-06-26,2024-06-26
in_000000280059,7425,1,0,0,1,0,0,0,0,0,2024-06-23,2024-06-23
in_000000249671,29900,1,0,0,0,0,0,0,0,0,2024-06-07,2024-06-07
in_000000019708,29900,1,0,0,0,0,0,0,0,0,2024-06-17,2024-06-17
in_000000077494,9900,1,0,0,0,0,0,0,0,0,2024-06-21,2024-06-21
in_000000072515,9900,1,0,0,0,0,0,0,0,0,2024-06-08,2024-06-08
in_000000278278,79900,1,0,0,0,0,0,0,0,0,2024-06-17,2024-06-17
in_000000095595,79900,1,0,0,0,0,0,0,0,0,2024-06-13,2024-06-13
in_000000242442,9900,1,0,0,0,0,0,0,0,0,2024-06-17,2024-06-17
in_000000094975,79900,1,0,0,0,0,0,0,0,0,2024-06-23,2024-06-23
in_000000261851,199900,1,0,0,0,0,0,0,0,0,2024-06-21,2024-06-21
in_000000138351,79900,1,0,0,0,0,0,0,0,0,2024-06-18,2024-06-18
in_000000156932,29900,1,0,0,0,0,0,0,0,0,2024-06-08,2024-06-08
in_000000116959,9900,1,0,0,0,0,0,0,0,0,2024-06-24,2024-06-24
in_000000051519,29900,1,0,0,0,0,0,0,0,0,2024-06-23,2024-06-23
in_000000035703,79900,1,0,0,0,0,0,0,0,0,2024-06-15,2024-06-15
in_000000017305,3960,1,0,0,0,1,1,0,0,0,2024-06-18,2024-06-18
in_000000176739,9900,1,0,0,0,0,0,0,0,0,2024-06-20,2024-06-20
in_000000211983,29900,1,0,0,0,0,0,0,0,0,2024-06-20,2024-06-20
in_000000059363,9900,1,0,0,0,0,0,0,0,0,2024-06-07,2024-06-07
in_000000100249,29900,1,0,0,0,0,0,0,0,0,2024-06-14,2024-06-14
in_000000102769,99000,1,0,0,0,0,0,0,0,0,2024-06-07,2024-06-07
in_000000174692,9900,1,0,0,0,0,0,0,0,0,2024-06-09,2024-06-09
in_000000042100,9900,1,0,0,0,0,0,0,0,0,2024-06-09,2024-06-09
in_000000236078,29900,1,0,0,0,0,0,0,0,0,2024-06-15,2024-06-15
in_000000096010,9900,1,0,0,0,0,0,0,0,0,2024-06-17,2024-06-17
in_000000282018,9900,1,0,0,0,0,0,0,0,0,2024-06-05,2024-06-05
in_000000219412,79900,1,0,0,0,0,0,0,0,0,2024-06-20,2024-06-20
in_000000320387,29900,1,0,0,0,0,0,0,0,0,2024-06-12,2024-06-12
in_000000269877,29900,1,0,0,0,0,0,0,0,0,2024-06-24,2024-06-24
in_000000236228,99000,1,0,0,0,0,0,0,0,0,2024-06-05,2024-06-05
in_000000038676,79900,1,0,0,0,0,0,0,0,0,2024-06-24,2024-06-24
in_000000113411,29900,1,0,0,0,0,0,0,0,0,2024-06-17,2024-06-17
in_000000200892,29900,1,0,0,0,0,0,0,0,0,2024-06-20,2024-06-20
in_000000182575,199900,1,0,0,0,0,0,0,0,0,2024-06-10,2024-06-10
in_000000033217,29900,1,0,0,0,0,0,0,0,0,2024-06-23,2024-06-23
in_000000159277,9900,1,0,0,0,0,0,0,0,0,2024-06-15,2024-06-15
in_000000228502,29900,1,0,0,0,0,0,0,0,0,2024-06-13,2024-06-13
in_000000168383,9900,1,0,0,0,0,0,0,0,0,2024-06-25,2024-06-25
in_000000164539,29900,1,0,0,0,0,0,0,0,0,2024-06-15,2024-06-15
in_000000320577,29900,1,0,0,0,0,0,0,0,0,2024-06-21,2024-06-21
in_000000131218,9900,1,0,0,0,0,0,0,0,0,2024-06-19,2024-06-19
in_000000212437,29900,1,0,0,0,0,0,0,0,0,2024-06-04,2024-06-04
in_000000214046,29900,1,0,0,0,0,0,0,0,0,2024-06-04,2024-06-04
in_000000239878,9900,1,0,0,0,0,0,0,0,0,2024-06-17,2024-06-17
in_000000161808,1999000,1,0,0,0,0,0,0,0,0,2024-06-12,2024-06-12
in_000000012743,29900,1,0,0,0,0,0,0,0,0,2024-06-14,2024-06-14
in_000000133927,9900,1,0,0,0,0,0,0,0,0,2024-06-10,2024-06-10
in_000000179586,199900,1,0,0,0,0,0,0,0,0,2024-06-10,2024-06-10
in_000000246129,9900,1,0,0,0,0,0,0,0,0,2024-06-08,2024-06-08
in_000000286372,29900,1,0,0,0,0,0,0,0,0,2024-06-26,2024-06-26
in_000000112062,99000,1,0,0,0,0,0,0,0,0,2024-06-19,2024-06-19
in_000000151733,79900,1,0,0,0,0,0,0,0,0,2024-06-08,2024-06-08
in_000000254295,29900,1,0,0,0,0,0,0,0,0,2024-06-17,2024-06-17
in_000000115586,9900,1,0,0,0,0,0,0,0,0,2024-06-20,2024-06-20
in_000000062048,9900,1,0,0,0,0,0,0,0,0,2024-06-08,2024-06-08
in_000000006288,29900,1,0,0,0,0,0,0,0,0,2024-06-08,2024-06-08
in_000000046000,9900,1,0,0,0,0,0,0,0,0,2024-06-26,2024-06-26
in_000000277391,79900,1,0,0,0,0,0,0,0,0,2024-06-04,2024-06-04
in_000000013943,9900,1,0,0,0,0,0,0,0,0,2024-06-15,2024-06-15
in_000000238274,199900,1,0,0,0,0,0,0,0,0,2024-06-10,2024-06-10
in_000000245220,99000,1,0,0,0,0,0,0,0,0,2024-06-08,2024-06-08
in_000000074332,299000,1,0,0,0,0,0,0,0,0,2024-06-12,2024-06-12
in_000000306952,29900,1,0,0,0,0,0,0,0,0,2024-06-20,2024-06-20
in_000000071615,79900,1,0,0,0,0,0,0,0,0,2024-06-10,2024-06-10
in_000000140151,9900,1,0,0,0,0,0,0,0,0,2024-06-26,2024-06-26
in_000000251309,79900,1,0,0,0,0,0,0,0,0,2024-06-19,2024-06-19
in_000000162518,29900,1,0,0,0,0,0,0,0,0,2024-06-05,2024-06-05
in_000000107484,9900,1,0,0,0,0,0,0,0,0,2024-06-04,2024-06-04
in_000000041779,9900,1,0,0,0,0,0,0,0,0,2024-06-06,2024-06-06
in_000000123305,9900,1,0,0,0,0,0,0,0,0,2024-06-23,2024-06-23
in_000000013686,9900,1,0,0,0,0,0,0,0,0,2024-06-15,2024-06-15
in_000000225594,79900,1,0,0,0,0,0,0,0,0,2024-06-24,2024-06-24
in_000000003075,9900,1,0,0,0,0,0,0,0,0,2024-06-15,2024-06-15
in_000000318699,9900,1,0,0,0,0,0,0,0,0,2024-06-19,2024-06-19
in_000000255774,29900,1,0,0,0,0,0,0,0,0,2024-06-23,2024-06-23
in_000000117036,29900,1,0,0,0,0,0,0,0,0,2024-06-13,2024-06-13
in_000000143507,1199400,1,0,0,0,1,1,0,0,0,2024-06-11,2024-06-11
in_000000094581,9900,1,0,0,0,0,0,0,0,0,2024-06-21,2024-06-21
in_000000084669,9900,1,0,0,0,0,0,0,0,0,2024-06-12,2024-06-12
in_000000214121,26910,1,0,0,1,0,0,0,0,0,2024-06-14,2024-06-14
in_000000307788,29900,1,0,0,0,0,0,0,0,0,2024-06-07,2024-06-07
in_000000315910,9900,1,0,0,0,0,0,0,0,0,2024-06-15,2024-06-15
in_000000219741,79900,1,0,0,0,0,0,0,0,0,2024-06-13,2024-06-13
in_000000052810,79900,1,0,0,0,0,0,0,0,0,2024-06-09,2024-06-09
in_000000093087,29900,1,0,0,0,0,0,0,0,0,2024-06-15,2024-06-15
in_000000070135,29900,1,0,0,0,0,0,0,0,0,2024-06-10,2024-06-10
in_000000155710,199900,1,0,0,0,0,0,0,0,0,2024-06-21,2024-06-21
in_000000291930,9900,1,0,0,0,0,0,0,0,0,2024-06-24,2024-06-24
in_000000032613,79900,1,0,0,0,0,0,0,0,0,2024-06-11,2024-06-11
in_000000229197,71910,1,0,0,1,0,0,0,0,0,2024-06-03,2024-06-03
in_000000158197,9900,1,0,0,0,0,0,0,0,0,2024-06-23,2024-06-23
in_000000129255,9900,1,0,0,0,0,0,0,0,0,2024-06-13,2024-06-13
in_000000154643,9900,1,0,0,0,0,0,0,0,0,2024-06-21,2024-06-21
in_000000118356,79900,1,0,0,0,0,0,0,0,0,2024-06-24,2024-06-24
in_000000029538,9900,1,0,0,0,0,0,0,0,0,2024-06-18,2024-06-18
in_000000019533,9900,1,0,0,0,0,0,0,0,0,2024-06-04,2024-06-04
in_000000000003,99000,1,0,0,0,0,0,0,0,0,2024-06-18,2024-06-18
in_000000199750,29900,1,0,0,0,0,0,0,0,0,2024-06-09,2024-06-09
in_000000052654,79900,1,0,0,0,0,0,0,0,0,2024-06-16,2024-06-16
in_000000031768,199900,1,0,0,0,0,0,0,0,0,2024-06-15,2024-06-15
in_000000259951,9900,1,0,0,0,0,0,0,0,0,2024-06-09,2024-06-09
in_000000199730,9900,1,0,0,0,0,0,0,0,0,2024-06-04,2024-06-04
in_000000240306,799000,1,0,0,0,0,0,0,0,0,2024-06-12,2024-06-12
in_000000308088,9900,1,0,0,0,0,0,0,0,0,2024-06-17,2024-06-17
in_000000258980,29900,1,0,0,0,0,0,0,0,0,2024-06-22,2024-06-22
in_000000222251,9900,1,0,0,0,0,0,0,0,0,2024-06-10,2024-06-10
in_000000232117,29900,1,0,0,0,0,0,0,0,0,2024-06-18,2024-06-18
in_000000099909,29900,1,0,0,0,0,0,0,0,0,2024-06-03,2024-06-03
in_000000211035,9900,1,0,0,0,0,0,0,0,0,2024-06-18,2024-06-18
in_000000319492,9900,1,0,0,0,0,0,0,0,0,2024-06-08,2024-06-08
in_000000209864,9900,1,0,0,0,0,0,0,0,0,2024-06-19,2024-06-19
in_000000060346,29900,1,0,0,0,0,0,0,0,0,2024-06-06,2024-06-06
in_000000020709,29900,1,0,0,0,0,0,0,0,0,2024-06-11,2024-06-11
in_000000238862,9900,1,0,0,0,0,0,0,0,0,2024-06-26,2024-06-26
in_000000032326,199900,1,0,0,0,0,0,0,0,0,2024-06-11,2024-06-11
in_000000283164,9900,1,0,0,0,0,0,0,0,0,2024-06-13,2024-06-13
in_000000309225,29900,1,0,0,0,0,0,0,0,0,2024-06-21,2024-06-21
in_000000318004,29900,1,0,0,0,0,0,0,0,0,2024-06-04,2024-06-04
in_000000099048,79900,1,0,0,0,0,0,0,0,0,2024-06-21,2024-06-21
in_000000105282,9900,1,0,0,0,0,0,0,0,0,2024-06-08,2024-06-08
in_000000257621,9900,1,0,0,0,0,0,0,0,0,2024-06-07,2024-06-07
in_000000229022,9900,1,0,0,0,0,0,0,0,0,2024-06-22,2024-06-22
in_000000310658,29900,1,0,0,0,0,0,0,0,0,2024-06-23,2024-06-23
in_000000178682,79900,1,0,0,0,0,0,0,0,0,2024-06-13,2024-06-13
in_000000007056,199900,1,0,0,0,0,0,0,0,0,2024-06-09,2024-06-09
in_000000223682,9900,1,0,0,0,0,0,0,0,0,2024-06-21,2024-06-21
in_000000123515,9900,1,0,0,0,0,0,0,0,0,2024-06-22,2024-06-22
in_000000298611,9900,1,0,0,0,0,0,0,0,0,2024-06-07,2024-06-07
in_000000102868,799000,1,0,0,0,0,0,0,0,0,2024-06-23,2024-06-23
in_000000061814,299000,1,0,0,0,0,0,0,0,0,2024-06-06,2024-06-06
in_000000141720,29900,1,0,0,0,0,0,0,0,0,2024-06-12,2024-06-12
in_000000173306,199900,1,0,0,0,0,0,0,0,0,2024-06-16,2024-06-16
in_000000089390,9900,1,0,0,0,0,0,0,0,0,2024-06-19,2024-06-19
in_000000081029,9900,1,0,0,0,0,0,0,0,0,2024-06-20,2024-06-20
in_000000194889,29900,1,0,0,0,0,0,0,0,0,2024-06-06,2024-06-06
in_000000279701,29900,1,0,0,0,0,0,0,0,0,2024-06-24,2024-06-24
in_000000132018,9900,1,0,0,0,0,0,0,0,0,2024-06-05,2024-06-05
in_000000217942,9900,1,0,0,0,0,0,0,0,0,2024-06-23,2024-06-23
in_000000214272,9900,1,0,0,0,0,0,0,0,0,2024-06-09,2024-06-09
in_000000130253,79900,1,0,0,0,0,0,0,0,0,2024-06-14,2024-06-14
in_000000160533,29900,1,0,0,0,0,0,0,0,0,2024-06-09,2024-06-09
in_000000076169,9900,1,0,0,0,0,0,0,0,0,2024-06-07,2024-06-07
in_000000032743,9900,1,0,0,0,0,0,0,0,0,2024-06-17,2024-06-17
in_000000015268,29900,1,0,0,0,0,0,0,0,0,2024-06-12,2024-06-12
in_000000182068,9900,1,0,0,0,0,0,0,0,0,2024-06-16,2024-06-16
in_000000256568,79900,1,0,0,0,0,0,0,0,0,2024-06-23,2024-06-23
in_000000321073,99000,1,0,0,0,0,0,0,0,0,2024-06-07,2024-06-07
in_000000308240,9900,1,0,0,0,0,0,0,0,0,2024-06-04,2024-06-04
in_000000320356,9900,1,0,0,0,0,0,0,0,0,2024-06-23,2024-06-23
in_000000169380,29900,1,0,0,0,0,0,0,0,0,2024-06-14,2024-06-14
in_000000142339,9900,1,0,0,0,0,0,0,0,0,2024-06-13,2024-06-13
in_000000109980,9900,1,0,0,0,0,0,0,0,0,2024-06-20,2024-06-20
in_000000125442,79900,1,0,0,0,0,0,0,0,0,2024-06-14,2024-06-14
in_000000006037,79900,1,0,0,0,0,0,0,0,0,2024-06-17,2024-06-17
in_000000114596,29900,1,0,0,0,0,0,0,0,0,2024-06-04,2024-06-04
in_000000240988,29900,1,0,0,0,0,0,0,0,0,2024-06-17,2024-06-17
in_000000115606,29900,1,0,0,0,0,0,0,0,0,2024-06-04,2024-06-04
in_000000151193,29900,1,0,0,0,0,0,0,0,0,2024-06-08,2024-06-08
in_000000303188,29900,1,0,0,0,0,0,0,0,0,2024-06-16,2024-06-16
in_000000170034,9900,1,0,0,0,0,0,0,0,0,2024-06-24,2024-06-24
in_000000184288,29900,1,0,0,0,0,0,0,0,0,2024-06-16,2024-06-16
in_000000227866,29900,1,0,0,0,0,0,0,0,0,2024-06-23,2024-06-23
in_000000150011,29900,1,0,0,0,0,0,0,0,0,2024-06-16,2024-06-16
in_000000121911,9900,1,0,0,0,0,0,0,0,0,2024-06-07,2024-06-07
in_000000013923,9900,1,0,0,0,0,0,0,0,0,2024-06-26,2024-06-26
in_000000214022,29900,1,0,0,0,0,0,0,0,0,2024-06-19,2024-06-19
in_000000005329,79900,1,0,0,0,0,0,0,0,0,2024-06-05,2024-06-05
in_000000093431,79900,1,0,0,0,0,0,0,0,0,2024-07-02,2024-07-02
in_000000058919,9900,1,0,0,0,0,0,0,0,0,2024-06-05,2024-06-05
in_000000251911,199900,1,0,0,0,0,0,0,0,0,2024-06-09,2024-06-09
in_000000016841,9900,1,0,0,0,0,0,0,0,0,2024-06-22,2024-06-22
in_000000235204,99000,1,0,0,0,0,0,0,0,0,2024-06-17,2024-06-17
in_000000113091,29900,1,0,0,0,0,0,0,0,0,2024-06-12,2024-06-12
in_000000039638,199900,1,0,0,0,0,0,0,0,0,2024-06-08,2024-06-08
in_000000143090,29900,1,0,0,0,0,0,0,0,0,2024-06-16,2024-06-16
in_000000209631,99000,1,0,0,0,0,0,0,0,0,2024-06-18,2024-06-18
in_000000023742,9900,1,0,0,0,0,0,0,0,0,2024-06-15,2024-06-15
in_000000044988,9900,1,0,0,0,0,0,0,0,0,2024-06-13,2024-06-13
in_000000292360,9900,1,0,0,0,0,0,0,0,0,2024-06-13,2024-06-13
in_000000019922,79900,1,0,0,0,0,0,0,0,0,2024-06-11,2024-06-11
in_000000319787,9900,1,0,0,0,0,0,0,0,0,2024-06-13,2024-06-13
in_000000134961,9900,1,0,0,0,0,0,0,0,0,2024-06-04,2024-06-04
in_000000274079,79900,1,0,0,0,0,0,0,0,0,2024-06-12,2024-06-12
in_000000134315,9900,1,0,0,0,0,0,0,0,0,2024-06-18,2024-06-18
in_000000216686,9900,1,0,0,0,0,0,0,0,0,2024-06-20,2024-06-20
in_000000130862,8910,1,0,0,1,0,0,0,0,0,2024-06-09,2024-06-09
in_000000264112,299000,1,0,0,0,0,0,0,0,0,2024-06-25,2024-06-25
in_000000035132,29900,1,0,0,0,0,0,0,0,0,2024-06-15,2024-06-15
in_000000011212,9900,1,0,0,0,0,0,0,0,0,2024-06-25,2024-06-25
in_000000240365,9900,1,0,0,0,0,0,0,0,0,2024-06-06,2024-06-06
in_000000319348,9900,1,0,0,0,0,0,0,0,0,2024-06-15,2024-06-15
in_000000120836,9900,1,0,0,0,0,0,0,0,0,2024-06-23,2024-06-23
in_000000264276,9900,1,0,0,0,0,0,0,0,0,2024-06-14,2024-06-14
in_000000110549,29900,1,0,0,0,0,0,0,0,0,2024-06-24,2024-06-24
in_000000216090,9900,1,0,0,0,0,0,0,0,0,2024-06-16,2024-06-16
in_000000064261,9900,1,0,0,0,0,0,0,0,0,2024-07-03,2024-07-03
in_000000177283,9900,1,0,0,0,0,0,0,0,0,2024-06-09,2024-06-09
in_000000107887,9900,1,0,0,0,0,0,0,0,0,2024-06-13,2024-06-13
in_000000221378,29900,1,0,0,0,0,0,0,0,0,2024-06-08,2024-06-08
in_000000014549,29900,1,0,0,0,0,0,0,0,0,2024-06-21,2024-06-21
in_000000090628,9900,1,0,0,0,0,0,0,0,0,2024-06-08,2024-06-08
in_000000147331,9900,1,0,0,0,0,0,0,0,0,2024-06-23,2024-06-23
in_000000225978,29900,1,0,0,0,0,0,0,0,0,2024-06-20,2024-06-20
in_000000223765,9900,1,0,0,0,0,0,0,0,0,2024-06-19,2024-06-19
in_000000277402,29900,1,0,0,0,0,0,0,0,0,2024-06-06,2024-06-06
in_000000305796,9900,1,0,0,0,0,0,0,0,0,2024-06-09,2024-06-09
in_000000140911,29900,1,0,0,0,0,0,0,0,0,2024-06-14,2024-06-14
in_000000278906,9900,1,0,0,0,0,0,0,0,0,2024-06-09,2024-06-09
in_000000273689,9900,1,0,0,0,0,0,0,0,0,2024-06-06,2024-06-06
in_000000181610,79900,1,0,0,0,0,0,0,0,0,2024-06-07,2024-06-07
in_000000201225,29900,1,0,0,0,0,0,0,0,0,2024-06-09,2024-06-09
in_000000264308,79900,1,0,0,0,0,0,0,0,0,2024-06-18,2024-06-18
in_000000179010,9900,1,0,0,0,0,0,0,0,0,2024-06-14,2024-06-14
in_000000286268,79900,1,0,0,0,0,0,0,0,0,2024-06-06,2024-06-06
in_000000272283,9900,1,0,0,0,0,0,0,0,0,2024-06-15,2024-06-15
in_000000309921,29900,1,0,0,0,0,0,0,0,0,2024-06-07,2024-06-07
in_000000293500,9900,1,0,0,0,0,0,0,0,0,2024-06-23,2024-06-23
in_000000293122,9900,1,0,0,0,0,0,0,0,0,2024-06-16,2024-06-16
in_000000011061,9900,1,0,0,0,0,0,0,0,0,2024-06-15,2024-06-15
in_000000036814,79900,1,0,0,0,0,0,0,0,0,2024-06-03,2024-06-03
in_000000028491,199900,1,0,0,0,0,0,0,0,0,2024-06-10,2024-06-10
in_000000034514,9900,1,0,0,0,0,0,0,0,0,2024-06-05,2024-06-05
in_000000215857,9900,1,0,0,0,0,0,0,0,0,2024-06-12,2024-06-12
in_000000053284,29900,1,0,0,0,0,0,0,0,0,2024-06-09,2024-06-09
in_000000169530,29900,1,0,0,0,0,0,0,0,0,2024-06-13,2024-06-13
in_000000137157,9400,1,0,0,1,0,0,0,0,0,2024-06-14,2024-06-14
in_000000056539,9900,1,0,0,0,0,0,0,0,0,2024-06-06,2024-06-06
in_000000286219,29900,1,0,0,0,0,0,0,0,0,2024-06-16,2024-06-16
in_000000316057,199900,1,0,0,0,0,0,0,0,0,2024-06-10,2024-06-10
in_000000288725,9900,1,0,0,0,0,0,0,0,0,2024-06-19,2024-06-19
in_000000309753,29900,1,0,0,0,0,0,0,0,0,2024-06-13,2024-06-13
in_000000269864,199900,1,0,0,0,0,0,0,0,0,2024-06-23,2024-06-23
in_000000066698,99000,1,0,0,0,0,0,0,0,0,2024-06-11,2024-06-11
in_000000079343,9900,1,0,0,0,0,0,0,0,0,2024-06-14,2024-06-14
in_000000013386,9900,1,0,0,0,0,0,0,0,0,2024-06-22,2024-06-22
in_000000173649,29900,1,0,0,0,0,0,0,0,0,2024-06-06,2024-06-06
in_000000304986,79900,1,0,0,0,0,0,0,0,0,2024-06-23,2024-06-23
in_000000005266,79900,1,0,0,0,0,0,0,0,0,2024-06-26,2024-06-26
in_000000210741,29900,1,0,0,0,0,0,0,0,0,2024-06-23,2024-06-23
in_000000092808,9900,1,0,0,0,0,0,0,0,0,2024-06-15,2024-06-15
in_000000259001,9900,1,0,0,0,0,0,0,0,0,2024-06-16,2024-06-16
in_000000141546,9900,1,0,0,0,0,0,0,0,0,2024-06-10,2024-06-10
in_000000072999,9900,1,0,0,0,0,0,0,0,0,2024-06-18,2024-06-18
in_000000208470,9900,1,0,0,0,0,0,0,0,0,2024-06-21,2024-06-21
in_000000080687,79900,1,0,0,0,0,0,0,0,0,2024-06-08,2024-06-08
in_000000110328,9900,1,0,0,0,0,0,0,0,0,2024-06-16,2024-06-16
in_000000080655,199900,1,0,0,0,0,0,0,0,0,2024-06-07,2024-06-07
in_000000056223,9900,1,0,0,0,0,0,0,0,0,2024-06-21,2024-06-21
in_000000026661,8415,1,0,0,1,0,0,0,0,0,2024-06-07,2024-06-07
in_000000128897,29900,1,0,0,0,0,0,0,0,0,2024-06-17,2024-06-17
in_000000257111,79900,1,0,0,0,0,0,0,0,0,2024-06-19,2024-06-19
in_000000258783,9900,1,0,0,0,0,0,0,0,0,2024-06-06,2024-06-06
in_000000126403,9900,1,0,0,0,0,0,0,0,0,2024-06-18,2024-06-18
in_000000172372,199900,1,0,0,0,0,0,0,0,0,2024-06-22,2024-06-22
in_000000170640,9900,1,0,0,0,0,0,0,0,0,2024-06-09,2024-06-09
in_000000312034,29900,1,0,0,0,0,0,0,0,0,2024-06-19,2024-06-19
in_000000161479,29900,1,0,0,0,0,0,0,0,0,2024-06-24,2024-06-24
in_000000122035,299000,1,0,0,0,0,0,0,0,0,2024-06-11,2024-06-11
in_000000169345,79900,1,0,0,0,0,0,0,0,0,2024-06-06,2024-06-06
in_000000138983,29900,1,0,0,0,0,0,0,0,0,2024-06-04,2024-06-04
in_000000094982,9900,1,0,0,0,0,0,0,0,0,2024-06-22,2024-06-22
in_000000250300,29900,1,0,0,0,0,0,0,0,0,2024-06-19,2024-06-19
in_000000176117,9900,1,0,0,0,0,0,0,0,0,2024-06-25,2024-06-25
in_000000066705,79900,1,0,0,0,0,0,0,0,0,2024-06-08,2024-06-08
in_000000017500,29900,1,0,0,0,0,0,0,0,0,2024-06-19,2024-06-19
in_000000252423,29900,1,0,0,0,0,0,0,0,0,2024-06-04,2024-06-04
in_000000202092,29900,1,0,0,0,0,0,0,0,0,2024-06-11,2024-06-11
in_000000085992,29900,1,0,0,0,0,0,0,0,0,2024-06-08,2024-06-08
in_000000096619,29900,1,0,0,0,0,0,0,0,0,2024-06-06,2024-06-06
in_000000020514,79900,1,0,0,0,0,0,0,0,0,2024-06-12,2024-06-12
in_000000220999,9900,1,0,0,0,0,0,0,0,0,2024-06-16,2024-06-16
in_000000014663,29900,1,0,0,0,0,0,0,0,0,2024-06-11,2024-06-11
in_000000164060,79900,1,0,0,0,0,0,0,0,0,2024-06-14,2024-06-14
in_000000107191,9900,1,0,0,0,0,0,0,0,0,2024-06-24,2024-06-24
in_000000179937,29900,1,0,0,0,0,0,0,0,0,2024-06-26,2024-06-26
in_000000145280,79900,1,0,0,0,0,0,0,0,0,2024-06-09,2024-06-09
in_000000161299,29900,1,0,0,0,0,0,0,0,0,2024-06-08,2024-06-08
in_000000175296,9900,1,0,0,0,0,0,0,0,0,2024-06-16,2024-06-16
in_000000299817,29900,1,0,0,0,0,0,0,0,0,2024-06-11,2024-06-11
in_000000045499,29900,1,0,0,0,0,0,0,0,0,2024-06-09,2024-06-09
in_000000107082,9900,1,0,0,0,0,0,0,0,0,2024-06-06,2024-06-06
in_000000309376,79900,1,0,0,0,0,0,0,0,0,2024-06-24,2024-06-24
in_000000157416,79900,1,0,0,0,0,0,0,0,0,2024-06-05,2024-06-05
in_000000096769,199900,1,0,0,0,0,0,0,0,0,2024-06-22,2024-06-22
in_000000063234,29900,1,0,0,0,0,0,0,0,0,2024-06-03,2024-06-03
in_000000045889,9900,1,0,0,0,0,0,0,0,0,2024-06-15,2024-06-15
in_000000298998,79900,1,0,0,0,0,0,0,0,0,2024-06-18,2024-06-18
in_000000284955,29900,1,0,0,0,0,0,0,0,0,2024-06-16,2024-06-16
in_000000192773,29900,1,0,0,0,0,0,0,0,0,2024-06-23,2024-06-23
in_000000025632,9900,1,0,0,0,0,0,0,0,0,2024-06-06,2024-06-06
in_000000133348,79900,1,0,0,0,0,0,0,0,0,2024-06-06,2024-06-06
in_000000012712,9900,1,0,0,0,0,0,0,0,0,2024-06-06,2024-06-06
in_000000270443,9900,1,0,0,0,0,0,0,0,0,2024-06-08,2024-06-08
in_000000000757,99000,1,0,0,0,0,0,0,0,0,2024-06-21,2024-06-21
in_000000012734,79900,1,0,0,0,0,0,0,0,0,2024-06-15,2024-06-15
in_000000135228,9900,1,0,0,0,0,0,0,0,0,2024-06-05,2024-06-05
in_000000190386,9900,1,0,0,0,0,0,0,0,0,2024-06-09,2024-06-09
in_000000294509,9900,1,0,0,0,0,0,0,0,0,2024-06-06,2024-06-06
in_000000267220,29900,1,0,0,0,0,0,0,0,0,2024-06-13,2024-06-13
in_000000147307,29900,1,0,0,0,0,0,0,0,0,2024-06-15,2024-06-15
in_000000142757,79900,1,0,0,0,0,0,0,0,0,2024-06-08,2024-06-08
in_000000084201,79900,1,0,0,0,0,0,0,0,0,2024-06-07,2024-06-07
in_000000283671,79900,1,0,0,0,0,0,0,0,0,2024-06-23,2024-06-23
in_000000067931,9900,1,0,0,0,0,0,0,0,0,2024-06-21,2024-06-21
in_000000235564,9900,1,0,0,0,0,0,0,0,0,2024-06-14,2024-06-14
in_000000200572,9900,1,0,0,0,0,0,0,0,0,2024-06-11,2024-06-11
in_000000260639,29900,1,0,0,0,0,0,0,0,0,2024-06-25,2024-06-25
in_000000071672,9900,1,0,0,0,0,0,0,0,0,2024-06-21,2024-06-21
in_000000304084,79900,1,0,0,0,0,0,0,0,0,2024-06-24,2024-06-24
in_000000275653,9900,1,0,0,0,0,0,0,0,0,2024-06-18,2024-06-18
in_000000057293,79900,1,0,0,0,0,0,0,0,0,2024-06-13,2024-06-13
in_000000176298,199900,1,0,0,0,0,0,0,0,0,2024-06-19,2024-06-19
in_000000018041,9900,1,0,0,0,0,0,0,0,0,2024-06-20,2024-06-20
in_000000232526,29900,1,0,0,0,0,0,0,0,0,2024-06-21,2024-06-21
in_000000145167,29900,1,0,0,0,0,0,0,0,0,2024-06-09,2024-06-09
in_000000160226,29900,1,0,0,0,0,0,0,0,0,2024-06-10,2024-06-10
in_000000285935,9900,1,0,0,0,0,0,0,0,0,2024-06-23,2024-06-23
in_000000056235,9900,1,0,0,0,0,0,0,0,0,2024-06-22,2024-06-22
in_000000181116,299000,1,0,0,0,0,0,0,0,0,2024-06-25,2024-06-25
in_000000211638,29900,1,0,0,0,0,0,0,0,0,2024-06-15,2024-06-15
in_000000011278,29900,1,0,0,0,0,0,0,0,0,2024-06-05,2024-06-05
in_000000282168,29900,1,0,0,0,0,0,0,0,0,2024-06-14,2024-06-14
in_000000171804,29900,1,0,0,0,0,0,0,0,0,2024-06-22,2024-06-22
in_000000287338,79900,1,0,0,0,0,0,0,0,0,2024-06-18,2024-06-18
in_000000206744,79900,1,0,0,0,0,0,0,0,0,2024-06-06,2024-06-06
in_000000173886,79900,1,0,0,0,0,0,0,0,0,2024-06-22,2024-06-22
in_000000161373,9900,1,0,0,0,0,0,0,0,0,2024-06-05,2024-06-05
in_000000038007,29900,1,0,0,0,0,0,0,0,0,2024-06-19,2024-06-19
in_000000210297,9900,1,0,0,0,0,0,0,0,0,2024-06-17,2024-06-17
in_000000061014,29900,1,0,0,0,0,0,0,0,0,2024-06-25,2024-06-25
in_000000051356,29900,1,0,0,0,0,0,0,0,0,2024-06-08,2024-06-08
in_000000093220,29900,1,0,0,0,0,0,0,0,0,2024-06-06,2024-06-06
in_000000287363,9900,1,0,0,0,0,0,0,0,0,2024-06-09,2024-06-09
in_000000251316,79900,1,0,0,0,0,0,0,0,0,2024-06-25,2024-06-25
in_000000120509,9900,1,0,0,0,0,0,0,0,0,2024-06-17,2024-06-17
in_000000070487,29900,1,0,0,0,0,0,0,0,0,2024-06-08,2024-06-08
in_000000186244,29900,1,0,0,0,0,0,0,0,0,2024-06-14,2024-06-14
in_000000189522,79900,1,0,0,0,0,0,0,0,0,2024-06-05,2024-06-05
in_000000047237,99000,1,0,0,0,0,0,0,0,0,2024-06-14,2024-06-14
in_000000144183,9900,1,0,0,0,0,0,0,0,0,2024-06-15,2024-06-15
in_000000085123,9900,1,0,0,0,0,0,0,0,0,2024-06-11,2024-06-11
in_000000226854,29900,1,0,0,0,0,0,0,0,0,2024-06-20,2024-06-20
in_000000061439,9900,1,0,0,0,0,0,0,0,0,2024-06-16,2024-06-16
in_000000229065,29900,1,0,0,0,0,0,0,0,0,2024-06-17,2024-06-17
in_000000228475,29900,1,0,0,0,0,0,0,0,0,2024-06-22,2024-06-22
in_000000093521,9900,1,0,0,0,0,0,0,0,0,2024-06-19,2024-06-19
in_000000319092,9900,1,0,0,0,0,0,0,0,0,2024-06-17,2024-06-17
in_000000282791,9900,1,0,0,0,0,0,0,0,0,2024-06-23,2024-06-23
in_000000107166,29900,1,0,0,0,0,0,0,0,0,2024-06-21,2024-06-21
in_000000224022,9900,1,0,0,0,0,0,0,0,0,2024-06-12,2024-06-12
in_000000308290,9900,1,0,0,0,0,0,0,0,0,2024-06-12,2024-06-12
in_000000182052,29900,1,0,0,0,0,0,0,0,0,2024-06-11,2024-06-11
in_000000233353,9900,1,0,0,0,0,0,0,0,0,2024-06-26,2024-06-26
in_000000110827,29900,1,0,0,0,0,0,0,0,0,2024-06-09,2024-06-09
in_000000248963,29900,1,0,0,0,0,0,0,0,0,2024-06-12,2024-06-12
in_000000260399,29900,1,0,0,0,0,0,0,0,0,2024-06-12,2024-06-12
in_000000283385,79900,1,0,0,0,0,0,0,0,0,2024-06-07,2024-06-07
in_000000302220,9900,1,0,0,0,0,0,0,0,0,2024-06-22,2024-06-22
in_000000229170,9900,1,0,0,0,0,0,0,0,0,2024-06-15,2024-06-15
in_000000220984,9900,1,0,0,0,0,0,0,0,0,2024-06-18,2024-06-18
in_000000071794,9900,1,0,0,0,0,0,0,0,0,2024-06-09,2024-06-09
in_000000115819,9900,1,0,0,0,0,0,0,0,0,2024-06-17,2024-06-17
in_000000315414,799000,1,0,0,0,0,0,0,0,0,2024-06-14,2024-06-14
in_000000145932,9900,1,0,0,0,0,0,0,0,0,2024-06-18,2024-06-18
in_000000203710,9900,1,0,0,0,0,0,0,0,0,2024-06-19,2024-06-19
in_000000278191,29900,1,0,0,0,0,0,0,0,0,2024-06-17,2024-06-17
in_000000236977,9900,1,0,0,0,0,0,0,0,0,2024-06-04,2024-06-04
in_000000233288,9900,1,0,0,0,0,0,0,0,0,2024-06-06,2024-06-06
in_000000281168,9900,1,0,0,0,0,0,0,0,0,2024-06-08,2024-06-08
in_000000299999,9900,1,0,0,0,0,0,0,0,0,2024-06-15,2024-06-15
in_000000247288,29900,1,0,0,0,0,0,0,0,0,2024-06-18,2024-06-18
in_000000229116,9900,1,0,0,0,0,0,0,0,0,2024-06-12,2024-06-12
in_000000040887,199900,1,0,0,0,0,0,0,0,0,2024-06-09,2024-06-09
in_000000314176,9900,1,0,0,0,0,0,0,0,0,2024-06-13,2024-06-13
in_000000163870,29900,1,0,0,0,0,0,0,0,0,2024-06-20,2024-06-20
in_000000301374,29900,1,0,0,0,0,0,0,0,0,2024-06-15,2024-06-15
in_000000182224,29900,1,0,0,0,0,0,0,0,0,2024-06-12,2024-06-12
in_000000224243,9900,1,0,0,0,0,0,0,0,0,2024-06-20,2024-06-20
in_000000137566,79900,1,0,0,0,0,0,0,0,0,2024-06-06,2024-06-06
in_000000041409,9900,1,0,0,0,0,0,0,0,0,2024-06-15,2024-06-15
in_000000306237,9900,1,0,0,0,0,0,0,0,0,2024-06-23,2024-06-23
in_000000096691,79900,1,0,0,0,0,0,0,0,0,2024-06-11,2024-06-11
in_000000284064,9900,1,0,0,0,0,0,0,0,0,2024-06-12,2024-06-12
in_000000264849,29900,1,0,0,0,0,0,0,0,0,2024-06-25,2024-06-25
in_000000089081,9900,1,0,0,0,0,0,0,0,0,2024-06-09,2024-06-09
in_000000035957,29900,1,0,0,0,0,0,0,0,0,2024-06-07,2024-06-07
in_000000180284,79900,1,0,0,0,0,0,0,0,0,2024-06-13,2024-06-13
in_000000016412,9900,1,0,0,0,0,0,0,0,0,2024-06-17,2024-06-17
in_000000235542,9900,1,0,0,0,0,0,0,0,0,2024-06-05,2024-06-05
in_000000140701,199900,1,0,0,0,0,0,0,0,0,2024-06-12,2024-06-12
in_000000114575,9900,1,0,0,0,0,0,0,0,0,2024-06-20,2024-06-20
in_000000281710,9900,1,0,0,0,0,0,0,0,0,2024-06-23,2024-06-23
in_000000106179,9900,1,0,0,0,0,0,0,0,0,2024-06-10,2024-06-10
in_000000212261,9900,1,0,0,0,0,0,0,0,0,2024-07-02,2024-07-02
in_000000171775,9900,1,0,0,0,0,0,0,0,0,2024-06-07,2024-06-07
in_000000172962,29900,1,0,0,0,0,0,0,0,0,2024-06-04,2024-06-04
in_000000263548,9900,1,0,0,0,0,0,0,0,0,2024-06-22,2024-06-22
in_000000181891,199900,1,0,0,0,0,0,0,0,0,2024-06-19,2024-06-19
in_000000115720,9900,1,0,0,0,0,0,0,0,0,2024-06-06,2024-06-06
in_000000071253,29900,1,0,0,0,0,0,0,0,0,2024-06-19,2024-06-19
in_000000176461,199900,1,0,0,0,0,0,0,0,0,2024-06-09,2024-06-09
in_000000108285,9900,1,0,0,0,0,0,0,0,0,2024-06-09,2024-06-09
in_000000177436,29900,1,0,0,0,0,0,0,0,0,2024-06-19,2024-06-19
in_000000177069,79900,1,0,0,0,0,0,0,0,0,2024-06-04,2024-06-04
in_000000054102,9900,1,0,0,0,0,0,0,0,0,2024-06-15,2024-06-15
in_000000034608,79900,1,0,0,0,0,0,0,0,0,2024-06-25,2024-06-25
in_000000126528,9900,1,0,0,0,0,0,0,0,0,2024-06-21,2024-06-21
in_000000261284,29900,1,0,0,0,0,0,0,0,0,2024-06-21,2024-06-21
in_000000003943,199900,1,0,0,0,0,0,0,0,0,2024-06-10,2024-06-10
in_000000302262,199900,1,0,0,0,0,0,0,0,0,2024-06-17,2024-06-17
in_000000022483,199900,1,0,0,0,0,0,0,0,0,2024-06-07,2024-06-07
in_000000229260,9900,1,0,0,0,0,0,0,0,0,2024-06-18,2024-06-18
in_000000300281,99000,1,0,0,0,0,0,0,0,0,2024-06-24,2024-06-24
in_000000023932,29900,1,0,0,0,0,0,0,0,0,2024-06-07,2024-06-07
in_000000057012,29900,1,0,0,0,0,0,0,0,0,2024-06-23,2024-06-23
in_000000052860,9900,1,0,0,0,0,0,0,0,0,2024-06-17,2024-06-17
in_000000018349,29900,1,0,0,0,0,0,0,0,0,2024-06-10,2024-06-10
in_000000183397,9900,1,0,0,0,0,0,0,0,0,2024-06-22,2024-06-22
in_000000136356,29900,1,0,0,0,0,0,0,0,0,2024-06-22,2024-06-22
in_000000228274,29900,1,0,0,0,0,0,0,0,0,2024-06-12,2024-06-12
in_000000096189,29900,1,0,0,0,0,0,0,0,0,2024-06-14,2024-06-14
in_000000314181,299000,1,0,0,0,0,0,0,0,0,2024-06-15,2024-06-15
in_000000082699,199900,1,0,0,0,0,0,0,0,0,2024-06-13,2024-06-13
in_000000248458,79900,1,0,0,0,0,0,0,0,0,2024-06-13,2024-06-13
in_000000044913,9900,1,0,0,0,0,0,0,0,0,2024-06-25,2024-06-25
in_000000314542,199900,1,0,0,0,0,0,0,0,0,2024-06-19,2024-06-19
in_000000264365,79900,1,0,0,0,0,0,0,0,0,2024-06-17,2024-06-17
in_000000040742,29900,1,0,0,0,0,0,0,0,0,2024-06-14,2024-06-14
in_000000199439,29900,1,0,0,0,0,0,0,0,0,2024-06-08,2024-06-08
in_000000196291,9900,1,0,0,0,0,0,0,0,0,2024-06-06,2024-06-06
in_000000146837,3960,1,0,0,0,1,1,0,0,0,2024-06-06,2024-06-06
in_000000053391,29900,1,0,0,0,0,0,0,0,0,2024-06-14,2024-06-14
in_000000058452,9900,1,0,0,0,0,0,0,0,0,2024-06-22,2024-06-22
in_000000000920,9900,1,0,0,0,0,0,0,0,0,2024-06-15,2024-06-15
in_000000191242,29900,1,0,0,0,0,0,0,0,0,2024-06-24,2024-06-24
in_000000027135,9900,1,0,0,0,0,0,0,0,0,2024-06-21,2024-06-21
in_000000296451,29900,1,0,0,0,0,0,0,0,0,2024-06-03,2024-06-03
in_000000032928,9900,1,0,0,0,0,0,0,0,0,2024-06-16,2024-06-16
in_000000051745,9900,1,0,0,0,0,0,0,0,0,2024-06-15,2024-06-15
in_000000008296,199900,1,0,0,0,0,0,0,0,0,2024-06-22,2024-06-22
in_000000095981,29900,1,0,0,0,0,0,0,0,0,2024-06-13,2024-06-13
in_000000042193,29900,1,0,0,0,0,0,0,0,0,2024-06-20,2024-06-20
in_000000218984,9900,1,0,0,0,0,0,0,0,0,2024-06-05,2024-06-05
in_000000060552,9900,1,0,0,0,0,0,0,0,0,2024-06-17,2024-06-17
in_000000081181,9900,1,0,0,0,0,0,0,0,0,2024-06-13,2024-06-13
in_000000056878,9900,1,0,0,0,0,0,0,0,0,2024-06-11,2024-06-11
in_000000214521,9900,1,0,0,0,0,0,0,0,0,2024-06-11,2024-06-11
in_000000031008,9900,1,0,0,0,0,0,0,0,0,2024-06-21,2024-06-21
in_000000271764,9900,1,0,0,0,0,0,0,0,0,2024-06-12,2024-06-12
in_000000032821,799000,1,0,0,0,0,0,0,0,0,2024-06-06,2024-06-06
in_000000175604,9900,1,0,0,0,0,0,0,0,0,2024-06-12,2024-06-12
in_000000196233,9900,1,0,0,0,0,0,0,0,0,2024-06-10,2024-06-10
in_000000026422,29900,1,0,0,0,0,0,0,0,0,2024-06-05,2024-06-05
in_000000277622,9900,1,0,0,0,0,0,0,0,0,2024-06-19,2024-06-19
in_000000155163,9900,1,0,0,0,0,0,0,0,0,2024-06-17,2024-06-17
in_000000280962,79900,1,0,0,0,0,0,0,0,0,2024-07-02,2024-07-02
in_000000093071,9900,1,0,0,0,0,0,0,0,0,2024-06-11,2024-06-11
in_000000008400,99000,1,0,0,0,0,0,0,0,0,2024-06-06,2024-06-06
in_000000314530,199900,1,0,0,0,0,0,0,0,0,2024-06-18,2024-06-18
in_000000178301,9900,1,0,0,0,0,0,0,0,0,2024-06-12,2024-06-12
in_000000057527,29900,1,0,0,0,0,0,0,0,0,2024-06-16,2024-06-16
in_000000062956,79900,1,0,0,0,0,0,0,0,0,2024-06-12,2024-06-12
in_000000126214,9900,1,0,0,0,0,0,0,0,0,2024-06-23,2024-06-23
in_000000041684,29900,1,0,0,0,0,0,0,0,0,2024-06-18,2024-06-18
in_000000028503,29900,1,0,0,0,0,0,0,0,0,2024-06-19,2024-06-19
in_000000077589,9900,1,0,0,0,0,0,0,0,0,2024-06-04,2024-06-04
in_000000057402,9900,1,0,0,0,0,0,0,0,0,2024-06-25,2024-06-25
in_000000072925,9900,1,0,0,0,0,0,0,0,0,2024-06-15,2024-06-15
in_000000180041,29900,1,0,0,0,0,0,0,0,0,2024-06-22,2024-06-22
in_000000115362,79900,1,0,0,0,0,0,0,0,0,2024-06-22,2024-06-22
in_000000177479,29900,1,0,0,0,0,0,0,0,0,2024-06-08,2024-06-08
in_000000100916,9900,1,0,0,0,0,0,0,0,0,2024-06-11,2024-06-11
in_000000041255,9900,1,0,0,0,0,0,0,0,0,2024-06-12,2024-06-12
in_000000179877,9900,1,0,0,0,0,0,0,0,0,2024-06-11,2024-06-11
in_000000117442,199900,1,0,0,0,0,0,0,0,0,2024-06-23,2024-06-23
in_000000297876,79900,1,0,0,0,0,0,0,0,0,2024-06-19,2024-06-19
in_000000101365,29900,1,0,0,0,0,0,0,0,0,2024-06-11,2024-06-11
in_000000178784,9900,1,0,0,0,0,0,0,0,0,2024-06-16,2024-06-16
in_000000031528,29900,1,0,0,0,0,0,0,0,0,2024-06-07,2024-06-07
in_000000043752,9900,1,0,0,0,0,0,0,0,0,2024-06-08,2024-06-08
in_000000277780,199900,1,0,0,0,0,0,0,0,0,2024-06-15,2024-06-15
in_000000018130,9900,1,0,0,0,0,0,0,0,0,2024-06-17,2024-06-17
in_000000064131,29900,1,0,0,0,0,0,0,0,0,2024-06-26,2024-06-26
in_000000195027,29900,1,0,0,0,0,0,0,0,0,2024-06-10,2024-06-10
in_000000191944,199900,1,0,0,0,0,0,0,0,0,2024-06-07,2024-06-07
in_000000135196,79900,1,0,0,0,0,0,0,0,0,2024-06-10,2024-06-10
in_000000275869,29900,1,0,0,0,0,0,0,0,0,2024-06-16,2024-06-16
in_000000173406,9900,1,0,0,0,0,0,0,0,0,2024-06-12,2024-06-12
in_000000092236,9900,1,0,0,0,0,0,0,0,0,2024-06-09,2024-06-09
in_000000174979,9900,1,0,0,0,0,0,0,0,0,2024-06-10,2024-06-10
in_000000226001,29900,1,0,0,0,0,0,0,0,0,2024-06-12,2024-06-12
in_000000112983,79900,1,0,0,0,0,0,0,0,0,2024-06-13,2024-06-13
in_000000144771,9900,1,0,0,0,0,0,0,0,0,2024-06-20,2024-06-20
in_000000162822,239200,1,0,0,1,0,0,0,0,0,2024-06-25,2024-06-25
in_000000087804,29900,1,0,0,0,0,0,0,0,0,2024-06-11,2024-06-11
in_000000135869,29900,1,0,0,0,0,0,0,0,0,2024-06-11,2024-06-11
in_000000120742,9900,1,0,0,0,0,0,0,0,0,2024-06-12,2024-06-12
in_000000257580,29900,1,0,0,0,0,0,0,0,0,2024-06-07,2024-06-07
in_000000015978,9900,1,0,0,0,0,0,0,0,0,2024-06-10,2024-06-10
in_000000289457,9900,1,0,0,0,0,0,0,0,0,2024-06-05,2024-06-05
in_000000273069,199900,1,0,0,0,0,0,0,0,0,2024-06-06,2024-06-06
in_000000269367,29900,1,0,0,0,0,0,0,0,0,2024-06-24,2024-06-24
in_000000187585,29900,1,0,0,0,0,0,0,0,0,2024-06-09,2024-06-09
in_000000143213,29900,1,0,0,0,0,0,0,0,0,2024-06-22,2024-06-22
in_000000197230,79900,1,0,0,0,0,0,0,0,0,2024-06-14,2024-06-14
in_000000075536,29900,1,0,0,0,0,0,0,0,0,2024-06-20,2024-06-20
in_000000075041,9900,1,0,0,0,0,0,0,0,0,2024-06-25,2024-06-25
in_000000182138,29900,1,0,0,0,0,0,0,0,0,2024-06-23,2024-06-23
in_000000018333,29900,1,0,0,0,0,0,0,0,0,2024-06-12,2024-06-12
in_000000192408,29900,1,0,0,0,0,0,0,0,0,2024-06-22,2024-06-22
in_000000125588,99000,1,0,0,0,0,0,0,0,0,2024-06-20,2024-06-20
in_000000206173,79900,1,0,0,0,0,0,0,0,0,2024-06-11,2024-06-11
in_000000127983,79900,1,0,0,0,0,0,0,0,0,2024-06-05,2024-06-05
in_000000246997,29900,1,0,0,0,0,0,0,0,0,2024-06-08,2024-06-08
in_000000288797,9900,1,0,0,0,0,0,0,0,0,2024-06-19,2024-06-19
in_000000315642,29900,1,0,0,0,0,0,0,0,0,2024-06-16,2024-06-16
in_000000098870,29900,1,0,0,0,0,0,0,0,0,2024-06-11,2024-06-11
in_000000035787,79900,1,0,0,0,0,0,0,0,0,2024-06-19,2024-06-19
in_000000288692,29900,1,0,0,0,0,0,0,0,0,2024-06-08,2024-06-08
in_000000179133,79900,1,0,0,0,0,0,0,0,0,2024-06-19,2024-06-19
in_000000225427,79900,1,0,0,0,0,0,0,0,0,2024-06-06,2024-06-06
in_000000220857,29900,1,0,0,0,0,0,0,0,0,2024-06-24,2024-06-24
in_000000143345,79900,1,0,0,0,0,0,0,0,0,2024-06-16,2024-06-16
in_000000265375,9900,1,0,0,0,0,0,0,0,0,2024-06-15,2024-06-15
in_000000288567,29900,1,0,0,0,0,0,0,0,0,2024-06-05,2024-06-05
in_000000237437,9900,1,0,0,0,0,0,0,0,0,2024-06-22,2024-06-22
in_000000234345,29900,1,0,0,0,0,0,0,0,0,2024-06-23,2024-06-23
in_000000221021,199900,1,0,0,0,0,0,0,0,0,2024-06-24,2024-06-24
in_000000088743,79900,1,0,0,0,0,0,0,0,0,2024-06-21,2024-06-21
in_000000080553,9900,1,0,0,0,0,0,0,0,0,2024-06-21,2024-06-21
in_000000067753,9900,1,0,0,0,0,0,0,0,0,2024-06-26,2024-06-26
in_000000077787,29900,1,0,0,0,0,0,0,0,0,2024-06-22,2024-06-22
in_000000073348,9900,1,0,0,0,0,0,0,0,0,2024-06-03,2024-06-03
in_000000286128,199900,1,0,0,0,0,0,0,0,0,2024-06-15,2024-06-15
in_000000286678,29900,1,0,0,0,0,0,0,0,0,2024-06-17,2024-06-17
in_000000054410,79900,1,0,0,0,0,0,0,0,0,2024-06-14,2024-06-14
in_000000074208,9900,1,0,0,0,0,0,0,0,0,2024-06-22,2024-06-22
in_000000180015,79900,1,0,0,0,0,0,0,0,0,2024-06-13,2024-06-13
in_000000200374,29900,1,0,0,0,0,0,0,0,0,2024-06-15,2024-06-15
in_000000315773,9900,1,0,0,0,0,0,0,0,0,2024-06-06,2024-06-06
in_000000040963,29900,1,0,0,0,0,0,0,0,0,2024-06-12,2024-06-12
in_000000178706,79900,1,0,0,0,0,0,0,0,0,2024-06-09,2024-06-09
in_000000063484,29900,1,0,0,0,0,0,0,0,0,2024-06-06,2024-06-06
in_000000051860,9900,1,0,0,0,0,0,0,0,0,2024-06-07,2024-06-07
in_000000294039,9900,1,0,0,0,0,0,0,0,0,2024-06-22,2024-06-22
in_000000045639,9900,1,0,0,0,0,0,0,0,0,2024-06-19,2024-06-19
in_000000123396,9900,1,0,0,0,0,0,0,0,0,2024-06-15,2024-06-15
in_000000252582,29900,1,0,0,0,0,0,0,0,0,2024-06-22,2024-06-22
in_000000319950,9900,1,0,0,0,0,0,0,0,0,2024-06-12,2024-06-12
in_000000298528,79900,1,0,0,0,0,0,0,0,0,2024-06-14,2024-06-14
in_000000209274,9900,1,0,0,0,0,0,0,0,0,2024-06-20,2024-06-20
in_000000157991,9900,1,0,0,0,0,0,0,0,0,2024-07-03,2024-07-03
in_000000123100,9900,1,0,0,0,0,0,0,0,0,2024-06-16,2024-06-16
in_000000319517,79900,1,0,0,0,0,0,0,0,0,2024-06-11,2024-06-11
in_000000164892,9900,1,0,0,0,0,0,0,0,0,2024-06-03,2024-06-03
in_000000314374,199900,1,0,0,0,0,0,0,0,0,2024-06-15,2024-06-15
in_000000097929,79900,1,0,0,0,0,0,0,0,0,2024-06-13,2024-06-13
in_000000162129,29900,1,0,0,0,0,0,0,0,0,2024-06-09,2024-06-09
in_000000078954,79900,1,0,0,0,0,0,0,0,0,2024-06-19,2024-06-19
in_000000131281,29900,1,0,0,0,0,0,0,0,0,2024-06-11,2024-06-11
in_000000105067,29900,1,0,0,0,0,0,0,0,0,2024-06-19,2024-06-19
in_000000109914,9900,1,0,0,0,0,0,0,0,0,2024-06-10,2024-06-10
in_000000118727,9900,1,0,0,0,0,0,0,0,0,2024-06-19,2024-06-19
in_000000193982,9900,1,0,0,0,0,0,0,0,0,2024-06-17,2024-06-17
in_000000197208,9900,1,0,0,0,0,0,0,0,0,2024-06-03,2024-06-03
in_000000047196,29900,1,0,0,0,0,0,0,0,0,2024-06-23,2024-06-23
in_000000290375,99000,1,0,0,0,0,0,0,0,0,2024-06-20,2024-06-20
in_000000318493,9900,1,0,0,0,0,0,0,0,0,2024-06-12,2024-06-12
in_000000073598,4950,1,0,0,1,0,0,0,0,0,2024-06-17,2024-06-17
in_000000313696,79900,1,0,0,0,0,0,0,0,0,2024-06-08,2024-06-08
in_000000066691,199900,1,0,0,0,0,0,0,0,0,2024-06-17,2024-06-17
in_000000020911,199900,1,0,0,0,0,0,0,0,0,2024-06-05,2024-06-05
in_000000185226,29900,1,0,0,0,0,0,0,0,0,2024-06-16,2024-06-16
in_000000017886,9900,1,0,0,0,0,0,0,0,0,2024-06-14,2024-06-14
in_000000243532,9900,1,0,0,0,0,0,0,0,0,2024-06-20,2024-06-20
in_000000227098,79900,1,0,0,0,0,0,0,0,0,2024-06-23,2024-06-23
in_000000123495,9900,1,0,0,0,0,0,0,0,0,2024-06-14,2024-06-14
in_000000092975,9900,1,0,0,0,0,0,0,0,0,2024-06-25,2024-06-25
in_000000138726,79900,1,0,0,0,0,0,0,0,0,2024-06-08,2024-06-08
in_000000296124,9900,1,0,0,0,0,0,0,0,0,2024-06-21,2024-06-21
in_000000316277,9900,1,0,0,0,0,0,0,0,0,2024-06-21,2024-06-21
in_000000116773,79900,1,0,0,0,0,0,0,0,0,2024-06-09,2024-06-09
in_000000246099,9900,1,0,0,0,0,0,0,0,0,2024-06-23,2024-06-23
in_000000251736,9900,1,0,0,0,0,0,0,0,0,2024-06-26,2024-06-26
in_000000316888,29900,1,0,0,0,0,0,0,0,0,2024-06-13,2024-06-13
in_000000272815,9900,1,0,0,0,0,0,0,0,0,2024-06-10,2024-06-10
in_000000273190,9900,1,0,0,0,0,0,0,0,0,2024-06-21,2024-06-21
in_000000135618,99000,1,0,0,0,0,0,0,0,0,2024-06-21,2024-06-21
in_000000319141,9900,1,0,0,0,0,0,0,0,0,2024-06-20,2024-06-20
in_000000251085,79900,1,0,0,0,0,0,0,0,0,2024-06-12,2024-06-12
in_000000283773,9900,1,0,0,0,0,0,0,0,0,2024-06-06,2024-06-06
in_000000153633,9900,1,0,0,0,0,0,0,0,0,2024-06-05,2024-06-05
in_000000320147,29900,1,0,0,0,0,0,0,0,0,2024-06-17,2024-06-17
in_000000300649,29900,1,0,0,0,0,0,0,0,0,2024-06-04,2024-06-04
in_000000116466,199900,1,0,0,0,0,0,0,0,0,2024-06-07,2024-06-07
in_000000014974,29900,1,0,0,0,0,0,0,0,0,2024-06-17,2024-06-17
in_000000313595,29900,1,0,0,0,0,0,0,0,0,2024-06-20,2024-06-20
in_000000194164,7425,1,0,0,1,0,0,0,0,0,2024-06-06,2024-06-06
in_000000087316,9900,1,0,0,0,0,0,0,0,0,2024-06-25,2024-06-25
in_000000159973,29900,1,0,0,0,0,0,0,0,0,2024-06-07,2024-06-07
in_000000139783,79900,1,0,0,0,0,0,0,0,0,2024-06-16,2024-06-16
in_000000303883,9900,1,0,0,0,0,0,0,0,0,2024-06-09,2024-06-09
in_000000186017,29900,1,0,0,0,0,0,0,0,0,2024-06-18,2024-06-18
in_000000248775,9900,1,0,0,0,0,0,0,0,0,2024-06-04,2024-06-04
in_000000084839,29900,1,0,0,0,0,0,0,0,0,2024-06-21,2024-06-21
in_000000191447,9900,1,0,0,0,0,0,0,0,0,2024-06-14,2024-06-14
in_000000101143,9900,1,0,0,0,0,0,0,0,0,2024-06-11,2024-06-11
in_000000024685,9900,1,0,0,0,0,0,0,0,0,2024-06-12,2024-06-12
in_000000112609,29900,1,0,0,0,0,0,0,0,0,2024-06-21,2024-06-21
in_000000053981,9900,1,0,0,0,0,0,0,0,0,2024-06-05,2024-06-05
in_000000208960,79900,1,0,0,0,0,0,0,0,0,2024-06-22,2024-06-22
in_000000189387,29900,1,0,0,0,0,0,0,0,0,2024-06-17,2024-06-17
in_000000126645,199900,1,0,0,0,0,0,0,0,0,2024-06-23,2024-06-23
in_000000201999,29900,1,0,0,0,0,0,0,0,0,2024-06-13,2024-06-13
in_000000220509,29900,1,0,0,0,0,0,0,0,0,2024-06-23,2024-06-23
in_000000069449,29900,1,0,0,0,0,0,0,0,0,2024-06-17,2024-06-17
in_000000086474,29900,1,0,0,0,0,0,0,0,0,2024-06-22,2024-06-22
in_000000070854,29900,1,0,0,0,0,0,0,0,0,2024-06-14,2024-06-14
in_000000210669,9900,1,0,0,0,0,0,0,0,0,2024-06-07,2024-06-07
in_000000239314,99000,1,0,0,0,0,0,0,0,0,2024-06-24,2024-06-24
in_000000102135,9900,1,0,0,0,0,0,0,0,0,2024-06-21,2024-06-21
in_000000146267,29900,1,0,0,0,0,0,0,0,0,2024-06-23,2024-06-23
in_000000072796,29900,1,0,0,0,0,0,0,0,0,2024-06-06,2024-06-06
in_000000122854,9900,1,0,0,0,0,0,0,0,0,2024-06-09,2024-06-09
in_000000088217,79900,1,0,0,0,0,0,0,0,0,2024-06-17,2024-06-17
in_000000072838,29900,1,0,0,0,0,0,0,0,0,2024-06-07,2024-06-07
in_000000034884,9900,1,0,0,0,0,0,0,0,0,2024-06-16,2024-06-16
in_000000115174,9900,1,0,0,0,0,0,0,0,0,2024-06-08,2024-06-08
in_000000064166,29900,1,0,0,0,0,0,0,0,0,2024-06-07,2024-06-07
in_000000113179,9900,1,0,0,0,0,0,0,0,0,2024-06-15,2024-06-15
in_000000167177,9900,1,0,0,0,0,0,0,0,0,2024-06-14,2024-06-14
in_000000090301,9900,1,0,0,0,0,0,0,0,0,2024-06-05,2024-06-05
in_000000285008,9900,1,0,0,0,0,0,0,0,0,2024-06-20,2024-06-20
in_000000271268,79900,1,0,0,0,0,0,0,0,0,2024-06-09,2024-06-09
in_000000159565,67915,1,0,0,1,0,0,0,0,0,2024-06-07,2024-06-07
in_000000213119,799000,1,0,0,0,0,0,0,0,0,2024-06-07,2024-06-07
in_000000133713,99000,1,0,0,0,0,0,0,0,0,2024-06-04,2024-06-04
in_000000168069,29900,1,0,0,0,0,0,0,0,0,2024-06-16,2024-06-16
in_000000256180,9900,1,0,0,0,0,0,0,0,0,2024-06-21,2024-06-21
in_000000245679,9900,1,0,0,0,0,0,0,0,0,2024-06-15,2024-06-15
in_000000029510,29900,1,0,0,0,0,0,0,0,0,2024-06-23,2024-06-23
in_000000093128,9900,1,0,0,0,0,0,0,0,0,2024-06-23,2024-06-23
in_000000292894,199900,1,0,0,0,0,0,0,0,0,2024-06-08,2024-06-08
in_000000070680,79900,1,0,0,0,0,0,0,0,0,2024-06-22,2024-06-22
in_000000142667,79900,1,0,0,0,0,0,0,0,0,2024-06-15,2024-06-15
in_000000126898,9900,1,0,0,0,0,0,0,0,0,2024-06-11,2024-06-11
in_000000167110,29900,1,0,0,0,0,0,0,0,0,2024-06-10,2024-06-10
in_000000037105,29900,1,0,0,0,0,0,0,0,0,2024-06-17,2024-06-17
in_000000277855,29900,1,0,0,0,0,0,0,0,0,2024-06-17,2024-06-17
in_000000019513,9900,1,0,0,0,0,0,0,0,0,2024-06-14,2024-06-14
in_000000183024,199900,1,0,0,0,0,0,0,0,0,2024-06-20,2024-06-20
in_000000314923,9900,1,0,0,0,0,0,0,0,0,2024-06-18,2024-06-18
in_000000253118,29900,1,0,0,0,0,0,0,0,0,2024-06-11,2024-06-11
in_000000138548,79900,1,0,0,0,0,0,0,0,0,2024-06-13,2024-06-13
in_000000174354,9900,1,0,0,0,0,0,0,0,0,2024-06-04,2024-06-04
in_000000100196,29900,1,0,0,0,0,0,0,0,0,2024-06-05,2024-06-05
in_000000209569,29900,1,0,0,0,0,0,0,0,0,2024-06-08,2024-06-08
in_000000142049,9900,1,0,0,0,0,0,0,0,0,2024-06-17,2024-06-17
in_000000176839,9900,1,0,0,0,0,0,0,0,0,2024-06-17,2024-06-17
in_000000186479,9900,1,0,0,0,0,0,0,0,0,2024-06-08,2024-06-08
in_000000088116,9900,1,0,0,0,0,0,0,0,0,2024-06-18,2024-06-18
in_000000293050,29900,1,0,0,0,0,0,0,0,0,2024-06-08,2024-06-08
in_000000009245,9900,1,0,0,0,0,0,0,0,0,2024-06-09,2024-06-09
in_000000028331,29900,1,0,0,0,0,0,0,0,0,2024-06-07,2024-06-07
in_000000154276,79900,1,0,0,0,0,0,0,0,0,2024-06-14,2024-06-14
in_000000155642,9900,1,0,0,0,0,0,0,0,0,2024-06-10,2024-06-10
in_000000215356,29900,1,0,0,0,0,0,0,0,0,2024-06-21,2024-06-21
in_000000174928,29900,1,0,0,0,0,0,0,0,0,2024-06-24,2024-06-24
in_000000156066,29900,1,0,0,0,0,0,0,0,0,2024-06-12,2024-06-12
in_000000289205,9900,1,0,0,0,0,0,0,0,0,2024-06-21,2024-06-21
in_000000304958,9900,1,0,0,0,0,0,0,0,0,2024-06-11,2024-06-11
in_000000044564,9900,1,0,0,0,0,0,0,0,0,2024-06-25,2024-06-25
in_000000133958,8910,1,0,0,1,0,0,0,0,0,2024-06-21,2024-06-21
in_000000142233,9900,1,0,0,0,0,0,0,0,0,2024-06-15,2024-06-15
in_000000116483,29900,1,0,0,0,0,0,0,0,0,2024-06-10,2024-06-10
in_000000037745,199900,1,0,0,0,0,1,1,0,0,2024-06-18,2024-06-18
in_000000041609,9900,1,0,0,0,0,0,0,0,0,2024-06-21,2024-06-21
in_000000254266,29900,1,0,0,0,0,0,0,0,0,2024-06-25,2024-06-25
in_000000042891,9900,1,0,0,0,0,0,0,0,0,2024-06-09,2024-06-09
in_000000045282,9900,1,0,0,0,0,0,0,0,0,2024-06-16,2024-06-16
in_000000179696,99000,1,0,0,0,0,0,0,0,0,2024-06-16,2024-06-16
in_000000227806,29900,1,0,0,0,0,0,0,0,0,2024-06-21,2024-06-21
in_000000065472,9900,1,0,0,0,0,0,0,0,0,2024-06-20,2024-06-20
in_000000264159,9900,1,0,0,0,0,0,0,0,0,2024-06-18,2024-06-18
in_000000223950,9900,1,0,0,0,0,0,0,0,0,2024-06-23,2024-06-23
in_000000302134,29900,1,0,0,0,0,0,0,0,0,2024-06-03,2024-06-03
in_000000177312,29900,1,0,0,0,0,0,0,0,0,2024-06-13,2024-06-13
in_000000088207,9900,1,0,0,0,0,0,0,0,0,2024-06-15,2024-06-15
in_000000135182,79900,1,0,0,0,0,0,0,0,0,2024-06-21,2024-06-21
in_000000040379,29900,1,0,0,0,0,0,0,0,0,2024-06-04,2024-06-04
in_000000229908,29900,1,0,0,0,0,0,0,0,0,2024-06-24,2024-06-24
in_000000031223,9900,1,0,0,0,0,0,0,0,0,2024-06-10,2024-06-10
in_000000307514,9900,1,0,0,0,0,0,0,0,0,2024-06-13,2024-06-13
in_000000202884,29900,1,0,0,0,0,0,0,0,0,2024-06-22,2024-06-22
in_000000031584,29900,1,0,0,0,0,0,0,0,0,2024-06-24,2024-06-24
in_000000099811,99000,1,0,0,0,0,0,0,0,0,2024-06-17,2024-06-17
in_000000180366,79900,1,0,0,0,0,0,0,0,0,2024-06-25,2024-06-25
in_000000007464,9900,1,0,0,0,0,0,0,0,0,2024-06-15,2024-06-15
in_000000195121,9900,1,0,0,0,0,0,0,0,0,2024-06-25,2024-06-25
in_000000268648,9900,1,0,0,0,0,0,0,0,0,2024-06-20,2024-06-20
in_000000316610,79900,1,0,0,0,0,0,0,0,0,2024-06-22,2024-06-22
in_000000130939,29900,1,0,0,0,0,0,0,0,0,2024-06-18,2024-06-18
in_000000233458,9900,1,0,0,0,0,0,0,0,0,2024-06-14,2024-06-14
in_000000134054,9900,1,0,0,0,0,0,0,0,0,2024-06-08,2024-06-08
in_000000200320,9900,1,0,0,0,0,0,0,0,0,2024-06-14,2024-06-14
in_000000071954,79900,1,0,0,0,0,0,0,0,0,2024-06-18,2024-06-18
in_000000308394,9900,1,0,0,0,0,0,0,0,0,2024-06-07,2024-06-07
in_000000063799,199900,1,0,0,0,0,0,0,0,0,2024-06-22,2024-06-22
in_000000048094,79900,1,0,0,0,0,0,0,0,0,2024-06-10,2024-06-10
in_000000058623,9900,1,0,0,0,0,0,0,0,0,2024-06-05,2024-06-05
in_000000068519,79900,1,0,0,0,0,0,0,0,0,2024-06-20,2024-06-20
in_000000285225,79900,1,0,0,0,0,0,0,0,0,2024-06-05,2024-06-05
in_000000244929,299000,1,0,0,0,0,0,0,0,0,2024-06-10,2024-06-10
in_000000041602,29900,1,0,0,0,0,0,0,0,0,2024-06-08,2024-06-08
in_000000187450,29900,1,0,0,0,0,0,0,0,0,2024-06-20,2024-06-20
in_000000186330,79900,1,0,0,0,0,0,0,0,0,2024-06-19,2024-06-19
in_000000115702,9900,1,0,0,0,0,0,0,0,0,2024-06-11,2024-06-11
in_000000319860,29900,1,0,0,0,0,0,0,0,0,2024-06-20,2024-06-20
in_000000261151,9900,1,0,0,0,0,0,0,0,0,2024-06-17,2024-06-17
in_000000236180,29900,1,0,0,0,0,0,0,0,0,2024-06-10,2024-06-10
in_000000250088,9900,1,0,0,0,0,0,0,0,0,2024-06-15,2024-06-15
in_000000050176,29900,1,0,0,0,0,0,0,0,0,2024-06-24,2024-06-24
in_000000132495,9900,1,0,0,0,0,0,0,0,0,2024-06-25,2024-06-25
in_000000261623,199900,1,0,0,0,0,0,0,0,0,2024-06-06,2024-06-06
in_000000182258,799000,1,0,0,0,0,0,0,0,0,2024-06-19,2024-06-19
in_000000187475,9900,1,0,0,0,0,0,0,0,0,2024-06-05,2024-06-05
in_000000172464,29900,1,0,0,0,0,0,0,0,0,2024-06-13,2024-06-13
in_000000029273,29900,1,0,0,0,0,0,0,0,0,2024-06-07,2024-06-07
in_000000009566,29900,1,0,0,0,0,0,0,0,0,2024-06-11,2024-06-11
in_000000257146,9900,1,0,0,0,0,0,0,0,0,2024-06-23,2024-06-23
in_000000116821,79900,1,0,0,0,0,0,0,0,0,2024-06-26,2024-06-26
in_000000112497,29900,1,0,0,0,0,0,0,0,0,2024-06-23,2024-06-23
in_000000317733,79900,1,0,0,0,0,0,0,0,0,2024-06-15,2024-06-15
in_000000095158,9900,1,0,0,0,0,0,0,0,0,2024-06-03,2024-06-03
in_000000082520,9900,1,0,0,0,0,0,0,0,0,2024-06-11,2024-06-11
in_000000181322,9900,1,0,0,0,0,0,0,0,0,2024-06-22,2024-06-22
in_000000065452,79900,1,0,0,0,0,0,0,0,0,2024-06-15,2024-06-15
in_000000263022,79900,1,0,0,0,0,0,0,0,0,2024-06-20,2024-06-20
in_000000057904,199900,1,0,0,0,0,0,0,0,0,2024-06-21,2024-06-21
in_000000193435,9900,1,0,0,0,0,0,0,0,0,2024-06-07,2024-06-07
in_000000019884,9900,1,0,0,0,0,0,0,0,0,2024-06-12,2024-06-12
in_000000134047,29900,1,0,0,0,0,0,0,0,0,2024-06-21,2024-06-21
in_000000306559,29900,1,0,0,0,0,0,0,0,0,2024-06-09,2024-06-09
in_000000007456,9900,1,0,0,0,0,0,0,0,0,2024-06-20,2024-06-20
in_000000288609,9900,1,0,0,0,0,0,0,0,0,2024-06-15,2024-06-15
in_000000111433,29900,1,0,0,0,0,0,0,0,0,2024-06-09,2024-06-09
in_000000023110,9900,1,0,0,0,0,0,0,0,0,2024-06-21,2024-06-21
in_000000315841,29900,1,0,0,0,0,0,0,0,0,2024-06-23,2024-06-23
in_000000072084,9900,1,0,0,0,0,0,0,0,0,2024-06-05,2024-06-05
in_000000003026,29900,1,0,0,0,0,0,0,0,0,2024-06-11,2024-06-11
in_000000156765,29900,1,0,0,0,0,0,0,0,0,2024-06-18,2024-06-18
in_000000017163,29900,1,0,0,0,0,0,0,0,0,2024-06-12,2024-06-12
in_000000129688,9900,1,0,0,0,0,0,0,0,0,2024-06-16,2024-06-16
in_000000197792,9900,1,0,0,0,0,0,0,0,0,2024-06-11,2024-06-11
in_000000213136,9900,1,0,0,0,0,0,0,0,0,2024-06-12,2024-06-12
in_000000300624,79900,1,0,0,0,0,0,0,0,0,2024-06-22,2024-06-22
in_000000011151,9900,1,0,0,0,0,0,0,0,0,2024-06-24,2024-06-24
in_000000134229,79900,1,0,0,0,0,0,0,0,0,2024-06-08,2024-06-08
in_000000037207,67915,1,0,0,1,0,0,0,0,0,2024-06-21,2024-06-21
in_000000049636,9900,1,0,0,0,0,0,0,0,0,2024-06-20,2024-06-20
in_000000249630,29900,1,0,0,0,0,0,0,0,0,2024-06-07,2024-06-07
in_000000319126,9900,1,0,0,0,0,0,0,0,0,2024-06-22,2024-06-22
in_000000209545,29900,1,0,0,0,0,0,0,0,0,2024-06-17,2024-06-17
in_000000104015,9900,1,0,0,0,0,0,0,0,0,2024-06-20,2024-06-20
in_000000278714,9400,1,0,0,1,0,0,0,0,0,2024-06-24,2024-06-24
in_000000113753,9900,1,0,0,0,0,0,0,0,0,2024-06-05,2024-06-05
in_000000319457,29900,1,0,0,0,0,0,0,0,0,2024-06-21,2024-06-21
in_000000189162,9900,1,0,0,0,0,0,0,0,0,2024-06-04,2024-06-04
in_000000068682,29900,1,0,0,0,0,0,0,0,0,2024-06-09,2024-06-09
in_000000031472,79900,1,0,0,0,0,0,0,0,0,2024-06-25,2024-06-25
in_000000138129,9900,1,0,0,0,0,0,0,0,0,2024-06-13,2024-06-13
in_000000108293,299000,1,0,0,0,0,0,0,0,0,2024-06-19,2024-06-19
in_000000067265,29900,1,0,0,0,0,0,0,0,0,2024-06-21,2024-06-21
in_000000304442,79900,1,0,0,0,0,0,0,0,0,2024-06-10,2024-06-10
in_000000291693,29900,1,0,0,0,0,0,0,0,0,2024-06-18,2024-06-18
in_000000292565,29900,1,0,0,0,0,0,0,0,0,2024-06-18,2024-06-18
in_000000018016,29900,1,0,0,0,0,0,0,0,0,2024-06-16,2024-06-16
in_000000090541,9900,1,0,0,0,0,0,0,0,0,2024-06-14,2024-06-14
in_000000101587,199900,1,0,0,0,0,0,0,0,0,2024-06-08,2024-06-08
in_000000171559,79900,1,0,0,0,0,0,0,0,0,2024-06-20,2024-06-20
in_000000306783,9900,1,0,0,0,0,0,0,0,0,2024-06-12,2024-06-12
in_000000268151,29900,1,0,0,0,0,0,0,0,0,2024-06-11,2024-06-11
in_000000183297,9900,1,0,0,0,0,0,0,0,0,2024-06-15,2024-06-15
in_000000208766,29900,1,0,0,0,0,0,0,0,0,2024-06-14,2024-06-14
in_000000145685,29900,1,0,0,0,0,0,0,0,0,2024-06-17,2024-06-17
in_000000071503,199900,1,0,0,0,0,0,0,0,0,2024-06-23,2024-06-23
in_000000016094,9900,1,0,0,0,0,0,0,0,0,2024-06-13,2024-06-13
in_000000135008,9900,1,0,0,0,0,0,0,0,0,2024-06-13,2024-06-13
in_000000053765,9900,1,0,0,0,0,0,0,0,0,2024-06-23,2024-06-23
in_000000164113,9900,1,0,0,0,0,0,0,0,0,2024-06-12,2024-06-12
in_000000084725,29900,1,0,0,0,0,0,0,0,0,2024-06-23,2024-06-23
in_000000024820,29900,1,0,0,0,0,0,0,0,0,2024-06-08,2024-06-08
in_000000095380,29900,1,0,0,0,0,0,0,0,0,2024-06-10,2024-06-10
in_000000034841,9900,1,0,0,0,0,0,0,0,0,2024-06-04,2024-06-04
in_000000111150,9900,1,0,0,0,0,0,0,0,0,2024-06-06,2024-06-06
in_000000314009,79900,1,0,0,0,0,0,0,0,0,2024-06-13,2024-06-13
in_000000261570,79900,1,0,0,0,0,0,0,0,0,2024-06-14,2024-06-14
in_000000315828,9900,1,0,0,0,0,0,0,0,0,2024-06-26,2024-06-26
in_000000006592,9900,1,0,0,0,0,0,0,0,0,2024-06-17,2024-06-17
in_000000210377,9900,1,0,0,0,0,0,0,0,0,2024-06-17,2024-06-17
in_000000230436,9900,1,0,0,0,0,0,0,0,0,2024-06-24,2024-06-24
in_000000191914,9900,1,0,0,0,0,0,0,0,0,2024-06-14,2024-06-14
in_000000307891,79900,1,0,0,0,0,0,0,0,0,2024-06-17,2024-06-17
in_000000318399,199900,1,0,0,0,0,0,0,0,0,2024-06-14,2024-06-14
in_000000010474,29900,1,0,0,0,0,0,0,0,0,2024-06-14,2024-06-14
in_000000000831,29900,1,0,0,0,0,0,0,0,0,2024-06-06,2024-06-06
in_000000081933,79900,1,0,0,0,0,0,0,0,0,2024-06-11,2024-06-11
in_000000048285,29900,1,0,0,0,0,0,0,0,0,2024-06-21,2024-06-21
in_000000250404,29900,1,0,0,0,0,0,0,0,0,2024-06-13,2024-06-13
in_000000315485,9900,1,0,0,0,0,0,0,0,0,2024-06-07,2024-06-07
in_000000195388,29900,1,0,0,0,0,0,0,0,0,2024-06-14,2024-06-14
in_000000090982,99000,1,0,0,0,0,0,0,0,0,2024-06-12,2024-06-12
in_000000293841,29900,1,0,0,0,0,0,0,0,0,2024-06-18,2024-06-18
in_000000104270,199900,1,0,0,0,0,0,0,0,0,2024-06-18,2024-06-18
in_000000047515,9900,1,0,0,0,0,0,0,0,0,2024-06-23,2024-06-23
in_000000283185,79900,1,0,0,0,0,0,0,0,0,2024-06-22,2024-06-22
in_000000296687,79900,1,0,0,0,0,0,0,0,0,2024-06-24,2024-06-24
in_000000109414,9900,1,0,0,0,0,0,0,0,0,2024-06-08,2024-06-08
in_000000028863,29900,1,0,0,0,0,0,0,0,0,2024-06-14,2024-06-14
in_000000184203,9900,1,0,0,0,0,0,0,0,0,2024-06-14,2024-06-14
in_000000312300,9900,1,0,0,0,0,0,0,0,0,2024-06-06,2024-06-06
in_000000191579,9900,1,0,0,0,0,0,0,0,0,2024-06-19,2024-06-19
in_000000121626,9900,1,0,0,0,0,0,0,0,0,2024-06-20,2024-06-20
in_000000257872,1999000,1,0,0,0,0,0,0,0,0,2024-06-05,2024-06-05
in_000000063439,29900,1,0,0,0,0,0,0,0,0,2024-06-09,2024-06-09
in_000000207051,9900,1,0,0,0,0,0,0,0,0,2024-06-26,2024-06-26
in_000000095052,9900,1,0,0,0,0,0,0,0,0,2024-06-22,2024-06-22
in_000000187781,9900,1,0,0,0,0,0,0,0,0,2024-06-12,2024-06-12
in_000000232661,79900,1,0,0,0,0,0,0,0,0,2024-06-19,2024-06-19
in_000000081493,9900,1,0,0,0,0,0,0,0,0,2024-06-09,2024-06-09
in_000000025725,9900,1,0,0,0,0,0,0,0,0,2024-06-13,2024-06-13
in_000000096804,79900,1,0,0,0,0,0,0,0,0,2024-06-13,2024-06-13
in_000000171224,9900,1,0,0,0,0,0,0,0,0,2024-06-17,2024-06-17
in_000000299568,9900,1,0,0,0,0,0,0,0,0,2024-06-07,2024-06-07
in_000000015532,79900,1,0,0,0,0,0,0,0,0,2024-06-17,2024-06-17
in_000000175059,9900,1,0,0,0,0,0,0,0,0,2024-06-14,2024-06-14
in_000000199966,9900,1,0,0,0,0,0,0,0,0,2024-06-20,2024-06-20
in_000000027954,299000,1,0,0,0,0,0,0,0,0,2024-06-06,2024-06-06
in_000000031044,9900,1,0,0,0,0,0,0,0,0,2024-06-16,2024-06-16
in_000000045374,79900,1,0,0,0,0,0,0,0,0,2024-06-14,2024-06-14
in_000000289477,29900,1,0,0,0,0,0,0,0,0,2024-06-23,2024-06-23
in_000000128166,79900,1,0,0,0,0,0,0,0,0,2024-06-16,2024-06-16
in_000000292946,29900,1,0,0,0,0,0,0,0,0,2024-06-24,2024-06-24
in_000000305254,9900,1,0,0,0,0,0,0,0,0,2024-06-11,2024-06-11
in_000000037573,9900,1,0,0,0,0,0,0,0,0,2024-06-20,2024-06-20
in_000000089145,9900,1,0,0,0,0,0,0,0,0,2024-06-12,2024-06-12
in_000000209985,9900,1,0,0,0,0,0,0,0,0,2024-06-08,2024-06-08
in_000000288285,9900,1,0,0,0,0,0,0,0,0,2024-06-17,2024-06-17
in_000000062593,9900,1,0,0,0,0,0,0,0,0,2024-06-14,2024-06-14
in_000000174873,1999000,1,0,0,0,0,0,0,0,0,2024-06-15,2024-06-15
in_000000180075,9900,1,0,0,0,0,0,0,0,0,2024-06-13,2024-06-13
in_000000284299,199900,1,0,0,0,0,0,0,0,0,2024-06-24,2024-06-24
in_000000230179,79900,1,0,0,0,0,0,0,0,0,2024-06-19,2024-06-19
in_000000287553,39950,1,0,0,1,0,0,0,0,0,2024-06-06,2024-06-06
in_000000216375,29900,1,0,0,0,0,0,0,0,0,2024-06-11,2024-06-11
in_000000133186,29900,1,0,0,0,0,0,0,0,0,2024-06-04,2024-06-04
in_000000165463,9900,1,0,0,0,0,0,0,0,0,2024-06-12,2024-06-12
in_000000132100,799000,1,0,0,0,0,0,0,0,0,2024-06-13,2024-06-13
in_000000107866,9900,1,0,0,0,0,0,0,0,0,2024-06-07,2024-06-07
in_000000299506,199900,1,0,0,0,0,0,0,0,0,2024-06-23,2024-06-23
in_000000163835,9900,1,0,0,0,0,0,0,0,0,2024-06-14,2024-06-14
in_000000161000,29900,1,0,0,0,0,0,0,0,0,2024-06-13,2024-06-13
in_000000017105,29900,1,0,0,0,0,0,0,0,0,2024-06-17,2024-06-17
in_000000148532,29900,1,0,0,0,0,0,0,0,0,2024-06-05,2024-06-05
in_000000270572,9900,1,0,0,0,0,0,0,0,0,2024-06-05,2024-06-05
in_000000246780,9900,1,0,0,0,0,0,0,0,0,2024-06-11,2024-06-11
in_000000136316,9900,1,0,0,0,0,0,0,0,0,2024-06-10,2024-06-10
in_000000185360,79900,1,0,0,0,0,0,0,0,0,2024-06-12,2024-06-12
in_000000224335,9900,1,0,0,0,0,0,0,0,0,2024-06-12,2024-06-12
in_000000143413,79900,1,0,0,0,0,0,0,0,0,2024-06-18,2024-06-18
in_000000172686,29900,1,0,0,0,0,0,0,0,0,2024-06-08,2024-06-08
in_000000117004,9900,1,0,0,0,0,0,0,0,0,2024-06-11,2024-06-11
in_000000233556,79900,1,0,0,0,0,0,0,0,0,2024-06-14,2024-06-14
in_000000230211,9900,1,0,0,0,0,0,0,0,0,2024-06-21,2024-06-21
in_000000239684,99000,1,0,0,0,0,0,0,0,0,2024-06-14,2024-06-14
in_000000033753,799000,1,0,0,0,0,0,0,0,0,2024-06-19,2024-06-19
in_000000264045,9900,1,0,0,0,0,0,0,0,0,2024-06-20,2024-06-20
in_000000227203,29900,1,0,0,0,0,0,0,0,0,2024-06-12,2024-06-12
in_000000057149,79900,1,0,0,0,0,0,0,0,0,2024-06-25,2024-06-25
in_000000274234,29900,1,0,0,0,0,0,0,0,0,2024-06-05,2024-06-05
in_000000224659,29900,1,0,0,0,0,0,0,0,0,2024-06-20,2024-06-20
in_000000284905,9900,1,0,0,0,0,0,0,0,0,2024-06-06,2024-06-06
in_000000166303,29900,1,0,0,0,0,0,0,0,0,2024-06-20,2024-06-20
in_000000240103,9900,1,0,0,0,0,0,0,0,0,2024-06-13,2024-06-13
in_000000298655,9900,1,0,0,0,0,0,0,0,0,2024-06-19,2024-06-19
in_000000121128,29900,1,0,0,0,0,0,0,0,0,2024-06-10,2024-06-10
in_000000010888,29900,1,0,0,0,0,0,0,0,0,2024-06-07,2024-06-07
in_000000286419,9900,1,0,0,0,0,0,0,0,0,2024-06-07,2024-06-07
in_000000124360,29900,1,0,0,0,0,0,0,0,0,2024-06-09,2024-06-09
in_000000208841,299000,1,0,0,0,0,0,0,0,0,2024-06-18,2024-06-18
in_000000295274,29900,1,0,0,0,0,0,0,0,0,2024-06-23,2024-06-23
in_000000271541,29900,1,0,0,0,0,0,0,0,0,2024-06-20,2024-06-20
in_000000002591,199900,1,0,0,0,0,0,0,0,0,2024-06-19,2024-06-19
in_000000202581,9900,1,0,0,0,0,0,0,0,0,2024-06-24,2024-06-24
in_000000181311,9900,1,0,0,0,0,0,0,0,0,2024-06-09,2024-06-09
in_000000003349,9900,1,0,0,0,0,0,0,0,0,2024-06-11,2024-06-11
in_000000024387,9900,1,0,0,0,0,0,0,0,0,2024-06-24,2024-06-24
in_000000117828,9900,1,0,0,0,0,0,0,0,0,2024-06-23,2024-06-23
in_000000316460,29900,1,0,0,0,0,0,0,0,0,2024-06-07,2024-06-07
in_000000119819,79900,1,0,0,0,0,0,0,0,0,2024-06-13,2024-06-13
in_000000213493,9900,1,0,0,0,0,0,0,0,0,2024-06-06,2024-06-06
in_000000067803,9900,1,0,0,0,0,0,0,0,0,2024-06-23,2024-06-23
in_000000169362,9900,1,0,0,0,0,0,0,0,0,2024-06-22,2024-06-22
in_000000081791,9900,1,0,0,0,0,0,0,0,0,2024-06-26,2024-06-26
in_000000087541,99000,1,0,0,0,0,0,0,0,0,2024-06-05,2024-06-05
in_000000216303,79900,1,0,0,0,0,0,0,0,0,2024-06-04,2024-06-04
in_000000120554,9900,1,0,0,0,0,0,0,0,0,2024-06-25,2024-06-25
in_000000206808,29900,1,0,0,0,0,0,0,0,0,2024-06-25,2024-06-25
in_000000276361,199900,1,0,0,0,0,0,0,0,0,2024-06-20,2024-06-20
in_000000091637,29900,1,0,0,0,0,0,0,0,0,2024-06-20,2024-06-20
in_000000046463,9900,1,0,0,0,0,0,0,0,0,2024-06-12,2024-06-12
in_000000013608,9900,1,0,0,0,0,0,0,0,0,2024-06-22,2024-06-22
in_000000179194,9900,1,0,0,0,0,0,0,0,0,2024-06-24,2024-06-24
in_000000024314,29900,1,0,0,0,0,0,0,0,0,2024-06-17,2024-06-17
in_000000153114,9900,1,0,0,0,0,0,0,0,0,2024-06-12,2024-06-12
in_000000220152,9900,1,0,0,0,0,0,0,0,0,2024-06-18,2024-06-18
in_000000251744,99000,1,0,0,0,0,0,0,0,0,2024-06-12,2024-06-12
in_000000188631,79900,1,0,0,0,0,0,0,0,0,2024-06-15,2024-06-15
in_000000063868,9900,1,0,0,0,0,0,0,0,0,2024-06-15,2024-06-15
in_000000086768,9900,1,0,0,0,0,0,0,0,0,2024-06-07,2024-06-07
in_000000209957,29900,1,0,0,0,0,0,0,0,0,2024-06-16,2024-06-16
in_000000088402,29900,1,0,0,0,0,0,0,0,0,2024-06-18,2024-06-18
in_000000189407,9900,1,0,0,0,0,0,0,0,0,2024-06-10,2024-06-10
in_000000268459,299000,1,0,0,0,0,0,0,0,0,2024-06-16,2024-06-16
in_000000278167,9900,1,0,0,0,0,0,0,0,0,2024-06-20,2024-06-20
in_000000051901,9900,1,0,0,0,0,0,0,0,0,2024-06-06,2024-06-06
in_000000221332,79900,1,0,0,0,0,0,0,0,0,2024-06-13,2024-06-13
in_000000309260,29900,1,0,0,0,0,0,0,0,0,2024-06-18,2024-06-18
in_000000038794,79900,1,0,0,0,0,0,0,0,0,2024-06-08,2024-06-08
in_000000142709,9900,1,0,0,0,0,0,0,0,0,2024-06-09,2024-06-09
in_000000311617,9900,1,0,0,0,0,0,0,0,0,2024-06-11,2024-06-11
in_000000003552,99000,1,0,0,0,0,0,0,0,0,2024-06-08,2024-06-08
in_000000057327,29900,1,0,0,0,0,0,0,0,0,2024-07-03,2024-07-03
in_000000053163,9900,1,0,0,0,0,0,0,0,0,2024-06-11,2024-06-11
in_000000098618,79900,1,0,0,0,0,0,0,0,0,2024-06-20,2024-06-20
in_000000274661,29900,1,0,0,0,0,0,0,0,0,2024-06-06,2024-06-06
in_000000090940,9900,1,0,0,0,0,0,0,0,0,2024-06-17,2024-06-17
in_000000271555,79900,1,0,0,0,0,0,0,0,0,2024-06-13,2024-06-13
in_000000164768,99000,1,0,0,0,0,0,0,0,0,2024-06-09,2024-06-09
in_000000096526,9900,1,0,0,0,0,0,0,0,0,2024-06-06,2024-06-06
in_000000246839,29900,1,0,0,0,0,0,0,0,0,2024-06-19,2024-06-19
in_000000280931,9900,1,0,0,0,0,0,0,0,0,2024-06-09,2024-06-09
in_000000247078,79900,1,0,0,0,0,0,0,0,0,2024-06-11,2024-06-11
in_000000052718,29900,1,0,0,0,0,0,0,0,0,2024-06-13,2024-06-13
in_000000143949,9900,1,0,0,0,0,0,0,0,0,2024-06-24,2024-06-24
in_000000080420,29900,1,0,0,0,0,0,0,0,0,2024-06-11,2024-06-11
in_000000316748,79900,1,0,0,0,0,0,0,0,0,2024-06-25,2024-06-25
in_000000090402,9900,1,0,0,0,0,0,0,0,0,2024-06-04,2024-06-04
in_000000056280,29900,1,0,0,0,0,0,0,0,0,2024-06-14,2024-06-14
in_000000113665,9900,1,0,0,0,0,0,0,0,0,2024-06-21,2024-06-21
in_000000244974,9900,1,0,0,0,0,0,0,0,0,2024-06-21,2024-06-21
in_000000282536,9900,1,0,0,0,0,0,0,0,0,2024-06-20,2024-06-20
in_000000253020,9900,1,0,0,0,0,0,0,0,0,2024-06-15,2024-06-15
in_000000113796,9900,1,0,0,0,0,0,0,0,0,2024-06-11,2024-06-11
in_000000083700,79900,1,0,0,0,0,0,0,0,0,2024-06-15,2024-06-15
in_000000147360,9900,1,0,0,0,0,0,0,0,0,2024-06-26,2024-06-26
in_000000127155,11960,1,0,0,0,1,1,0,0,0,2024-06-06,2024-06-06
in_000000248874,9900,1,0,0,0,0,0,0,0,0,2024-06-22,2024-06-22
in_000000011941,199900,1,0,0,0,0,0,0,0,0,2024-06-21,2024-06-21
in_000000318287,29900,1,0,0,0,0,0,0,0,0,2024-06-12,2024-06-12
in_000000293164,9900,1,0,0,0,0,0,0,0,0,2024-06-18,2024-06-18
in_000000226770,29900,1,0,0,0,0,0,0,0,0,2024-06-17,2024-06-17
in_000000313381,9900,1,0,0,0,0,0,0,0,0,2024-06-23,2024-06-23
in_000000089879,29900,1,0,0,0,0,0,0,0,0,2024-06-11,2024-06-11
in_000000180617,199900,1,0,0,0,0,0,0,0,0,2024-06-14,2024-06-14
in_000000116742,9900,1,0,0,0,0,0,0,0,0,2024-06-26,2024-06-26
in_000000022140,199900,1,0,0,0,0,0,0,0,0,2024-06-03,2024-06-03
in_000000111573,29900,1,0,0,0,0,0,0,0,0,2024-06-23,2024-06-23
in_000000084455,9900,1,0,0,0,0,0,0,0,0,2024-06-15,2024-06-15
in_000000104120,29900,1,0,0,0,0,0,0,0,0,2024-06-21,2024-06-21
in_000000308696,9900,1,0,0,0,0,0,0,0,0,2024-06-10,2024-06-10
in_000000184808,29900,1,0,0,0,0,0,0,0,0,2024-06-19,2024-06-19
in_000000107549,9900,1,0,0,0,0,0,0,0,0,2024-06-12,2024-06-12
in_000000032440,29900,1,0,0,0,0,0,0,0,0,2024-06-08,2024-06-08
in_000000142106,29900,1,0,0,0,0,0,0,0,0,2024-06-14,2024-06-14
in_000000154692,9900,1,0,0,0,0,0,0,0,0,2024-06-16,2024-06-16
in_000000284127,29900,1,0,0,0,0,0,0,0,0,2024-06-16,2024-06-16
in_000000013493,29900,1,0,0,0,0,0,0,0,0,2024-06-06,2024-06-06
in_000000004940,9900,1,0,0,0,0,0,0,0,0,2024-06-07,2024-06-07
in_000000025004,9900,1,0,0,0,0,0,0,0,0,2024-06-12,2024-06-12
in_000000120073,9900,1,0,0,0,0,0,0,0,0,2024-06-13,2024-06-13
in_000000317286,99000,1,0,0,0,0,0,0,0,0,2024-06-17,2024-06-17
in_000000097476,9900,1,0,0,0,0,0,0,0,0,2024-06-23,2024-06-23
in_000000180112,9900,1,0,0,0,0,0,0,0,0,2024-06-14,2024-06-14
in_000000191391,9900,1,0,0,0,0,0,0,0,0,2024-06-24,2024-06-24
in_000000029456,29900,1,0,0,0,0,0,0,0,0,2024-06-16,2024-06-16
in_000000111794,9900,1,0,0,0,0,0,0,0,0,2024-06-16,2024-06-16
in_000000090227,29900,1,0,0,0,0,0,0,0,0,2024-06-06,2024-06-06
in_000000158153,99000,1,0,0,0,0,0,0,0,0,2024-06-15,2024-06-15
in_000000075087,29900,1,0,0,0,0,0,0,0,0,2024-06-04,2024-06-04
in_000000293350,29900,1,0,0,0,0,0,0,0,0,2024-06-10,2024-06-10
in_000000106540,199900,1,0,0,0,0,0,0,0,0,2024-06-11,2024-06-11
in_000000038895,79900,1,0,0,0,0,0,0,0,0,2024-06-11,2024-06-11
in_000000094752,9900,1,0,0,0,0,0,0,0,0,2024-06-10,2024-06-10
in_000000307120,9900,1,0,0,0,0,0,0,0,0,2024-06-23,2024-06-23
in_000000067283,9900,1,0,0,0,0,1,1,0,0,2024-06-08,2024-06-08
in_000000130815,79900,1,0,0,0,0,0,0,0,0,2024-06-08,2024-06-08
in_000000097610,9900,1,0,0,0,0,0,0,0,0,2024-06-25,2024-06-25
in_000000192296,799000,1,0,0,0,0,0,0,0,0,2024-06-12,2024-06-12
in_000000135991,29900,1,0,0,0,0,0,0,0,0,2024-06-12,2024-06-12
in_000000205853,29900,1,0,0,0,0,0,0,0,0,2024-06-11,2024-06-11
in_000000030002,29900,1,0,0,0,0,0,0,0,0,2024-06-18,2024-06-18
in_000000210044,29900,1,0,0,0,0,0,0,0,0,2024-06-12,2024-06-12
in_000000181876,9900,1,0,0,0,0,0,0,0,0,2024-06-23,2024-06-23
in_000000054190,9900,1,0,0,0,0,0,0,0,0,2024-06-16,2024-06-16
in_000000091104,9900,1,0,0,0,0,0,0,0,0,2024-06-14,2024-06-14
in_000000159105,9900,1,0,0,0,0,0,0,0,0,2024-06-11,2024-06-11
in_000000063322,79900,1,0,0,0,0,0,0,0,0,2024-06-15,2024-06-15
in_000000276383,199900,1,0,0,0,0,0,0,0,0,2024-06-19,2024-06-19
in_000000307170,9900,1,0,0,0,0,0,0,0,0,2024-06-24,2024-06-24
in_000000102082,9900,1,0,0,0,0,0,0,0,0,2024-06-24,2024-06-24
in_000000096895,79900,1,0,0,0,0,0,0,0,0,2024-06-10,2024-06-10
in_000000243083,29900,1,0,0,0,0,0,0,0,0,2024-06-07,2024-06-07
in_000000014967,29900,1,0,0,0,0,0,0,0,0,2024-06-15,2024-06-15
in_000000157355,9900,1,0,0,0,0,0,0,0,0,2024-06-11,2024-06-11
in_000000188474,29900,1,0,0,0,0,0,0,0,0,2024-06-17,2024-06-17
in_000000087116,29900,1,0,0,0,0,0,0,0,0,2024-06-15,2024-06-15
in_000000064150,9900,1,0,0,0,0,0,0,0,0,2024-06-12,2024-06-12
in_000000211183,9900,1,0,0,0,0,0,0,0,0,2024-06-22,2024-06-22
in_000000295448,79900,1,0,0,0,0,0,0,0,0,2024-06-12,2024-06-12
in_000000261649,9900,1,0,0,0,0,0,0,0,0,2024-06-24,2024-06-24
in_000000138141,9900,1,0,0,0,0,0,0,0,0,2024-06-17,2024-06-17
in_000000114304,29900,1,0,0,0,0,0,0,0,0,2024-06-07,2024-06-07
in_000000012947,9900,1,0,0,0,0,0,0,0,0,2024-06-20,2024-06-20
in_000000141622,79900,1,0,0,0,0,0,0,0,0,2024-06-11,2024-06-11
in_000000277936,9900,1,0,0,0,0,0,0,0,0,2024-06-13,2024-06-13
in_000000197170,9900,1,0,0,0,0,0,0,0,0,2024-06-14,2024-06-14
in_000000026853,9900,1,0,0,0,0,0,0,0,0,2024-06-14,2024-06-14
in_000000264392,79900,1,0,0,0,0,0,0,0,0,2024-06-21,2024-06-21
in_000000089200,9900,1,0,0,0,0,0,0,0,0,2024-06-08,2024-06-08
in_000000138200,9900,1,0,0,0,0,0,0,0,0,2024-06-10,2024-06-10
in_000000061666,299000,1,0,0,0,0,0,0,0,0,2024-06-15,2024-06-15
in_000000206204,9900,1,0,0,0,0,0,0,0,0,2024-06-25,2024-06-25
in_000000270519,9900,1,0,0,0,0,0,0,0,0,2024-06-08,2024-06-08
in_000000011416,9900,1,0,0,0,0,0,0,0,0,2024-06-06,2024-06-06
in_000000301979,9900,1,0,0,0,0,0,0,0,0,2024-06-16,2024-06-16
in_000000078002,79900,1,0,0,0,0,0,0,0,0,2024-06-19,2024-06-19
in_000000301209,9900,1,0,0,0,0,0,0,0,0,2024-06-22,2024-06-22
in_000000001865,29900,1,0,0,0,0,0,0,0,0,2024-06-12,2024-06-12
in_000000082056,29900,1,0,0,0,0,0,0,0,0,2024-06-13,2024-06-13
in_000000144128,799000,1,0,0,0,0,0,0,0,0,2024-06-05,2024-06-05
in_000000080194,9900,1,0,0,0,0,0,0,0,0,2024-06-25,2024-06-25
in_000000244389,9900,1,0,0,0,0,0,0,0,0,2024-06-15,2024-06-15
in_000000044719,29900,1,0,0,0,0,0,0,0,0,2024-06-05,2024-06-05
in_000000132563,29900,1,0,0,0,0,0,0,0,0,2024-06-15,2024-06-15
in_000000139078,79900,1,0,0,0,0,0,0,0,0,2024-06-10,2024-06-10
in_000000310880,9900,1,0,0,0,0,0,0,0,0,2024-06-07,2024-06-07
in_000000080158,79900,1,0,0,0,0,0,0,0,0,2024-06-11,2024-06-11
in_000000312677,9900,1,0,0,0,0,0,0,0,0,2024-06-20,2024-06-20
in_000000278097,79900,1,0,0,0,0,0,0,0,0,2024-06-14,2024-06-14
in_000000123837,9900,1,0,0,0,0,0,0,0,0,2024-06-19,2024-06-19
in_000000297319,9900,1,0,0,0,0,0,0,0,0,2024-06-11,2024-06-11
in_000000038339,199900,1,0,0,0,0,0,0,0,0,2024-06-26,2024-06-26
in_000000102463,9900,1,0,0,0,0,0,0,0,0,2024-06-23,2024-06-23
in_000000047995,9900,1,0,0,0,0,0,0,0,0,2024-06-25,2024-06-25
in_000000296574,9900,1,0,0,0,0,0,0,0,0,2024-06-08,2024-06-08
in_000000233792,29900,1,0,0,0,0,0,0,0,0,2024-06-03,2024-06-03
in_000000274126,9900,1,0,0,0,0,0,0,0,0,2024-06-16,2024-06-16
in_000000078837,29900,1,0,0,0,0,0,0,0,0,2024-06-08,2024-06-08
in_000000298221,9900,1,0,0,0,0,0,0,0,0,2024-06-12,2024-06-12
in_000000243590,79900,1,0,0,0,0,0,0,0,0,2024-06-15,2024-06-15
in_000000312132,9900,1,0,0,0,0,0,0,0,0,2024-06-12,2024-06-12
in_000000294208,9900,1,0,0,0,0,0,0,0,0,2024-06-20,2024-06-20
in_000000143788,9900,1,0,0,0,0,0,0,0,0,2024-06-23,2024-06-23
in_000000182282,9900,1,0,0,0,0,0,0,0,0,2024-06-18,2024-06-18
in_000000213106,9900,1,0,0,0,0,0,0,0,0,2024-06-18,2024-06-18
in_000000302070,79900,1,0,0,0,0,0,0,0,0,2024-06-17,2024-06-17
in_000000318739,79900,1,0,0,0,0,0,0,0,0,2024-06-25,2024-06-25
in_000000058012,9900,1,0,0,0,0,0,0,0,0,2024-06-18,2024-06-18
in_000000194828,79900,1,0,0,0,0,0,0,0,0,2024-06-04,2024-06-04
in_000000278589,9900,1,0,0,0,0,0,0,0,0,2024-06-13,2024-06-13
in_000000023523,9900,1,0,0,0,0,0,0,0,0,2024-06-14,2024-06-14
in_000000281291,9900,1,0,0,0,0,0,0,0,0,2024-06-23,2024-06-23
in_000000069963,199900,1,0,0,0,0,0,0,0,0,2024-06-10,2024-06-10
in_000000017893,9900,1,0,0,0,0,0,0,0,0,2024-06-12,2024-06-12
in_000000055736,9900,1,0,0,0,0,0,0,0,0,2024-06-12,2024-06-12
in_000000095308,29900,1,0,0,0,0,0,0,0,0,2024-06-21,2024-06-21
in_000000316487,29900,1,0,0,0,0,0,0,0,0,2024-06-07,2024-06-07
in_000000307532,79900,1,0,0,0,0,0,0,0,0,2024-06-11,2024-06-11
in_000000298354,9900,1,0,0,0,0,0,0,0,0,2024-06-17,2024-06-17
in_000000046254,29900,1,0,0,0,0,0,0,0,0,2024-06-15,2024-06-15
in_000000057138,29900,1,0,0,0,0,0,0,0,0,2024-06-15,2024-06-15
in_000000104143,9900,1,0,0,0,0,0,0,0,0,2024-06-14,2024-06-14
in_000000227262,9900,1,0,0,0,0,0,0,0,0,2024-06-22,2024-06-22
in_000000042546,29900,1,0,0,0,0,0,0,0,0,2024-06-06,2024-06-06
in_000000320120,29900,1,0,0,0,0,0,0,0,0,2024-06-12,2024-06-12
in_000000002126,299000,1,0,0,0,0,0,0,0,0,2024-06-22,2024-06-22
in_000000188684,199900,1,0,0,0,0,0,0,0,0,2024-06-22,2024-06-22
in_000000082021,9900,1,0,0,0,0,0,0,0,0,2024-06-12,2024-06-12
in_000000195833,79900,1,0,0,0,0,0,0,0,0,2024-06-11,2024-06-11
in_000000185477,79900,1,0,0,0,0,0,0,0,0,2024-06-18,2024-06-18
in_000000132270,29900,1,0,0,0,0,0,0,0,0,2024-06-10,2024-06-10
in_000000170566,79900,1,0,0,0,0,0,0,0,0,2024-06-07,2024-06-07
in_000000062864,79900,1,0,0,0,0,0,0,0,0,2024-06-20,2024-06-20
in_000000215591,29900,1,0,0,0,0,0,0,0,0,2024-06-11,2024-06-11
in_000000003555,299000,1,0,0,0,0,0,0,0,0,2024-06-09,2024-06-09
in_000000031288,29900,1,0,0,0,0,0,0,0,0,2024-06-13,2024-06-13
in_000000313024,9900,1,0,0,0,0,0,0,0,0,2024-06-07,2024-06-07
in_000000109676,99000,1,0,0,0,0,0,0,0,0,2024-06-23,2024-06-23
in_000000030863,99000,1,0,0,0,0,0,0,0,0,2024-06-19,2024-06-19
in_000000088322,9900,1,0,0,0,0,0,0,0,0,2024-06-14,2024-06-14
in_000000015755,22425,1,0,0,1,0,0,0,0,0,2024-06-05,2024-06-05
in_000000020362,9900,1,0,0,0,0,0,0,0,0,2024-06-21,2024-06-21
in_000000002699,29900,1,0,0,0,0,0,0,0,0,2024-06-26,2024-06-26
in_000000002338,9900,1,0,0,0,0,0,0,0,0,2024-06-08,2024-06-08
in_000000269991,9900,1,0,0,0,0,0,0,0,0,2024-06-08,2024-06-08
in_000000185433,9900,1,0,0,0,0,0,0,0,0,2024-06-15,2024-06-15
in_000000035979,79900,1,0,0,0,0,0,0,0,0,2024-06-25,2024-06-25
in_000000181532,9900,1,0,0,0,0,0,0,0,0,2024-06-05,2024-06-05
in_000000010771,29900,1,0,0,0,0,0,0,0,0,2024-06-16,2024-06-16
in_000000110124,9900,1,0,0,0,0,0,0,0,0,2024-06-21,2024-06-21
in_000000236349,29900,1,0,0,0,0,0,0,0,0,2024-06-17,2024-06-17
in_000000227473,29900,1,0,0,0,0,0,0,0,0,2024-06-17,2024-06-17
in_000000113525,9900,1,0,0,0,0,0,0,0,0,2024-06-16,2024-06-16
in_000000296459,9900,1,0,0,0,0,0,0,0,0,2024-06-13,2024-06-13
in_000000184998,9900,1,0,0,0,0,0,0,0,0,2024-06-22,2024-06-22
in_000000053583,99000,1,0,0,0,0,0,0,0,0,2024-06-12,2024-06-12
in_000000287729,79900,1,0,0,0,0,0,0,0,0,2024-06-11,2024-06-11
in_000000218933,29900,1,0,0,0,0,0,0,0,0,2024-06-06,2024-06-06
in_000000039407,299000,1,0,0,0,0,0,0,0,0,2024-06-23,2024-06-23
in_000000218766,29900,1,0,0,0,0,0,0,0,0,2024-06-22,2024-06-22
in_000000071073,9900,1,0,0,0,0,0,0,0,0,2024-06-21,2024-06-21
in_000000187543,9900,1,0,0,0,0,0,0,0,0,2024-06-08,2024-06-08
in_000000143797,29900,1,0,0,0,0,0,0,0,0,2024-06-14,2024-06-14
in_000000062606,9900,1,0,0,0,0,0,0,0,0,2024-06-25,2024-06-25
in_000000292816,9900,1,0,0,0,0,0,0,0,0,2024-06-18,2024-06-18
in_000000300218,199900,1,0,0,0,0,0,0,0,0,2024-06-03,2024-06-03
in_000000230257,29900,1,0,0,0,0,0,0,0,0,2024-06-21,2024-06-21
in_000000189261,29900,1,0,0,0,0,0,0,0,0,2024-06-16,2024-06-16
in_000000145946,29900,1,0,0,0,0,0,0,0,0,2024-06-19,2024-06-19
in_000000256889,29900,1,0,0,0,0,0,0,0,0,2024-06-24,2024-06-24
in_000000182778,9900,1,0,0,0,0,0,0,0,0,2024-06-12,2024-06-12
in_000000104352,9900,1,0,0,0,0,0,0,0,0,2024-06-13,2024-06-13
in_000000158856,79900,1,0,0,0,0,0,0,0,0,2024-06-15,2024-06-15
in_000000279691,29900,1,0,0,0,0,0,0,0,0,2024-06-21,2024-06-21
in_000000239731,29900,1,0,0,0,0,0,0,0,0,2024-06-26,2024-06-26
in_000000173144,199900,1,0,0,0,0,0,0,0,0,2024-06-21,2024-06-21
in_000000263837,9900,1,0,0,0,0,0,0,0,0,2024-06-19,2024-06-19
in_000000210002,9900,1,0,0,0,0,0,0,0,0,2024-06-05,2024-06-05
in_000000279185,29900,1,0,0,0,0,0,0,0,0,2024-06-24,2024-06-24
in_000000182349,79900,1,0,0,0,0,0,0,0,0,2024-06-07,2024-06-07
in_000000207586,79900,1,0,0,0,0,0,0,0,0,2024-06-06,2024-06-06
in_000000186130,9900,1,0,0,0,0,0,0,0,0,2024-06-14,2024-06-14
in_000000312144,9900,1,0,0,0,0,0,0,0,0,2024-06-14,2024-06-14
in_000000000475,199900,1,0,0,0,0,0,0,0,0,2024-06-11,2024-06-11
in_000000070250,9900,1,0,0,0,0,0,0,0,0,2024-06-05,2024-06-05
in_000000057585,9900,1,0,0,0,0,0,0,0,0,2024-06-23,2024-06-23
in_000000023682,799000,1,0,0,0,0,0,0,0,0,2024-06-14,2024-06-14
in_000000108466,29900,1,0,0,0,0,0,0,0,0,2024-06-07,2024-06-07
in_000000258658,9900,1,0,0,0,0,0,0,0,0,2024-06-16,2024-06-16
in_000000055125,79900,1,0,0,0,0,0,0,0,0,2024-06-25,2024-06-25
in_000000002961,9900,1,0,0,0,0,0,0,0,0,2024-06-12,2024-06-12
in_000000166484,299000,1,0,0,0,0,0,0,0,0,2024-06-08,2024-06-08
in_000000244091,29900,1,0,0,0,0,0,0,0,0,2024-06-20,2024-06-20
in_000000192189,29900,1,0,0,0,0,0,0,0,0,2024-06-16,2024-06-16
in_000000314160,199900,1,0,0,0,0,0,0,0,0,2024-06-08,2024-06-08
in_000000158972,9900,1,0,0,0,0,0,0,0,0,2024-06-19,2024-06-19
in_000000257602,29900,1,0,0,0,0,0,0,0,0,2024-06-20,2024-06-20
in_000000215733,9900,1,0,0,0,0,0,0,0,0,2024-06-22,2024-06-22
in_000000108519,29900,1,0,0,0,0,0,0,0,0,2024-06-24,2024-06-24
in_000000304298,79900,1,0,0,0,0,0,0,0,0,2024-06-16,2024-06-16
in_000000238792,9900,1,0,0,0,0,0,0,0,0,2024-06-17,2024-06-17
in_000000242768,29900,1,0,0,0,0,0,0,0,0,2024-06-06,2024-06-06
in_000000012101,9900,1,0,0,0,0,0,0,0,0,2024-06-06,2024-06-06
in_000000207388,29900,1,0,0,0,0,0,0,0,0,2024-06-08,2024-06-08
in_000000082241,9900,1,0,0,0,0,0,0,0,0,2024-06-18,2024-06-18
in_000000319709,9900,1,0,0,0,0,0,0,0,0,2024-06-12,2024-06-12
in_000000144921,29900,1,0,0,0,0,0,0,0,0,2024-06-11,2024-06-11
in_000000000082,9900,1,0,0,0,0,0,0,0,0,2024-06-17,2024-06-17
in_000000214906,29900,1,0,0,0,0,0,0,0,0,2024-06-07,2024-06-07
in_000000221650,9900,1,0,0,0,0,0,0,0,0,2024-06-19,2024-06-19
in_000000037270,199900,1,0,0,0,0,0,0,0,0,2024-06-18,2024-06-18
in_000000055950,29900,1,0,0,0,0,0,0,0,0,2024-06-20,2024-06-20
in_000000035048,29900,1,0,0,0,0,0,0,0,0,2024-06-14,2024-06-14
in_000000305335,29900,1,0,0,0,0,0,0,0,0,2024-06-05,2024-06-05
in_000000173828,79900,1,0,0,0,0,0,0,0,0,2024-06-07,2024-06-07
in_000000104197,6435,1,0,0,1,0,0,0,0,0,2024-06-08,2024-06-08
in_000000219532,199900,1,0,0,0,0,0,0,0,0,2024-06-17,2024-06-17
in_000000227664,99000,1,0,0,0,0,0,0,0,0,2024-06-04,2024-06-04
in_000000094066,9900,1,0,0,0,0,0,0,0,0,2024-06-05,2024-06-05
in_000000312920,79900,1,0,0,0,0,0,0,0,0,2024-06-12,2024-06-12
in_000000313115,9900,1,0,0,0,0,0,0,0,0,2024-06-12,2024-06-12
in_000000317198,9900,1,0,0,0,0,0,0,0,0,2024-06-20,2024-06-20
in_000000203384,9900,1,0,0,0,0,0,0,0,0,2024-06-17,2024-06-17
in_000000142823,99000,1,0,0,0,0,0,0,0,0,2024-06-23,2024-06-23
in_000000024855,29900,1,0,0,0,0,0,0,0,0,2024-06-13,2024-06-13
in_000000146467,9900,1,0,0,0,0,0,0,0,0,2024-06-07,2024-06-07
in_000000181018,9900,1,0,0,0,0,0,0,0,0,2024-06-22,2024-06-22
in_000000131859,9900,1,0,0,0,0,0,0,0,0,2024-06-19,2024-06-19
in_000000046197,9900,1,0,0,0,0,0,0,0,0,2024-06-07,2024-06-07
in_000000188846,29900,1,0,0,0,0,0,0,0,0,2024-06-07,2024-06-07
in_000000127656,79900,1,0,0,0,0,0,0,0,0,2024-06-23,2024-06-23
in_000000133492,9900,1,0,0,0,0,0,0,0,0,2024-06-16,2024-06-16
in_000000148739,9900,1,0,0,0,0,0,0,0,0,2024-06-19,2024-06-19
in_000000147173,9900,1,0,0,0,0,0,0,0,0,2024-06-15,2024-06-15
in_000000308766,9900,1,0,0,0,0,0,0,0,0,2024-06-14,2024-06-14
in_000000099293,9900,1,0,0,0,0,0,0,0,0,2024-06-09,2024-06-09
in_000000224692,99000,1,0,0,0,0,0,0,0,0,2024-06-18,2024-06-18
in_000000040692,9900,1,0,0,0,0,0,0,0,0,2024-06-08,2024-06-08
in_000000101033,9900,1,0,0,0,0,0,0,0,0,2024-06-22,2024-06-22
in_000000215864,9900,1,0,0,0,0,0,0,0,0,2024-06-16,2024-06-16
in_000000133532,9900,1,0,0,0,0,0,0,0,0,2024-06-18,2024-06-18
in_000000105683,29900,1,0,0,0,0,0,0,0,0,2024-06-18,2024-06-18
in_000000081296,29900,1,0,0,0,0,0,0,0,0,2024-06-18,2024-06-18
in_000000232093,9900,1,0,0,0,0,0,0,0,0,2024-06-19,2024-06-19
in_000000123850,9900,1,0,0,0,0,0,0,0,0,2024-06-13,2024-06-13
in_000000257216,9900,1,0,0,0,0,0,0,0,0,2024-06-07,2024-06-07
in_000000311463,9900,1,0,0,0,0,0,0,0,0,2024-06-18,2024-06-18
in_000000124832,9900,1,0,0,0,0,0,0,0,0,2024-06-21,2024-06-21
in_000000225071,9900,1,0,0,0,0,0,0,0,0,2024-06-19,2024-06-19
in_000000126772,29900,1,0,0,0,0,0,0,0,0,2024-06-17,2024-06-17
in_000000186503,9900,1,0,0,0,0,0,0,0,0,2024-06-20,2024-06-20
in_000000181052,9900,1,0,0,0,0,0,0,0,0,2024-06-10,2024-06-10
in_000000171111,79900,1,0,0,0,0,0,0,0,0,2024-06-20,2024-06-20
in_000000157116,199900,1,0,0,0,0,0,0,0,0,2024-06-09,2024-06-09
in_000000077139,9900,1,0,0,0,0,0,0,0,0,2024-06-11,2024-06-11
in_000000078603,29900,1,0,0,0,0,0,0,0,0,2024-06-08,2024-06-08
in_000000092733,9900,1,0,0,0,0,0,0,0,0,2024-06-04,2024-06-04
in_000000220243,299000,1,0,0,0,0,0,0,0,0,2024-06-23,2024-06-23
in_000000105925,79900,1,0,0,0,0,0,0,0,0,2024-06-23,2024-06-23
in_000000093395,9900,1,0,0,0,0,0,0,0,0,2024-06-09,2024-06-09
in_000000108114,9900,1,0,0,0,0,0,0,0,0,2024-06-16,2024-06-16
in_000000255571,9900,1,0,0,0,0,0,0,0,0,2024-06-22,2024-06-22
in_000000140054,79900,1,0,0,0,0,0,0,0,0,2024-06-19,2024-06-19
in_000000227856,9900,1,0,0,0,0,0,0,0,0,2024-06-24,2024-06-24
in_000000138464,29900,1,0,0,0,0,0,0,0,0,2024-06-14,2024-06-14
in_000000186291,79900,1,0,0,0,0,0,0,0,0,2024-06-15,2024-06-15
in_000000062726,9900,1,0,0,0,0,0,0,0,0,2024-06-16,2024-06-16
in_000000227689,9900,1,0,0,0,0,0,0,0,0,2024-06-14,2024-06-14
in_000000237962,9400,1,0,0,1,0,0,0,0,0,2024-06-12,2024-06-12
in_000000040812,9900,1,0,0,0,0,0,0,0,0,2024-06-05,2024-06-05
in_000000253712,9900,1,0,0,0,0,0,0,0,0,2024-06-21,2024-06-21
in_000000137783,79900,1,0,0,0,0,0,0,0,0,2024-06-09,2024-06-09
in_000000213871,9900,1,0,0,0,0,0,0,0,0,2024-06-18,2024-06-18
in_000000276600,9900,1,0,0,0,0,0,0,0,0,2024-06-09,2024-06-09
in_000000279289,9900,1,0,0,0,0,0,0,0,0,2024-06-05,2024-06-05
in_000000228783,9900,1,0,0,0,0,0,0,0,0,2024-06-11,2024-06-11
in_000000314264,29900,1,0,0,0,0,0,0,0,0,2024-06-14,2024-06-14
in_000000240099,29900,1,0,0,0,0,0,0,0,0,2024-06-20,2024-06-20
in_000000203565,29900,1,0,0,0,0,0,0,0,0,2024-06-20,2024-06-20
in_000000307300,29900,1,0,0,0,0,0,0,0,0,2024-06-13,2024-06-13
in_000000162322,9900,1,0,0,0,0,0,0,0,0,2024-06-08,2024-06-08
in_000000027212,9900,1,0,0,0,0,0,0,0,0,2024-06-10,2024-06-10
in_000000009653,9900,1,0,0,0,0,0,0,0,0,2024-06-18,2024-06-18
in_000000008364,29900,1,0,0,0,0,0,0,0,0,2024-06-13,2024-06-13
in_000000258376,29900,1,0,0,0,0,0,0,0,0,2024-06-17,2024-06-17
in_000000309605,9900,1,0,0,0,0,0,0,0,0,2024-06-23,2024-06-23
in_000000021138,29900,1,0,0,0,0,0,0,0,0,2024-06-15,2024-06-15
in_000000309522,199900,1,0,0,0,0,0,0,0,0,2024-06-08,2024-06-08
in_000000209834,79900,1,0,0,0,0,0,0,0,0,2024-06-24,2024-06-24
in_000000265551,199900,1,0,0,0,0,0,0,0,0,2024-06-14,2024-06-14
in_000000310383,79900,1,0,0,0,0,0,0,0,0,2024-06-15,2024-06-15
in_000000060641,9900,1,0,0,0,0,0,0,0,0,2024-06-07,2024-06-07
in_000000156594,29900,1,0,0,0,0,0,0,0,0,2024-06-09,2024-06-09
in_000000130042,9900,1,0,0,0,0,0,0,0,0,2024-06-22,2024-06-22
in_000000306972,9900,1,0,0,0,0,0,0,0,0,2024-06-23,2024-06-23
in_000000280765,9900,1,0,0,0,0,0,0,0,0,2024-06-05,2024-06-05
in_000000225137,29900,1,0,0,0,0,0,0,0,0,2024-06-23,2024-06-23
in_000000234613,199900,1,0,0,0,0,0,0,0,0,2024-06-15,2024-06-15
in_000000241374,9900,1,0,0,0,0,0,0,0,0,2024-06-08,2024-06-08
in_000000008583,79900,1,0,0,0,0,0,0,0,0,2024-06-21,2024-06-21
in_000000060869,9900,1,0,0,0,0,0,0,0,0,2024-06-10,2024-06-10
in_000000302284,9900,1,0,0,0,0,0,0,0,0,2024-06-12,2024-06-12
in_000000152377,199900,1,0,0,0,0,0,0,0,0,2024-06-18,2024-06-18
in_000000303166,199900,1,0,0,0,0,0,0,0,0,2024-06-18,2024-06-18
in_000000159930,9900,1,0,0,0,0,0,0,0,0,2024-06-14,2024-06-14
in_000000030937,29900,1,0,0,0,0,0,0,0,0,2024-06-10,2024-06-10
in_000000029431,79900,1,0,0,0,0,0,0,0,0,2024-06-07,2024-06-07
in_000000275816,9900,1,0,0,0,0,0,0,0,0,2024-06-12,2024-06-12
in_000000005998,9900,1,0,0,0,0,0,0,0,0,2024-06-24,2024-06-24
in_000000028690,29900,1,0,0,0,0,0,0,0,0,2024-06-12,2024-06-12
in_000000082547,9900,1,0,0,0,0,0,0,0,0,2024-06-24,2024-06-24
in_000000281494,29900,1,0,0,0,0,0,0,0,0,2024-06-23,2024-06-23
in_000000042960,29900,1,0,0,0,0,0,0,0,0,2024-06-23,2024-06-23
in_000000040020,9900,1,0,0,0,0,0,0,0,0,2024-06-18,2024-06-18
in_000000181169,9900,1,0,0,0,0,0,0,0,0,2024-06-20,2024-06-20
in_000000067195,9900,1,0,0,0,0,0,0,0,0,2024-06-16,2024-06-16
in_000000255157,9900,1,0,0,0,0,0,0,0,0,2024-06-17,2024-06-17
in_000000281134,29900,1,0,0,0,0,0,0,0,0,2024-06-23,2024-06-23
in_000000022247,199900,1,0,0,0,0,0,0,0,0,2024-06-24,2024-06-24
in_000000249051,9900,1,0,0,0,0,0,0,0,0,2024-06-12,2024-06-12
in_000000218166,79900,1,0,0,0,0,0,0,0,0,2024-06-11,2024-06-11
in_000000163006,9900,1,0,0,0,0,0,0,0,0,2024-06-14,2024-06-14
in_000000312790,9900,1,0,0,0,0,0,0,0,0,2024-06-09,2024-06-09
in_000000160622,79900,1,0,0,0,0,0,0,0,0,2024-06-22,2024-06-22
in_000000220752,199900,1,0,0,0,0,0,0,0,0,2024-06-18,2024-06-18
in_000000190733,29900,1,0,0,0,0,0,0,0,0,2024-06-05,2024-06-05
in_000000092063,9900,1,0,0,0,0,0,0,0,0,2024-06-22,2024-06-22
in_000000190131,9900,1,0,0,0,0,0,0,0,0,2024-06-22,2024-06-22
in_000000271142,79900,1,0,0,0,0,0,0,0,0,2024-06-13,2024-06-13
in_000000121682,29900,1,0,0,0,0,0,0,0,0,2024-06-09,2024-06-09
in_000000303384,79900,1,0,0,0,0,0,0,0,0,2024-06-15,2024-06-15
in_000000306426,79900,1,0,0,0,0,0,0,0,0,2024-06-21,2024-06-21
in_000000184976,9900,1,0,0,0,0,0,0,0,0,2024-06-08,2024-06-08
in_000000252194,29900,1,0,0,0,0,0,0,0,0,2024-06-16,2024-06-16
in_000000080259,29900,1,0,0,0,0,0,0,0,0,2024-06-13,2024-06-13
in_000000085184,9900,1,0,0,0,0,0,0,0,0,2024-06-20,2024-06-20
in_000000124770,29900,1,0,0,0,0,0,0,0,0,2024-06-05,2024-06-05
in_000000267937,199900,1,0,0,0,0,0,0,0,0,2024-06-05,2024-06-05
in_000000131888,9900,1,0,0,0,0,0,0,0,0,2024-06-05,2024-06-05
in_000000171601,199900,1,0,0,0,0,0,0,0,0,2024-06-22,2024-06-22
in_000000037188,9900,1,0,0,0,0,0,0,0,0,2024-06-11,2024-06-11
in_000000073247,29900,1,0,0,0,0,0,0,0,0,2024-06-19,2024-06-19
in_000000304774,199900,1,0,0,0,0,0,0,0,0,2024-06-08,2024-06-08
in_000000229659,9900,1,0,0,0,0,0,0,0,0,2024-06-04,2024-06-04
in_000000082412,9900,1,0,0,0,0,0,0,0,0,2024-06-16,2024-06-16
in_000000095536,29900,1,0,0,0,0,0,0,0,0,2024-06-05,2024-06-05
in_000000002237,9900,1,0,0,0,0,0,0,0,0,2024-06-19,2024-06-19
in_000000257743,79900,1,0,0,0,0,0,0,0,0,2024-06-14,2024-06-14
in_000000186725,29900,1,0,0,0,0,0,0,0,0,2024-06-14,2024-06-14
in_000000196777,79900,1,0,0,0,0,0,0,0,0,2024-06-06,2024-06-06
in_000000052867,29900,1,0,0,0,0,0,0,0,0,2024-06-16,2024-06-16
in_000000055325,9900,1,0,0,0,0,0,0,0,0,2024-06-08,2024-06-08
in_000000231383,9900,1,0,0,0,0,0,0,0,0,2024-06-11,2024-06-11
in_000000165085,199900,1,0,0,0,0,0,0,0,0,2024-06-22,2024-06-22
in_000000082754,29900,1,0,0,0,0,0,0,0,0,2024-06-03,2024-06-03
in_000000036913,79900,1,0,0,0,0,0,0,0,0,2024-06-17,2024-06-17
in_000000268938,99000,1,0,0,0,0,0,0,0,0,2024-06-21,2024-06-21
in_000000188020,9900,1,0,0,0,0,0,0,0,0,2024-06-06,2024-06-06
in_000000255231,29900,1,0,0,0,0,0,0,0,0,2024-06-09,2024-06-09
in_000000133626,9900,1,0,0,0,0,0,0,0,0,2024-06-07,2024-06-07
in_000000076807,9900,1,0,0,0,0,0,0,0,0,2024-06-17,2024-06-17
in_000000318960,9900,1,0,0,0,0,0,0,0,0,2024-06-25,2024-06-25
in_000000200986,79900,1,0,0,0,0,0,0,0,0,2024-06-10,2024-06-10
in_000000310465,79900,1,0,0,0,0,0,0,0,0,2024-06-18,2024-06-18
in_000000180890,29900,1,0,0,0,0,0,0,0,0,2024-06-17,2024-06-17
in_000000315338,29900,1,0,0,0,0,0,0,0,0,2024-06-13,2024-06-13
in_000000242970,9900,1,0,0,0,0,0,0,0,0,2024-06-20,2024-06-20
in_000000108830,29900,1,0,0,0,0,0,0,0,0,2024-06-11,2024-06-11
in_000000219339,29900,1,0,0,0,0,0,0,0,0,2024-06-24,2024-06-24
in_000000308135,9900,1,0,0,0,0,0,0,0,0,2024-06-13,2024-06-13
in_000000068018,29900,1,0,0,0,0,0,0,0,0,2024-06-10,2024-06-10
in_000000064927,29900,1,0,0,0,0,0,0,0,0,2024-06-16,2024-06-16
in_000000117631,29900,1,0,0,0,0,0,0,0,0,2024-06-18,2024-06-18
in_000000168555,9900,1,0,0,0,0,0,0,0,0,2024-06-09,2024-06-09
in_000000302161,29900,1,0,0,0,0,0,0,0,0,2024-06-12,2024-06-12
in_000000010600,9900,1,0,0,0,0,0,0,0,0,2024-06-09,2024-06-09
in_000000061631,79900,1,0,0,0,0,0,0,0,0,2024-06-16,2024-06-16
in_000000165782,79900,1,0,0,0,0,0,0,0,0,2024-06-17,2024-06-17
in_000000308988,9900,1,0,0,0,0,0,0,0,0,2024-06-15,2024-06-15
in_000000197955,799000,1,0,0,0,0,0,0,0,0,2024-06-17,2024-06-17
in_000000211802,79900,1,0,0,0,0,0,0,0,0,2024-06-18,2024-06-18
in_000000038496,29900,1,0,0,0,0,0,0,0,0,2024-06-06,2024-06-06
in_000000149347,199900,1,0,0,0,0,0,0,0,0,2024-06-14,2024-06-14
in_000000111257,9900,1,0,0,0,0,0,0,0,0,2024-06-13,2024-06-13
in_000000153132,29900,1,0,0,0,0,0,0,0,0,2024-06-18,2024-06-18
in_000000290393,9900,1,0,0,0,0,0,0,0,0,2024-06-15,2024-06-15
in_000000242524,199900,1,0,0,0,0,0,0,0,0,2024-06-12,2024-06-12
in_000000238184,199900,1,0,0,0,0,0,0,0,0,2024-06-20,2024-06-20
in_000000188560,299000,1,0,0,0,0,0,0,0,0,2024-06-20,2024-06-20
in_000000302547,9900,1,0,0,0,0,0,0,0,0,2024-06-22,2024-06-22
in_000000103094,9900,1,0,0,0,0,0,0,0,0,2024-06-09,2024-06-09
in_000000299735,79900,1,0,0,0,0,0,0,0,0,2024-06-08,2024-06-08
in_000000305583,9900,1,0,0,0,0,0,0,0,0,2024-06-13,2024-06-13
in_000000192281,29900,1,0,0,0,0,0,0,0,0,2024-06-06,2024-06-06
in_000000226426,9900,1,0,0,0,0,0,0,0,0,2024-06-15,2024-06-15
in_000000105402,199900,1,0,0,0,0,0,0,0,0,2024-06-14,2024-06-14
in_000000015617,79900,1,0,0,0,0,0,0,0,0,2024-06-06,2024-06-06
in_000000142860,99000,1,0,0,0,0,0,0,0,0,2024-06-12,2024-06-12
in_000000237518,9900,1,0,0,0,0,0,0,0,0,2024-06-13,2024-06-13
in_000000074228,79900,1,0,0,0,0,0,0,0,0,2024-06-05,2024-06-05
in_000000087512,17940,1,0,0,0,1,1,0,0,0,2024-06-20,2024-06-20
in_000000173344,199900,1,0,0,0,0,0,0,0,0,2024-06-12,2024-06-12
in_000000287712,29900,1,0,0,0,0,0,0,0,0,2024-06-15,2024-06-15
in_000000261256,79900,1,0,0,0,0,0,0,0,0,2024-06-20,2024-06-20
in_000000255828,9900,1,0,0,0,0,0,0,0,0,2024-06-12,2024-06-12
in_000000100455,79900,1,0,0,0,0,0,0,0,0,2024-06-18,2024-06-18
in_000000283582,79900,1,0,0,0,0,0,0,0,0,2024-06-15,2024-06-15
in_000000152517,79900,1,0,0,0,0,0,0,0,0,2024-06-13,2024-06-13
in_000000105262,9900,1,0,0,0,0,0,0,0,0,2024-06-09,2024-06-09
in_000000296178,9900,1,0,0,0,0,0,0,0,0,2024-06-04,2024-06-04
in_000000316205,29900,1,0,0,0,0,0,0,0,0,2024-06-17,2024-06-17
in_000000220019,9900,1,0,0,0,0,0,0,0,0,2024-06-16,2024-06-16
in_000000170340,29900,1,0,0,0,0,0,0,0,0,2024-06-13,2024-06-13
in_000000241949,9900,1,0,0,0,0,0,0,0,0,2024-06-13,2024-06-13
in_000000224582,29900,1,0,0,0,0,0,0,0,0,2024-06-05,2024-06-05
in_000000268358,9900,1,0,0,0,0,0,0,0,0,2024-06-15,2024-06-15
in_000000227832,28405,1,0,0,1,0,0,0,0,0,2024-06-20,2024-06-20
in_000000224079,9900,1,0,0,0,0,0,0,0,0,2024-06-15,2024-06-15
in_000000162148,9900,1,0,0,0,0,0,0,0,0,2024-06-05,2024-06-05
in_000000306127,9900,1,0,0,0,0,0,0,0,0,2024-06-25,2024-06-25
in_000000034763,29900,1,0,0,0,0,0,0,0,0,2024-06-13,2024-06-13
in_000000274829,29900,1,0,0,0,0,0,0,0,0,2024-06-25,2024-06-25
in_000000090597,79900,1,0,0,0,0,0,0,0,0,2024-06-16,2024-06-16
in_000000310272,29900,1,0,0,0,0,0,0,0,0,2024-06-07,2024-06-07
in_000000096273,99000,1,0,0,0,0,0,0,0,0,2024-06-06,2024-06-06
in_000000040152,9900,1,0,0,0,0,0,0,0,0,2024-06-12,2024-06-12
in_000000158394,29900,1,0,0,0,0,0,0,0,0,2024-06-13,2024-06-13
in_000000010965,29900,1,0,0,0,0,0,0,0,0,2024-06-13,2024-06-13
in_000000169061,9900,1,0,0,0,0,0,0,0,0,2024-06-10,2024-06-10
in_000000072728,9900,1,0,0,0,0,0,0,0,0,2024-06-06,2024-06-06
in_000000302032,79900,1,0,0,0,0,0,0,0,0,2024-06-08,2024-06-08
in_000000033546,29900,1,0,0,0,0,0,0,0,0,2024-06-13,2024-06-13
in_000000143934,199900,1,0,0,0,0,0,0,0,0,2024-06-23,2024-06-23
in_000000104415,29900,1,0,0,0,0,0,0,0,0,2024-06-06,2024-06-06
in_000000006680,9900,1,0,0,0,0,0,0,0,0,2024-06-14,2024-06-14
in_000000180255,199900,1,0,0,0,0,0,0,0,0,2024-06-19,2024-06-19
in_000000096628,299000,1,0,0,0,0,0,0,0,0,2024-06-22,2024-06-22
in_000000164996,79900,1,0,0,0,0,0,0,0,0,2024-06-13,2024-06-13
in_000000114436,9900,1,0,0,0,0,0,0,0,0,2024-06-22,2024-06-22
in_000000234709,9900,1,0,0,0,0,0,0,0,0,2024-06-11,2024-06-11
in_000000286452,199900,1,0,0,0,0,0,0,0,0,2024-06-24,2024-06-24
in_000000056355,79900,1,0,0,0,0,0,0,0,0,2024-06-06,2024-06-06
in_000000094210,9900,1,0,0,0,0,0,0,0,0,2024-06-04,2024-06-04
in_000000143192,9900,1,0,0,0,0,0,0,0,0,2024-06-23,2024-06-23
in_000000022773,9900,1,0,0,0,0,0,0,0,0,2024-06-05,2024-06-05
in_000000016874,29900,1,0,0,0,0,0,0,0,0,2024-06-18,2024-06-18
in_000000318994,79900,1,0,0,0,0,0,0,0,0,2024-06-17,2024-06-17
in_000000081105,9900,1,0,0,0,0,0,0,0,0,2024-06-07,2024-06-07
in_000000099617,299000,1,0,0,0,0,0,0,0,0,2024-06-19,2024-06-19
in_000000238167,199900,1,0,0,0,0,0,0,0,0,2024-06-12,2024-06-12
in_000000054127,9900,1,0,0,0,0,0,0,0,0,2024-06-13,2024-06-13
in_000000007099,9900,1,0,0,0,0,0,0,0,0,2024-06-16,2024-06-16
in_000000165057,29900,1,0,0,0,0,0,0,0,0,2024-06-07,2024-06-07
in_000000181728,9900,1,0,0,0,0,0,0,0,0,2024-06-18,2024-06-18
in_000000254521,8415,1,0,0,1,0,0,0,0,0,2024-06-13,2024-06-13
in_000000241463,9900,1,0,0,0,0,0,0,0,0,2024-06-26,2024-06-26
in_000000243209,9900,1,0,0,0,0,0,0,0,0,2024-06-04,2024-06-04
in_000000108952,9900,1,0,0,0,0,0,0,0,0,2024-06-09,2024-06-09
in_000000178955,29900,1,0,0,0,0,0,0,0,0,2024-06-17,2024-06-17
in_000000059791,29900,1,0,0,0,0,0,0,0,0,2024-06-24,2024-06-24
in_000000042216,9900,1,0,0,0,0,0,0,0,0,2024-06-03,2024-06-03
in_000000038126,9900,1,0,0,0,0,0,0,0,0,2024-06-20,2024-06-20
in_000000011756,9900,1,0,0,0,0,0,0,0,0,2024-06-13,2024-06-13
in_000000283903,199900,1,0,0,0,0,0,0,0,0,2024-06-06,2024-06-06
in_000000245583,199900,1,0,0,0,0,0,0,0,0,2024-06-03,2024-06-03
in_000000128203,9900,1,0,0,0,0,0,0,0,0,2024-06-25,2024-06-25
in_000000025598,29900,1,0,0,0,0,0,0,0,0,2024-06-22,2024-06-22
in_000000279596,29900,1,0,0,0,0,0,0,0,0,2024-06-09,2024-06-09
in_000000089625,9900,1,0,0,0,0,0,0,0,0,2024-06-08,2024-06-08
in_000000091292,9900,1,0,0,0,0,0,0,0,0,2024-06-09,2024-06-09
in_000000053226,29900,1,0,0,0,0,0,0,0,0,2024-06-18,2024-06-18
in_000000232925,29900,1,0,0,0,0,0,0,0,0,2024-06-25,2024-06-25
in_000000259749,9900,1,0,0,0,0,0,0,0,0,2024-06-09,2024-06-09
in_000000024497,29900,1,0,0,0,0,0,0,0,0,2024-06-16,2024-06-16
in_000000130199,9900,1,0,0,0,0,0,0,0,0,2024-06-24,2024-06-24
in_000000077563,29900,1,0,0,0,0,0,0,0,0,2024-06-16,2024-06-16
in_000000252932,9900,1,0,0,0,0,0,0,0,0,2024-06-10,2024-06-10
in_000000302654,29900,1,0,0,0,0,0,0,0,0,2024-06-10,2024-06-10
in_000000023752,299000,1,0,0,0,0,0,0,0,0,2024-06-21,2024-06-21
in_000000161674,9900,1,0,0,0,0,0,0,0,0,2024-06-15,2024-06-15
in_000000255613,9900,1,0,0,0,0,0,0,0,0,2024-06-15,2024-06-15
in_000000276818,9900,1,0,0,0,0,0,0,0,0,2024-06-07,2024-06-07
in_000000119340,9900,1,0,0,0,0,0,0,0,0,2024-06-07,2024-06-07
in_000000138056,9900,1,0,0,0,0,0,0,0,0,2024-06-06,2024-06-06
in_000000005464,29900,1,0,0,0,0,0,0,0,0,2024-06-19,2024-06-19
in_000000207842,9900,1,0,0,0,0,0,0,0,0,2024-06-10,2024-06-10
in_000000146427,9900,1,0,0,0,0,0,0,0,0,2024-06-04,2024-06-04
in_000000251863,79900,1,0,0,0,0,0,0,0,0,2024-06-13,2024-06-13
in_000000012777,79900,1,0,0,0,0,0,0,0,0,2024-06-20,2024-06-20
in_000000309808,799000,1,0,0,0,0,0,0,0,0,2024-06-10,2024-06-10
in_000000000913,29900,1,0,0,0,0,0,0,0,0,2024-06-26,2024-06-26
in_000000162022,7425,1,0,0,1,0,0,0,0,0,2024-06-11,2024-06-11
in_000000146259,29900,1,0,0,0,0,0,0,0,0,2024-06-19,2024-06-19
in_000000206655,9900,1,0,0,0,0,0,0,0,0,2024-06-13,2024-06-13
in_000000233424,9900,1,0,0,0,0,0,0,0,0,2024-06-19,2024-06-19
in_000000297739,9900,1,0,0,0,0,0,0,0,0,2024-06-15,2024-06-15
in_000000022492,9900,1,0,0,0,0,0,0,0,0,2024-06-06,2024-06-06
in_000000254514,29900,1,0,0,0,0,0,0,0,0,2024-06-21,2024-06-21
in_000000245713,199900,1,0,0,0,0,0,0,0,0,2024-06-06,2024-06-06
in_000000289169,29900,1,0,0,0,0,0,0,0,0,2024-06-25,2024-06-25
in_000000173444,199900,1,0,0,0,0,0,0,0,0,2024-06-17,2024-06-17
in_000000242237,9900,1,0,0,0,0,0,0,0,0,2024-06-11,2024-06-11
in_000000187838,9900,1,0,0,0,0,0,0,0,0,2024-06-14,2024-06-14
in_000000259708,29900,1,0,0,0,0,0,0,0,0,2024-06-11,2024-06-11
in_000000201480,9900,1,0,0,0,0,0,0,0,0,2024-06-17,2024-06-17
in_000000108161,79900,1,0,0,0,0,0,0,0,0,2024-06-15,2024-06-15
in_000000073976,29900,1,0,0,0,0,0,0,0,0,2024-06-04,2024-06-04
in_000000112889,9900,1,0,0,0,0,0,0,0,0,2024-06-07,2024-06-07
in_000000146998,29900,1,0,0,0,0,0,0,0,0,2024-06-20,2024-06-20
in_000000263585,79900,1,0,0,0,0,0,0,0,0,2024-06-15,2024-06-15
in_000000177060,9900,1,0,0,0,0,0,0,0,0,2024-06-24,2024-06-24
in_000000312011,299000,1,0,0,0,0,0,0,0,0,2024-06-09,2024-06-09
in_000000320798,9900,1,0,0,0,0,0,0,0,0,2024-06-23,2024-06-23
in_000000090249,9900,1,0,0,0,0,0,0,0,0,2024-06-20,2024-06-20
in_000000033817,9900,1,0,0,0,0,0,0,0,0,2024-06-06,2024-06-06
in_000000122924,29900,1,0,0,0,0,0,0,0,0,2024-06-17,2024-06-17
in_000000149992,9900,1,0,0,0,0,0,0,0,0,2024-06-19,2024-06-19
in_000000135941,29900,1,0,0,0,0,0,0,0,0,2024-06-11,2024-06-11
in_000000217873,199900,1,0,0,0,0,0,0,0,0,2024-06-18,2024-06-18
in_000000029621,9900,1,0,0,0,0,0,0,0,0,2024-06-19,2024-06-19
in_000000153477,9900,1,0,0,0,0,0,0,0,0,2024-06-15,2024-06-15
in_000000035662,9900,1,0,0,0,0,0,0,0,0,2024-06-19,2024-06-19
in_000000027331,9900,1,0,0,0,0,0,0,0,0,2024-06-14,2024-06-14
in_000000189712,9900,1,0,0,0,0,0,0,0,0,2024-06-15,2024-06-15
in_000000070638,9900,1,0,0,0,0,0,0,0,0,2024-06-13,2024-06-13
in_000000076503,29900,1,0,0,0,0,0,0,0,0,2024-06-10,2024-06-10
in_000000201663,9900,1,0,0,0,0,0,0,0,0,2024-06-21,2024-06-21
in_000000227704,9900,1,0,0,0,0,0,0,0,0,2024-06-24,2024-06-24
in_000000072687,9900,1,0,0,0,0,0,0,0,0,2024-06-18,2024-06-18
in_000000020055,29900,1,0,0,0,0,0,0,0,0,2024-06-18,2024-06-18
in_000000203623,29900,1,0,0,0,0,0,0,0,0,2024-06-21,2024-06-21
in_000000110623,29900,1,0,0,0,0,0,0,0,0,2024-06-16,2024-06-16
in_000000259095,29900,1,0,0,0,0,0,0,0,0,2024-06-09,2024-06-09
in_000000031171,9900,1,0,0,0,0,0,0,0,0,2024-06-15,2024-06-15
in_000000233957,29900,1,0,0,0,0,0,0,0,0,2024-06-15,2024-06-15
in_000000091378,29900,1,0,0,0,0,0,0,0,0,2024-06-20,2024-06-20
in_000000301878,9900,1,0,0,0,0,0,0,0,0,2024-06-05,2024-06-05
in_000000281862,29900,1,0,0,0,0,0,0,0,0,2024-06-21,2024-06-21
in_000000146977,29900,1,0,0,0,0,0,0,0,0,2024-06-10,2024-06-10
in_000000141803,9900,1,0,0,0,0,0,0,0,0,2024-06-20,2024-06-20
in_000000049313,199900,1,0,0,0,0,0,0,0,0,2024-06-20,2024-06-20
in_000000226758,29900,1,0,0,0,0,0,0,0,0,2024-06-17,2024-06-17
in_000000255451,99000,1,0,0,0,0,0,0,0,0,2024-06-07,2024-06-07
in_000000206220,29900,1,0,0,0,0,0,0,0,0,2024-06-07,2024-06-07
in_000000168060,29900,1,0,0,0,0,0,0,0,0,2024-06-08,2024-06-08
in_000000103579,79900,1,0,0,0,0,0,0,0,0,2024-06-22,2024-06-22
in_000000237126,9900,1,0,0,0,0,0,0,0,0,2024-06-16,2024-06-16
in_000000266958,9900,1,0,0,0,0,0,0,0,0,2024-06-06,2024-06-06
in_000000096411,29900,1,0,0,0,0,0,0,0,0,2024-06-09,2024-06-09
in_000000220574,9900,1,0,0,0,0,0,0,0,0,2024-06-20,2024-06-20
in_000000216116,9900,1,0,0,0,0,0,0,0,0,2024-06-24,2024-06-24
in_000000190281,29900,1,0,0,0,0,0,0,0,0,2024-06-14,2024-06-14
in_000000224684,29900,1,0,0,0,0,0,0,0,0,2024-06-12,2024-06-12
in_000000135025,199900,1,0,0,0,0,0,0,0,0,2024-06-09,2024-06-09
in_000000154134,29900,1,0,0,0,0,0,0,0,0,2024-06-12,2024-06-12
in_000000019655,29900,1,0,0,0,0,0,0,0,0,2024-06-13,2024-06-13
in_000000209346,299000,1,0,0,0,0,0,0,0,0,2024-06-17,2024-06-17
in_000000182108,29900,1,0,0,0,0,0,0,0,0,2024-06-16,2024-06-16
in_000000070226,9900,1,0,0,0,0,0,0,0,0,2024-06-10,2024-06-10
in_000000190530,79900,1,0,0,0,0,0,0,0,0,2024-06-20,2024-06-20
in_000000239781,9900,1,0,0,0,0,0,0,0,0,2024-06-18,2024-06-18
in_000000296041,9900,1,0,0,0,0,0,0,0,0,2024-06-05,2024-06-05
in_000000285117,79900,1,0,0,0,0,0,0,0,0,2024-06-10,2024-06-10
in_000000147874,79900,1,0,0,0,0,0,0,0,0,2024-06-06,2024-06-06
in_000000066615,9900,1,0,0,0,0,0,0,0,0,2024-06-19,2024-06-19
in_000000055134,9900,1,0,0,0,0,0,0,0,0,2024-06-06,2024-06-06
in_000000138042,9900,1,0,0,0,0,0,0,0,0,2024-06-18,2024-06-18
in_000000248072,199900,1,0,0,0,0,0,0,0,0,2024-06-15,2024-06-15
in_000000266516,29900,1,0,0,0,0,0,0,0,0,2024-06-09,2024-06-09
in_000000246078,9900,1,0,0,0,0,0,0,0,0,2024-06-10,2024-06-10
in_000000252567,9900,1,0,0,0,0,0,0,0,0,2024-06-08,2024-06-08
in_000000017331,29900,1,0,0,0,0,0,0,0,0,2024-06-12,2024-06-12
in_000000073673,1999000,1,0,0,0,0,0,0,0,0,2024-06-18,2024-06-18
in_000000141909,79900,1,0,0,0,0,0,0,0,0,2024-06-21,2024-06-21
in_000000252388,79900,1,0,0,0,0,0,0,0,0,2024-06-08,2024-06-08
in_000000314222,29900,1,0,0,0,0,0,0,0,0,2024-06-09,2024-06-09
in_000000134110,9900,1,0,0,0,0,0,0,0,0,2024-06-22,2024-06-22
in_000000105471,199900,1,0,0,0,0,0,0,0,0,2024-06-18,2024-06-18
in_000000055441,9900,1,0,0,0,0,0,0,0,0,2024-06-18,2024-06-18
in_000000313138,9900,1,0,0,0,0,0,0,0,0,2024-06-24,2024-06-24
in_000000172791,29900,1,0,0,0,0,0,0,0,0,2024-06-19,2024-06-19
in_000000119500,29900,1,0,0,0,0,0,0,0,0,2024-06-26,2024-06-26
in_000000118969,299000,1,0,0,0,0,0,0,0,0,2024-06-21,2024-06-21
in_000000032507,9900,1,0,0,0,0,0,0,0,0,2024-06-19,2024-06-19
in_000000046936,29900,1,0,0,0,0,0,0,0,0,2024-06-21,2024-06-21
in_000000004830,9900,1,0,0,0,0,0,0,0,0,2024-06-18,2024-06-18
in_000000293719,9900,1,0,0,0,0,0,0,0,0,2024-06-10,2024-06-10
in_000000151996,29900,1,0,0,0,0,0,0,0,0,2024-06-19,2024-06-19
in_000000133706,29900,1,0,0,0,0,0,0,0,0,2024-06-07,2024-06-07
in_000000158600,29900,1,0,0,0,0,0,0,0,0,2024-06-23,2024-06-23
in_000000074003,9900,1,0,0,0,0,0,0,0,0,2024-06-15,2024-06-15
in_000000050335,9900,1,0,0,0,0,0,0,0,0,2024-06-11,2024-06-11
in_000000129236,99000,1,0,0,0,0,0,0,0,0,2024-06-20,2024-06-20
in_000000195604,199900,1,0,0,0,0,0,0,0,0,2024-06-19,2024-06-19
in_000000192182,9900,1,0,0,0,0,0,0,0,0,2024-06-12,2024-06-12
in_000000072804,299000,1,0,0,0,0,0,0,0,0,2024-06-06,2024-06-06
in_000000066796,9900,1,0,0,0,0,0,0,0,0,2024-06-21,2024-06-21
in_000000054517,29900,1,0,0,0,0,0,0,0,0,2024-06-07,2024-06-07
in_000000100153,9900,1,0,0,0,0,0,0,0,0,2024-06-25,2024-06-25
in_000000304461,9900,1,0,0,0,0,0,0,0,0,2024-06-07,2024-06-07
in_000000271107,79900,1,0,0,0,0,0,0,0,0,2024-06-22,2024-06-22
in_000000300225,99000,1,0,0,0,0,0,0,0,0,2024-06-21,2024-06-21
in_000000114687,9900,1,0,0,0,0,0,0,0,0,2024-06-10,2024-06-10
in_000000068757,9900,1,0,0,0,0,0,0,0,0,2024-06-15,2024-06-15
in_000000172089,28405,1,0,0,1,0,0,0,0,0,2024-06-15,2024-06-15
in_000000058061,79900,1,0,0,0,0,0,0,0,0,2024-06-03,2024-06-03
in_000000132298,9900,1,0,0,0,0,0,0,0,0,2024-06-21,2024-06-21
in_000000179683,9900,1,0,0,0,0,0,0,0,0,2024-06-23,2024-06-23
in_000000131070,29900,1,0,0,0,0,0,0,0,0,2024-06-23,2024-06-23
in_000000088469,9900,1,0,0,0,0,0,0,0,0,2024-06-15,2024-06-15
in_000000085291,9900,1,0,0,0,0,0,0,0,0,2024-06-17,2024-06-17
in_000000270267,9900,1,0,0,0,0,0,0,0,0,2024-06-11,2024-06-11
in_000000109399,29900,1,0,0,0,0,0,0,0,0,2024-06-20,2024-06-20
in_000000282933,9900,1,0,0,0,0,0,0,0,0,2024-06-15,2024-06-15
in_000000046056,79900,1,0,0,0,0,0,0,0,0,2024-06-14,2024-06-14
in_000000077598,9900,1,0,0,0,0,0,0,0,0,2024-06-15,2024-06-15
in_000000313909,9900,1,0,0,0,0,0,0,0,0,2024-06-17,2024-06-17
in_000000179980,79900,1,0,0,0,0,0,0,0,0,2024-06-17,2024-06-17
in_000000028109,9900,1,0,0,0,0,0,0,0,0,2024-06-25,2024-06-25
in_000000249484,9900,1,0,0,0,0,0,0,0,0,2024-06-25,2024-06-25
in_000000103389,9900,1,0,0,0,0,0,0,0,0,2024-06-07,2024-06-07
in_000000081986,29900,1,0,0,0,0,0,0,0,0,2024-06-09,2024-06-09
in_000000238676,9900,1,0,0,0,0,0,0,0,0,2024-06-08,2024-06-08
in_000000208303,29900,1,0,0,0,0,0,0,0,0,2024-06-22,2024-06-22
in_000000051317,9900,1,0,0,0,0,0,0,0,0,2024-06-21,2024-06-21
in_000000224526,199900,1,0,0,0,0,0,0,0,0,2024-06-13,2024-06-13
in_000000011096,9900,1,0,0,0,0,0,0,0,0,2024-06-10,2024-06-10
in_000000128992,9900,1,0,0,0,0,0,0,0,0,2024-06-06,2024-06-06
in_000000098826,29900,1,0,0,0,0,0,0,0,0,2024-06-04,2024-06-04
in_000000023442,9900,1,0,0,0,0,0,0,0,0,2024-06-11,2024-06-11
in_000000065739,94050,1,0,0,1,0,0,0,0,0,2024-06-06,2024-06-06
in_000000109603,9900,1,0,0,0,0,0,0,0,0,2024-06-06,2024-06-06
in_000000312908,29900,1,0,0,0,0,0,0,0,0,2024-06-24,2024-06-24
in_000000104619,29900,1,0,0,0,0,0,0,0,0,2024-06-14,2024-06-14
in_000000159100,99000,1,0,0,0,0,0,0,0,0,2024-06-10,2024-06-10
in_000000091317,9900,1,0,0,0,0,0,0,0,0,2024-06-25,2024-06-25
in_000000314415,79900,1,0,0,0,0,0,0,0,0,2024-06-08,2024-06-08
in_000000135423,199900,1,0,0,0,0,0,0,0,0,2024-06-13,2024-06-13
in_000000013630,9900,1,0,0,0,0,0,0,0,0,2024-06-12,2024-06-12
in_000000122463,29900,1,0,0,0,0,0,0,0,0,2024-06-14,2024-06-14
in_000000208170,9900,1,0,0,0,0,0,0,0,0,2024-06-16,2024-06-16
in_000000061993,79900,1,0,0,0,0,0,0,0,0,2024-06-24,2024-06-24
in_000000262149,79900,1,0,0,0,0,0,0,0,0,2024-06-23,2024-06-23
in_000000305713,9900,1,0,0,0,0,0,0,0,0,2024-06-17,2024-06-17
in_000000237993,9900,1,0,0,0,0,0,0,0,0,2024-06-21,2024-06-21
in_000000206662,99000,1,0,0,0,0,0,0,0,0,2024-06-26,2024-06-26
in_000000131384,79900,1,0,0,0,0,0,0,0,0,2024-06-08,2024-06-08
in_000000265693,199900,1,0,0,0,0,0,0,0,0,2024-06-23,2024-06-23
in_000000149402,9900,1,0,0,0,0,0,0,0,0,2024-06-15,2024-06-15
in_000000289367,9900,1,0,0,0,0,0,0,0,0,2024-06-25,2024-06-25
in_000000153327,9900,1,0,0,0,0,0,0,0,0,2024-06-21,2024-06-21
in_000000125925,99000,1,0,0,0,0,0,0,0,0,2024-06-05,2024-06-05
in_000000099220,29900,1,0,0,0,0,0,0,0,0,2024-06-10,2024-06-10
in_000000096614,99000,1,0,0,0,0,0,0,0,0,2024-06-10,2024-06-10
in_000000133325,9900,1,0,0,0,0,0,0,0,0,2024-06-24,2024-06-24
in_000000085157,9900,1,0,0,0,0,0,0,0,0,2024-06-07,2024-06-07
in_000000111325,799000,1,0,0,0,0,0,0,0,0,2024-06-09,2024-06-09
in_000000055885,29900,1,0,0,0,0,0,0,0,0,2024-06-10,2024-06-10
in_000000262788,29900,1,0,0,0,0,0,0,0,0,2024-06-18,2024-06-18
in_000000300074,9900,1,0,0,0,0,0,0,0,0,2024-06-24,2024-06-24
in_000000045314,9900,1,0,0,0,0,0,0,0,0,2024-06-09,2024-06-09
in_000000220972,29900,1,0,0,0,0,0,0,0,0,2024-06-08,2024-06-08
in_000000226911,29900,1,0,0,0,0,0,0,0,0,2024-06-19,2024-06-19
in_000000161417,29900,1,0,0,0,0,0,0,0,0,2024-06-09,2024-06-09
in_000000199280,79900,1,0,0,0,0,0,0,0,0,2024-06-13,2024-06-13
in_000000238726,99000,1,0,0,0,0,0,0,0,0,2024-06-18,2024-06-18
in_000000109633,9900,1,0,0,0,0,0,0,0,0,2024-06-25,2024-06-25
in_000000240166,9900,1,0,0,0,0,0,0,0,0,2024-06-14,2024-06-14
in_000000025316,79900,1,0,0,0,0,0,0,0,0,2024-06-08,2024-06-08
in_000000041084,79900,1,0,0,0,0,0,0,0,0,2024-06-17,2024-06-17
in_000000056044,9900,1,0,0,0,0,0,0,0,0,2024-06-20,2024-06-20
in_000000307382,9900,1,0,0,0,0,0,0,0,0,2024-06-09,2024-06-09
in_000000112724,29900,1,0,0,0,0,0,0,0,0,2024-06-03,2024-06-03
in_000000092261,199900,1,0,0,0,0,0,0,0,0,2024-06-21,2024-06-21
in_000000039761,22425,1,0,0,0,1,1,0,0,0,2024-06-19,2024-06-19
in_000000005208,9900,1,0,0,0,0,0,0,0,0,2024-06-08,2024-06-08
in_000000172232,29900,1,0,0,0,0,0,0,0,0,2024-06-15,2024-06-15
in_000000256346,9900,1,0,0,0,0,0,0,0,0,2024-06-09,2024-06-09
in_000000040638,9900,1,0,0,0,0,0,0,0,0,2024-06-04,2024-06-04
in_000000267891,9900,1,0,0,0,0,0,0,0,0,2024-06-17,2024-06-17
in_000000189273,199900,1,0,0,0,0,0,0,0,0,2024-06-24,2024-06-24
in_000000033463,29900,1,0,0,0,0,0,0,0,0,2024-06-11,2024-06-11
in_000000092905,9900,1,0,0,0,0,0,0,0,0,2024-06-06,2024-06-06
in_000000244622,79900,1,0,0,0,0,0,0,0,0,2024-06-12,2024-06-12
in_000000106969,9900,1,0,0,0,0,0,0,0,0,2024-06-22,2024-06-22
in_000000139595,199900,1,0,0,0,0,0,0,0,0,2024-06-16,2024-06-16
in_000000045698,99000,1,0,0,0,0,0,0,0,0,2024-06-13,2024-06-13
in_000000062307,9900,1,0,0,0,0,0,0,0,0,2024-06-08,2024-06-08
in_000000033189,29900,1,0,0,0,0,0,0,0,0,2024-06-11,2024-06-11
in_000000146813,79900,1,0,0,0,0,0,0,0,0,2024-06-03,2024-06-03
in_000000299463,9900,1,0,0,0,0,0,0,0,0,2024-06-15,2024-06-15
in_000000085344,29900,1,0,0,0,0,0,0,0,0,2024-06-13,2024-06-13
in_000000140420,9900,1,0,0,0,0,0,0,0,0,2024-06-14,2024-06-14
in_000000025046,9900,1,0,0,0,0,0,0,0,0,2024-06-26,2024-06-26
in_000000249902,9900,1,0,0,0,0,0,0,0,0,2024-06-25,2024-06-25
in_000000245546,9900,1,0,0,0,0,0,0,0,0,2024-06-21,2024-06-21
in_000000178252,29900,1,0,0,0,0,0,0,0,0,2024-06-10,2024-06-10
in_000000004777,9900,1,0,0,0,0,0,0,0,0,2024-06-18,2024-06-18
in_000000064580,99000,1,0,0,0,0,0,0,0,0,2024-06-14,2024-06-14
in_000000123166,9900,1,0,0,0,0,0,0,0,0,2024-06-07,2024-06-07
in_000000040344,29900,1,0,0,0,0,0,0,0,0,2024-06-25,2024-06-25
in_000000158667,9900,1,0,0,0,0,0,0,0,0,2024-06-23,2024-06-23
in_000000316674,799000,1,0,0,0,0,0,0,0,0,2024-06-07,2024-06-07
in_000000259362,79900,1,0,0,0,0,0,0,0,0,2024-06-12,2024-06-12
in_000000031832,9900,1,0,0,0,0,0,0,0,0,2024-06-13,2024-06-13
in_000000017434,79900,1,0,0,0,0,0,0,0,0,2024-06-08,2024-06-08
in_000000226597,29900,1,0,0,0,0,0,0,0,0,2024-06-23,2024-06-23
in_000000159538,9900,1,0,0,0,0,0,0,0,0,2024-06-23,2024-06-23
in_000000170525,29900,1,0,0,0,0,0,0,0,0,2024-06-18,2024-06-18
in_000000193121,79900,1,0,0,0,0,0,0,0,0,2024-06-11,2024-06-11
in_000000104810,29900,1,0,0,0,0,0,0,0,0,2024-06-22,2024-06-22
in_000000244649,29900,1,0,0,0,0,0,0,0,0,2024-06-22,2024-06-22
in_000000043173,29900,1,0,0,0,0,0,0,0,0,2024-06-08,2024-06-08
in_000000005378,199900,1,0,0,0,0,0,0,0,0,2024-06-24,2024-06-24
in_000000135286,9900,1,0,0,0,0,0,0,0,0,2024-06-12,2024-06-12
in_000000207521,9900,1,0,0,0,0,0,0,0,0,2024-06-20,2024-06-20
in_000000140675,9900,1,0,0,0,0,0,0,0,0,2024-06-20,2024-06-20
in_000000071006,29900,1,0,0,0,0,0,0,0,0,2024-06-16,2024-06-16
in_000000276828,29900,1,0,0,0,0,0,0,0,0,2024-06-14,2024-06-14
in_000000189771,29900,1,0,0,0,0,0,0,0,0,2024-06-10,2024-06-10
in_000000201424,29900,1,0,0,0,0,0,0,0,0,2024-06-13,2024-06-13
in_000000139182,29900,1,0,0,0,0,0,0,0,0,2024-06-09,2024-06-09
in_000000038848,799000,1,0,0,0,0,0,0,0,0,2024-06-19,2024-06-19
in_000000150382,9900,1,0,0,0,0,0,0,0,0,2024-06-07,2024-06-07
in_000000037057,9900,1,0,0,0,0,0,0,0,0,2024-06-21,2024-06-21
in_000000303350,9900,1,0,0,0,0,0,0,0,0,2024-06-21,2024-06-21
in_000000308707,9900,1,0,0,0,0,0,0,0,0,2024-06-15,2024-06-15
in_000000309934,29900,1,0,0,0,0,0,0,0,0,2024-06-17,2024-06-17
in_000000128055,9900,1,0,0,0,0,0,0,0,0,2024-06-17,2024-06-17
in_000000041669,199900,1,0,0,0,0,0,0,0,0,2024-06-17,2024-06-17
in_000000311398,29900,1,0,0,0,0,0,0,0,0,2024-06-04,2024-06-04
in_000000297151,29900,1,0,0,0,0,0,0,0,0,2024-06-13,2024-06-13
in_000000266136,29900,1,0,0,0,0,0,0,0,0,2024-06-22,2024-06-22
in_000000266155,29900,1,0,0,0,0,0,0,0,0,2024-06-04,2024-06-04
in_000000010029,29900,1,0,0,0,0,0,0,0,0,2024-06-04,2024-06-04
in_000000199089,9900,1,0,0,0,0,0,0,0,0,2024-06-12,2024-06-12
in_000000089349,99000,1,0,0,0,0,0,0,0,0,2024-06-12,2024-06-12
in_000000315382,9900,1,0,0,0,0,0,0,0,0,2024-06-07,2024-06-07
in_000000038445,9900,1,0,0,0,0,0,0,0,0,2024-06-20,2024-06-20
in_000000098806,79900,1,0,0,0,0,0,0,0,0,2024-06-09,2024-06-09
in_000000254174,9900,1,0,0,0,0,0,0,0,0,2024-06-22,2024-06-22
in_000000253561,29900,1,0,0,0,0,0,0,0,0,2024-06-08,2024-06-08
in_000000298028,9900,1,0,0,0,0,0,0,0,0,2024-06-09,2024-06-09
in_000000021083,79900,1,0,0,0,0,0,0,0,0,2024-06-11,2024-06-11
in_000000100471,29900,1,0,0,0,0,0,0,0,0,2024-06-25,2024-06-25
in_000000053865,29900,1,0,0,0,0,0,0,0,0,2024-06-12,2024-06-12
in_000000240396,9900,1,0,0,0,0,0,0,0,0,2024-06-16,2024-06-16
in_000000277102,9900,1,0,0,0,0,0,0,0,0,2024-06-07,2024-06-07
in_000000167517,29900,1,0,0,0,0,0,0,0,0,2024-06-19,2024-06-19
in_000000117872,29900,1,0,0,0,0,0,0,0,0,2024-06-21,2024-06-21
in_000000152085,79900,1,0,0,0,0,0,0,0,0,2024-06-17,2024-06-17
in_000000059686,179910,1,0,0,1,0,0,0,0,0,2024-06-08,2024-06-08
in_000000308775,9900,1,0,0,0,0,0,0,0,0,2024-06-17,2024-06-17
in_000000195637,199900,1,0,0,0,0,0,0,0,0,2024-06-20,2024-06-20
in_000000288938,29900,1,0,0,0,0,0,0,0,0,2024-06-15,2024-06-15
in_000000249108,99000,1,0,0,0,0,0,0,0,0,2024-06-06,2024-06-06
in_000000100802,29900,1,0,0,0,0,0,0,0,0,2024-06-12,2024-06-12
in_000000319428,79900,1,0,0,0,0,0,0,0,0,2024-06-04,2024-06-04
in_000000228022,29900,1,0,0,0,0,0,0,0,0,2024-06-25,2024-06-25
in_000000302051,79900,1,0,0,0,0,0,0,0,0,2024-06-23,2024-06-23
in_000000151770,9900,1,0,0,0,0,0,0,0,0,2024-06-15,2024-06-15
in_000000209012,9900,1,0,0,0,0,0,0,0,0,2024-06-18,2024-06-18
in_000000231981,29900,1,0,0,0,0,0,0,0,0,2024-06-21,2024-06-21
in_000000024362,29900,1,0,0,0,0,0,0,0,0,2024-06-10,2024-06-10
in_000000109039,199900,1,0,0,0,0,0,0,0,0,2024-06-23,2024-06-23
in_000000089576,79900,1,0,0,0,0,0,0,0,0,2024-06-17,2024-06-17
in_000000140730,9900,1,0,0,0,0,0,0,0,0,2024-06-05,2024-06-05
in_000000029229,9900,1,0,0,0,0,0,0,0,0,2024-06-20,2024-06-20
in_000000267281,29900,1,0,0,0,0,0,0,0,0,2024-06-07,2024-06-07
in_000000212408,79900,1,0,0,0,0,0,0,0,0,2024-06-16,2024-06-16
in_000000146124,79900,1,0,0,0,0,0,0,0,0,2024-06-11,2024-06-11
in_000000274738,29900,1,0,0,0,0,0,0,0,0,2024-06-15,2024-06-15
in_000000286020,9900,1,0,0,0,0,0,0,0,0,2024-06-20,2024-06-20
in_000000170819,9900,1,0,0,0,0,0,0,0,0,2024-06-13,2024-06-13
in_000000080718,79900,1,0,0,0,0,0,0,0,0,2024-06-20,2024-06-20
in_000000149780,9900,1,0,0,0,0,0,0,0,0,2024-06-19,2024-06-19
in_000000267303,29900,1,0,0,0,0,0,0,0,0,2024-06-04,2024-06-04
in_000000250866,99000,1,0,0,0,0,0,0,0,0,2024-06-06,2024-06-06
in_000000301306,9900,1,0,0,0,0,0,0,0,0,2024-06-20,2024-06-20
in_000000280200,79900,1,0,0,0,0,0,0,0,0,2024-06-10,2024-06-10
in_000000029807,9900,1,0,0,0,0,0,0,0,0,2024-06-06,2024-06-06
in_000000142546,9900,1,0,0,0,0,0,0,0,0,2024-06-07,2024-06-07
in_000000300695,29900,1,0,0,0,0,0,0,0,0,2024-06-14,2024-06-14
in_000000267576,9900,1,0,0,0,0,0,0,0,0,2024-06-22,2024-06-22
in_000000176211,29900,1,0,0,0,0,0,0,0,0,2024-06-08,2024-06-08
in_000000051991,29900,1,0,0,0,0,0,0,0,0,2024-06-22,2024-06-22
in_000000297661,9900,1,0,0,0,0,0,0,0,0,2024-06-17,2024-06-17
in_000000187159,9900,1,0,0,0,0,0,0,0,0,2024-06-21,2024-06-21
in_000000229718,9900,1,0,0,0,0,0,0,0,0,2024-06-19,2024-06-19
in_000000103907,9900,1,0,0,0,0,0,0,0,0,2024-06-06,2024-06-06
in_000000062185,29900,1,0,0,0,0,0,0,0,0,2024-06-20,2024-06-20
in_000000126150,299000,1,0,0,0,0,0,0,0,0,2024-06-14,2024-06-14
in_000000207236,9900,1,0,0,0,0,0,0,0,0,2024-06-21,2024-06-21
in_000000097388,79900,1,0,0,0,0,0,0,0,0,2024-06-10,2024-06-10
in_000000301249,79900,1,0,0,0,0,0,0,0,0,2024-06-15,2024-06-15
in_000000317272,9900,1,0,0,0,0,0,0,0,0,2024-06-12,2024-06-12
in_000000154563,9900,1,0,0,0,0,0,0,0,0,2024-06-19,2024-06-19
in_000000266207,79900,1,0,0,0,0,0,0,0,0,2024-06-06,2024-06-06
in_000000169890,9900,1,0,0,0,0,0,0,0,0,2024-06-10,2024-06-10
in_000000159483,9900,1,0,0,0,0,0,0,0,0,2024-06-06,2024-06-06
in_000000062325,9900,1,0,0,0,0,0,0,0,0,2024-06-16,2024-06-16
in_000000220098,9900,1,0,0,0,0,0,0,0,0,2024-06-11,2024-06-11
in_000000157045,79900,1,0,0,0,0,0,0,0,0,2024-06-14,2024-06-14
in_000000229002,9900,1,0,0,0,0,0,0,0,0,2024-06-20,2024-06-20
in_000000205061,29900,1,0,0,0,0,0,0,0,0,2024-06-15,2024-06-15
in_000000129639,9900,1,0,0,0,0,0,0,0,0,2024-06-19,2024-06-19
in_000000061431,9900,1,0,0,0,0,0,0,0,0,2024-06-24,2024-06-24
in_000000081642,199900,1,0,0,0,0,0,0,0,0,2024-06-12,2024-06-12
in_000000226530,79900,1,0,0,0,0,0,0,0,0,2024-06-17,2024-06-17
in_000000061208,79900,1,0,0,0,0,0,0,0,0,2024-06-09,2024-06-09
in_000000134392,9900,1,0,0,0,0,0,0,0,0,2024-06-15,2024-06-15
in_000000230901,29900,1,0,0,0,0,0,0,0,0,2024-06-16,2024-06-16
in_000000057854,79900,1,0,0,0,0,1,1,0,0,2024-06-25,2024-06-25
in_000000046545,9900,1,0,0,0,0,0,0,0,0,2024-06-05,2024-06-05
in_000000161594,29900,1,0,0,0,0,0,0,0,0,2024-06-10,2024-06-10
in_000000203021,26910,1,0,0,1,0,0,0,0,0,2024-06-11,2024-06-11
in_000000173092,29900,1,0,0,0,0,0,0,0,0,2024-06-11,2024-06-11
in_000000022037,29900,1,0,0,0,0,0,0,0,0,2024-06-20,2024-06-20
in_000000267781,79900,1,0,0,0,0,0,0,0,0,2024-06-13,2024-06-13
in_000000283443,9900,1,0,0,0,0,0,0,0,0,2024-06-13,2024-06-13
in_000000274450,9900,1,0,0,0,0,0,0,0,0,2024-06-15,2024-06-15
in_000000008557,9900,1,0,0,0,0,0,0,0,0,2024-06-22,2024-06-22
in_000000084357,199900,1,0,0,0,0,0,0,0,0,2024-06-20,2024-06-20
in_000000201960,29900,1,0,0,0,0,0,0,0,0,2024-06-11,2024-06-11
in_000000281512,9900,1,0,0,0,0,0,0,0,0,2024-06-17,2024-06-17
in_000000113513,9900,1,0,0,0,0,0,0,0,0,2024-06-14,2024-06-14
in_000000163758,9900,1,0,0,0,0,0,0,0,0,2024-06-15,2024-06-15
in_000000224382,9900,1,0,0,0,0,0,0,0,0,2024-06-24,2024-06-24
in_000000143005,79900,1,0,0,0,0,0,0,0,0,2024-06-19,2024-06-19
in_000000131984,9900,1,0,0,0,0,0,0,0,0,2024-06-10,2024-06-10
in_000000184832,9900,1,0,0,0,0,0,0,0,0,2024-06-13,2024-06-13
in_000000260239,9900,1,0,0,0,0,0,0,0,0,2024-06-23,2024-06-23
in_000000117800,29900,1,0,0,0,0,0,0,0,0,2024-06-11,2024-06-11
in_000000108031,99000,1,0,0,0,0,0,0,0,0,2024-06-13,2024-06-13
in_000000011515,199900,1,0,0,0,0,0,0,0,0,2024-06-22,2024-06-22
in_000000192554,79900,1,0,0,0,0,0,0,0,0,2024-06-07,2024-06-07
in_000000037586,99000,1,0,0,0,0,0,0,0,0,2024-06-22,2024-06-22
in_000000015827,9900,1,0,0,0,0,0,0,0,0,2024-06-13,2024-06-13
in_000000082197,9900,1,0,0,0,0,0,0,0,0,2024-06-09,2024-06-09
in_000000314055,9900,1,0,0,0,0,0,0,0,0,2024-06-16,2024-06-16
in_000000048151,29900,1,0,0,0,0,0,0,0,0,2024-06-15,2024-06-15
in_000000189578,9900,1,0,0,0,0,0,0,0,0,2024-06-15,2024-06-15
in_000000008025,9900,1,0,0,0,0,0,0,0,0,2024-06-21,2024-06-21
in_000000075288,9900,1,0,0,0,0,0,0,0,0,2024-06-17,2024-06-17
in_000000163163,9900,1,0,0,0,0,0,0,0,0,2024-06-04,2024-06-04
in_000000176134,9900,1,0,0,0,0,0,0,0,0,2024-06-14,2024-06-14
in_000000165409,29900,1,0,0,0,0,0,0,0,0,2024-06-10,2024-06-10
in_000000035883,9900,1,0,0,0,0,0,0,0,0,2024-06-16,2024-06-16
in_000000268624,9900,1,0,0,0,0,0,0,0,0,2024-06-08,2024-06-08
in_000000054566,79900,1,0,0,0,0,0,0,0,0,2024-06-07,2024-06-07
in_000000005566,29900,1,0,0,0,0,0,0,0,0,2024-06-16,2024-06-16
in_000000200782,79900,1,0,0,0,0,0,0,0,0,2024-06-09,2024-06-09
in_000000025674,29900,1,0,0,0,0,0,0,0,0,2024-06-15,2024-06-15
in_000000163016,199900,1,0,0,0,0,0,0,0,0,2024-06-05,2024-06-05
in_000000025702,9900,1,0,0,0,0,0,0,0,0,2024-06-07,2024-06-07
in_000000099653,9900,1,0,0,0,0,0,0,0,0,2024-06-09,2024-06-09
in_000000061522,9900,1,0,0,0,0,0,0,0,0,2024-06-22,2024-06-22
in_000000302712,9900,1,0,0,0,0,0,0,0,0,2024-06-20,2024-06-20
in_000000186456,9900,1,0,0,0,0,0,0,0,0,2024-06-11,2024-06-11
in_000000065919,29900,1,0,0,0,0,0,0,0,0,2024-06-13,2024-06-13
in_000000106931,29900,1,0,0,0,0,0,0,0,0,2024-06-23,2024-06-23
in_000000014771,29900,1,0,0,0,0,0,0,0,0,2024-06-16,2024-06-16
in_000000227925,199900,1,0,0,0,0,0,0,0,0,2024-06-13,2024-06-13
in_000000010532,29900,1,0,0,0,0,0,0,0,0,2024-06-11,2024-06-11
in_000000054971,29900,1,0,0,0,0,0,0,0,0,2024-06-06,2024-06-06
in_000000221790,9900,1,0,0,0,0,0,0,0,0,2024-06-07,2024-06-07
in_000000198388,9900,1,0,0,0,0,0,0,0,0,2024-06-19,2024-06-19
in_000000061554,79900,1,0,0,0,0,0,0,0,0,2024-06-25,2024-06-25
in_000000282692,9900,1,0,0,0,0,0,0,0,0,2024-06-08,2024-06-08
in_000000039550,29900,1,0,0,0,0,0,0,0,0,2024-06-11,2024-06-11
in_000000049548,29900,1,0,0,0,0,0,0,0,0,2024-06-16,2024-06-16
in_000000298154,199900,1,0,0,0,0,0,0,0,0,2024-06-24,2024-06-24
in_000000027951,9900,1,0,0,0,0,0,0,0,0,2024-06-20,2024-06-20
in_000000306266,29900,1,0,0,0,0,0,0,0,0,2024-06-09,2024-06-09
in_000000245561,29900,1,0,0,0,0,0,0,0,0,2024-06-22,2024-06-22
in_000000032355,9900,1,0,0,0,0,0,0,0,0,2024-06-23,2024-06-23
in_000000192698,79900,1,0,0,0,0,0,0,0,0,2024-06-16,2024-06-16
in_000000275423,29900,1,0,0,0,0,0,0,0,0,2024-06-16,2024-06-16
in_000000226968,9900,1,0,0,0,0,0,0,0,0,2024-06-20,2024-06-20
in_000000144565,79900,1,0,0,0,0,0,0,0,0,2024-06-04,2024-06-04
in_000000156649,29900,1,0,0,0,0,0,0,0,0,2024-06-19,2024-06-19
in_000000116573,799000,1,0,0,0,0,0,0,0,0,2024-06-04,2024-06-04
in_000000043323,9900,1,0,0,0,0,0,0,0,0,2024-06-09,2024-06-09
in_000000085644,29900,1,0,0,0,0,0,0,0,0,2024-06-17,2024-06-17
in_000000272320,29900,1,0,0,0,0,0,0,0,0,2024-06-20,2024-06-20
in_000000285087,29900,1,0,0,0,0,0,0,0,0,2024-06-09,2024-06-09
in_000000054214,1999000,1,0,0,0,0,0,0,0,0,2024-06-24,2024-06-24
in_000000293761,9900,1,0,0,0,0,0,0,0,0,2024-06-13,2024-06-13
in_000000225881,9900,1,0,0,0,0,0,0,0,0,2024-06-18,2024-06-18
in_000000199802,29900,1,0,0,0,0,0,0,0,0,2024-06-23,2024-06-23
in_000000095335,29900,1,0,0,0,0,0,0,0,0,2024-06-07,2024-06-07
in_000000245225,99000,1,0,0,0,0,0,0,0,0,2024-06-23,2024-06-23
in_000000037038,0,1,0,0,0,1,1,0,0,0,2024-06-21,2024-06-21
in_000000018253,9900,1,0,0,0,0,0,0,0,0,2024-06-12,2024-06-12
in_000000208411,9900,1,0,0,0,0,0,0,0,0,2024-06-15,2024-06-15
in_000000104024,99000,1,0,0,0,0,0,0,0,0,2024-06-13,2024-06-13
in_000000134775,199900,1,0,0,0,0,0,0,0,0,2024-06-25,2024-06-25
in_000000219963,9900,1,0,0,0,0,0,0,0,0,2024-06-21,2024-06-21
in_000000073124,9900,1,0,0,0,0,0,0,0,0,2024-06-06,2024-06-06
in_000000254307,29900,1,0,0,0,0,0,0,0,0,2024-06-03,2024-06-03
in_000000027831,79900,1,0,0,0,0,0,0,0,0,2024-06-07,2024-06-07
in_000000106282,9900,1,0,0,0,0,0,0,0,0,2024-06-07,2024-06-07
in_000000096735,199900,1,0,0,0,0,0,0,0,0,2024-06-04,2024-06-04
in_000000240285,79900,1,0,0,0,0,0,0,0,0,2024-06-24,2024-06-24
in_000000021343,9900,1,0,0,0,0,0,0,0,0,2024-06-23,2024-06-23
in_000000162531,9900,1,0,0,0,0,0,0,0,0,2024-06-23,2024-06-23
in_000000051324,799000,1,0,0,0,0,0,0,0,0,2024-06-24,2024-06-24
in_000000078182,9900,1,0,0,0,0,0,0,0,0,2024-06-09,2024-06-09
in_000000108497,29900,1,0,0,0,0,0,0,0,0,2024-06-14,2024-06-14
in_000000011015,9900,1,0,0,0,0,0,0,0,0,2024-06-22,2024-06-22
in_000000253262,79900,1,0,0,0,0,0,0,0,0,2024-06-09,2024-06-09
in_000000092752,29900,1,0,0,0,0,0,0,0,0,2024-06-23,2024-06-23
in_000000058586,29900,1,0,0,0,0,0,0,0,0,2024-06-05,2024-06-05
in_000000155861,199900,1,0,0,0,0,0,0,0,0,2024-06-05,2024-06-05
in_000000211528,9900,1,0,0,0,0,0,0,0,0,2024-06-14,2024-06-14
in_000000095895,9900,1,0,0,0,0,0,0,0,0,2024-06-14,2024-06-14
in_000000287179,79900,1,0,0,0,0,0,0,0,0,2024-06-18,2024-06-18
in_000000239939,9900,1,0,0,0,0,0,0,0,0,2024-06-21,2024-06-21
in_000000045908,29900,1,0,0,0,0,0,0,0,0,2024-06-25,2024-06-25
in_000000083814,29900,1,0,0,0,0,0,0,0,0,2024-07-03,2024-07-03
in_000000163413,79900,1,0,0,0,0,0,0,0,0,2024-06-18,2024-06-18
in_000000130429,9900,1,0,0,0,0,0,0,0,0,2024-06-20,2024-06-20
in_000000067661,29900,1,0,0,0,0,0,0,0,0,2024-06-19,2024-06-19
in_000000112086,29900,1,0,0,0,0,0,0,0,0,2024-06-26,2024-06-26
in_000000183281,9900,1,0,0,0,0,0,0,0,0,2024-06-15,2024-06-15
in_000000207757,9900,1,0,0,0,0,0,0,0,0,2024-06-07,2024-06-07
in_000000129971,99000,1,0,0,0,0,0,0,0,0,2024-06-14,2024-06-14
in_000000285917,199900,1,0,0,0,0,0,0,0,0,2024-06-23,2024-06-23
in_000000043037,9900,1,0,0,0,0,0,0,0,0,2024-06-21,2024-06-21
in_000000303193,9900,1,0,0,0,0,0,0,0,0,2024-06-25,2024-06-25
in_000000027915,9900,1,0,0,0,0,0,0,0,0,2024-06-08,2024-06-08
in_000000215937,9900,1,0,0,0,0,0,0,0,0,2024-06-22,2024-06-22
in_000000229517,29900,1,0,0,0,0,0,0,0,0,2024-06-20,2024-06-20
in_000000292939,9900,1,0,0,0,0,0,0,0,0,2024-06-14,2024-06-14
in_000000319623,9900,1,0,0,0,0,0,0,0,0,2024-06-19,2024-06-19
in_000000024874,199900,1,0,0,0,0,0,0,0,0,2024-06-13,2024-06-13
in_000000218431,29900,1,0,0,0,0,0,0,0,0,2024-06-18,2024-06-18
in_000000208055,9900,1,0,0,0,0,0,0,0,0,2024-06-14,2024-06-14
in_000000256762,29900,1,0,0,0,0,0,0,0,0,2024-06-25,2024-06-25
in_000000274911,79900,1,0,0,0,0,0,0,0,0,2024-06-05,2024-06-05
in_000000265608,29900,1,0,0,0,0,0,0,0,0,2024-06-22,2024-06-22
in_000000152921,9900,1,0,0,0,0,0,0,0,0,2024-06-20,2024-06-20
in_000000127374,5940,1,0,0,0,1,1,0,0,0,2024-06-09,2024-06-09
in_000000132315,29900,1,0,0,0,0,0,0,0,0,2024-06-13,2024-06-13
in_000000039010,9900,1,0,0,0,0,0,0,0,0,2024-06-19,2024-06-19
in_000000245009,79900,1,0,0,0,0,0,0,0,0,2024-06-06,2024-06-06
in_000000073563,9900,1,0,0,0,0,0,0,0,0,2024-06-11,2024-06-11
in_000000176981,29900,1,0,0,0,0,0,0,0,0,2024-06-08,2024-06-08
in_000000098184,9900,1,0,0,0,0,0,0,0,0,2024-06-24,2024-06-24
in_000000110459,9900,1,0,0,0,0,0,0,0,0,2024-06-12,2024-06-12
in_000000063255,29900,1,0,0,0,0,0,0,0,0,2024-06-11,2024-06-11
in_000000286082,1999000,1,0,0,0,0,0,0,0,0,2024-06-23,2024-06-23
in_000000037373,75905,1,0,0,1,0,0,0,0,0,2024-06-13,2024-06-13
in_000000019239,199900,1,0,0,0,0,0,0,0,0,2024-06-03,2024-06-03
in_000000279134,29900,1,0,0,0,0,0,0,0,0,2024-06-18,2024-06-18
in_000000116848,199900,1,0,0,0,0,0,0,0,0,2024-06-24,2024-06-24
in_000000060537,9900,1,0,0,0,0,0,0,0,0,2024-06-12,2024-06-12
in_000000227543,29900,1,0,0,0,0,0,0,0,0,2024-06-21,2024-06-21
in_000000261951,29900,1,0,0,0,0,0,0,0,0,2024-06-15,2024-06-15
in_000000308887,29900,1,0,0,0,0,0,0,0,0,2024-06-14,2024-06-14
in_000000147643,79900,1,0,0,0,0,0,0,0,0,2024-06-16,2024-06-16
in_000000237763,9900,1,0,0,0,0,0,0,0,0,2024-06-20,2024-06-20
in_000000087204,9900,1,0,0,0,0,0,0,0,0,2024-06-10,2024-06-10
in_000000172415,299000,1,0,0,0,0,0,0,0,0,2024-06-09,2024-06-09
in_000000013160,29900,1,0,0,0,0,0,0,0,0,2024-06-05,2024-06-05
in_000000025776,199900,1,0,0,0,0,0,0,0,0,2024-06-25,2024-06-25
in_000000292050,9900,1,0,0,0,0,0,0,0,0,2024-06-09,2024-06-09
in_000000277565,79900,1,0,0,0,0,0,0,0,0,2024-06-11,2024-06-11
in_000000097782,9900,1,0,0,0,0,0,0,0,0,2024-06-15,2024-06-15
in_000000068462,79900,1,0,0,0,0,0,0,0,0,2024-06-10,2024-06-10
in_000000205842,9900,1,0,0,0,0,0,0,0,0,2024-06-05,2024-06-05
in_000000070958,9900,1,0,0,0,0,0,0,0,0,2024-06-03,2024-06-03
in_000000311150,29900,1,0,0,0,0,0,0,0,0,2024-06-15,2024-06-15
in_000000204200,9900,1,0,0,0,0,0,0,0,0,2024-06-15,2024-06-15
in_000000180843,29900,1,0,0,0,0,0,0,0,0,2024-06-21,2024-06-21
in_000000282891,79900,1,0,0,0,0,0,0,0,0,2024-06-22,2024-06-22
in_000000167276,9900,1,0,0,0,0,0,0,0,0,2024-06-11,2024-06-11
in_000000196732,79900,1,0,0,0,0,0,0,0,0,2024-06-21,2024-06-21
in_000000125776,9900,1,0,0,0,0,0,0,0,0,2024-06-09,2024-06-09
in_000000154828,99000,1,0,0,0,0,0,0,0,0,2024-06-04,2024-06-04
in_000000216242,79900,1,0,0,0,0,0,0,0,0,2024-06-22,2024-06-22
in_000000266671,9900,1,0,0,0,0,0,0,0,0,2024-06-06,2024-06-06
in_000000149741,9900,1,0,0,0,0,0,0,0,0,2024-06-04,2024-06-04
in_000000009318,9900,1,0,0,0,0,0,0,0,0,2024-06-06,2024-06-06
in_000000206433,9900,1,0,0,0,0,0,0,0,0,2024-06-06,2024-06-06
in_000000084705,9900,1,0,0,0,0,0,0,0,0,2024-06-16,2024-06-16
in_000000228719,9900,1,0,0,0,0,0,0,0,0,2024-06-16,2024-06-16
in_000000269920,799000,1,0,0,0,0,0,0,0,0,2024-06-07,2024-06-07
in_000000069292,79900,1,0,0,0,0,0,0,0,0,2024-06-17,2024-06-17
in_000000180641,9900,1,0,0,0,0,0,0,0,0,2024-06-19,2024-06-19
in_000000149972,9900,1,0,0,0,0,0,0,0,0,2024-06-12,2024-06-12
in_000000188932,29900,1,0,0,0,0,0,0,0,0,2024-06-10,2024-06-10
in_000000163440,29900,1,0,0,0,0,0,0,0,0,2024-06-13,2024-06-13
in_000000190859,9900,1,0,0,0,0,0,0,0,0,2024-06-16,2024-06-16
in_000000265908,9900,1,0,0,0,0,0,0,0,0,2024-06-16,2024-06-16
in_000000151927,79900,1,0,0,0,0,0,0,0,0,2024-06-12,2024-06-12
in_000000117601,9900,1,0,0,0,0,0,0,0,0,2024-06-08,2024-06-08
in_000000320679,9900,1,0,0,0,0,0,0,0,0,2024-06-23,2024-06-23
in_000000205279,9900,1,0,0,0,0,0,0,0,0,2024-06-20,2024-06-20
in_000000301480,9900,1,0,0,0,0,0,0,0,0,2024-06-09,2024-06-09
in_000000043612,9900,1,0,0,0,0,0,0,0,0,2024-06-14,2024-06-14
in_000000235942,9900,1,0,0,0,0,0,0,0,0,2024-06-20,2024-06-20
in_000000296637,29900,1,0,0,0,0,0,0,0,0,2024-06-09,2024-06-09
in_000000306629,9900,1,0,0,0,0,0,0,0,0,2024-06-11,2024-06-11
in_000000056902,9900,1,0,0,0,0,0,0,0,0,2024-06-19,2024-06-19
in_000000259298,29900,1,0,0,0,0,0,0,0,0,2024-06-06,2024-06-06
in_000000008141,9900,1,0,0,0,0,0,0,0,0,2024-06-24,2024-06-24
in_000000164878,29900,1,0,0,0,0,0,0,0,0,2024-06-25,2024-06-25
in_000000139697,1999000,1,0,0,0,0,0,0,0,0,2024-06-18,2024-06-18
in_000000016696,9900,1,0,0,0,0,0,0,0,0,2024-06-10,2024-06-10
in_000000059034,199900,1,0,0,0,0,0,0,0,0,2024-06-10,2024-06-10
in_000000197948,9900,1,0,0,0,0,0,0,0,0,2024-06-14,2024-06-14
in_000000229699,199900,1,0,0,0,0,0,0,0,0,2024-06-19,2024-06-19
in_000000298085,9900,1,0,0,0,0,0,0,0,0,2024-06-13,2024-06-13
in_000000028580,79900,1,0,0,0,0,0,0,0,0,2024-06-22,2024-06-22
in_000000124008,9900,1,0,0,0,0,0,0,0,0,2024-06-14,2024-06-14
in_000000104997,9900,1,0,0,0,0,0,0,0,0,2024-06-10,2024-06-10
in_000000295769,29900,1,0,0,0,0,0,0,0,0,2024-06-09,2024-06-09
in_000000227349,9900,1,0,0,0,0,0,0,0,0,2024-06-09,2024-06-09
in_000000170403,79900,1,0,0,0,0,0,0,0,0,2024-06-13,2024-06-13
in_000000193874,29900,1,0,0,0,0,0,0,0,0,2024-06-22,2024-06-22
in_000000160815,9900,1,0,0,0,0,0,0,0,0,2024-06-08,2024-06-08
in_000000175514,9900,1,0,0,0,0,0,0,0,0,2024-06-09,2024-06-09
in_000000250338,9900,1,0,0,0,0,0,0,0,0,2024-06-04,2024-06-04
in_000000043736,29900,1,0,0,0,0,0,0,0,0,2024-06-04,2024-06-04
in_000000055934,29900,1,0,0,0,0,0,0,0,0,2024-06-24,2024-06-24
in_000000225508,199900,1,0,0,0,0,0,0,0,0,2024-06-11,2024-06-11
in_000000084805,9900,1,0,0,0,0,0,0,0,0,2024-06-06,2024-06-06
in_000000100591,199900,1,0,0,0,0,0,0,0,0,2024-06-24,2024-06-24
in_000000105501,29900,1,0,0,0,0,0,0,0,0,2024-06-15,2024-06-15
in_000000103982,9900,1,0,0,0,0,0,0,0,0,2024-06-06,2024-06-06
in_000000089869,799000,1,0,0,0,0,0,0,0,0,2024-06-10,2024-06-10
in_000000139489,299000,1,0,0,0,0,0,0,0,0,2024-06-21,2024-06-21
in_000000161494,29900,1,0,0,0,0,0,0,0,0,2024-06-17,2024-06-17
in_000000006090,79900,1,0,0,0,0,0,0,0,0,2024-06-23,2024-06-23
in_000000306288,9900,1,0,0,0,0,0,0,0,0,2024-06-19,2024-06-19
in_000000157231,29900,1,0,0,0,0,0,0,0,0,2024-06-16,2024-06-16
in_000000033564,9900,1,0,0,0,0,0,0,0,0,2024-06-14,2024-06-14
in_000000010053,29900,1,0,0,0,0,0,0,0,0,2024-06-13,2024-06-13
in_000000212807,9900,1,0,0,0,0,0,0,0,0,2024-06-16,2024-06-16
in_000000302387,9900,1,0,0,0,0,0,0,0,0,2024-06-06,2024-06-06
in_000000025542,79900,1,0,0,0,0,0,0,0,0,2024-06-12,2024-06-12
in_000000013056,29900,1,0,0,0,0,0,0,0,0,2024-06-23,2024-06-23
in_000000246261,9900,1,0,0,0,0,0,0,0,0,2024-06-13,2024-06-13
in_000000177665,9900,1,0,0,0,0,0,0,0,0,2024-06-09,2024-06-09
in_000000157580,9900,1,0,0,0,0,0,0,0,0,2024-06-09,2024-06-09
in_000000259606,99000,1,0,0,0,0,0,0,0,0,2024-06-23,2024-06-23
in_000000060302,29900,1,0,0,0,0,0,0,0,0,2024-06-10,2024-06-10
in_000000265261,8415,1,0,0,1,0,0,0,0,0,2024-06-06,2024-06-06
in_000000228729,9900,1,0,0,0,0,0,0,0,0,2024-06-20,2024-06-20
in_000000072905,29900,1,0,0,0,0,0,0,0,0,2024-06-15,2024-06-15
in_000000252364,79900,1,0,0,0,0,0,0,0,0,2024-06-18,2024-06-18
in_000000222437,9900,1,0,0,0,0,0,0,0,0,2024-06-12,2024-06-12
in_000000321006,9900,1,0,0,0,0,0,0,0,0,2024-06-04,2024-06-04
in_000000081599,9900,1,0,0,0,0,0,0,0,0,2024-06-10,2024-06-10
in_000000199978,199900,1,0,0,0,0,0,0,0,0,2024-06-21,2024-06-21
in_000000182511,29900,1,0,0,0,0,0,0,0,0,2024-06-19,2024-06-19
in_000000315503,79900,1,0,0,0,0,0,0,0,0,2024-06-04,2024-06-04
in_000000245213,9900,1,0,0,0,0,0,0,0,0,2024-06-26,2024-06-26
in_000000273298,79900,1,0,0,0,0,0,0,0,0,2024-06-17,2024-06-17
in_000000292770,79900,1,0,0,0,0,0,0,0,0,2024-06-11,2024-06-11
in_000000308441,79900,1,0,0,0,0,0,0,0,0,2024-06-20,2024-06-20
in_000000002734,29900,1,0,0,0,0,0,0,0,0,2024-06-15,2024-06-15
in_000000240669,9900,1,0,0,0,0,0,0,0,0,2024-06-11,2024-06-11
in_000000207975,9900,1,0,0,0,0,0,0,0,0,2024-06-19,2024-06-19
in_000000080355,9900,1,0,0,0,0,0,0,0,0,2024-06-20,2024-06-20
in_000000005443,9900,1,0,0,0,0,0,0,0,0,2024-06-24,2024-06-24
in_000000117289,29900,1,0,0,0,0,0,0,0,0,2024-06-04,2024-06-04
in_000000281848,9900,1,0,0,0,0,0,0,0,0,2024-06-04,2024-06-04
in_000000248843,29900,1,0,0,0,0,0,0,0,0,2024-06-24,2024-06-24
in_000000169578,8415,1,0,0,1,0,0,0,0,0,2024-06-14,2024-06-14
in_000000085147,9900,1,0,0,0,0,0,0,0,0,2024-06-25,2024-06-25
in_000000050899,29900,1,0,0,0,0,0,0,0,0,2024-06-05,2024-06-05
in_000000217716,79900,1,0,0,0,0,0,0,0,0,2024-06-11,2024-06-11
in_000000296733,99000,1,0,0,0,0,0,0,0,0,2024-06-04,2024-06-04
in_000000076389,9900,1,0,0,0,0,0,0,0,0,2024-06-18,2024-06-18
in_000000018279,9900,1,0,0,0,0,0,0,0,0,2024-06-18,2024-06-18
in_000000319689,79900,1,0,0,0,0,0,0,0,0,2024-06-16,2024-06-16
in_000000202802,9900,1,0,0,0,0,0,0,0,0,2024-06-12,2024-06-12
in_000000120860,9900,1,0,0,0,0,0,0,0,0,2024-06-22,2024-06-22
in_000000283113,79900,1,0,0,0,0,0,0,0,0,2024-06-17,2024-06-17
in_000000221170,29900,1,0,0,0,0,0,0,0,0,2024-06-06,2024-06-06
in_000000192861,29900,1,0,0,0,0,0,0,0,0,2024-06-07,2024-06-07
in_000000051617,29900,1,0,0,0,0,0,0,0,0,2024-06-17,2024-06-17
in_000000017160,9900,1,0,0,0,0,0,0,0,0,2024-06-16,2024-06-16
in_000000285968,799000,1,0,0,0,0,0,0,0,0,2024-06-24,2024-06-24
in_000000275338,9900,1,0,0,0,0,0,0,0,0,2024-06-17,2024-06-17
in_000000236387,79900,1,0,0,0,0,0,0,0,0,2024-06-20,2024-06-20
in_000000280285,9900,1,0,0,0,0,0,0,0,0,2024-06-20,2024-06-20
in_000000133115,9900,1,0,0,0,0,0,0,0,0,2024-06-16,2024-06-16
in_000000139519,79900,1,0,0,0,0,0,0,0,0,2024-06-03,2024-06-03
in_000000022823,29900,1,0,0,0,0,0,0,0,0,2024-06-10,2024-06-10
in_000000017702,99000,1,0,0,0,0,0,0,0,0,2024-06-15,2024-06-15
in_000000102810,29900,1,0,0,0,0,0,0,0,0,2024-06-19,2024-06-19
in_000000050943,199900,1,0,0,0,0,0,0,0,0,2024-06-25,2024-06-25
in_000000213925,79900,1,0,0,0,0,0,0,0,0,2024-06-19,2024-06-19
in_000000094681,9900,1,0,0,0,0,0,0,0,0,2024-06-18,2024-06-18
in_000000256402,9900,1,0,0,0,0,0,0,0,0,2024-06-08,2024-06-08
in_000000266546,9900,1,0,0,0,0,0,0,0,0,2024-06-07,2024-06-07
in_000000213839,9900,1,0,0,0,0,0,0,0,0,2024-06-14,2024-06-14
in_000000036523,9900,1,0,0,0,0,0,0,0,0,2024-06-05,2024-06-05
in_000000097048,9900,1,0,0,0,0,0,0,0,0,2024-06-13,2024-06-13
in_000000224215,269100,1,0,0,1,0,0,0,0,0,2024-06-04,2024-06-04
in_000000027053,29900,1,0,0,0,0,0,0,0,0,2024-06-14,2024-06-14
in_000000126653,79900,1,0,0,0,0,0,0,0,0,2024-06-14,2024-06-14
in_000000164377,9900,1,0,0,0,0,0,0,0,0,2024-06-12,2024-06-12
in_000000316138,29900,1,0,0,0,0,0,0,0,0,2024-06-10,2024-06-10
in_000000160271,199900,1,0,0,0,0,0,0,0,0,2024-06-11,2024-06-11
in_000000216475,9900,1,0,0,0,0,0,0,0,0,2024-06-21,2024-06-21
in_000000271986,9900,1,0,0,0,0,0,0,0,0,2024-06-06,2024-06-06
in_000000101733,9900,1,0,0,0,0,0,0,0,0,2024-06-08,2024-06-08
in_000000061920,29900,1,0,0,0,0,0,0,0,0,2024-06-13,2024-06-13
in_000000283609,9900,1,0,0,0,0,0,0,0,0,2024-06-05,2024-06-05
in_000000080505,9900,1,0,0,0,0,0,0,0,0,2024-06-08,2024-06-08
in_000000154577,79900,1,0,0,0,0,0,0,0,0,2024-06-12,2024-06-12
in_000000310068,9900,1,0,0,0,0,0,0,0,0,2024-06-20,2024-06-20
in_000000214664,9900,1,0,0,0,0,0,0,0,0,2024-06-21,2024-06-21
in_000000108769,9900,1,0,0,0,0,0,0,0,0,2024-06-17,2024-06-17
in_000000233365,9900,1,0,0,0,0,0,0,0,0,2024-06-19,2024-06-19
in_000000125259,9900,1,0,0,0,0,0,0,0,0,2024-06-25,2024-06-25
in_000000255705,29900,1,0,0,0,0,0,0,0,0,2024-06-06,2024-06-06
in_000000266874,9900,1,0,0,0,0,0,0,0,0,2024-06-23,2024-06-23
in_000000011819,9900,1,0,0,0,0,0,0,0,0,2024-06-25,2024-06-25
in_000000104725,99000,1,0,0,0,0,0,0,0,0,2024-06-07,2024-06-07
in_000000034359,9900,1,0,0,0,0,0,0,0,0,2024-06-17,2024-06-17
in_000000031593,29900,1,0,0,0,0,0,0,0,0,2024-06-07,2024-06-07
in_000000315947,29900,1,0,0,0,0,0,0,0,0,2024-06-10,2024-06-10
in_000000034394,79900,1,0,0,0,0,0,0,0,0,2024-06-21,2024-06-21
in_000000278376,29900,1,0,0,0,0,0,0,0,0,2024-06-23,2024-06-23
in_000000005955,9900,1,0,0,0,0,0,0,0,0,2024-06-26,2024-06-26
in_000000274858,29900,1,0,0,0,0,0,0,0,0,2024-06-11,2024-06-11
in_000000179287,9900,1,0,0,0,0,0,0,0,0,2024-06-11,2024-06-11
in_000000009508,29900,1,0,0,0,0,0,0,0,0,2024-06-06,2024-06-06
in_000000000580,9900,1,0,0,0,0,0,0,0,0,2024-06-15,2024-06-15
in_000000260216,79900,1,0,0,0,0,0,0,0,0,2024-06-06,2024-06-06
in_000000103420,29900,1,0,0,0,0,0,0,0,0,2024-06-07,2024-06-07
in_000000044755,29900,1,0,0,0,0,0,0,0,0,2024-06-04,2024-06-04
in_000000071717,299000,1,0,0,0,0,0,0,0,0,2024-06-16,2024-06-16
in_000000055585,9900,1,0,0,0,0,0,0,0,0,2024-06-18,2024-06-18
in_000000129472,29900,1,0,0,0,0,0,0,0,0,2024-06-22,2024-06-22
in_000000160499,9900,1,0,0,0,0,0,0,0,0,2024-06-06,2024-06-06
in_000000244771,29900,1,0,0,0,0,0,0,0,0,2024-06-11,2024-06-11
in_000000098968,29900,1,0,0,0,0,0,0,0,0,2024-06-18,2024-06-18
in_000000304115,9900,1,0,0,0,0,0,0,0,0,2024-06-13,2024-06-13
in_000000288819,9900,1,0,0,0,0,0,0,0,0,2024-06-11,2024-06-11
in_000000143826,29900,1,0,0,0,0,0,0,0,0,2024-06-16,2024-06-16
in_000000285063,9900,1,0,0,0,0,0,0,0,0,2024-06-09,2024-06-09
in_000000289976,29900,1,0,0,0,0,0,0,0,0,2024-06-07,2024-06-07
in_000000093328,29900,1,0,0,0,0,0,0,0,0,2024-06-04,2024-06-04
in_000000235580,199900,1,0,0,0,0,0,0,0,0,2024-06-24,2024-06-24
in_000000085579,29900,1,0,0,0,0,0,0,0,0,2024-06-08,2024-06-08
in_000000020756,9900,1,0,0,0,0,0,0,0,0,2024-06-22,2024-06-22
in_000000266495,29900,1,0,0,0,0,0,0,0,0,2024-06-23,2024-06-23
in_000000297998,29900,1,0,0,0,0,0,0,0,0,2024-06-11,2024-06-11
in_000000201640,79900,1,0,0,0,0,0,0,0,0,2024-06-25,2024-06-25
in_000000022645,29900,1,0,0,0,0,0,0,0,0,2024-06-09,2024-06-09
in_000000197986,79900,1,0,0,0,0,0,0,0,0,2024-06-10,2024-06-10
in_000000240554,79900,1,0,0,0,0,0,0,0,0,2024-06-19,2024-06-19
in_000000034915,9900,1,0,0,0,0,0,0,0,0,2024-06-12,2024-06-12
in_000000318077,199900,1,0,0,0,0,0,0,0,0,2024-06-15,2024-06-15
in_000000028067,799000,1,0,0,0,0,0,0,0,0,2024-06-15,2024-06-15
in_000000139416,9900,1,0,0,0,0,0,0,0,0,2024-06-23,2024-06-23
in_000000279064,9900,1,0,0,0,0,0,0,0,0,2024-06-23,2024-06-23
in_000000109020,9900,1,0,0,0,0,0,0,0,0,2024-06-19,2024-06-19
in_000000004313,8900,1,0,0,1,0,0,0,0,0,2024-06-20,2024-06-20
in_000000196273,9900,1,0,0,0,0,0,0,0,0,2024-06-17,2024-06-17
in_000000105110,9900,1,0,0,0,0,0,0,0,0,2024-06-21,2024-06-21
in_000000088196,79900,1,0,0,0,0,0,0,0,0,2024-06-11,2024-06-11
in_000000113928,79900,1,0,0,0,0,0,0,0,0,2024-06-11,2024-06-11
in_000000303308,9900,1,0,0,0,0,0,0,0,0,2024-06-26,2024-06-26
in_000000154821,8900,1,0,0,1,0,0,0,0,0,2024-06-10,2024-06-10
in_000000170597,79900,1,0,0,0,0,0,0,0,0,2024-06-14,2024-06-14
in_000000096333,299000,1,0,0,0,0,0,0,0,0,2024-06-11,2024-06-11
in_000000092307,9900,1,0,0,0,0,0,0,0,0,2024-06-12,2024-06-12
in_000000241628,9900,1,0,0,0,0,0,0,0,0,2024-06-12,2024-06-12
in_000000231633,29900,1,0,0,0,0,0,0,0,0,2024-06-23,2024-06-23
in_000000212747,79900,1,0,0,0,0,0,0,0,0,2024-06-12,2024-06-12
in_000000089871,79900,1,0,0,0,0,0,0,0,0,2024-06-22,2024-06-22
in_000000021624,9900,1,0,0,0,0,0,0,0,0,2024-06-22,2024-06-22
in_000000081875,9900,1,0,0,0,0,0,0,0,0,2024-06-07,2024-06-07
in_000000160405,79900,1,0,0,0,0,0,0,0,0,2024-06-10,2024-06-10
in_000000124129,29900,1,0,0,0,0,0,0,0,0,2024-06-19,2024-06-19
in_000000060126,29900,1,0,0,0,0,0,0,0,0,2024-06-13,2024-06-13
in_000000108690,9900,1,0,0,0,0,0,0,0,0,2024-06-14,2024-06-14
in_000000104437,29900,1,0,0,0,0,0,0,0,0,2024-06-09,2024-06-09
in_000000228183,9900,1,0,0,0,0,0,0,0,0,2024-06-14,2024-06-14
in_000000199176,29900,1,0,0,0,0,0,0,0,0,2024-06-14,2024-06-14
in_000000311080,79900,1,0,0,0,0,0,0,0,0,2024-06-07,2024-06-07
in_000000007611,9900,1,0,0,0,0,0,0,0,0,2024-06-09,2024-06-09
in_000000300020,9900,1,0,0,0,0,0,0,0,0,2024-06-15,2024-06-15
in_000000076769,79900,1,0,0,0,0,0,0,0,0,2024-06-08,2024-06-08
in_000000026718,9900,1,0,0,0,0,0,0,0,0,2024-06-15,2024-06-15
in_000000137441,29900,1,0,0,0,0,0,0,0,0,2024-06-14,2024-06-14
in_000000114796,9900,1,0,0,0,0,0,0,0,0,2024-06-12,2024-06-12
in_000000184013,29900,1,0,0,0,0,0,0,0,0,2024-06-16,2024-06-16
in_000000250633,29900,1,0,0,0,0,0,0,0,0,2024-06-21,2024-06-21
in_000000156010,99000,1,0,0,0,0,0,0,0,0,2024-06-21,2024-06-21
in_000000216848,199900,1,0,0,0,0,0,0,0,0,2024-06-23,2024-06-23
in_000000049886,299000,1,0,0,0,0,0,0,0,0,2024-06-15,2024-06-15
in_000000155258,79900,1,0,0,0,0,0,0,0,0,2024-06-13,2024-06-13
in_000000276611,199900,1,0,0,0,0,0,0,0,0,2024-06-20,2024-06-20
in_000000062228,1999000,1,0,0,0,0,0,0,0,0,2024-06-18,2024-06-18
in_000000159600,9900,1,0,0,0,0,0,0,0,0,2024-06-13,2024-06-13
in_000000235717,9900,1,0,0,0,0,0,0,0,0,2024-06-10,2024-06-10
in_000000308148,9900,1,0,0,0,0,0,0,0,0,2024-06-22,2024-06-22
in_000000229321,9900,1,0,0,0,0,0,0,0,0,2024-06-08,2024-06-08
in_000000133286,199900,1,0,0,0,0,0,0,0,0,2024-06-15,2024-06-15
in_000000010301,199900,1,0,0,0,0,0,0,0,0,2024-06-24,2024-06-24
in_000000054249,79900,1,0,0,0,0,0,0,0,0,2024-06-22,2024-06-22
in_000000124559,9900,1,0,0,0,0,0,0,0,0,2024-06-20,2024-06-20
in_000000078263,9900,1,0,0,0,0,0,0,0,0,2024-06-22,2024-06-22
in_000000136780,9900,1,0,0,0,0,0,0,0,0,2024-06-19,2024-06-19
in_000000173566,9900,1,0,0,0,0,0,0,0,0,2024-06-07,2024-06-07
in_000000187245,79900,1,0,0,0,0,0,0,0,0,2024-06-22,2024-06-22
in_000000198552,199900,1,0,0,0,0,0,0,0,0,2024-06-11,2024-06-11
in_000000172939,29900,1,0,0,0,0,0,0,0,0,2024-06-09,2024-06-09
in_000000011561,9900,1,0,0,0,0,0,0,0,0,2024-06-19,2024-06-19
in_000000008864,79900,1,0,0,0,0,0,0,0,0,2024-06-20,2024-06-20
in_000000272098,9900,1,0,0,0,0,0,0,0,0,2024-06-12,2024-06-12
in_000000147669,9900,1,0,0,0,0,0,0,0,0,2024-06-09,2024-06-09
in_000000133148,9900,1,0,0,0,0,0,0,0,0,2024-06-21,2024-06-21
in_000000246327,29900,1,0,0,0,0,0,0,0,0,2024-06-14,2024-06-14
in_000000223657,9900,1,0,0,0,0,0,0,0,0,2024-06-06,2024-06-06
in_000000137165,99000,1,0,0,0,0,0,0,0,0,2024-06-07,2024-06-07
in_000000320711,29900,1,0,0,0,0,0,0,0,0,2024-06-16,2024-06-16
in_000000142292,199900,1,0,0,0,0,0,0,0,0,2024-06-05,2024-06-05
in_000000014640,99000,1,0,0,0,0,0,0,0,0,2024-06-17,2024-06-17
in_000000232731,9900,1,0,0,0,0,0,0,0,0,2024-06-20,2024-06-20
in_000000204688,9900,1,0,0,0,0,0,0,0,0,2024-06-14,2024-06-14
in_000000049018,9900,1,0,0,0,0,0,0,0,0,2024-06-16,2024-06-16
in_000000156489,29900,1,0,0,0,0,0,0,0,0,2024-06-07,2024-06-07
in_000000260168,9900,1,0,0,0,0,0,0,0,0,2024-06-10,2024-06-10
in_000000275355,9900,1,0,0,0,0,0,0,0,0,2024-06-23,2024-06-23
in_000000107515,29900,1,0,0,0,0,0,0,0,0,2024-06-14,2024-06-14
in_000000025340,29900,1,0,0,0,0,0,0,0,0,2024-06-20,2024-06-20
in_000000144669,9900,1,0,0,0,0,0,0,0,0,2024-06-07,2024-06-07
in_000000159092,9900,1,0,0,0,0,0,0,0,0,2024-06-12,2024-06-12
in_000000255720,79900,1,0,0,0,0,0,0,0,0,2024-06-22,2024-06-22
in_000000151722,9900,1,0,0,0,0,0,0,0,0,2024-06-14,2024-06-14
in_000000275490,9900,1,0,0,0,0,0,0,0,0,2024-06-12,2024-06-12
in_000000271156,79900,1,0,0,0,0,0,0,0,0,2024-06-14,2024-06-14
in_000000251936,9900,1,0,0,0,0,0,0,0,0,2024-06-13,2024-06-13
in_000000006867,9900,1,0,0,0,0,0,0,0,0,2024-06-08,2024-06-08
in_000000175819,99000,1,0,0,0,0,0,0,0,0,2024-06-07,2024-06-07
in_000000003916,79900,1,0,0,0,0,0,0,0,0,2024-06-12,2024-06-12
in_000000184179,79900,1,0,0,0,0,0,0,0,0,2024-06-11,2024-06-11
in_000000304252,29900,1,0,0,0,0,0,0,0,0,2024-06-06,2024-06-06
in_000000198208,9900,1,0,0,0,0,0,0,0,0,2024-06-09,2024-06-09
in_000000121366,799000,1,0,0,0,0,0,0,0,0,2024-06-15,2024-06-15
in_000000175184,9900,1,0,0,0,0,0,0,0,0,2024-06-20,2024-06-20
in_000000150085,9900,1,0,0,0,0,0,0,0,0,2024-06-05,2024-06-05
in_000000222996,29900,1,0,0,0,0,0,0,0,0,2024-06-12,2024-06-12
in_000000056553,9900,1,0,0,0,0,0,0,0,0,2024-06-11,2024-06-11
in_000000122629,29900,1,0,0,0,0,0,0,0,0,2024-06-22,2024-06-22
in_000000242865,99000,1,0,0,0,0,0,0,0,0,2024-06-17,2024-06-17
in_000000062901,29900,1,0,0,0,0,0,0,0,0,2024-06-10,2024-06-10
in_000000262811,9900,1,0,0,0,0,0,0,0,0,2024-06-19,2024-06-19
in_000000161178,9900,1,0,0,0,0,0,0,0,0,2024-06-21,2024-06-21
in_000000126343,9900,1,0,0,0,0,0,0,0,0,2024-06-23,2024-06-23
in_000000195716,29900,1,0,0,0,0,0,0,0,0,2024-06-21,2024-06-21
in_000000023183,9900,1,0,0,0,0,0,0,0,0,2024-06-04,2024-06-04
in_000000133881,9900,1,0,0,0,0,0,0,0,0,2024-06-06,2024-06-06
in_000000282221,29900,1,0,0,0,0,0,0,0,0,2024-06-14,2024-06-14
in_000000048500,79900,1,0,0,0,0,0,0,0,0,2024-06-21,2024-06-21
in_000000023169,79900,1,0,0,0,0,0,0,0,0,2024-06-15,2024-06-15
in_000000217834,9900,1,0,0,0,0,0,0,0,0,2024-06-24,2024-06-24
in_000000096298,29900,1,0,0,0,0,0,0,0,0,2024-06-07,2024-06-07
in_000000264474,79900,1,0,0,0,0,0,0,0,0,2024-06-18,2024-06-18
in_000000087086,29900,1,0,0,0,0,0,0,0,0,2024-06-25,2024-06-25
in_000000284802,199900,1,0,0,0,0,0,0,0,0,2024-06-08,2024-06-08
in_000000283275,9900,1,0,0,0,0,0,0,0,0,2024-06-04,2024-06-04
in_000000027451,9900,1,0,0,0,0,0,0,0,0,2024-06-19,2024-06-19
in_000000273901,99000,1,0,0,0,0,0,0,0,0,2024-06-12,2024-06-12
in_000000173117,9900,1,0,0,0,0,0,0,0,0,2024-06-23,2024-06-23
in_000000111059,29900,1,0,0,0,0,0,0,0,0,2024-06-12,2024-06-12
in_000000015771,79900,1,0,0,0,0,0,0,0,0,2024-06-25,2024-06-25
in_000000022314,29900,1,0,0,0,0,0,0,0,0,2024-06-20,2024-06-20
in_000000083586,9900,1,0,0,0,0,0,0,0,0,2024-06-18,2024-06-18
in_000000233654,29900,1,0,0,0,0,0,0,0,0,2024-06-19,2024-06-19
in_000000072638,29900,1,0,0,0,0,0,0,0,0,2024-06-17,2024-06-17
in_000000020736,9900,1,0,0,0,0,0,0,0,0,2024-06-07,2024-06-07
in_000000293860,29900,1,0,0,0,0,0,0,0,0,2024-06-21,2024-06-21
in_000000123541,29900,1,0,0,0,0,0,0,0,0,2024-06-14,2024-06-14
in_000000008690,9900,1,0,0,0,0,0,0,0,0,2024-06-06,2024-06-06
in_000000172651,79900,1,0,0,0,0,0,0,0,0,2024-06-20,2024-06-20
in_000000151738,29900,1,0,0,0,0,0,0,0,0,2024-06-05,2024-06-05
in_000000123941,99000,1,0,0,0,0,0,0,0,0,2024-06-09,2024-06-09
in_000000203307,9900,1,0,0,0,0,0,0,0,0,2024-06-23,2024-06-23
in_000000164216,9900,1,0,0,0,0,0,0,0,0,2024-06-14,2024-06-14
in_000000316736,29900,1,0,0,0,0,0,0,0,0,2024-06-20,2024-06-20
in_000000218094,199900,1,0,0,0,0,0,0,0,0,2024-06-18,2024-06-18
in_000000312647,29900,1,0,0,0,0,0,0,0,0,2024-06-18,2024-06-18
in_000000019169,29900,1,0,0,0,0,0,0,0,0,2024-06-08,2024-06-08
in_000000097330,29900,1,0,0,0,0,0,0,0,0,2024-06-24,2024-06-24
in_000000056373,79900,1,0,0,0,0,0,0,0,0,2024-06-26,2024-06-26
in_000000198523,9900,1,0,0,0,0,0,0,0,0,2024-06-16,2024-06-16
in_000000294457,9900,1,0,0,0,0,0,0,0,0,2024-06-07,2024-06-07
in_000000250480,9900,1,0,0,0,0,0,0,0,0,2024-06-24,2024-06-24
in_000000091036,99000,1,0,0,0,0,0,0,0,0,2024-06-23,2024-06-23
in_000000193301,29900,1,0,0,0,0,0,0,0,0,2024-06-21,2024-06-21
in_000000083772,9900,1,0,0,0,0,0,0,0,0,2024-06-15,2024-06-15
in_000000232580,9900,1,0,0,0,0,0,0,0,0,2024-06-20,2024-06-20
in_000000214401,9900,1,0,0,0,0,0,0,0,0,2024-06-10,2024-06-10
in_000000218407,29900,1,0,0,0,0,0,0,0,0,2024-06-26,2024-06-26
in_000000295235,79900,1,0,0,0,0,0,0,0,0,2024-06-10,2024-06-10
in_000000029959,79900,1,0,0,0,0,0,0,0,0,2024-06-09,2024-06-09
in_000000141710,9900,1,0,0,0,0,0,0,0,0,2024-06-16,2024-06-16
in_000000053615,29900,1,0,0,0,0,0,0,0,0,2024-06-22,2024-06-22
in_000000217117,79900,1,0,0,0,0,0,0,0,0,2024-06-16,2024-06-16
in_000000312223,79900,1,0,0,0,0,0,0,0,0,2024-06-23,2024-06-23
in_000000294382,9900,1,0,0,0,0,0,0,0,0,2024-06-23,2024-06-23
in_000000042981,29900,1,0,0,0,0,0,0,0,0,2024-06-16,2024-06-16
in_000000090007,79900,1,0,0,0,0,0,0,0,0,2024-06-22,2024-06-22
in_000000001519,9900,1,0,0,0,0,0,0,0,0,2024-06-18,2024-06-18
in_000000083431,29900,1,0,0,0,0,0,0,0,0,2024-06-19,2024-06-19
in_000000257410,9900,1,0,0,0,0,0,0,0,0,2024-06-13,2024-06-13
in_000000188770,199900,1,0,0,0,0,0,0,0,0,2024-06-16,2024-06-16
in_000000170284,9900,1,0,0,0,0,0,0,0,0,2024-06-07,2024-06-07
in_000000116127,29900,1,0,0,0,0,0,0,0,0,2024-06-17,2024-06-17
in_000000078306,9900,1,0,0,0,0,0,0,0,0,2024-06-22,2024-06-22
in_000000156710,79900,1,0,0,0,0,0,0,0,0,2024-06-07,2024-06-07
in_000000203419,9900,1,0,0,0,0,0,0,0,0,2024-06-11,2024-06-11
in_000000286382,299000,1,0,0,0,0,0,0,0,0,2024-06-15,2024-06-15
in_000000130174,799000,1,0,0,0,0,0,0,0,0,2024-06-07,2024-06-07
in_000000043513,79900,1,0,0,0,0,0,0,0,0,2024-06-06,2024-06-06
in_000000059904,9900,1,0,0,0,0,0,0,0,0,2024-06-18,2024-06-18
in_000000179328,79900,1,0,0,0,0,0,0,0,0,2024-06-26,2024-06-26
in_000000104458,199900,1,0,0,0,0,0,0,0,0,2024-06-09,2024-06-09
in_000000253638,9900,1,0,0,0,0,0,0,0,0,2024-06-23,2024-06-23
in_000000145618,79900,1,0,0,0,0,0,0,0,0,2024-06-14,2024-06-14
in_000000214683,9900,1,0,0,0,0,0,0,0,0,2024-06-23,2024-06-23
in_000000006527,9900,1,0,0,0,0,0,0,0,0,2024-06-10,2024-06-10
in_000000005778,9900,1,0,0,0,0,0,0,0,0,2024-06-08,2024-06-08
in_000000130266,79900,1,0,0,0,0,0,0,0,0,2024-06-07,2024-06-07
in_000000053090,79900,1,0,0,0,0,0,0,0,0,2024-06-13,2024-06-13
in_000000310556,9900,1,0,0,0,0,0,0,0,0,2024-06-09,2024-06-09
in_000000227357,99000,1,0,0,0,0,0,0,0,0,2024-06-06,2024-06-06
in_000000046666,199900,1,0,0,0,0,0,0,0,0,2024-06-17,2024-06-17
in_000000124672,29900,1,0,0,0,0,0,0,0,0,2024-06-14,2024-06-14
in_000000112480,9900,1,0,0,0,0,0,0,0,0,2024-06-12,2024-06-12
in_000000232987,9900,1,0,0,0,0,0,0,0,0,2024-06-21,2024-06-21
in_000000206404,9900,1,0,0,0,0,0,0,0,0,2024-06-05,2024-06-05
in_000000233113,9900,1,0,0,0,0,0,0,0,0,2024-06-15,2024-06-15
in_000000073149,199900,1,0,0,0,0,0,0,0,0,2024-06-15,2024-06-15
in_000000100377,9900,1,0,0,0,0,0,0,0,0,2024-06-18,2024-06-18
in_000000127232,79900,1,0,0,0,0,0,0,0,0,2024-06-12,2024-06-12
in_000000252308,29900,1,0,0,0,0,0,0,0,0,2024-06-20,2024-06-20
in_000000164095,9900,1,0,0,0,0,0,0,0,0,2024-06-12,2024-06-12
in_000000065081,9900,1,0,0,0,0,0,0,0,0,2024-06-18,2024-06-18
in_000000256312,9900,1,0,0,0,0,0,0,0,0,2024-06-10,2024-06-10
in_000000173980,9900,1,0,0,0,0,0,0,0,0,2024-06-18,2024-06-18
in_000000079476,9900,1,0,0,0,0,0,0,0,0,2024-06-09,2024-06-09
in_000000233273,9900,1,0,0,0,0,0,0,0,0,2024-06-18,2024-06-18
in_000000095611,29900,1,0,0,0,0,0,0,0,0,2024-06-14,2024-06-14
in_000000010676,9900,1,0,0,0,0,0,0,0,0,2024-06-08,2024-06-08
in_000000031933,79900,1,0,0,0,0,0,0,0,0,2024-06-24,2024-06-24
in_000000315704,29900,1,0,0,0,0,0,0,0,0,2024-06-05,2024-06-05
in_000000145409,29900,1,0,0,0,0,0,0,0,0,2024-06-20,2024-06-20
in_000000223571,9900,1,0,0,0,0,0,0,0,0,2024-06-15,2024-06-15
in_000000286955,29900,1,0,0,0,0,0,0,0,0,2024-06-03,2024-06-03
in_000000291011,29900,1,0,0,0,0,0,0,0,0,2024-06-18,2024-06-18
in_000000203146,79900,1,0,0,0,0,0,0,0,0,2024-06-08,2024-06-08
in_000000301866,29900,1,0,0,0,0,0,0,0,0,2024-06-25,2024-06-25
in_000000313576,9900,1,0,0,0,0,0,0,0,0,2024-06-11,2024-06-11
in_000000303725,9900,1,0,0,0,0,0,0,0,0,2024-06-08,2024-06-08
in_000000229837,29900,1,0,0,0,0,0,0,0,0,2024-06-08,2024-06-08
in_000000249421,29900,1,0,0,0,0,0,0,0,0,2024-06-20,2024-06-20
in_000000204131,9900,1,0,0,0,0,0,0,0,0,2024-06-08,2024-06-08
in_000000197775,199900,1,0,0,0,0,0,0,0,0,2024-06-17,2024-06-17
in_000000160473,9900,1,0,0,0,0,0,0,0,0,2024-06-19,2024-06-19
in_000000197044,29900,1,0,0,0,0,0,0,0,0,2024-06-21,2024-06-21
in_000000098420,199900,1,0,0,0,0,0,0,0,0,2024-06-15,2024-06-15
in_000000174549,29900,1,0,0,0,0,0,0,0,0,2024-06-19,2024-06-19
in_000000029485,29900,1,0,0,0,0,0,0,0,0,2024-06-06,2024-06-06
in_000000115625,199900,1,0,0,0,0,0,0,0,0,2024-06-15,2024-06-15
in_000000289928,9900,1,0,0,0,0,0,0,0,0,2024-06-18,2024-06-18
in_000000089895,29900,1,0,0,0,0,0,0,0,0,2024-06-14,2024-06-14
in_000000019427,29900,1,0,0,0,0,0,0,0,0,2024-06-11,2024-06-11
in_000000234786,9900,1,0,0,0,0,0,0,0,0,2024-06-14,2024-06-14
in_000000050404,29900,1,0,0,0,0,0,0,0,0,2024-06-17,2024-06-17
in_000000137479,9900,1,0,0,0,0,0,0,0,0,2024-06-14,2024-06-14
in_000000309886,29900,1,0,0,0,0,0,0,0,0,2024-06-06,2024-06-06
in_000000218705,29900,1,0,0,0,0,0,0,0,0,2024-06-11,2024-06-11
in_000000031341,9900,1,0,0,0,0,0,0,0,0,2024-06-17,2024-06-17
in_000000219832,9900,1,0,0,0,0,0,0,0,0,2024-06-11,2024-06-11
in_000000065407,29900,1,0,0,0,0,0,0,0,0,2024-06-24,2024-06-24
in_000000314325,199900,1,0,0,0,0,0,0,0,0,2024-06-12,2024-06-12
in_000000038531,29900,1,0,0,0,0,0,0,0,0,2024-06-19,2024-06-19
in_000000045429,79900,1,0,0,0,0,0,0,0,0,2024-06-12,2024-06-12
in_000000146479,29900,1,0,0,0,0,0,0,0,0,2024-06-21,2024-06-21
in_000000228751,79900,1,0,0,0,0,0,0,0,0,2024-06-22,2024-06-22
in_000000098850,9900,1,0,0,0,0,0,0,0,0,2024-06-13,2024-06-13
in_000000099182,9900,1,0,0,0,0,0,0,0,0,2024-06-07,2024-06-07
in_000000178924,29900,1,0,0,0,0,0,0,0,0,2024-06-19,2024-06-19
in_000000042666,9900,1,0,0,0,0,0,0,0,0,2024-06-26,2024-06-26
in_000000257454,9900,1,0,0,0,0,0,0,0,0,2024-06-24,2024-06-24
in_000000277337,29900,1,0,0,0,0,0,0,0,0,2024-06-23,2024-06-23
in_000000157082,79900,1,0,0,0,0,0,0,0,0,2024-06-17,2024-06-17
in_000000210261,79900,1,0,0,0,0,0,0,0,0,2024-06-22,2024-06-22
in_000000145821,79900,1,0,0,0,0,0,0,0,0,2024-06-18,2024-06-18
in_000000144024,9900,1,0,0,0,0,0,0,0,0,2024-06-05,2024-06-05
in_000000195909,9900,1,0,0,0,0,0,0,0,0,2024-06-15,2024-06-15
in_000000306062,9900,1,0,0,0,0,0,0,0,0,2024-06-15,2024-06-15
in_000000032289,79900,1,0,0,0,0,0,0,0,0,2024-06-12,2024-06-12
in_000000217590,9900,1,0,0,0,0,0,0,0,0,2024-06-08,2024-06-08
in_000000237356,29900,1,0,0,0,0,0,0,0,0,2024-06-19,2024-06-19
in_000000307968,9900,1,0,0,0,0,0,0,0,0,2024-06-24,2024-06-24
in_000000199643,29900,1,0,0,0,0,0,0,0,0,2024-06-11,2024-06-11
in_000000057462,29900,1,0,0,0,0,0,0,0,0,2024-06-11,2024-06-11
in_000000107335,9900,1,0,0,0,0,0,0,0,0,2024-06-14,2024-06-14
in_000000049089,9900,1,0,0,0,0,0,0,0,0,2024-06-09,2024-06-09
in_000000195338,29900,1,0,0,0,0,0,0,0,0,2024-06-09,2024-06-09
in_000000050994,9900,1,0,0,0,0,0,0,0,0,2024-06-20,2024-06-20
in_000000116714,9900,1,0,0,0,0,0,0,0,0,2024-06-13,2024-06-13
in_000000317719,29900,1,0,0,0,0,0,0,0,0,2024-06-09,2024-06-09
in_000000207940,9900,1,0,0,0,0,0,0,0,0,2024-06-23,2024-06-23
in_000000014096,9900,1,0,0,0,0,0,0,0,0,2024-06-06,2024-06-06
in_000000252966,29900,1,0,0,0,0,0,0,0,0,2024-06-07,2024-06-07
in_000000278688,9900,1,0,0,0,0,0,0,0,0,2024-06-12,2024-06-12
in_000000190964,29900,1,0,0,0,0,0,0,0,0,2024-06-06,2024-06-06
in_000000197024,29900,1,0,0,0,0,0,0,0,0,2024-06-21,2024-06-21
in_000000016015,9900,1,0,0,0,0,0,0,0,0,2024-06-07,2024-06-07
in_000000320652,199900,1,0,0,0,0,0,0,0,0,2024-06-18,2024-06-18
in_000000043821,9900,1,0,0,0,0,0,0,0,0,2024-06-21,2024-06-21
in_000000231045,29900,1,0,0,0,0,0,0,0,0,2024-06-18,2024-06-18
in_000000000428,29900,1,0,0,0,0,0,0,0,0,2024-06-15,2024-06-15
in_000000303323,9900,1,0,0,0,0,0,0,0,0,2024-06-20,2024-06-20
in_000000245292,9900,1,0,0,0,0,0,0,0,0,2024-06-22,2024-06-22
in_000000240450,9900,1,0,0,0,0,0,0,0,0,2024-06-23,2024-06-23
in_000000068617,9900,1,0,0,0,0,0,0,0,0,2024-06-03,2024-06-03
in_000000137261,9900,1,0,0,0,0,0,0,0,0,2024-06-06,2024-06-06
in_000000064242,29900,1,0,0,0,0,0,0,0,0,2024-06-07,2024-06-07
in_000000096656,9900,1,0,0,0,0,0,0,0,0,2024-06-13,2024-06-13
in_000000032873,29900,1,0,0,0,0,0,0,0,0,2024-06-08,2024-06-08
in_000000069376,9900,1,0,0,0,0,0,0,0,0,2024-06-06,2024-06-06
in_000000314666,9900,1,0,0,0,0,0,0,0,0,2024-06-21,2024-06-21
in_000000175220,29900,1,0,0,0,0,0,0,0,0,2024-06-17,2024-06-17
in_000000296373,29900,1,0,0,0,0,0,0,0,0,2024-06-14,2024-06-14
in_000000193815,29900,1,0,0,0,0,0,0,0,0,2024-06-15,2024-06-15
in_000000129208,199900,1,0,0,0,0,0,0,0,0,2024-06-12,2024-06-12
in_000000310117,9900,1,0,0,0,0,0,0,0,0,2024-06-23,2024-06-23
in_000000196137,9900,1,0,0,0,0,0,0,0,0,2024-06-04,2024-06-04
in_000000295574,79900,1,0,0,0,0,0,0,0,0,2024-06-18,2024-06-18
in_000000182987,9900,1,0,0,0,0,0,0,0,0,2024-06-16,2024-06-16
in_000000103321,29900,1,0,0,0,0,0,0,0,0,2024-06-13,2024-06-13
in_000000300541,29900,1,0,0,0,0,0,0,0,0,2024-06-22,2024-06-22
in_000000123241,9900,1,0,0,0,0,0,0,0,0,2024-06-06,2024-06-06
in_000000259793,29900,1,0,0,0,0,0,0,0,0,2024-06-05,2024-06-05
in_000000132142,9900,1,0,0,0,0,0,0,0,0,2024-06-23,2024-06-23
in_000000029700,29900,1,0,0,0,0,0,0,0,0,2024-06-07,2024-06-07
in_000000187567,799000,1,0,0,0,0,0,0,0,0,2024-06-12,2024-06-12
in_000000208428,29900,1,0,0,0,0,0,0,0,0,2024-06-25,2024-06-25
in_000000287939,29900,1,0,0,0,0,0,0,0,0,2024-06-09,2024-06-09
in_000000121847,29900,1,0,0,0,0,0,0,0,0,2024-06-08,2024-06-08
in_000000002857,79900,1,0,0,0,0,0,0,0,0,2024-06-10,2024-06-10
in_000000168901,29900,1,0,0,0,0,0,0,0,0,2024-06-09,2024-06-09
in_000000076409,9900,1,0,0,0,0,0,0,0,0,2024-06-24,2024-06-24
in_000000217304,9900,1,0,0,0,0,0,0,0,0,2024-06-16,2024-06-16
in_000000045473,9900,1,0,0,0,0,0,0,0,0,2024-06-07,2024-06-07
in_000000199110,9900,1,0,0,0,0,0,0,0,0,2024-06-20,2024-06-20
in_000000196380,79900,1,0,0,0,0,0,0,0,0,2024-06-06,2024-06-06
in_000000090195,79900,1,0,0,0,0,0,0,0,0,2024-06-22,2024-06-22
in_000000084097,9900,1,0,0,0,0,0,0,0,0,2024-06-20,2024-06-20
in_000000200412,29900,1,0,0,0,0,0,0,0,0,2024-06-07,2024-06-07
in_000000001466,9900,1,0,0,0,0,0,0,0,0,2024-06-14,2024-06-14
in_000000314862,79900,1,0,0,0,0,0,0,0,0,2024-06-09,2024-06-09
in_000000198052,799000,1,0,0,0,0,0,0,0,0,2024-06-22,2024-06-22
in_000000094590,79900,1,0,0,0,0,0,0,0,0,2024-06-20,2024-06-20
in_000000115762,29900,1,0,0,0,0,0,0,0,0,2024-06-22,2024-06-22
in_000000116271,29900,1,0,0,0,0,0,0,0,0,2024-06-22,2024-06-22
in_000000141492,29900,1,0,0,0,0,0,0,0,0,2024-06-13,2024-06-13
in_000000258465,9900,1,0,0,0,0,0,0,0,0,2024-06-13,2024-06-13
in_000000205887,9900,1,0,0,0,0,0,0,0,0,2024-06-19,2024-06-19
in_000000305566,9900,1,0,0,0,0,0,0,0,0,2024-06-04,2024-06-04
in_000000187385,9900,1,0,0,0,0,0,0,0,0,2024-06-12,2024-06-12
in_000000165047,79900,1,0,0,0,0,0,0,0,0,2024-06-18,2024-06-18
in_000000009692,29900,1,0,0,0,0,0,0,0,0,2024-06-20,2024-06-20
in_000000101279,199900,1,0,0,0,0,0,0,0,0,2024-06-26,2024-06-26
in_000000258307,29900,1,0,0,0,0,0,0,0,0,2024-06-18,2024-06-18
in_000000292513,9900,1,0,0,0,0,0,0,0,0,2024-06-20,2024-06-20
in_000000009062,9900,1,0,0,0,0,0,0,0,0,2024-06-12,2024-06-12
in_000000310195,9900,1,0,0,0,0,0,0,0,0,2024-06-21,2024-06-21
in_000000144723,9900,1,0,0,0,0,0,0,0,0,2024-06-16,2024-06-16
in_000000236634,29900,1,0,0,0,0,0,0,0,0,2024-06-23,2024-06-23
in_000000226778,79900,1,0,0,0,0,0,0,0,0,2024-06-20,2024-06-20
in_000000187142,29900,1,0,0,0,0,0,0,0,0,2024-06-22,2024-06-22
in_000000020789,9900,1,0,0,0,0,0,0,0,0,2024-06-05,2024-06-05
in_000000059330,9900,1,0,0,0,0,0,0,0,0,2024-06-09,2024-06-09
in_000000143514,79900,1,0,0,0,0,0,0,0,0,2024-06-18,2024-06-18
in_000000312689,29900,1,0,0,0,0,0,0,0,0,2024-06-11,2024-06-11
in_000000296676,29900,1,0,0,0,0,0,0,0,0,2024-06-14,2024-06-14
in_000000273960,29900,1,0,0,0,0,0,0,0,0,2024-07-03,2024-07-03
in_000000282779,7425,1,0,0,1,0,0,0,0,0,2024-06-13,2024-06-13
in_000000127212,79900,1,0,0,0,0,0,0,0,0,2024-06-21,2024-06-21
in_000000108633,9900,1,0,0,0,0,0,0,0,0,2024-06-12,2024-06-12
in_000000317127,9900,1,0,0,0,0,0,0,0,0,2024-06-03,2024-06-03
in_000000052053,79900,1,0,0,0,0,0,0,0,0,2024-06-19,2024-06-19
in_000000013118,79900,1,0,0,0,0,0,0,0,0,2024-06-03,2024-06-03
in_000000182903,9900,1,0,0,0,0,0,0,0,0,2024-06-07,2024-06-07
in_000000156352,79900,1,0,0,0,0,0,0,0,0,2024-06-10,2024-06-10
in_000000145987,9900,1,0,0,0,0,0,0,0,0,2024-06-09,2024-06-09
in_000000209782,9900,1,0,0,0,0,0,0,0,0,2024-06-05,2024-06-05
in_000000197822,9900,1,0,0,0,0,0,0,0,0,2024-06-13,2024-06-13
in_000000026052,9900,1,0,0,0,0,0,0,0,0,2024-06-25,2024-06-25
in_000000213698,9900,1,0,0,0,0,0,0,0,0,2024-06-14,2024-06-14
in_000000051456,199900,1,0,0,0,0,0,0,0,0,2024-06-10,2024-06-10
in_000000091785,9400,1,0,0,1,0,0,0,0,0,2024-06-06,2024-06-06
in_000000155384,9900,1,0,0,0,0,0,0,0,0,2024-06-07,2024-06-07
in_000000088716,9900,1,0,0,0,0,0,0,0,0,2024-06-11,2024-06-11
in_000000219257,9900,1,0,0,0,0,0,0,0,0,2024-06-24,2024-06-24
in_000000005425,9900,1,0,0,0,0,0,0,0,0,2024-06-03,2024-06-03
in_000000073416,29900,1,0,0,0,0,0,0,0,0,2024-06-06,2024-06-06
in_000000237875,29900,1,0,0,0,0,0,0,0,0,2024-06-08,2024-06-08
in_000000285433,9900,1,0,0,0,0,0,0,0,0,2024-06-14,2024-06-14
in_000000156882,9900,1,0,0,0,0,0,0,0,0,2024-06-17,2024-06-17
in_000000121438,199900,1,0,0,0,0,0,0,0,0,2024-06-20,2024-06-20
in_000000100060,9900,1,0,0,0,0,0,0,0,0,2024-06-23,2024-06-23
in_000000055551,9900,1,0,0,0,0,0,0,0,0,2024-06-07,2024-06-07
in_000000103118,9900,1,0,0,0,0,0,0,0,0,2024-06-08,2024-06-08
in_000000275388,99000,1,0,0,0,0,0,0,0,0,2024-06-17,2024-06-17
in_000000105584,9900,1,0,0,0,0,0,0,0,0,2024-06-21,2024-06-21
in_000000241081,199900,1,0,0,0,0,0,0,0,0,2024-06-05,2024-06-05
in_000000194529,9900,1,0,0,0,0,0,0,0,0,2024-06-21,2024-06-21
in_000000190908,9900,1,0,0,0,0,0,0,0,0,2024-06-12,2024-06-12
in_000000016125,79900,1,0,0,0,0,0,0,0,0,2024-06-08,2024-06-08
in_000000038811,29900,1,0,0,0,0,0,0,0,0,2024-06-04,2024-06-04
in_000000277546,9900,1,0,0,0,0,0,0,0,0,2024-06-21,2024-06-21
in_000000262984,9900,1,0,0,0,0,0,0,0,0,2024-06-08,2024-06-08
in_000000031899,79900,1,0,0,0,0,0,0,0,0,2024-06-10,2024-06-10
in_000000284643,9900,1,0,0,0,0,0,0,0,0,2024-06-11,2024-06-11
in_000000233380,9900,1,0,0,0,0,0,0,0,0,2024-06-10,2024-06-10
in_000000022901,9900,1,0,0,0,0,0,0,0,0,2024-06-08,2024-06-08
in_000000314254,9900,1,0,0,0,0,0,0,0,0,2024-06-22,2024-06-22
in_000000029320,29900,1,0,0,0,0,0,0,0,0,2024-06-26,2024-06-26
in_000000160756,29900,1,0,0,0,0,0,0,0,0,2024-06-14,2024-06-14
in_000000123699,9900,1,0,0,0,0,0,0,0,0,2024-06-11,2024-06-11
in_000000049880,299000,1,0,0,0,0,0,0,0,0,2024-06-05,2024-06-05
in_000000073102,29900,1,0,0,0,0,0,0,0,0,2024-06-18,2024-06-18
in_000000264702,9900,1,0,0,0,0,0,0,0,0,2024-06-14,2024-06-14
in_000000233727,29900,1,0,0,0,0,0,0,0,0,2024-06-12,2024-06-12
in_000000320904,9900,1,0,0,0,0,0,0,0,0,2024-06-22,2024-06-22
in_000000117128,9900,1,0,0,0,0,0,0,0,0,2024-06-12,2024-06-12
in_000000141026,9900,1,0,0,0,0,0,0,0,0,2024-06-07,2024-06-07
in_000000216531,9900,1,0,0,0,0,0,0,0,0,2024-06-15,2024-06-15
in_000000178616,79900,1,0,0,0,0,0,0,0,0,2024-06-24,2024-06-24
in_000000262728,29900,1,0,0,0,0,0,0,0,0,2024-06-10,2024-06-10
in_000000076912,29900,1,0,0,0,0,0,0,0,0,2024-06-23,2024-06-23
in_000000267273,199900,1,0,0,0,0,0,0,0,0,2024-06-20,2024-06-20
in_000000201907,99000,1,0,0,0,0,0,0,0,0,2024-06-24,2024-06-24
in_000000008978,9900,1,0,0,0,0,0,0,0,0,2024-06-24,2024-06-24
in_000000215541,9900,1,0,0,0,0,0,0,0,0,2024-06-17,2024-06-17
in_000000253909,29900,1,0,0,0,0,0,0,0,0,2024-06-17,2024-06-17
in_000000098071,9900,1,0,0,0,0,0,0,0,0,2024-06-24,2024-06-24
in_000000225612,9900,1,0,0,0,0,0,0,0,0,2024-06-09,2024-06-09
in_000000177718,9900,1,0,0,0,0,0,0,0,0,2024-06-15,2024-06-15
in_000000280993,199900,1,0,0,0,0,0,0,0,0,2024-06-07,2024-06-07
in_000000123884,9900,1,0,0,0,0,0,0,0,0,2024-06-07,2024-06-07
in_000000117886,79900,1,0,0,0,0,0,0,0,0,2024-06-22,2024-06-22
in_000000074363,99000,1,0,0,0,0,0,0,0,0,2024-06-17,2024-06-17
in_000000124189,9900,1,0,0,0,0,0,0,0,0,2024-06-21,2024-06-21
in_000000217004,9900,1,0,0,0,0,0,0,0,0,2024-06-16,2024-06-16
in_000000287972,9900,1,0,0,0,0,0,0,0,0,2024-06-23,2024-06-23
in_000000249810,9900,1,0,0,0,0,0,0,0,0,2024-06-21,2024-06-21
in_000000235778,9900,1,0,0,0,0,0,0,0,0,2024-06-13,2024-06-13
in_000000225937,29900,1,0,0,0,0,0,0,0,0,2024-06-19,2024-06-19
in_000000071273,9900,1,0,0,0,0,0,0,0,0,2024-06-12,2024-06-12
in_000000220532,9900,1,0,0,0,0,0,0,0,0,2024-06-05,2024-06-05
in_000000102889,9900,1,0,0,0,0,0,0,0,0,2024-06-15,2024-06-15
in_000000045145,299000,1,0,0,0,0,0,0,0,0,2024-06-10,2024-06-10
in_000000037639,9900,1,0,0,0,0,0,0,0,0,2024-06-10,2024-06-10
in_000000242364,9900,1,0,0,0,0,0,0,0,0,2024-06-10,2024-06-10
in_000000245525,9900,1,0,0,0,0,0,0,0,0,2024-06-23,2024-06-23
in_000000041534,29900,1,0,0,0,0,0,0,0,0,2024-06-20,2024-06-20
in_000000166054,9900,1,0,0,0,0,0,0,0,0,2024-06-16,2024-06-16
in_000000161060,29900,1,0,0,0,0,0,0,0,0,2024-06-21,2024-06-21
in_000000235244,9900,1,0,0,0,0,0,0,0,0,2024-06-22,2024-06-22
in_000000085628,9900,1,0,0,0,0,0,0,0,0,2024-06-15,2024-06-15
in_000000289696,99000,1,0,0,0,0,0,0,0,0,2024-06-18,2024-06-18
in_000000242475,99000,1,0,0,0,0,0,0,0,0,2024-06-06,2024-06-06
in_000000287530,29900,1,0,0,0,0,0,0,0,0,2024-06-23,2024-06-23
in_000000315213,79900,1,0,0,0,0,0,0,0,0,2024-06-17,2024-06-17
in_000000143586,9900,1,0,0,0,0,0,0,0,0,2024-06-06,2024-06-06
in_000000241205,9900,1,0,0,0,0,0,0,0,0,2024-06-07,2024-06-07
in_000000009772,299000,1,0,0,0,0,0,0,0,0,2024-06-24,2024-06-24
in_000000111176,29900,1,0,0,0,0,0,0,0,0,2024-06-10,2024-06-10
in_000000112175,99000,1,0,0,0,0,0,0,0,0,2024-06-24,2024-06-24
in_000000008944,79900,1,0,0,0,0,0,0,0,0,2024-06-20,2024-06-20
in_000000285610,9900,1,0,0,0,0,0,0,0,0,2024-06-20,2024-06-20
in_000000110687,9900,1,0,0,0,0,0,0,0,0,2024-06-21,2024-06-21
in_000000295432,29900,1,0,0,0,0,0,0,0,0,2024-06-24,2024-06-24
in_000000044419,9900,1,0,0,0,0,0,0,0,0,2024-06-25,2024-06-25
in_000000015183,79900,1,0,0,0,0,0,0,0,0,2024-06-08,2024-06-08
in_000000241315,29900,1,0,0,0,0,0,0,0,0,2024-06-06,2024-06-06
in_000000056922,9900,1,0,0,0,0,0,0,0,0,2024-06-19,2024-06-19
in_000000129154,9900,1,0,0,0,0,0,0,0,0,2024-06-22,2024-06-22
in_000000128376,29900,1,0,0,0,0,0,0,0,0,2024-06-11,2024-06-11
in_000000088528,99000,1,0,0,0,0,0,0,0,0,2024-06-22,2024-06-22
in_000000300418,29900,1,0,0,0,0,0,0,0,0,2024-06-18,2024-06-18
in_000000205429,9900,1,0,0,0,0,0,0,0,0,2024-06-06,2024-06-06
in_000000099771,9900,1,0,0,0,0,0,0,0,0,2024-06-20,2024-06-20
in_000000073337,9900,1,0,0,0,0,0,0,0,0,2024-06-05,2024-06-05
in_000000004280,9900,1,0,0,0,0,0,0,0,0,2024-06-12,2024-06-12
in_000000249100,79900,1,0,0,0,0,0,0,0,0,2024-06-22,2024-06-22
in_000000311027,9400,1,0,0,1,0,0,0,0,0,2024-06-08,2024-06-08
in_000000263895,79900,1,0,0,0,0,0,0,0,0,2024-06-20,2024-06-20
in_000000215893,9900,1,0,0,0,0,0,0,0,0,2024-06-23,2024-06-23
in_000000176019,4950,1,0,0,1,0,0,0,0,0,2024-06-24,2024-06-24
in_000000000341,9900,1,0,0,0,0,0,0,0,0,2024-06-17,2024-06-17
in_000000094189,9900,1,0,0,0,0,0,0,0,0,2024-06-08,2024-06-08
in_000000287541,199900,1,0,0,0,0,0,0,0,0,2024-06-07,2024-06-07
in_000000312632,299000,1,0,0,0,0,0,0,0,0,2024-06-10,2024-06-10
in_000000288238,79900,1,0,0,0,0,0,0,0,0,2024-06-08,2024-06-08
in_000000010983,79900,1,0,0,0,0,0,0,0,0,2024-06-13,2024-06-13
in_000000101246,9900,1,0,0,0,0,0,0,0,0,2024-06-11,2024-06-11
in_000000204720,79900,1,0,0,0,0,0,0,0,0,2024-06-05,2024-06-05
in_000000153832,199900,1,0,0,0,0,0,0,0,0,2024-06-25,2024-06-25
in_000000214289,199900,1,0,0,0,0,0,0,0,0,2024-06-15,2024-06-15
in_000000303522,29900,1,0,0,0,0,0,0,0,0,2024-06-22,2024-06-22
in_000000023073,9900,1,0,0,0,0,0,0,0,0,2024-06-11,2024-06-11
in_000000230121,9900,1,0,0,0,0,0,0,0,0,2024-06-06,2024-06-06
in_000000280903,9900,1,0,0,0,0,0,0,0,0,2024-06-11,2024-06-11
in_000000021342,29900,1,0,0,0,0,0,0,0,0,2024-06-17,2024-06-17
in_000000076876,9900,1,0,0,0,0,0,0,0,0,2024-06-08,2024-06-08
in_000000054120,79900,1,0,0,0,0,0,0,0,0,2024-06-17,2024-06-17
in_000000097265,79900,1,0,0,0,0,0,0,0,0,2024-06-21,2024-06-21
in_000000159815,199900,1,0,0,0,0,0,0,0,0,2024-06-25,2024-06-25
in_000000030054,29900,1,0,0,0,0,0,0,0,0,2024-06-09,2024-06-09
in_000000310444,9900,1,0,0,0,0,0,0,0,0,2024-06-20,2024-06-20
in_000000081399,29900,1,0,0,0,0,0,0,0,0,2024-06-03,2024-06-03
in_000000105520,199900,1,0,0,0,0,0,0,0,0,2024-06-16,2024-06-16
in_000000066898,9900,1,0,0,0,0,0,0,0,0,2024-06-20,2024-06-20
in_000000300840,9900,1,0,0,0,0,0,0,0,0,2024-06-23,2024-06-23
in_000000293069,99000,1,0,0,0,0,0,0,0,0,2024-06-06,2024-06-06
in_000000316543,29900,1,0,0,0,0,0,0,0,0,2024-06-11,2024-06-11
in_000000079737,29900,1,0,0,0,0,0,0,0,0,2024-06-18,2024-06-18
in_000000025485,9900,1,0,0,0,0,0,0,0,0,2024-06-22,2024-06-22
in_000000114759,29900,1,0,0,0,0,0,0,0,0,2024-06-20,2024-06-20
in_000000305601,9900,1,0,0,0,0,0,0,0,0,2024-06-09,2024-06-09
in_000000242755,9900,1,0,0,0,0,0,0,0,0,2024-06-12,2024-06-12
in_000000037440,29900,1,0,0,0,0,0,0,0,0,2024-06-19,2024-06-19
in_000000183168,79900,1,0,0,0,0,0,0,0,0,2024-06-19,2024-06-19
in_000000031388,9900,1,0,0,0,0,0,0,0,0,2024-06-09,2024-06-09
in_000000023332,9900,1,0,0,0,0,0,0,0,0,2024-06-19,2024-06-19
in_000000026576,29900,1,0,0,0,0,0,0,0,0,2024-06-12,2024-06-12
in_000000011038,199900,1,0,0,0,0,0,0,0,0,2024-06-16,2024-06-16
in_000000218853,9900,1,0,0,0,0,0,0,0,0,2024-06-19,2024-06-19
in_000000200281,9900,1,0,0,0,0,0,0,0,0,2024-06-23,2024-06-23
in_000000230812,9900,1,0,0,0,0,0,0,0,0,2024-06-16,2024-06-16
in_000000206337,9900,1,0,0,0,0,0,0,0,0,2024-06-08,2024-06-08
in_000000309091,9900,1,0,0,0,0,0,0,0,0,2024-06-05,2024-06-05
in_000000058266,9900,1,0,0,0,0,0,0,0,0,2024-06-23,2024-06-23
in_000000235530,29900,1,0,0,0,0,0,0,0,0,2024-06-22,2024-06-22
in_000000023393,79900,1,0,0,0,0,0,0,0,0,2024-06-24,2024-06-24
in_000000214820,9900,1,0,0,0,0,0,0,0,0,2024-06-22,2024-06-22
in_000000047694,199900,1,0,0,0,0,0,0,0,0,2024-06-15,2024-06-15
in_000000034570,9900,1,0,0,0,0,0,0,0,0,2024-06-12,2024-06-12
in_000000137838,29900,1,0,0,0,0,0,0,0,0,2024-06-24,2024-06-24
in_000000296282,29900,1,0,0,0,0,0,0,0,0,2024-06-18,2024-06-18
in_000000317946,29900,1,0,0,0,0,0,0,0,0,2024-06-13,2024-06-13
in_000000048918,799000,1,0,0,0,0,0,0,0,0,2024-06-23,2024-06-23
in_000000209240,29900,1,0,0,0,0,0,0,0,0,2024-06-14,2024-06-14
in_000000102974,29900,1,0,0,0,0,0,0,0,0,2024-06-20,2024-06-20
in_000000217067,29900,1,0,0,0,0,0,0,0,0,2024-06-07,2024-06-07
in_000000171912,9900,1,0,0,0,0,0,0,0,0,2024-06-15,2024-06-15
in_000000079177,79900,1,0,0,0,0,0,0,0,0,2024-06-25,2024-06-25
in_000000169795,9900,1,0,0,0,0,0,0,0,0,2024-06-26,2024-06-26
in_000000081837,9900,1,0,0,0,0,0,0,0,0,2024-06-09,2024-06-09
in_000000013431,79900,1,0,0,0,0,0,0,0,0,2024-06-15,2024-06-15
in_000000133426,9900,1,0,0,0,0,0,0,0,0,2024-07-02,2024-07-02
in_000000238588,9900,1,0,0,0,0,0,0,0,0,2024-06-17,2024-06-17
in_000000081528,9900,1,0,0,0,0,0,0,0,0,2024-06-24,2024-06-24
in_000000133379,9900,1,0,0,0,0,0,0,0,0,2024-06-12,2024-06-12
in_000000118566,9900,1,0,0,0,0,0,0,0,0,2024-06-25,2024-06-25
in_000000234870,9900,1,0,0,0,0,0,0,0,0,2024-06-08,2024-06-08
in_000000206931,79900,1,0,0,0,0,0,0,0,0,2024-06-19,2024-06-19
in_000000259861,9900,1,0,0,0,0,0,0,0,0,2024-06-23,2024-06-23
in_000000261909,79900,1,0,0,0,0,0,0,0,0,2024-06-07,2024-06-07
in_000000280587,9900,1,0,0,0,0,0,0,0,0,2024-06-14,2024-06-14
in_000000228257,29900,1,0,0,0,0,0,0,0,0,2024-06-15,2024-06-15
in_000000019831,9900,1,0,0,0,0,0,0,0,0,2024-06-06,2024-06-06
in_000000212875,9900,1,0,0,0,0,0,0,0,0,2024-06-19,2024-06-19
in_000000047565,29900,1,0,0,0,0,0,0,0,0,2024-06-19,2024-06-19
in_000000246704,199900,1,0,0,0,0,0,0,0,0,2024-06-24,2024-06-24
in_000000319591,99000,1,0,0,0,0,0,0,0,0,2024-06-20,2024-06-20
in_000000257861,9900,1,0,0,0,0,0,0,0,0,2024-06-23,2024-06-23
in_000000003423,9900,1,0,0,0,0,0,0,0,0,2024-06-09,2024-06-09
in_000000073502,9900,1,0,0,0,0,0,0,0,0,2024-07-05,2024-07-05
in_000000142814,9900,1,0,0,0,0,0,0,0,0,2024-06-08,2024-06-08
in_000000197963,29900,1,0,0,0,0,0,0,0,0,2024-06-17,2024-06-17
in_000000116435,79900,1,0,0,0,0,0,0,0,0,2024-06-06,2024-06-06
in_000000052803,99000,1,0,0,0,0,0,0,0,0,2024-06-11,2024-06-11
in_000000066140,9900,1,0,0,0,0,0,0,0,0,2024-06-06,2024-06-06
in_000000274052,9900,1,0,0,0,0,0,0,0,0,2024-06-18,2024-06-18
in_000000106095,29900,1,0,0,0,0,0,0,0,0,2024-06-18,2024-06-18
in_000000112862,29900,1,0,0,0,0,0,0,0,0,2024-06-15,2024-06-15
in_000000047806,9900,1,0,0,0,0,0,0,0,0,2024-06-19,2024-06-19
in_000000319983,9900,1,0,0,0,0,0,0,0,0,2024-06-13,2024-06-13
in_000000206493,9900,1,0,0,0,0,0,0,0,0,2024-06-04,2024-06-04
in_000000131018,29900,1,0,0,0,0,0,0,0,0,2024-06-08,2024-06-08
in_000000247727,29900,1,0,0,0,0,0,0,0,0,2024-07-05,2024-07-05
in_000000048712,75905,1,0,0,1,0,0,0,0,0,2024-06-11,2024-06-11
in_000000239129,29900,1,0,0,0,0,0,0,0,0,2024-06-07,2024-06-07
in_000000295813,9900,1,0,0,0,0,0,0,0,0,2024-06-08,2024-06-08
in_000000181960,1999000,1,0,0,0,0,0,0,0,0,2024-06-12,2024-06-12
in_000000318553,79900,1,0,0,0,0,0,0,0,0,2024-06-06,2024-06-06
in_000000203531,39950,1,0,0,1,0,0,0,0,0,2024-06-09,2024-06-09
in_000000142097,9900,1,0,0,0,0,0,0,0,0,2024-06-22,2024-06-22
in_000000056183,79900,1,0,0,0,0,0,0,0,0,2024-06-13,2024-06-13
in_000000153186,29900,1,0,0,0,0,0,0,0,0,2024-06-17,2024-06-17
in_000000013080,9900,1,0,0,0,0,0,0,0,0,2024-06-10,2024-06-10
in_000000225220,29900,1,0,0,0,0,0,0,0,0,2024-06-04,2024-06-04
in_000000184254,29900,1,0,0,0,0,0,0,0,0,2024-06-21,2024-06-21
in_000000044214,9900,1,0,0,0,0,0,0,0,0,2024-06-10,2024-06-10
in_000000298792,9900,1,0,0,0,0,0,0,0,0,2024-06-16,2024-06-16
in_000000199854,9900,1,0,0,0,0,0,0,0,0,2024-06-11,2024-06-11
in_000000310668,29900,1,0,0,0,0,0,0,0,0,2024-06-08,2024-06-08
in_000000280821,199900,1,0,0,0,0,0,0,0,0,2024-06-05,2024-06-05
in_000000100288,29900,1,0,0,0,0,0,0,0,0,2024-06-23,2024-06-23
in_000000152783,29900,1,0,0,0,0,0,0,0,0,2024-06-18,2024-06-18
in_000000166160,9900,1,0,0,0,0,0,0,0,0,2024-06-15,2024-06-15
in_000000006473,9900,1,0,0,0,0,0,0,0,0,2024-06-12,2024-06-12
in_000000202515,9900,1,0,0,0,0,0,0,0,0,2024-06-06,2024-06-06
in_000000309788,9900,1,0,0,0,0,0,0,0,0,2024-06-20,2024-06-20
in_000000318910,79900,1,0,0,0,0,0,0,0,0,2024-06-17,2024-06-17
in_000000118249,29900,1,0,0,0,0,0,0,0,0,2024-06-11,2024-06-11
in_000000154732,79900,1,0,0,0,0,0,0,0,0,2024-06-16,2024-06-16
in_000000314589,79900,1,0,0,0,0,0,0,0,0,2024-06-13,2024-06-13
in_000000074076,29900,1,0,0,0,0,0,0,0,0,2024-06-13,2024-06-13
in_000000271781,9900,1,0,0,0,0,0,0,0,0,2024-06-08,2024-06-08
in_000000216899,29900,1,0,0,0,0,0,0,0,0,2024-06-25,2024-06-25
in_000000276494,9900,1,0,0,0,0,0,0,0,0,2024-06-19,2024-06-19
in_000000020167,9900,1,0,0,0,0,0,0,0,0,2024-06-11,2024-06-11
in_000000050274,9900,1,0,0,0,0,0,0,0,0,2024-06-13,2024-06-13
in_000000167147,9900,1,0,0,0,0,0,0,0,0,2024-06-09,2024-06-09
in_000000211750,9900,1,0,0,0,0,0,0,0,0,2024-06-19,2024-06-19
in_000000210841,29900,1,0,0,0,0,0,0,0,0,2024-06-14,2024-06-14
in_000000153531,79900,1,0,0,0,0,0,0,0,0,2024-06-25,2024-06-25
in_000000085679,29900,1,0,0,0,0,0,0,0,0,2024-06-22,2024-06-22
in_000000155896,79900,1,0,0,0,0,0,0,0,0,2024-06-17,2024-06-17
in_000000104535,199900,1,0,0,0,0,0,0,0,0,2024-06-14,2024-06-14
in_000000267914,199900,1,0,0,0,0,0,0,0,0,2024-06-24,2024-06-24
in_000000091255,9900,1,0,0,0,0,0,0,0,0,2024-06-18,2024-06-18
in_000000237079,29900,1,0,0,0,0,0,0,0,0,2024-06-21,2024-06-21
in_000000099840,29900,1,0,0,0,0,0,0,0,0,2024-06-18,2024-06-18
in_000000117726,99000,1,0,0,0,0,0,0,0,0,2024-06-08,2024-06-08
in_000000191429,7425,1,0,0,1,0,0,0,0,0,2024-06-24,2024-06-24
in_000000317004,29900,1,0,0,0,0,0,0,0,0,2024-06-07,2024-06-07
in_000000235487,9900,1,0,0,0,0,0,0,0,0,2024-06-08,2024-06-08
in_000000260195,9900,1,0,0,0,0,0,0,0,0,2024-06-15,2024-06-15
in_000000281468,9900,1,0,0,0,0,0,0,0,0,2024-06-21,2024-06-21
in_000000122285,9900,1,0,0,0,0,0,0,0,0,2024-06-16,2024-06-16
in_000000236649,9900,1,0,0,0,0,0,0,0,0,2024-06-08,2024-06-08
in_000000289502,9900,1,0,0,0,0,0,0,0,0,2024-06-22,2024-06-22
in_000000127075,29900,1,0,0,0,0,0,0,0,0,2024-06-13,2024-06-13
in_000000293628,9900,1,0,0,0,0,0,0,0,0,2024-06-11,2024-06-11
in_000000205672,29900,1,0,0,0,0,0,0,0,0,2024-06-16,2024-06-16
in_000000279565,199900,1,0,0,0,0,0,0,0,0,2024-06-17,2024-06-17
in_000000231437,29900,1,0,0,0,0,0,0,0,0,2024-06-11,2024-06-11
in_000000161244,29900,1,0,0,0,0,0,0,0,0,2024-06-20,2024-06-20
in_000000289027,9900,1,0,0,0,0,0,0,0,0,2024-06-17,2024-06-17
in_000000041625,29900,1,0,0,0,0,0,0,0,0,2024-06-05,2024-06-05
in_000000283996,79900,1,0,0,0,0,0,0,0,0,2024-06-23,2024-06-23
in_000000012130,29900,1,0,0,0,0,0,0,0,0,2024-06-24,2024-06-24
in_000000288545,9900,1,0,0,0,0,0,0,0,0,2024-06-17,2024-06-17
in_000000002302,79900,1,0,0,0,0,0,0,0,0,2024-06-23,2024-06-23
in_000000303554,29900,1,0,0,0,0,0,0,0,0,2024-06-09,2024-06-09
in_000000044439,9900,1,0,0,0,0,0,0,0,0,2024-06-16,2024-06-16
in_000000042161,29900,1,0,0,0,0,0,0,0,0,2024-06-22,2024-06-22
in_000000295163,199900,1,0,0,0,0,0,0,0,0,2024-06-14,2024-06-14
in_000000047837,9900,1,0,0,0,0,0,0,0,0,2024-06-18,2024-06-18
in_000000211502,9900,1,0,0,0,0,0,0,0,0,2024-06-20,2024-06-20
in_000000135387,199900,1,0,0,0,0,0,0,0,0,2024-06-07,2024-06-07
in_000000279995,29900,1,0,0,0,0,0,0,0,0,2024-06-26,2024-06-26
in_000000046564,9900,1,0,0,0,0,0,0,0,0,2024-06-21,2024-06-21
in_000000032975,9900,1,0,0,0,0,0,0,0,0,2024-06-06,2024-06-06
in_000000103449,9900,1,0,0,0,0,0,0,0,0,2024-06-20,2024-06-20
in_000000056074,99000,1,0,0,0,0,0,0,0,0,2024-06-11,2024-06-11
in_000000070092,79900,1,0,0,0,0,0,0,0,0,2024-06-12,2024-06-12
in_000000285668,9900,1,0,0,0,0,0,0,0,0,2024-06-21,2024-06-21
in_000000135885,799000,1,0,0,0,0,0,0,0,0,2024-06-10,2024-06-10
in_000000200191,99000,1,0,0,0,0,0,0,0,0,2024-06-17,2024-06-17
in_000000126620,29900,1,0,0,0,0,0,0,0,0,2024-06-20,2024-06-20
in_000000277218,199900,1,0,0,0,0,0,0,0,0,2024-06-12,2024-06-12
in_000000049574,29900,1,0,0,0,0,0,0,0,0,2024-06-17,2024-06-17
in_000000044284,9900,1,0,0,0,0,0,0,0,0,2024-06-20,2024-06-20
in_000000226453,29900,1,0,0,0,0,0,0,0,0,2024-06-14,2024-06-14
in_000000168866,29900,1,0,0,0,0,0,0,0,0,2024-06-26,2024-06-26
in_000000285544,9900,1,0,0,0,0,0,0,0,0,2024-06-21,2024-06-21
in_000000278623,9900,1,0,0,0,0,0,0,0,0,2024-06-24,2024-06-24
in_000000121485,9900,1,0,0,0,0,0,0,0,0,2024-06-19,2024-06-19
in_000000091507,9900,1,0,0,0,0,0,0,0,0,2024-06-17,2024-06-17
in_000000166686,9900,1,0,0,0,0,0,0,0,0,2024-06-21,2024-06-21
in_000000253694,199900,1,0,0,0,0,0,0,0,0,2024-06-04,2024-06-04
in_000000023712,8900,1,0,0,1,0,0,0,0,0,2024-06-06,2024-06-06
in_000000036343,29900,1,0,0,0,0,0,0,0,0,2024-06-11,2024-06-11
in_000000144504,9900,1,0,0,0,0,0,0,0,0,2024-06-23,2024-06-23
in_000000192213,79900,1,0,0,0,0,0,0,0,0,2024-06-10,2024-06-10
in_000000149147,9900,1,0,0,0,0,0,0,0,0,2024-06-19,2024-06-19
in_000000298558,29900,1,0,0,0,0,0,0,0,0,2024-06-15,2024-06-15
in_000000034452,9900,1,0,0,0,0,0,0,0,0,2024-06-17,2024-06-17
in_000000244606,9900,1,0,0,0,0,0,0,0,0,2024-06-24,2024-06-24
in_000000290376,9900,1,0,0,0,0,0,0,0,0,2024-06-23,2024-06-23
in_000000252269,9900,1,0,0,0,0,0,0,0,0,2024-06-16,2024-06-16
in_000000258927,9900,1,0,0,0,0,0,0,0,0,2024-06-10,2024-06-10
in_000000109961,199900,1,0,0,0,0,0,0,0,0,2024-06-20,2024-06-20
in_000000078129,29900,1,0,0,0,0,0,0,0,0,2024-06-24,2024-06-24
in_000000162812,9900,1,0,0,0,0,0,0,0,0,2024-06-10,2024-06-10
in_000000283806,9900,1,0,0,0,0,0,0,0,0,2024-06-17,2024-06-17
in_000000260435,9900,1,0,0,0,0,0,0,0,0,2024-06-15,2024-06-15
in_000000120293,79900,1,0,0,0,0,0,0,0,0,2024-06-14,2024-06-14
in_000000262161,29900,1,0,0,0,0,0,0,0,0,2024-06-20,2024-06-20
in_000000223164,5940,1,0,0,0,1,1,0,0,0,2024-06-22,2024-06-22
in_000000032641,9900,1,0,0,0,0,0,0,0,0,2024-06-13,2024-06-13
in_000000155208,59400,1,0,0,0,1,1,0,0,0,2024-06-23,2024-06-23
in_000000145796,79900,1,0,0,0,0,0,0,0,0,2024-06-19,2024-06-19
in_000000117233,29900,1,0,0,0,0,0,0,0,0,2024-06-15,2024-06-15
in_000000162888,29900,1,0,0,0,0,0,0,0,0,2024-06-20,2024-06-20
in_000000122135,79900,1,0,0,0,0,0,0,0,0,2024-06-09,2024-06-09
in_000000242878,79900,1,0,0,0,0,0,0,0,0,2024-06-22,2024-06-22
in_000000306015,29900,1,0,0,0,0,0,0,0,0,2024-06-18,2024-06-18
in_000000297846,9900,1,0,0,0,0,0,0,0,0,2024-06-22,2024-06-22
in_000000048065,9900,1,0,0,0,0,0,0,0,0,2024-06-15,2024-06-15
in_000000184337,9900,1,0,0,0,0,0,0,0,0,2024-06-25,2024-06-25
in_000000215511,3960,1,0,0,0,1,1,0,0,0,2024-06-12,2024-06-12
in_000000260362,9900,1,0,0,0,0,0,0,0,0,2024-06-09,2024-06-09
in_000000087761,9900,1,0,0,0,0,0,0,0,0,2024-06-12,2024-06-12
in_000000146892,79900,1,0,0,0,0,0,0,0,0,2024-06-12,2024-06-12
in_000000131395,79900,1,0,0,0,0,0,0,0,0,2024-06-20,2024-06-20
in_000000013824,29900,1,0,0,0,0,0,0,0,0,2024-06-09,2024-06-09
in_000000115939,199900,1,0,0,0,0,0,0,0,0,2024-06-08,2024-06-08
in_000000239386,199900,1,0,0,0,0,0,0,0,0,2024-06-08,2024-06-08
in_000000311013,29900,1,0,0,0,0,0,0,0,0,2024-06-18,2024-06-18
in_000000085799,79900,1,0,0,0,0,0,0,0,0,2024-06-20,2024-06-20
in_000000217809,9900,1,0,0,0,0,0,0,0,0,2024-06-20,2024-06-20
in_000000225444,9900,1,0,0,0,0,0,0,0,0,2024-06-12,2024-06-12
in_000000014986,9900,1,0,0,0,0,0,0,0,0,2024-06-11,2024-06-11
in_000000107660,79900,1,0,0,0,0,0,0,0,0,2024-06-07,2024-06-07
in_000000238203,29900,1,0,0,0,0,0,0,0,0,2024-06-13,2024-06-13
in_000000320326,29900,1,0,0,0,0,0,0,0,0,2024-06-22,2024-06-22
in_000000053188,79900,1,0,0,0,0,0,0,0,0,2024-06-19,2024-06-19
in_000000156260,9900,1,0,0,0,0,0,0,0,0,2024-06-08,2024-06-08
in_000000081414,299000,1,0,0,0,0,0,0,0,0,2024-06-08,2024-06-08
in_000000148934,9900,1,0,0,0,0,0,0,0,0,2024-06-21,2024-06-21
in_000000219610,29900,1,0,0,0,0,0,0,0,0,2024-06-11,2024-06-11
in_000000089612,29900,1,0,0,0,0,0,0,0,0,2024-06-06,2024-06-06
in_000000270305,79900,1,0,0,0,0,0,0,0,0,2024-06-23,2024-06-23
in_000000141086,29900,1,0,0,0,0,0,0,0,0,2024-06-19,2024-06-19
in_000000262943,9900,1,0,0,0,0,0,0,0,0,2024-06-07,2024-06-07
in_000000011675,29900,1,0,0,0,0,0,0,0,0,2024-06-23,2024-06-23
in_000000184098,29900,1,0,0,0,0,0,0,0,0,2024-06-17,2024-06-17
in_000000286998,9900,1,0,0,0,0,0,0,0,0,2024-06-23,2024-06-23
in_000000291063,9900,1,0,0,0,0,0,0,0,0,2024-06-12,2024-06-12
in_000000230406,9900,1,0,0,0,0,0,0,0,0,2024-06-10,2024-06-10
in_000000060268,9900,1,0,0,0,0,0,0,0,0,2024-06-06,2024-06-06
in_000000279504,9900,1,0,0,0,0,0,0,0,0,2024-06-12,2024-06-12
in_000000085955,9900,1,0,0,0,0,0,0,0,0,2024-06-23,2024-06-23
in_000000145494,29900,1,0,0,0,0,0,0,0,0,2024-06-23,2024-06-23
in_000000298317,9900,1,0,0,0,0,0,0,0,0,2024-06-10,2024-06-10
in_000000271969,9900,1,0,0,0,0,0,0,0,0,2024-06-08,2024-06-08
in_000000227116,29900,1,0,0,0,0,0,0,0,0,2024-06-14,2024-06-14
in_000000228096,29900,1,0,0,0,0,0,0,0,0,2024-06-18,2024-06-18
in_000000047139,9900,1,0,0,0,0,0,0,0,0,2024-06-21,2024-06-21
in_000000171243,9900,1,0,0,0,0,0,0,0,0,2024-06-10,2024-06-10
in_000000264253,29900,1,0,0,0,0,0,0,0,0,2024-06-09,2024-06-09
in_000000268048,29900,1,0,0,0,0,0,0,0,0,2024-06-09,2024-06-09
in_000000069991,9900,1,0,0,0,0,0,0,0,0,2024-06-18,2024-06-18
in_000000087029,79900,1,0,0,0,0,0,0,0,0,2024-06-11,2024-06-11
in_000000233607,79900,1,0,0,0,0,0,0,0,0,2024-06-15,2024-06-15
in_000000168179,199900,1,0,0,0,0,0,0,0,0,2024-06-08,2024-06-08
in_000000171939,9900,1,0,0,0,0,0,0,0,0,2024-06-21,2024-06-21
in_000000076989,299000,1,0,0,0,0,0,0,0,0,2024-06-24,2024-06-24
in_000000071984,29900,1,0,0,0,0,0,0,0,0,2024-06-12,2024-06-12
in_000000296091,9900,1,0,0,0,0,0,0,0,0,2024-06-12,2024-06-12
in_000000010663,29900,1,0,0,0,0,0,0,0,0,2024-06-10,2024-06-10
in_000000148357,9900,1,0,0,0,0,0,0,0,0,2024-06-08,2024-06-08
in_000000125682,26910,1,0,0,1,0,0,0,0,0,2024-06-20,2024-06-20
in_000000145742,29900,1,0,0,0,0,0,0,0,0,2024-06-19,2024-06-19
in_000000170072,79900,1,0,0,0,0,0,0,0,0,2024-06-25,2024-06-25
in_000000260095,9900,1,0,0,0,0,0,0,0,0,2024-06-22,2024-06-22
in_000000212512,9900,1,0,0,0,0,0,0,0,0,2024-06-07,2024-06-07
in_000000317217,29900,1,0,0,0,0,0,0,0,0,2024-06-19,2024-06-19
in_000000225233,29900,1,0,0,0,0,0,0,0,0,2024-06-07,2024-06-07
in_000000247830,9900,1,0,0,0,0,0,0,0,0,2024-06-14,2024-06-14
in_000000075765,99000,1,0,0,0,0,0,0,0,0,2024-06-21,2024-06-21
in_000000229727,239200,1,0,0,1,0,0,0,0,0,2024-06-24,2024-06-24
in_000000274489,9900,1,0,0,0,0,0,0,0,0,2024-06-07,2024-06-07
in_000000048187,9900,1,0,0,0,0,0,0,0,0,2024-06-14,2024-06-14
in_000000127549,79900,1,0,0,0,0,0,0,0,0,2024-06-05,2024-06-05
in_000000195528,29900,1,0,0,0,0,0,0,0,0,2024-06-17,2024-06-17
in_000000301562,29900,1,0,0,0,0,0,0,0,0,2024-06-15,2024-06-15
in_000000162756,799000,1,0,0,0,0,0,0,0,0,2024-06-22,2024-06-22
in_000000000285,9900,1,0,0,0,0,0,0,0,0,2024-06-08,2024-06-08
in_000000174311,9900,1,0,0,0,0,0,0,0,0,2024-06-16,2024-06-16
in_000000285749,9900,1,0,0,0,0,0,0,0,0,2024-06-13,2024-06-13
in_000000245914,79900,1,0,0,0,0,0,0,0,0,2024-06-12,2024-06-12
in_000000261637,79900,1,0,0,0,0,0,0,0,0,2024-06-21,2024-06-21
in_000000231552,199900,1,0,0,0,0,0,0,0,0,2024-06-14,2024-06-14
in_000000207854,199900,1,0,0,0,0,0,0,0,0,2024-06-10,2024-06-10
in_000000057386,79900,1,0,0,0,0,0,0,0,0,2024-06-15,2024-06-15
in_000000319564,29900,1,0,0,0,0,0,0,0,0,2024-06-13,2024-06-13
in_000000049287,79900,1,0,0,0,0,0,0,0,0,2024-06-17,2024-06-17
in_000000285175,29900,1,0,0,0,0,0,0,0,0,2024-06-10,2024-06-10
in_000000301272,9900,1,0,0,0,0,0,0,0,0,2024-06-06,2024-06-06
in_000000291276,9900,1,0,0,0,0,0,0,0,0,2024-06-25,2024-06-25
in_000000316530,9900,1,0,0,0,0,0,0,0,0,2024-06-19,2024-06-19
in_000000161403,9900,1,0,0,0,0,0,0,0,0,2024-06-06,2024-06-06
in_000000311804,9900,1,0,0,0,0,0,0,0,0,2024-06-12,2024-06-12
in_000000157341,199900,1,0,0,0,0,0,0,0,0,2024-06-13,2024-06-13
in_000000140122,199900,1,0,0,0,0,0,0,0,0,2024-06-05,2024-06-05
in_000000231473,9900,1,0,0,0,0,0,0,0,0,2024-06-23,2024-06-23
in_000000289313,99000,1,0,0,0,0,0,0,0,0,2024-06-24,2024-06-24
in_000000184710,29900,1,0,0,0,0,0,0,0,0,2024-06-13,2024-06-13
in_000000095264,199900,1,0,0,0,0,0,0,0,0,2024-06-20,2024-06-20
in_000000066886,9900,1,0,0,0,0,0,0,0,0,2024-06-21,2024-06-21
in_000000147589,29900,1,0,0,0,0,0,0,0,0,2024-06-11,2024-06-11
in_000000271689,9900,1,0,0,0,0,0,0,0,0,2024-06-12,2024-06-12
in_000000261817,9900,1,0,0,0,0,0,0,0,0,2024-06-03,2024-06-03
in_000000160392,29900,1,0,0,0,0,0,0,0,0,2024-06-11,2024-06-11
in_000000075945,9900,1,0,2,0,0,0,0,0,0,2024-06-09,2024-06-09
in_000000069164,9900,1,0,1,0,0,0,0,0,0,2024-06-18,2024-06-18
in_000000314984,9900,1,0,2,0,0,0,0,0,0,2024-06-07,2024-06-07
in_000000070335,29900,1,0,2,0,0,0,0,0,0,2024-06-23,2024-06-23
in_000000306858,9900,1,0,1,0,0,0,0,0,0,2024-06-21,2024-06-21
in_000000067611,9900,1,0,1,0,0,0,0,0,0,2024-06-21,2024-06-21
in_000000016663,9900,1,0,1,0,0,0,0,0,0,2024-06-10,2024-06-10
in_000000048859,9900,1,0,1,0,0,0,0,0,0,2024-06-05,2024-06-05
in_000000089819,9900,1,0,1,0,0,0,0,0,0,2024-06-22,2024-06-22
in_000000059093,79900,1,0,2,0,0,0,0,0,0,2024-06-08,2024-06-08
in_000000147622,79900,1,0,1,0,0,0,0,0,0,2024-06-15,2024-06-15
in_000000000853,9900,1,0,1,0,0,0,0,0,0,2024-06-18,2024-06-18
in_000000046874,9900,1,0,1,0,0,0,0,0,0,2024-06-21,2024-06-21
in_000000102022,9900,1,0,1,0,0,0,0,0,0,2024-06-06,2024-06-06
in_000000069601,29900,1,0,1,0,0,0,0,0,0,2024-06-23,2024-06-23
in_000000059983,9900,1,0,1,0,0,0,0,0,0,2024-06-15,2024-06-15
in_000000131943,9900,1,0,1,0,0,0,0,0,0,2024-06-21,2024-06-21
in_000000155687,79900,1,0,1,0,0,0,0,0,0,2024-06-13,2024-06-13
in_000000048306,29900,1,0,1,0,0,0,0,0,0,2024-06-15,2024-06-15
in_000000284776,299000,1,0,1,0,0,0,0,0,0,2024-06-23,2024-06-23
in_000000207921,29900,1,0,1,0,0,0,0,0,0,2024-06-17,2024-06-17
in_000000224431,79900,1,0,1,0,0,0,0,0,0,2024-06-25,2024-06-25
in_000000177458,29900,1,0,1,0,0,0,0,0,0,2024-06-13,2024-06-13
in_000000103944,29900,1,0,1,0,0,0,0,0,0,2024-06-14,2024-06-14
in_000000234560,29900,1,0,2,0,0,0,0,0,0,2024-06-14,2024-06-14
in_000000227653,79900,1,0,1,0,0,0,0,0,0,2024-06-25,2024-06-25
in_000000006184,29900,1,0,1,0,0,0,0,0,0,2024-06-05,2024-06-05
in_000000131572,9900,1,0,2,0,0,0,0,0,0,2024-06-23,2024-06-23
in_000000267341,9900,1,0,1,0,0,0,0,0,0,2024-06-11,2024-06-11
in_000000217788,29900,1,0,1,0,0,0,0,0,0,2024-06-12,2024-06-12
in_000000032379,29900,1,0,1,0,0,0,0,0,0,2024-06-20,2024-06-20
in_000000156521,29900,1,0,1,0,0,0,0,0,0,2024-06-12,2024-06-12
in_000000185852,29900,1,0,2,0,0,0,0,0,0,2024-06-12,2024-06-12
in_000000278526,9900,1,0,1,0,0,0,0,0,0,2024-06-04,2024-06-04
in_000000148788,9900,1,0,2,0,0,0,0,0,0,2024-06-12,2024-06-12
in_000000300045,199900,1,0,1,0,0,0,0,0,0,2024-06-22,2024-06-22
in_000000252095,29900,1,0,1,0,0,0,0,0,0,2024-06-10,2024-06-10
in_000000161274,9900,1,0,1,0,0,0,0,0,0,2024-06-21,2024-06-21
in_000000228333,29900,1,0,1,0,0,0,0,0,0,2024-06-07,2024-06-07
in_000000038741,9900,1,0,1,0,0,0,0,0,0,2024-06-08,2024-06-08
in_000000125150,9900,1,0,1,0,0,0,0,0,0,2024-06-15,2024-06-15
in_000000214998,79900,1,0,1,0,0,0,0,0,0,2024-06-05,2024-06-05
in_000000256932,99000,1,0,1,0,0,0,0,0,0,2024-06-19,2024-06-19
in_000000162977,29900,1,0,1,0,0,0,0,0,0,2024-06-11,2024-06-11
in_000000041373,799000,1,0,1,0,0,0,0,0,0,2024-06-09,2024-06-09
in_000000104714,79900,1,0,1,0,0,0,0,0,0,2024-06-20,2024-06-20
in_000000187302,9900,1,0,1,0,0,0,0,0,0,2024-06-24,2024-06-24
in_000000230348,9900,1,0,1,0,0,0,0,0,0,2024-06-18,2024-06-18
in_000000151288,9900,1,0,1,0,0,0,0,0,0,2024-06-21,2024-06-21
in_000000067150,79900,1,0,1,0,0,0,0,0,0,2024-06-07,2024-06-07
in_000000152239,29900,1,0,1,0,0,0,0,0,0,2024-06-08,2024-06-08
in_000000075787,9900,1,0,1,0,0,0,0,0,0,2024-06-21,2024-06-21
in_000000125412,29900,1,0,1,0,0,0,0,0,0,2024-06-14,2024-06-14
in_000000181749,299000,1,0,1,0,0,0,0,0,0,2024-06-23,2024-06-23
in_000000091846,29900,1,0,1,0,0,0,0,0,0,2024-06-10,2024-06-10
in_000000186175,9900,1,0,1,0,0,0,0,0,0,2024-06-09,2024-06-09
in_000000077178,9900,1,0,1,0,0,0,0,0,0,2024-06-11,2024-06-11
in_000000310161,79900,1,0,1,0,0,0,0,0,0,2024-06-13,2024-06-13
in_000000168236,9900,1,0,1,0,0,0,0,0,0,2024-06-24,2024-06-24
in_000000060141,9900,1,0,2,0,0,0,0,0,0,2024-06-24,2024-06-24
in_000000220277,9900,1,0,1,0,0,0,0,0,0,2024-06-23,2024-06-23
in_000000250532,79900,1,0,1,0,0,0,0,0,0,2024-06-08,2024-06-08
in_000000022401,9900,1,0,1,0,0,0,0,0,0,2024-06-20,2024-06-20
in_000000228432,9900,1,0,1,0,0,0,0,0,0,2024-06-11,2024-06-11
in_000000317630,99000,1,0,1,0,0,0,0,0,0,2024-06-20,2024-06-20
in_000000254282,199900,1,0,1,0,0,0,0,0,0,2024-06-17,2024-06-17
in_000000223871,9900,1,0,2,0,0,0,0,0,0,2024-06-15,2024-06-15
in_000000148267,9900,1,0,1,0,0,0,0,0,0,2024-06-09,2024-06-09
in_000000027688,9900,1,0,1,0,0,0,0,0,0,2024-06-27,2024-06-27
in_000000303977,29900,1,0,1,0,0,0,0,0,0,2024-06-25,2024-06-25
in_000000114729,79900,1,0,1,0,0,0,0,0,0,2024-06-10,2024-06-10
in_000000124600,9900,1,0,1,0,0,0,0,0,0,2024-06-16,2024-06-16
in_000000300820,29900,1,0,1,0,0,0,0,0,0,2024-06-21,2024-06-21
in_000000315286,79900,1,0,2,0,0,0,0,0,0,2024-06-10,2024-06-10
in_000000135535,9900,1,0,1,0,0,0,0,0,0,2024-06-09,2024-06-09
in_000000304048,9900,1,0,1,0,0,0,0,0,0,2024-06-14,2024-06-14
in_000000134550,9900,1,0,1,0,0,0,0,0,0,2024-06-14,2024-06-14
in_000000314676,1999000,1,0,1,0,0,0,0,0,0,2024-06-14,2024-06-14
in_000000313155,9900,1,0,1,0,0,0,0,0,0,2024-06-12,2024-06-12
in_000000170439,9900,1,0,1,0,0,0,0,0,0,2024-06-18,2024-06-18
in_000000216395,9900,1,0,1,0,0,0,0,0,0,2024-06-25,2024-06-25
in_000000196169,9900,1,0,1,0,0,0,0,0,0,2024-06-22,2024-06-22
in_000000233042,29900,1,0,1,0,0,0,0,0,0,2024-06-13,2024-06-13
in_000000001821,79900,1,0,1,0,0,0,0,0,0,2024-06-07,2024-06-07
in_000000154053,9900,1,0,1,0,0,0,0,0,0,2024-06-08,2024-06-08
in_000000122025,29900,1,0,1,0,0,0,0,0,0,2024-06-11,2024-06-11
in_000000094645,29900,1,0,2,0,0,0,0,0,0,2024-06-09,2024-06-09
in_000000125645,79900,1,0,1,0,0,0,0,0,0,2024-06-12,2024-06-12
in_000000180680,9900,1,0,1,0,0,0,0,0,0,2024-06-20,2024-06-20
in_000000272576,99000,1,0,1,0,0,0,0,0,0,2024-06-22,2024-06-22
in_000000121064,99000,1,0,2,0,0,0,0,0,0,2024-06-19,2024-06-19
in_000000056498,29900,1,0,1,0,0,0,0,0,0,2024-06-23,2024-06-23
in_000000276739,29900,1,0,1,0,0,0,0,0,0,2024-06-08,2024-06-08
in_000000063275,199900,1,0,1,0,0,0,0,0,0,2024-06-10,2024-06-10
in_000000320436,79900,1,0,1,0,0,0,0,0,0,2024-06-23,2024-06-23
in_000000070929,79900,1,0,1,0,0,0,0,0,0,2024-06-26,2024-06-26
in_000000041298,79900,1,0,2,0,0,0,0,0,0,2024-06-13,2024-06-13
in_000000262496,9900,1,0,1,0,0,0,0,0,0,2024-06-07,2024-06-07
in_000000233022,9900,1,0,1,0,0,0,0,0,0,2024-06-08,2024-06-08
in_000000182010,9900,1,0,1,0,0,0,0,0,0,2024-06-26,2024-06-26
in_000000135907,9900,1,0,1,0,0,0,0,0,0,2024-06-08,2024-06-08
in_000000002892,9900,1,0,1,0,0,0,0,0,0,2024-06-16,2024-06-16
in_000000011313,9900,1,0,1,0,0,0,0,0,0,2024-06-14,2024-06-14
in_000000002495,79900,1,0,1,0,0,0,0,0,0,2024-06-06,2024-06-06
in_000000004958,199900,1,0,1,0,0,0,0,0,0,2024-06-06,2024-06-06
in_000000311188,9900,1,0,1,0,0,0,0,0,0,2024-06-20,2024-06-20
in_000000272853,29900,1,0,1,0,0,0,0,0,0,2024-06-23,2024-06-23
in_000000089051,29900,1,0,2,0,0,0,0,0,0,2024-06-19,2024-06-19
in_000000206118,29900,1,0,1,0,0,0,0,0,0,2024-06-09,2024-06-09
in_000000224165,9900,1,0,1,0,0,0,0,0,0,2024-06-06,2024-06-06
in_000000101225,29900,1,0,2,0,0,0,0,0,0,2024-06-24,2024-06-24
in_000000066047,9900,1,0,1,0,0,0,0,0,0,2024-06-09,2024-06-09
in_000000293327,9900,1,0,1,0,0,0,0,0,0,2024-06-24,2024-06-24
in_000000272997,79900,1,0,1,0,0,0,0,0,0,2024-06-24,2024-06-24
in_000000269832,9900,1,0,1,0,0,0,0,0,0,2024-06-08,2024-06-08
in_000000240234,9900,1,0,1,0,0,0,0,0,0,2024-06-12,2024-06-12
in_000000267702,9900,1,0,1,0,0,0,0,0,0,2024-06-07,2024-06-07
in_000000110067,79900,1,0,1,0,0,0,0,0,0,2024-06-06,2024-06-06
in_000000280001,8415,1,0,1,1,0,0,0,0,0,2024-06-15,2024-06-15
in_000000182242,29900,1,0,1,0,0,0,0,0,0,2024-06-24,2024-06-24
in_000000185072,9900,1,0,1,0,0,0,0,0,0,2024-06-06,2024-06-06
in_000000264711,299000,1,0,1,0,0,0,0,0,0,2024-06-22,2024-06-22
in_000000292591,29900,1,0,1,0,0,0,0,0,0,2024-06-26,2024-06-26
in_000000010337,9900,1,0,1,0,0,0,0,0,0,2024-06-10,2024-06-10
in_000000065854,29900,1,0,2,0,0,0,0,0,0,2024-06-13,2024-06-13
in_000000060192,9900,1,0,2,0,0,0,0,0,0,2024-06-19,2024-06-19
in_000000268496,79900,1,0,1,0,0,0,0,0,0,2024-06-19,2024-06-19
in_000000266309,29900,1,0,1,0,0,0,0,0,0,2024-06-07,2024-06-07
in_000000231206,29900,1,0,1,0,0,0,0,0,0,2024-06-09,2024-06-09
in_000000013172,9900,1,0,1,0,0,0,0,0,0,2024-06-16,2024-06-16
in_000000287517,9900,1,0,1,0,0,0,0,0,0,2024-06-22,2024-06-22
in_000000300306,79900,1,0,1,0,0,0,0,0,0,2024-06-22,2024-06-22
in_000000049119,199900,1,0,1,0,0,0,0,0,0,2024-06-16,2024-06-16
in_000000146010,9900,1,0,2,0,0,0,0,0,0,2024-06-07,2024-06-07
in_000000139388,9900,1,0,1,0,0,0,0,0,0,2024-06-10,2024-06-10
in_000000096264,79900,1,0,1,0,0,0,0,0,0,2024-06-16,2024-06-16
in_000000205525,79900,1,0,1,0,0,0,0,0,0,2024-06-22,2024-06-22
in_000000108262,79900,1,0,1,0,0,0,0,0,0,2024-06-22,2024-06-22
in_000000079655,9900,1,0,1,0,0,0,0,0,0,2024-06-15,2024-06-15
in_000000227422,9900,1,0,1,0,0,0,0,0,0,2024-06-06,2024-06-06
in_000000018224,9900,1,0,1,0,0,0,0,0,0,2024-06-15,2024-06-15
in_000000066824,79900,1,0,2,0,0,0,0,0,0,2024-06-17,2024-06-17
in_000000133223,299000,1,0,1,0,0,0,0,0,0,2024-06-06,2024-06-06
in_000000077353,29900,1,0,1,0,0,0,0,0,0,2024-06-14,2024-06-14
in_000000275897,199900,1,0,1,0,0,0,0,0,0,2024-06-23,2024-06-23
in_000000251945,299000,1,0,1,0,0,0,0,0,0,2024-06-10,2024-06-10
in_000000180598,9900,1,0,1,0,0,0,0,0,0,2024-06-08,2024-06-08
in_000000314734,9900,1,0,1,0,0,0,0,0,0,2024-06-23,2024-06-23
in_000000163714,79900,1,0,1,0,0,0,0,0,0,2024-06-17,2024-06-17
in_000000177702,29900,1,0,1,0,0,0,0,0,0,2024-06-10,2024-06-10
in_000000038312,29900,1,0,1,0,0,0,0,0,0,2024-06-18,2024-06-18
in_000000227915,9900,1,0,1,0,0,0,0,0,0,2024-06-05,2024-06-05
in_000000004711,199900,1,0,1,0,0,0,0,0,0,2024-06-14,2024-06-14
in_000000064480,199900,1,0,1,0,0,0,0,0,0,2024-06-10,2024-06-10
in_000000111278,9900,1,0,1,0,0,0,0,0,0,2024-06-12,2024-06-12
in_000000320275,9900,1,0,1,0,0,0,0,0,0,2024-06-19,2024-06-19
in_000000221969,29900,1,0,1,0,0,0,0,0,0,2024-06-24,2024-06-24
in_000000007079,29900,1,0,1,0,0,0,0,0,0,2024-06-18,2024-06-18
in_000000228707,9900,1,0,1,0,0,0,0,0,0,2024-06-21,2024-06-21
in_000000033359,9900,1,0,1,0,0,0,0,0,0,2024-06-18,2024-06-18
in_000000103224,29900,1,0,1,0,0,0,0,0,0,2024-06-08,2024-06-08
in_000000053626,199900,1,0,1,0,0,0,0,0,0,2024-06-25,2024-06-25
in_000000130379,29900,1,0,1,0,0,0,0,0,0,2024-06-23,2024-06-23
in_000000086699,9900,1,0,1,0,0,0,0,0,0,2024-06-10,2024-06-10
in_000000156795,28405,1,0,1,1,0,0,0,0,0,2024-06-15,2024-06-15
in_000000017693,9900,1,0,1,0,0,0,0,0,0,2024-06-09,2024-06-09
in_000000131831,79900,1,0,1,0,0,0,0,0,0,2024-06-21,2024-06-21
in_000000099512,29900,1,0,1,0,0,0,0,0,0,2024-06-08,2024-06-08
in_000000302808,9900,1,0,1,0,0,0,0,0,0,2024-06-05,2024-06-05
in_000000094424,9900,1,0,1,0,0,0,0,0,0,2024-06-16,2024-06-16
in_000000145101,29900,1,0,2,0,0,0,0,0,0,2024-06-18,2024-06-18
in_000000038226,9900,1,0,1,0,0,0,0,0,0,2024-06-07,2024-06-07
in_000000005416,9900,1,0,1,0,0,0,0,0,0,2024-06-14,2024-06-14
in_000000277684,9900,1,0,1,0,0,0,0,0,0,2024-06-10,2024-06-10
in_000000025205,29900,1,0,1,0,0,0,0,0,0,2024-06-06,2024-06-06
in_000000223338,9900,1,0,1,0,0,0,0,0,0,2024-06-16,2024-06-16
in_000000002024,9900,1,0,1,0,0,0,0,0,0,2024-06-19,2024-06-19
in_000000110747,29900,1,0,1,0,0,0,0,0,0,2024-06-14,2024-06-14
in_000000211431,29900,1,0,1,0,0,0,0,0,0,2024-06-21,2024-06-21
in_000000168682,6435,1,0,1,1,0,0,0,0,0,2024-06-13,2024-06-13
in_000000285603,9900,1,0,1,0,0,0,0,0,0,2024-06-15,2024-06-15
in_000000107267,9900,1,0,1,0,0,0,0,0,0,2024-06-15,2024-06-15
in_000000295502,9900,1,0,1,0,0,0,0,0,0,2024-06-15,2024-06-15
in_000000034423,79900,1,0,2,0,0,0,0,0,0,2024-06-21,2024-06-21
in_000000038018,29900,1,0,1,0,0,0,0,0,0,2024-06-22,2024-06-22
in_000000050344,99000,1,0,1,0,0,0,0,0,0,2024-06-27,2024-06-27
in_000000274875,29900,1,0,1,0,0,0,0,0,0,2024-06-15,2024-06-15
in_000000080780,9900,1,0,1,0,0,0,0,0,0,2024-06-18,2024-06-18
in_000000193577,79900,1,0,1,0,0,0,0,0,0,2024-06-13,2024-06-13
in_000000104292,9900,1,0,1,0,0,0,0,0,0,2024-06-16,2024-06-16
in_000000090683,9900,1,0,2,0,0,0,0,0,0,2024-06-23,2024-06-23
in_000000267367,9900,1,0,2,0,0,0,0,0,0,2024-06-23,2024-06-23
in_000000289607,29900,1,0,2,0,0,0,0,0,0,2024-06-21,2024-06-21
in_000000211613,29900,1,0,2,0,0,0,0,0,0,2024-06-22,2024-06-22
in_000000086532,9900,1,0,2,0,0,0,0,0,0,2024-06-20,2024-06-20
in_000000204636,9900,1,0,2,0,0,0,0,0,0,2024-06-19,2024-06-19
in_000000010149,9900,1,0,2,0,0,0,0,0,0,2024-06-08,2024-06-08
in_000000104884,29900,1,0,2,0,0,0,0,0,0,2024-06-08,2024-06-08
in_000000303610,9900,1,0,2,0,0,0,0,0,0,2024-06-13,2024-06-13
in_000000135567,9900,1,0,2,0,0,0,0,0,0,2024-06-21,2024-06-21
in_000000315733,79900,1,0,2,0,0,0,0,0,0,2024-06-18,2024-06-18
in_000000293985,9900,1,0,2,0,0,0,0,0,0,2024-06-20,2024-06-20
in_000000026889,79900,1,0,2,0,0,0,0,0,0,2024-06-07,2024-06-07
in_000000279873,79900,1,0,2,0,0,0,0,0,0,2024-06-05,2024-06-05
in_000000085115,9900,1,0,2,0,0,0,0,0,0,2024-06-27,2024-06-27
in_000000287747,79900,1,0,2,0,0,0,0,0,0,2024-06-19,2024-06-19
in_000000204436,9900,1,0,2,0,0,0,0,0,0,2024-06-24,2024-06-24
in_000000251457,79900,1,0,2,0,0,0,0,0,0,2024-06-18,2024-06-18
in_000000265587,9900,1,0,2,0,0,0,0,0,0,2024-06-15,2024-06-15
in_000000281927,79900,1,0,2,0,0,0,0,0,0,2024-06-23,2024-06-23
in_000000267812,9900,1,0,2,0,0,0,0,0,0,2024-06-22,2024-06-22
in_000000103138,199900,1,0,2,0,0,0,0,0,0,2024-06-20,2024-06-20
in_000000255383,9900,1,0,2,0,0,0,0,0,0,2024-06-27,2024-06-27
in_000000073436,9900,1,0,2,0,0,0,0,0,0,2024-06-14,2024-06-14
in_000000011779,29900,1,0,2,0,0,0,0,0,0,2024-06-24,2024-06-24
in_000000095138,9900,1,0,2,0,0,0,0,0,0,2024-06-24,2024-06-24
in_000000062408,9900,1,0,2,0,0,0,0,0,0,2024-06-22,2024-06-22
in_000000238916,9900,1,0,2,0,0,0,0,0,0,2024-06-24,2024-06-24
in_000000320719,29900,1,0,2,0,0,0,0,0,0,2024-06-24,2024-06-24
in_000000217854,9900,1,0,2,0,0,0,0,0,0,2024-06-16,2024-06-16
in_000000014288,9900,1,0,2,0,0,0,0,0,0,2024-06-22,2024-06-22
in_000000027632,29900,1,0,2,0,0,0,0,0,0,2024-06-16,2024-06-16
in_000000058358,29900,1,0,2,0,0,0,0,0,0,2024-06-10,2024-06-10
in_000000022413,29900,1,0,2,0,0,0,0,0,0,2024-06-16,2024-06-16
in_000000021310,199900,1,0,2,0,0,0,0,0,0,2024-06-25,2024-06-25
in_000000304978,9900,1,0,2,0,0,0,0,0,0,2024-06-19,2024-06-19
in_000000057888,29900,1,0,2,0,0,0,0,0,0,2024-06-12,2024-06-12
in_000000105802,29900,1,0,2,0,0,0,0,0,0,2024-06-11,2024-06-11
in_000000009941,29900,1,0,2,0,0,0,0,0,0,2024-06-10,2024-06-10
in_000000170851,199900,1,0,2,0,0,0,0,0,0,2024-06-18,2024-06-18
in_000000024581,9900,1,0,2,0,0,0,0,0,0,2024-06-22,2024-06-22
in_000000202639,29900,1,0,2,0,0,0,0,0,0,2024-06-25,2024-06-25
in_000000149592,29900,1,0,2,0,0,0,0,0,0,2024-06-15,2024-06-15
in_000000115536,79900,1,0,2,0,0,0,0,0,0,2024-06-19,2024-06-19
in_000000015060,29900,1,0,2,0,0,0,0,0,0,2024-06-25,2024-06-25
in_000000230717,29900,1,0,2,0,0,0,0,0,0,2024-06-23,2024-06-23
in_000000036405,29900,1,0,2,0,0,0,0,0,0,2024-06-15,2024-06-15
in_000000282470,799000,1,0,2,0,0,0,0,0,0,2024-06-12,2024-06-12
in_000000068997,9900,1,0,2,0,0,0,0,0,0,2024-06-08,2024-06-08
in_000000186909,9900,1,0,2,0,0,0,0,0,0,2024-06-14,2024-06-14
in_000000004596,9900,1,0,2,0,0,0,0,0,0,2024-06-25,2024-06-25
in_000000288387,9900,1,0,2,0,0,0,0,0,0,2024-06-19,2024-06-19
in_000000025570,9900,1,0,2,0,0,0,0,0,0,2024-06-26,2024-06-26
in_000000023587,9900,1,0,2,0,0,0,0,0,0,2024-06-21,2024-06-21
in_000000104594,29900,1,0,2,0,0,0,0,0,0,2024-06-13,2024-06-13
in_000000012305,9900,1,0,2,0,0,0,0,0,0,2024-06-19,2024-06-19
in_000000067336,79900,1,0,2,0,0,0,0,0,0,2024-06-12,2024-06-12
in_000000030950,9900,1,0,2,0,0,0,0,0,0,2024-06-12,2024-06-12
in_000000041904,9900,1,0,2,0,0,0,0,0,0,2024-06-10,2024-06-10
in_000000121932,9900,1,0,2,0,0,0,0,0,0,2024-06-16,2024-06-16
in_000000015662,9900,1,0,2,0,0,0,0,0,0,2024-06-13,2024-06-13
in_000000270935,9900,1,0,2,0,0,0,0,0,0,2024-06-22,2024-06-22
in_000000263829,79900,1,0,2,0,0,0,0,0,0,2024-06-19,2024-06-19
in_000000224783,9900,1,0,2,0,0,0,0,0,0,2024-06-19,2024-06-19
