INVOICE_ID,CUSTOMER_ID,INVOICE_AMOUNT_PAID_CENTS
in_000000151839,cus_000000012136,99000
in_000000151853,cus_000000012137,9900
in_000000151888,cus_000000012138,9900
in_000000152196,cus_000000012164,9900
in_000000152301,cus_000000012172,9900
in_000000152329,cus_000000012174,199900
in_000000152413,cus_000000012180,79900
in_000000152553,cus_000000012190,29900
in_000000152560,cus_000000012191,199900
in_000000152602,cus_000000012194,9900
in_000000153008,cus_000000012227,199900
in_000000153295,cus_000000012256,29900
in_000000153463,cus_000000012266,29900
in_000000153477,cus_000000012270,9900
in_000000153554,cus_000000012280,9900
in_000000153694,cus_000000012295,9900
in_000000151733,cus_000000012128,79900
in_000000151831,cus_000000012135,29900
in_000000152006,cus_000000012151,99000
in_000000152027,cus_000000012155,9900
in_000000151680,cus_000000012120,9900
in_000000151722,cus_000000012126,9900
in_000000151953,cus_000000012146,9900
in_000000152338,cus_000000012175,99000
in_000000152646,cus_000000012196,299000
in_000000152681,cus_000000012201,199900
in_000000152870,cus_000000012216,99000
in_000000152947,cus_000000012225,29900
in_000000153122,cus_000000012235,79900
in_000000153486,cus_000000012271,9900
in_000000153563,cus_000000012281,99000
in_000000153577,cus_000000012282,79900
in_000000153633,cus_000000012287,9900
in_000000154053,cus_000000012325,9900
in_000000154312,cus_000000012337,79900
in_000000154382,cus_000000012342,79900
in_000000154732,cus_000000012365,79900
in_000000155040,cus_000000012392,29900
in_000000155208,cus_000000012418,99000
in_000000155278,cus_000000012424,9900
in_000000155320,cus_000000012426,29900
in_000000155642,cus_000000012445,9900
in_000000156167,cus_000000012481,9900
in_000000156447,cus_000000012501,9900
in_000000156475,cus_000000012502,9900
in_000000156489,cus_000000012503,29900
in_000000156594,cus_000000012508,29900
in_000000156825,cus_000000012528,9900
in_000000157231,cus_000000012554,29900
in_000000157266,cus_000000012556,9900
in_000000157308,cus_000000012560,9900
in_000000157385,cus_000000012566,9900
in_000000157427,cus_000000012571,9900
in_000000158197,cus_000000012643,9900
in_000000154240,cus_000000012334,9900
in_000000158722,cus_000000012683,9900
in_000000158799,cus_000000012686,29900
in_000000158890,cus_000000012691,79900
in_000000159100,cus_000000012703,99000
in_000000159205,cus_000000012715,9900
in_000000159296,cus_000000012723,199900
in_000000159359,cus_000000012732,29900
in_000000159450,cus_000000012745,9900
in_000000160122,cus_000000012790,29900
in_000000160325,cus_000000012813,29900
in_000000160696,cus_000000012841,29900
in_000000160703,cus_000000012842,99000
in_000000160745,cus_000000012846,29900
in_000000160815,cus_000000012850,9900
in_000000161018,cus_000000012866,9900
in_000000161060,cus_000000012871,29900
in_000000161340,cus_000000012897,9900
in_000000161403,cus_000000012900,9900
in_000000161417,cus_000000012901,29900
in_000000161494,cus_000000012907,29900
in_000000161543,cus_000000012909,9900
in_000000154779,cus_000000012367,79900
in_000000154821,cus_000000012370,9900
in_000000154828,cus_000000012371,99000
in_000000161753,cus_000000012922,29900
in_000000161795,cus_000000012924,9900
in_000000161921,cus_000000012938,99000
in_000000162215,cus_000000012962,79900
in_000000162271,cus_000000012967,9900
in_000000154954,cus_000000012386,9900
in_000000155010,cus_000000012391,79900
in_000000152160,cus_000000012162,199900
in_000000152209,cus_000000012165,79900
in_000000152377,cus_000000012179,199900
in_000000152517,cus_000000012188,79900
in_000000152573,cus_000000012192,9900
in_000000162565,cus_000000012998,29900
in_000000162747,cus_000000013011,9900
in_000000162782,cus_000000013013,29900
in_000000155710,cus_000000012449,199900
in_000000156032,cus_000000012472,99000
in_000000163006,cus_000000013032,9900
in_000000163090,cus_000000013037,29900
in_000000163244,cus_000000013049,29900
in_000000156088,cus_000000012476,29900
in_000000156193,cus_000000012482,9900
in_000000163440,cus_000000013058,29900
in_000000163468,cus_000000013059,9900
in_000000163545,cus_000000013068,29900
in_000000163930,cus_000000013091,79900
in_000000151689,cus_000000012121,9900
in_000000151738,cus_000000012129,29900
in_000000151927,cus_000000012142,79900
in_000000152018,cus_000000012154,29900
in_000000156795,cus_000000012525,29900
in_000000156809,cus_000000012526,79900
in_000000156844,cus_000000012531,9900
in_000000156900,cus_000000012535,79900
in_000000157068,cus_000000012545,199900
in_000000157082,cus_000000012547,79900
in_000000164140,cus_000000013103,9900
in_000000164189,cus_000000013107,29900
in_000000164350,cus_000000013116,9900
in_000000164469,cus_000000013121,9900
in_000000164539,cus_000000013131,29900
in_000000164637,cus_000000013138,79900
in_000000165057,cus_000000013178,29900
in_000000165085,cus_000000013179,199900
in_000000157243,cus_000000012555,199900
in_000000157341,cus_000000012562,199900
in_000000157355,cus_000000012565,9900
in_000000157495,cus_000000012580,9900
in_000000165295,cus_000000013192,29900
in_000000165358,cus_000000013197,79900
in_000000165463,cus_000000013209,9900
in_000000165512,cus_000000013211,199900
in_000000157810,cus_000000012603,79900
in_000000158153,cus_000000012641,99000
in_000000165708,cus_000000013226,99000
in_000000165897,cus_000000013239,29900
in_000000166177,cus_000000013265,9900
in_000000166212,cus_000000013267,9900
in_000000166247,cus_000000013268,29900
in_000000166303,cus_000000013271,29900
in_000000166345,cus_000000013273,29900
in_000000166380,cus_000000013275,29900
in_000000166450,cus_000000013277,29900
in_000000166520,cus_000000013286,79900
in_000000158972,cus_000000012695,9900
in_000000159105,cus_000000012704,9900
in_000000159168,cus_000000012709,9900
in_000000159259,cus_000000012718,9900
in_000000159406,cus_000000012740,9900
in_000000166856,cus_000000013308,29900
in_000000167045,cus_000000013320,9900
in_000000167248,cus_000000013338,29900
in_000000167276,cus_000000013340,9900
in_000000167332,cus_000000013344,29900
in_000000159483,cus_000000012746,9900
in_000000159553,cus_000000012751,9900
in_000000159840,cus_000000012768,79900
in_000000159973,cus_000000012777,29900
in_000000160001,cus_000000012778,199900
in_000000167465,cus_000000013352,29900
in_000000167724,cus_000000013368,29900
in_000000167871,cus_000000013385,9900
in_000000151609,cus_000000012114,29900
in_000000151770,cus_000000012131,9900
in_000000152050,cus_000000012157,9900
in_000000152085,cus_000000012159,79900
in_000000152277,cus_000000012171,9900
in_000000152697,cus_000000012203,29900
in_000000152753,cus_000000012207,29900
in_000000152865,cus_000000012213,79900
in_000000152921,cus_000000012223,9900
in_000000153068,cus_000000012231,9900
in_000000152239,cus_000000012166,29900
in_000000152638,cus_000000012195,79900
in_000000153327,cus_000000012259,9900
in_000000153058,cus_000000012229,9900
in_000000153114,cus_000000012234,9900
in_000000153226,cus_000000012247,9900
in_000000153901,cus_000000012315,29900
in_000000153936,cus_000000012317,9900
in_000000153985,cus_000000012320,29900
in_000000154006,cus_000000012321,9900
in_000000154034,cus_000000012324,299000
in_000000153492,cus_000000012273,799000
in_000000154454,cus_000000012347,29900
in_000000154643,cus_000000012358,9900
in_000000154650,cus_000000012359,9900
in_000000154692,cus_000000012362,9900
in_000000153821,cus_000000012312,29900
in_000000154276,cus_000000012335,79900
in_000000155063,cus_000000012396,29900
in_000000155175,cus_000000012408,9900
in_000000155455,cus_000000012434,9900
in_000000154395,cus_000000012343,9900
in_000000154423,cus_000000012346,9900
in_000000154528,cus_000000012352,29900
in_000000154563,cus_000000012354,9900
in_000000154577,cus_000000012355,79900
in_000000167976,cus_000000013396,199900
in_000000167990,cus_000000013397,29900
in_000000168060,cus_000000013402,29900
in_000000168158,cus_000000013413,9900
in_000000168179,cus_000000013418,199900
in_000000168186,cus_000000013419,199900
in_000000154969,cus_000000012387,29900
in_000000155123,cus_000000012404,9900
in_000000155130,cus_000000012405,29900
in_000000155431,cus_000000012432,29900
in_000000160043,cus_000000012784,79900
in_000000160302,cus_000000012807,29900
in_000000160533,cus_000000012831,29900
in_000000160540,cus_000000012832,29900
in_000000155970,cus_000000012468,9900
in_000000168536,cus_000000013449,9900
in_000000169047,cus_000000013495,9900
in_000000169061,cus_000000013496,9900
in_000000160638,cus_000000012839,29900
in_000000160925,cus_000000012860,29900
in_000000169131,cus_000000013502,29900
in_000000169222,cus_000000013510,9900
in_000000169243,cus_000000013511,79900
in_000000169313,cus_000000013516,9900
in_000000169362,cus_000000013518,9900
in_000000169418,cus_000000013521,29900
in_000000169467,cus_000000013525,29900
in_000000169530,cus_000000013533,29900
in_000000161373,cus_000000012899,9900
in_000000161443,cus_000000012902,9900
in_000000161674,cus_000000012918,9900
in_000000161709,cus_000000012919,199900
in_000000152783,cus_000000012208,29900
in_000000152818,cus_000000012210,79900
in_000000152839,cus_000000012212,29900
in_000000153035,cus_000000012228,79900
in_000000161947,cus_000000012940,9900
in_000000162052,cus_000000012947,9900
in_000000162129,cus_000000012956,29900
in_000000162353,cus_000000012975,299000
in_000000162591,cus_000000013001,9900
in_000000162696,cus_000000013007,9900
in_000000162801,cus_000000013014,9900
in_000000162822,cus_000000013018,299000
in_000000169740,cus_000000013549,79900
in_000000169761,cus_000000013552,29900
in_000000169768,cus_000000013553,99000
in_000000169943,cus_000000013571,9900
in_000000170034,cus_000000013577,9900
in_000000170111,cus_000000013583,9900
in_000000170139,cus_000000013584,9900
in_000000170181,cus_000000013589,99000
in_000000163137,cus_000000013041,29900
in_000000163319,cus_000000013052,79900
in_000000170209,cus_000000013592,9900
in_000000170321,cus_000000013599,79900
in_000000170566,cus_000000013615,79900
in_000000163515,cus_000000013065,29900
in_000000163571,cus_000000013070,9900
in_000000163655,cus_000000013078,199900
in_000000163893,cus_000000013089,79900
in_000000171224,cus_000000013673,9900
in_000000164012,cus_000000013094,29900
in_000000164404,cus_000000013118,9900
in_000000156621,cus_000000012510,29900
in_000000164600,cus_000000013135,29900
in_000000164677,cus_000000013142,9900
in_000000164726,cus_000000013145,199900
in_000000164768,cus_000000013149,99000
in_000000165139,cus_000000013182,29900
in_000000165566,cus_000000013213,199900
in_000000153259,cus_000000012255,29900
in_000000153413,cus_000000012262,79900
in_000000153679,cus_000000012293,9900
in_000000153714,cus_000000012296,29900
in_000000153735,cus_000000012298,9900
in_000000165699,cus_000000013224,29900
in_000000165748,cus_000000013230,29900
in_000000166070,cus_000000013253,9900
in_000000151900,cus_000000012140,79900
in_000000151984,cus_000000012147,29900
in_000000166623,cus_000000013295,199900
in_000000166686,cus_000000013297,9900
in_000000166714,cus_000000013299,29900
in_000000166749,cus_000000013300,9900
in_000000154106,cus_000000012328,29900
in_000000154134,cus_000000012329,29900
in_000000154344,cus_000000012340,9900
in_000000155560,cus_000000012440,29900
in_000000155595,cus_000000012442,9900
in_000000155826,cus_000000012459,9900
in_000000155861,cus_000000012460,199900
in_000000155896,cus_000000012461,79900
in_000000155952,cus_000000012463,29900
in_000000171392,cus_000000013689,9900
in_000000171504,cus_000000013696,199900
in_000000171539,cus_000000013698,9900
in_000000156649,cus_000000012512,29900
in_000000156873,cus_000000012532,29900
in_000000166882,cus_000000013310,9900
in_000000166917,cus_000000013312,79900
in_000000167078,cus_000000013321,9900
in_000000167190,cus_000000013333,79900
in_000000167211,cus_000000013335,9900
in_000000156120,cus_000000012479,79900
in_000000156225,cus_000000012483,29900
in_000000156260,cus_000000012485,9900
in_000000156295,cus_000000012487,79900
in_000000156386,cus_000000012495,199900
in_000000156442,cus_000000012500,29900
in_000000154610,cus_000000012357,9900
in_000000154701,cus_000000012364,9900
in_000000154855,cus_000000012374,9900
in_000000152446,cus_000000012182,29900
in_000000172211,cus_000000013750,9900
in_000000172232,cus_000000013751,29900
in_000000172302,cus_000000013756,199900
in_000000172372,cus_000000013759,199900
in_000000172407,cus_000000013761,199900
in_000000156932,cus_000000012536,29900
in_000000157002,cus_000000012539,29900
in_000000157135,cus_000000012550,9900
in_000000153083,cus_000000012233,29900
in_000000153132,cus_000000012236,29900
in_000000167603,cus_000000013360,29900
in_000000157471,cus_000000012576,9900
in_000000157674,cus_000000012590,79900
in_000000157877,cus_000000012610,9900
in_000000158003,cus_000000012631,29900
in_000000158304,cus_000000012649,29900
in_000000172715,cus_000000013788,9900
in_000000172736,cus_000000013790,9900
in_000000172827,cus_000000013793,9900
in_000000172939,cus_000000013805,29900
in_000000168555,cus_000000013450,9900
in_000000168632,cus_000000013458,29900
in_000000168968,cus_000000013488,9900
in_000000154988,cus_000000012388,79900
in_000000155163,cus_000000012407,9900
in_000000155338,cus_000000012428,9900
in_000000173177,cus_000000013822,29900
in_000000173464,cus_000000013849,9900
in_000000169388,cus_000000013520,9900
in_000000169612,cus_000000013537,9900
in_000000155520,cus_000000012438,299000
in_000000155590,cus_000000012441,79900
in_000000155793,cus_000000012457,9900
in_000000155968,cus_000000012467,299000
in_000000156003,cus_000000012469,9900
in_000000156010,cus_000000012470,99000
in_000000156024,cus_000000012471,9900
in_000000156066,cus_000000012475,29900
in_000000173828,cus_000000013886,79900
in_000000173961,cus_000000013898,79900
in_000000158381,cus_000000012656,9900
in_000000158444,cus_000000012662,9900
in_000000158472,cus_000000012664,9900
in_000000158507,cus_000000012665,9900
in_000000158703,cus_000000012682,29900
in_000000174311,cus_000000013921,9900
in_000000174388,cus_000000013928,29900
in_000000174549,cus_000000013943,29900
in_000000156150,cus_000000012480,9900
in_000000156416,cus_000000012497,79900
in_000000156521,cus_000000012504,29900
in_000000156556,cus_000000012506,29900
in_000000156605,cus_000000012509,9900
in_000000175067,cus_000000013985,99000
in_000000156710,cus_000000012514,79900
in_000000157116,cus_000000012548,199900
in_000000157186,cus_000000012552,29900
in_000000158955,cus_000000012694,9900
in_000000159011,cus_000000012699,9900
in_000000159144,cus_000000012707,99000
in_000000159277,cus_000000012722,9900
in_000000175480,cus_000000014015,199900
in_000000175662,cus_000000014027,79900
in_000000159879,cus_000000012772,9900
in_000000159942,cus_000000012776,29900
in_000000160103,cus_000000012789,9900
in_000000160145,cus_000000012793,9900
in_000000160271,cus_000000012806,199900
in_000000160726,cus_000000012845,79900
in_000000160761,cus_000000012848,29900
in_000000161244,cus_000000012887,29900
in_000000161594,cus_000000012911,29900
in_000000161622,cus_000000012912,29900
in_000000162168,cus_000000012958,9900
in_000000162182,cus_000000012960,199900
in_000000162322,cus_000000012971,9900
in_000000162343,cus_000000012972,9900
in_000000162462,cus_000000012982,9900
in_000000162504,cus_000000012991,299000
in_000000162518,cus_000000012992,29900
in_000000162728,cus_000000013010,29900
in_000000162756,cus_000000013012,799000
in_000000162812,cus_000000013016,9900
in_000000163120,cus_000000013039,9900
in_000000163197,cus_000000013047,99000
in_000000163302,cus_000000013051,9900
in_000000163351,cus_000000013053,9900
in_000000163484,cus_000000013061,29900
in_000000163673,cus_000000013079,9900
in_000000163743,cus_000000013082,9900
in_000000163813,cus_000000013085,9900
in_000000164492,cus_000000013123,79900
in_000000164758,cus_000000013147,9900
in_000000164793,cus_000000013150,9900
in_000000164996,cus_000000013171,79900
in_000000176019,cus_000000014060,9900
in_000000176103,cus_000000014064,29900
in_000000176117,cus_000000014065,9900
in_000000176145,cus_000000014067,9900
in_000000176194,cus_000000014071,9900
in_000000165192,cus_000000013186,79900
in_000000165248,cus_000000013188,79900
in_000000165367,cus_000000013198,299000
in_000000165409,cus_000000013206,29900
in_000000157732,cus_000000012593,79900
in_000000157767,cus_000000012598,29900
in_000000157942,cus_000000012621,29900
in_000000157977,cus_000000012625,79900
in_000000157984,cus_000000012627,29900
in_000000157991,cus_000000012630,9900
in_000000158600,cus_000000012674,29900
in_000000158635,cus_000000012679,9900
in_000000151639,cus_000000012115,29900
in_000000151702,cus_000000012125,299000
in_000000151800,cus_000000012134,29900
in_000000151940,cus_000000012145,9900
in_000000151996,cus_000000012149,29900
in_000000152115,cus_000000012160,29900
in_000000152136,cus_000000012161,9900
in_000000152479,cus_000000012183,9900
in_000000152724,cus_000000012206,9900
in_000000153186,cus_000000012242,29900
in_000000153361,cus_000000012260,9900
in_000000153501,cus_000000012275,9900
in_000000153592,cus_000000012283,9900
in_000000153753,cus_000000012303,79900
in_000000153781,cus_000000012306,9900
in_000000154201,cus_000000012331,29900
in_000000154208,cus_000000012332,99000
in_000000176586,cus_000000014100,29900
in_000000176684,cus_000000014110,79900
in_000000176950,cus_000000014126,29900
in_000000176957,cus_000000014127,79900
in_000000158915,cus_000000012692,9900
in_000000159041,cus_000000012700,9900
in_000000155258,cus_000000012423,79900
in_000000155384,cus_000000012430,9900
in_000000155398,cus_000000012431,9900
in_000000159538,cus_000000012750,9900
in_000000159930,cus_000000012775,9900
in_000000155510,cus_000000012436,9900
in_000000155776,cus_000000012456,9900
in_000000160175,cus_000000012795,29900
in_000000160392,cus_000000012818,29900
in_000000160420,cus_000000012821,29900
in_000000156336,cus_000000012490,199900
in_000000160756,cus_000000012847,29900
in_000000160952,cus_000000012861,9900
in_000000176999,cus_000000014130,9900
in_000000177069,cus_000000014137,79900
in_000000177153,cus_000000014147,9900
in_000000177174,cus_000000014149,9900
in_000000177244,cus_000000014156,29900
in_000000177328,cus_000000014165,9900
in_000000153384,cus_000000012261,9900
in_000000153447,cus_000000012263,79900
in_000000153531,cus_000000012276,79900
in_000000153762,cus_000000012304,799000
in_000000153790,cus_000000012307,9900
in_000000165927,cus_000000013243,199900
in_000000161232,cus_000000012885,9900
in_000000161274,cus_000000012889,9900
in_000000161652,cus_000000012915,9900
in_000000177643,cus_000000014190,99000
in_000000177762,cus_000000014201,99000
in_000000177797,cus_000000014206,79900
in_000000177909,cus_000000014211,9900
in_000000178028,cus_000000014220,9900
in_000000178077,cus_000000014223,9900
in_000000161848,cus_000000012931,29900
in_000000161967,cus_000000012943,799000
in_000000162072,cus_000000012951,9900
in_000000178252,cus_000000014233,29900
in_000000178301,cus_000000014240,9900
in_000000178448,cus_000000014260,9900
in_000000178616,cus_000000014273,79900
in_000000162471,cus_000000012983,9900
in_000000178784,cus_000000014283,9900
in_000000178924,cus_000000014292,29900
in_000000179029,cus_000000014304,79900
in_000000179155,cus_000000014311,9900
in_000000179162,cus_000000014313,29900
in_000000163024,cus_000000013034,799000
in_000000163220,cus_000000013048,199900
in_000000163276,cus_000000013050,79900
in_000000179295,cus_000000014324,99000
in_000000179484,cus_000000014337,9900
in_000000179722,cus_000000014357,9900
in_000000163640,cus_000000013075,79900
in_000000163976,cus_000000013093,79900
in_000000164060,cus_000000013098,79900
in_000000164095,cus_000000013099,9900
in_000000164235,cus_000000013109,9900
in_000000164270,cus_000000013111,29900
in_000000164284,cus_000000013112,199900
in_000000164312,cus_000000013113,9900
in_000000169661,cus_000000013544,9900
in_000000169843,cus_000000013559,29900
in_000000169927,cus_000000013568,79900
in_000000166270,cus_000000013270,199900
in_000000166473,cus_000000013280,29900
in_000000166536,cus_000000013287,9900
in_000000166655,cus_000000013296,29900
in_000000164655,cus_000000013139,9900
in_000000164697,cus_000000013143,29900
in_000000164844,cus_000000013155,9900
in_000000164949,cus_000000013163,29900
in_000000164984,cus_000000013169,29900
in_000000165047,cus_000000013177,79900
in_000000166956,cus_000000013315,199900
in_000000167110,cus_000000013323,29900
in_000000167348,cus_000000013345,9900
in_000000165152,cus_000000013183,9900
in_000000165432,cus_000000013208,79900
in_000000165649,cus_000000013221,9900
in_000000170284,cus_000000013595,9900
in_000000170340,cus_000000013601,29900
in_000000170403,cus_000000013603,79900
in_000000170536,cus_000000013614,299000
in_000000170578,cus_000000013617,29900
in_000000170704,cus_000000013629,299000
in_000000165782,cus_000000013231,79900
in_000000165803,cus_000000013235,9900
in_000000165978,cus_000000013246,9900
in_000000166034,cus_000000013250,9900
in_000000166104,cus_000000013258,79900
in_000000166153,cus_000000013262,29900
in_000000166160,cus_000000013263,9900
in_000000166776,cus_000000013301,29900
in_000000167028,cus_000000013319,29900
in_000000167147,cus_000000013328,9900
in_000000167840,cus_000000013383,29900
in_000000167931,cus_000000013391,9900
in_000000168099,cus_000000013407,9900
in_000000168267,cus_000000013426,29900
in_000000168449,cus_000000013441,9900
in_000000169345,cus_000000013517,79900
in_000000169380,cus_000000013519,29900
in_000000170851,cus_000000013639,199900
in_000000171243,cus_000000013674,9900
in_000000171264,cus_000000013676,29900
in_000000171299,cus_000000013679,9900
in_000000167383,cus_000000013346,79900
in_000000167579,cus_000000013359,29900
in_000000167705,cus_000000013367,9900
in_000000167754,cus_000000013372,29900
in_000000167803,cus_000000013377,79900
in_000000167915,cus_000000013390,9900
in_000000169632,cus_000000013538,29900
in_000000169730,cus_000000013548,9900
in_000000169877,cus_000000013562,9900
in_000000171376,cus_000000013687,29900
in_000000171425,cus_000000013691,299000
in_000000171460,cus_000000013693,9900
in_000000171481,cus_000000013694,9900
in_000000171635,cus_000000013702,79900
in_000000171775,cus_000000013718,9900
in_000000171978,cus_000000013735,79900
in_000000172041,cus_000000013739,9900
in_000000172419,cus_000000013763,9900
in_000000172573,cus_000000013777,29900
in_000000172671,cus_000000013786,199900
in_000000172993,cus_000000013808,99000
in_000000173210,cus_000000013827,29900
in_000000173217,cus_000000013828,99000
in_000000173406,cus_000000013844,9900
in_000000173553,cus_000000013864,99000
in_000000173595,cus_000000013871,9900
in_000000173714,cus_000000013880,79900
in_000000173980,cus_000000013903,9900
in_000000174008,cus_000000013909,9900
in_000000174078,cus_000000013912,79900
in_000000174148,cus_000000013914,199900
in_000000174288,cus_000000013920,79900
in_000000174512,cus_000000013936,29900
in_000000174589,cus_000000013946,29900
in_000000153832,cus_000000012313,199900
in_000000153867,cus_000000012314,29900
in_000000153951,cus_000000012319,9900
in_000000154168,cus_000000012330,29900
in_000000167999,cus_000000013398,99000
in_000000168069,cus_000000013403,29900
in_000000168405,cus_000000013435,79900
in_000000174785,cus_000000013963,79900
in_000000174876,cus_000000013971,9900
in_000000175086,cus_000000013986,29900
in_000000175135,cus_000000013988,29900
in_000000175184,cus_000000013995,9900
in_000000156679,cus_000000012513,9900
in_000000156882,cus_000000012533,9900
in_000000156973,cus_000000012538,9900
in_000000168517,cus_000000013448,9900
in_000000169014,cus_000000013494,9900
in_000000154497,cus_000000012351,9900
in_000000154875,cus_000000012376,79900
in_000000154910,cus_000000012378,9900
in_000000170262,cus_000000013594,9900
in_000000170640,cus_000000013623,9900
in_000000170682,cus_000000013626,29900
in_000000170696,cus_000000013628,9900
in_000000157218,cus_000000012553,9900
in_000000157295,cus_000000012557,9900
in_000000158072,cus_000000012636,29900
in_000000158107,cus_000000012638,79900
in_000000158142,cus_000000012639,9900
in_000000158219,cus_000000012644,29900
in_000000158317,cus_000000012650,9900
in_000000169161,cus_000000013504,79900
in_000000170892,cus_000000013641,9900
in_000000170899,cus_000000013644,99000
in_000000171018,cus_000000013650,9900
in_000000158394,cus_000000012657,29900
in_000000158534,cus_000000012670,299000
in_000000158562,cus_000000012672,79900
in_000000158667,cus_000000012680,9900
in_000000158730,cus_000000012684,79900
in_000000158765,cus_000000012685,9900
in_000000158856,cus_000000012690,79900
in_000000159192,cus_000000012713,9900
in_000000159304,cus_000000012724,99000
in_000000171452,cus_000000013692,29900
in_000000171494,cus_000000013695,29900
in_000000159633,cus_000000012757,9900
in_000000159731,cus_000000012763,9900
in_000000159766,cus_000000012764,29900
in_000000159815,cus_000000012767,199900
in_000000169980,cus_000000013573,29900
in_000000175296,cus_000000014000,9900
in_000000175373,cus_000000014009,29900
in_000000175604,cus_000000014023,9900
in_000000172089,cus_000000013744,29900
in_000000172320,cus_000000013757,79900
in_000000175877,cus_000000014049,29900
in_000000175961,cus_000000014056,9900
in_000000176241,cus_000000014073,79900
in_000000173566,cus_000000013866,9900
in_000000176535,cus_000000014097,9900
in_000000176563,cus_000000014098,29900
in_000000176619,cus_000000014103,9900
in_000000177060,cus_000000014136,9900
in_000000177137,cus_000000014144,79900
in_000000177312,cus_000000014163,29900
in_000000155113,cus_000000012403,9900
in_000000155295,cus_000000012425,29900
in_000000155477,cus_000000012435,9900
in_000000173615,cus_000000013872,79900
in_000000173776,cus_000000013882,9900
in_000000173839,cus_000000013887,9900
in_000000160473,cus_000000012824,9900
in_000000160585,cus_000000012834,79900
in_000000170372,cus_000000013602,29900
in_000000170421,cus_000000013605,9900
in_000000170624,cus_000000013622,9900
in_000000170659,cus_000000013625,79900
in_000000177564,cus_000000014185,199900
in_000000177599,cus_000000014187,9900
in_000000177718,cus_000000014198,9900
in_000000177851,cus_000000014209,29900
in_000000177879,cus_000000014210,79900
in_000000161026,cus_000000012867,99000
in_000000161068,cus_000000012872,79900
in_000000155526,cus_000000012439,9900
in_000000155687,cus_000000012448,79900
in_000000155743,cus_000000012453,199900
in_000000178348,cus_000000014245,9900
in_000000178544,cus_000000014268,9900
in_000000174224,cus_000000013917,9900
in_000000174322,cus_000000013923,799000
in_000000174658,cus_000000013954,29900
in_000000161299,cus_000000012891,29900
in_000000161663,cus_000000012916,79900
in_000000170876,cus_000000013640,199900
in_000000171072,cus_000000013659,199900
in_000000171100,cus_000000013662,29900
in_000000171121,cus_000000013665,9900
in_000000171128,cus_000000013666,29900
in_000000174714,cus_000000013958,29900
in_000000174819,cus_000000013967,9900
in_000000175106,cus_000000013987,9900
in_000000156352,cus_000000012493,79900
in_000000156548,cus_000000012505,9900
in_000000161775,cus_000000012923,9900
in_000000161908,cus_000000012936,9900
in_000000161964,cus_000000012941,9900
in_000000162104,cus_000000012953,9900
in_000000162230,cus_000000012963,9900
in_000000171730,cus_000000013715,199900
in_000000171856,cus_000000013722,29900
in_000000175596,cus_000000014022,9900
in_000000175715,cus_000000014033,199900
in_000000175743,cus_000000014034,29900
in_000000179328,cus_000000014328,79900
in_000000179468,cus_000000014335,29900
in_000000179615,cus_000000014346,29900
in_000000156737,cus_000000012516,79900
in_000000156758,cus_000000012521,99000
in_000000156765,cus_000000012523,29900
in_000000157045,cus_000000012543,79900
in_000000162531,cus_000000012995,9900
in_000000162601,cus_000000013002,9900
in_000000175995,cus_000000014058,29900
in_000000171912,cus_000000013728,9900
in_000000171919,cus_000000013729,99000
in_000000172031,cus_000000013737,9900
in_000000157416,cus_000000012568,79900
in_000000157549,cus_000000012583,9900
in_000000157647,cus_000000012589,9900
in_000000157710,cus_000000012592,29900
in_000000176436,cus_000000014087,79900
in_000000177283,cus_000000014162,9900
in_000000177388,cus_000000014167,29900
in_000000177430,cus_000000014174,99000
in_000000177458,cus_000000014177,29900
in_000000177479,cus_000000014181,29900
in_000000172913,cus_000000013803,79900
in_000000172962,cus_000000013806,29900
in_000000177934,cus_000000014212,9900
in_000000177948,cus_000000014217,9900
in_000000177983,cus_000000014218,29900
in_000000178172,cus_000000014230,79900
in_000000178312,cus_000000014242,299000
in_000000178522,cus_000000014267,199900
in_000000178984,cus_000000014297,29900
in_000000179194,cus_000000014316,9900
in_000000179222,cus_000000014318,9900
in_000000179551,cus_000000014341,79900
in_000000179579,cus_000000014343,199900
in_000000179586,cus_000000014344,199900
in_000000179670,cus_000000014349,29900
in_000000173144,cus_000000013820,199900
in_000000173242,cus_000000013829,9900
in_000000173284,cus_000000013833,79900
in_000000173368,cus_000000013841,9900
in_000000173494,cus_000000013852,79900
in_000000173578,cus_000000013869,79900
in_000000162888,cus_000000013022,29900
in_000000163371,cus_000000013055,199900
in_000000163378,cus_000000013056,9900
in_000000163413,cus_000000013057,79900
in_000000173627,cus_000000013874,9900
in_000000173886,cus_000000013891,79900
in_000000173893,cus_000000013892,199900
in_000000173991,cus_000000013905,9900
in_000000157787,cus_000000012600,9900
in_000000157906,cus_000000012616,9900
in_000000157920,cus_000000012619,29900
in_000000157969,cus_000000012624,29900
in_000000158046,cus_000000012635,9900
in_000000158165,cus_000000012642,29900
in_000000158242,cus_000000012647,9900
in_000000158270,cus_000000012648,29900
in_000000163693,cus_000000013080,29900
in_000000163714,cus_000000013081,79900
in_000000174439,cus_000000013932,9900
in_000000174481,cus_000000013935,199900
in_000000174523,cus_000000013939,9900
in_000000158340,cus_000000012651,29900
in_000000158431,cus_000000012660,9900
in_000000164113,cus_000000013101,9900
in_000000164148,cus_000000013104,9900
in_000000174845,cus_000000013968,9900
in_000000174866,cus_000000013969,9900
in_000000174873,cus_000000013970,1999000
in_000000157461,cus_000000012573,9900
in_000000157524,cus_000000012581,9900
in_000000157566,cus_000000012584,29900
in_000000157580,cus_000000012586,9900
in_000000157615,cus_000000012587,9900
in_000000157825,cus_000000012604,9900
in_000000158231,cus_000000012646,79900
in_000000175426,cus_000000014011,29900
in_000000175797,cus_000000014037,9900
in_000000158942,cus_000000012693,9900
in_000000159061,cus_000000012701,9900
in_000000159369,cus_000000012733,29900
in_000000159432,cus_000000012744,9900
in_000000176280,cus_000000014077,29900
in_000000158525,cus_000000012669,79900
in_000000158826,cus_000000012689,9900
in_000000159516,cus_000000012748,29900
in_000000159530,cus_000000012749,9900
in_000000159565,cus_000000012753,79900
in_000000159600,cus_000000012756,9900
in_000000159663,cus_000000012759,9900
in_000000159719,cus_000000012762,9900
in_000000159796,cus_000000012765,9900
in_000000176504,cus_000000014096,79900
in_000000176875,cus_000000014120,29900
in_000000176889,cus_000000014122,9900
in_000000176910,cus_000000014123,79900
in_000000159092,cus_000000012702,9900
in_000000159183,cus_000000012711,9900
in_000000160405,cus_000000012819,79900
in_000000160489,cus_000000012826,29900
in_000000160524,cus_000000012830,9900
in_000000160566,cus_000000012833,29900
in_000000177225,cus_000000014151,9900
in_000000159687,cus_000000012761,29900
in_000000159855,cus_000000012770,9900
in_000000159862,cus_000000012771,299000
in_000000159904,cus_000000012773,199900
in_000000160016,cus_000000012783,99000
in_000000160622,cus_000000012836,79900
in_000000160783,cus_000000012849,9900
in_000000160888,cus_000000012857,9900
in_000000161000,cus_000000012864,29900
in_000000177827,cus_000000014207,29900
in_000000178009,cus_000000014219,29900
in_000000160065,cus_000000012785,9900
in_000000160100,cus_000000012788,199900
in_000000160184,cus_000000012796,99000
in_000000160226,cus_000000012800,29900
in_000000160366,cus_000000012817,79900
in_000000160499,cus_000000012828,9900
in_000000161203,cus_000000012883,79900
in_000000161644,cus_000000012914,9900
in_000000178268,cus_000000014237,9900
in_000000178436,cus_000000014258,9900
in_000000178485,cus_000000014265,9900
in_000000178562,cus_000000014271,9900
in_000000178597,cus_000000014272,199900
in_000000178625,cus_000000014274,9900
in_000000160660,cus_000000012840,9900
in_000000160856,cus_000000012854,9900
in_000000160912,cus_000000012858,29900
in_000000161122,cus_000000012875,29900
in_000000161896,cus_000000012934,9900
in_000000161917,cus_000000012937,9900
in_000000161987,cus_000000012944,9900
in_000000162022,cus_000000012945,9900
in_000000162092,cus_000000012952,9900
in_000000162148,cus_000000012957,9900
in_000000178828,cus_000000014287,9900
in_000000179010,cus_000000014298,9900
in_000000161178,cus_000000012881,9900
in_000000161318,cus_000000012893,29900
in_000000161479,cus_000000012903,29900
in_000000179437,cus_000000014332,9900
in_000000179458,cus_000000014333,79900
in_000000179528,cus_000000014340,9900
in_000000179696,cus_000000014354,99000
in_000000162295,cus_000000012969,9900
in_000000162428,cus_000000012980,9900
in_000000162582,cus_000000013000,9900
in_000000162659,cus_000000013004,29900
in_000000161731,cus_000000012921,9900
in_000000161808,cus_000000012927,1999000
in_000000162911,cus_000000013024,9900
in_000000163016,cus_000000013033,199900
in_000000163037,cus_000000013035,199900
in_000000163065,cus_000000013036,29900
in_000000163163,cus_000000013043,9900
in_000000163184,cus_000000013044,79900
in_000000162382,cus_000000012976,199900
in_000000162410,cus_000000012978,29900
in_000000162424,cus_000000012979,29900
in_000000162627,cus_000000013003,9900
in_000000163597,cus_000000013073,29900
in_000000163758,cus_000000013083,9900
in_000000163835,cus_000000013086,9900
in_000000163870,cus_000000013087,29900
in_000000163940,cus_000000013092,29900
in_000000162858,cus_000000013020,9900
in_000000162949,cus_000000013026,29900
in_000000162977,cus_000000013027,29900
in_000000163782,cus_000000013084,9900
in_000000164216,cus_000000013108,9900
in_000000164377,cus_000000013117,9900
in_000000164440,cus_000000013120,29900
in_000000164822,cus_000000013151,79900
in_000000164836,cus_000000013153,9900
in_000000164843,cus_000000013154,799000
in_000000164878,cus_000000013157,29900
in_000000164892,cus_000000013160,9900
in_000000164927,cus_000000013162,9900
in_000000164566,cus_000000013132,29900
in_000000165105,cus_000000013181,9900
in_000000165487,cus_000000013210,9900
in_000000165287,cus_000000013191,29900
in_000000165322,cus_000000013193,9900
in_000000165385,cus_000000013201,9900
in_000000165546,cus_000000013212,199900
in_000000165998,cus_000000013247,199900
in_000000166054,cus_000000013251,9900
in_000000166082,cus_000000013254,9900
in_000000165833,cus_000000013236,9900
in_000000165861,cus_000000013238,79900
in_000000165910,cus_000000013240,29900
in_000000166204,cus_000000013266,29900
in_000000166572,cus_000000013288,9900
in_000000166316,cus_000000013272,9900
in_000000166484,cus_000000013283,299000
in_000000166824,cus_000000013306,199900
in_000000167139,cus_000000013327,9900
in_000000167293,cus_000000013342,79900
in_000000167314,cus_000000013343,29900
in_000000166988,cus_000000013316,29900
in_000000167177,cus_000000013331,9900
in_000000167517,cus_000000013356,29900
in_000000167671,cus_000000013365,9900
in_000000167741,cus_000000013369,29900
in_000000167944,cus_000000013394,9900
in_000000168357,cus_000000013433,9900
in_000000168476,cus_000000013443,29900
in_000000168031,cus_000000013401,79900
in_000000168644,cus_000000013459,9900
in_000000168840,cus_000000013475,9900
in_000000168994,cus_000000013489,79900
in_000000165009,cus_000000013174,79900
in_000000165037,cus_000000013175,79900
in_000000165044,cus_000000013176,99000
in_000000165632,cus_000000013218,79900
in_000000165723,cus_000000013229,79900
in_000000165954,cus_000000013244,9900
in_000000166129,cus_000000013259,9900
in_000000166416,cus_000000013276,9900
in_000000167424,cus_000000013349,29900
in_000000167550,cus_000000013357,9900
in_000000168124,cus_000000013409,29900
in_000000168138,cus_000000013410,9900
in_000000168236,cus_000000013423,9900
in_000000168285,cus_000000013430,9900
in_000000168383,cus_000000013434,9900
in_000000169288,cus_000000013515,79900
in_000000169456,cus_000000013523,29900
in_000000168607,cus_000000013457,9900
in_000000168712,cus_000000013467,79900
in_000000168747,cus_000000013468,9900
in_000000168782,cus_000000013471,9900
in_000000168810,cus_000000013473,29900
in_000000168866,cus_000000013476,29900
in_000000168901,cus_000000013479,29900
in_000000168929,cus_000000013481,79900
in_000000169890,cus_000000013564,9900
in_000000169967,cus_000000013572,79900
in_000000170072,cus_000000013579,79900
in_000000169545,cus_000000013534,29900
in_000000170464,cus_000000013608,79900
in_000000170597,cus_000000013619,79900
in_000000170604,cus_000000013620,9900
in_000000169685,cus_000000013546,29900
in_000000170014,cus_000000013576,9900
in_000000170161,cus_000000013585,9900
in_000000170912,cus_000000013646,29900
in_000000170490,cus_000000013610,199900
in_000000170525,cus_000000013612,29900
in_000000170728,cus_000000013631,29900
in_000000171339,cus_000000013683,29900
in_000000170791,cus_000000013635,9900
in_000000170812,cus_000000013636,29900
in_000000170819,cus_000000013637,9900
in_000000171575,cus_000000013700,29900
in_000000171687,cus_000000013712,29900
in_000000171834,cus_000000013721,29900
in_000000171892,cus_000000013725,9900
in_000000172137,cus_000000013746,79900
in_000000171939,cus_000000013732,9900
in_000000171995,cus_000000013736,29900
in_000000172051,cus_000000013740,9900
in_000000172275,cus_000000013754,29900
in_000000172415,cus_000000013762,299000
in_000000172464,cus_000000013768,29900
in_000000172506,cus_000000013771,9900
in_000000172660,cus_000000013784,99000
in_000000172891,cus_000000013799,9900
in_000000173010,cus_000000013809,9900
in_000000172606,cus_000000013780,9900
in_000000172858,cus_000000013795,9900
in_000000173444,cus_000000013847,199900
in_000000173934,cus_000000013897,9900
in_000000174235,cus_000000013918,29900
in_000000174354,cus_000000013925,9900
in_000000173068,cus_000000013815,79900
in_000000173117,cus_000000013819,9900
in_000000173306,cus_000000013834,199900
in_000000173544,cus_000000013862,9900
in_000000174928,cus_000000013975,29900
in_000000173649,cus_000000013875,29900
in_000000173677,cus_000000013876,199900
in_000000175761,cus_000000014035,199900
in_000000174468,cus_000000013933,9900
in_000000174615,cus_000000013948,79900
in_000000174629,cus_000000013950,9900
in_000000174671,cus_000000013955,9900
in_000000174692,cus_000000013956,9900
in_000000175908,cus_000000014050,9900
in_000000176181,cus_000000014070,199900
in_000000176314,cus_000000014079,9900
in_000000176349,cus_000000014082,199900
in_000000176461,cus_000000014092,199900
in_000000176839,cus_000000014119,9900
in_000000177266,cus_000000014160,9900
in_000000177364,cus_000000014166,29900
in_000000174951,cus_000000013976,29900
in_000000174979,cus_000000013977,9900
in_000000175021,cus_000000013982,9900
in_000000177665,cus_000000014195,9900
in_000000178043,cus_000000014221,29900
in_000000175364,cus_000000014007,9900
in_000000175686,cus_000000014030,79900
in_000000175805,cus_000000014038,79900
in_000000175819,cus_000000014043,99000
in_000000178106,cus_000000014225,29900
in_000000178141,cus_000000014229,199900
in_000000178232,cus_000000014232,29900
in_000000178316,cus_000000014244,9900
in_000000176050,cus_000000014062,29900
in_000000176134,cus_000000014066,9900
in_000000176211,cus_000000014072,29900
in_000000176379,cus_000000014085,29900
in_000000176407,cus_000000014086,9900
in_000000178694,cus_000000014278,9900
in_000000178904,cus_000000014291,199900
in_000000179086,cus_000000014307,9900
in_000000179107,cus_000000014308,29900
in_000000176477,cus_000000014094,9900
in_000000176792,cus_000000014117,79900
in_000000176820,cus_000000014118,29900
in_000000179247,cus_000000014320,79900
in_000000179751,cus_000000014358,9900
in_000000176981,cus_000000014128,29900
in_000000177023,cus_000000014131,9900
in_000000177205,cus_000000014150,79900
in_000000177422,cus_000000014173,9900
in_000000177436,cus_000000014175,29900
in_000000177534,cus_000000014184,29900
in_000000177702,cus_000000014197,29900
in_000000178682,cus_000000014276,79900
in_000000178752,cus_000000014281,29900
in_000000178955,cus_000000014294,29900
in_000000179067,cus_000000014306,79900
in_000000179242,cus_000000014319,199900
in_000000179410,cus_000000014331,199900
in_000000179683,cus_000000014350,9900
in_000000180366,cus_000000014406,79900
in_000000180513,cus_000000014421,9900
in_000000180569,cus_000000014424,9900
in_000000181052,cus_000000014475,9900
in_000000181101,cus_000000014478,9900
in_000000181311,cus_000000014503,9900
in_000000181458,cus_000000014515,9900
in_000000181570,cus_000000014526,199900
in_000000181920,cus_000000014548,29900
in_000000182200,cus_000000014568,29900
in_000000182242,cus_000000014570,29900
in_000000182585,cus_000000014593,79900
in_000000182879,cus_000000014611,29900
in_000000183103,cus_000000014625,9900
in_000000183131,cus_000000014629,9900
in_000000183208,cus_000000014634,9900
in_000000183397,cus_000000014650,9900
in_000000183460,cus_000000014659,29900
in_000000184013,cus_000000014717,29900
in_000000184076,cus_000000014725,9900
in_000000184356,cus_000000014755,9900
in_000000184685,cus_000000014783,29900
in_000000184832,cus_000000014792,9900
in_000000185196,cus_000000014811,29900
in_000000185203,cus_000000014812,9900
in_000000185336,cus_000000014820,9900
in_000000185399,cus_000000014823,199900
in_000000185490,cus_000000014829,29900
in_000000185686,cus_000000014842,9900
in_000000185693,cus_000000014843,9900
in_000000185763,cus_000000014846,9900
in_000000185770,cus_000000014847,79900
in_000000185910,cus_000000014853,29900
in_000000186330,cus_000000014893,79900
in_000000186379,cus_000000014898,29900
in_000000186428,cus_000000014900,9900
in_000000186456,cus_000000014902,9900
in_000000186491,cus_000000014904,9900
in_000000186610,cus_000000014915,79900
in_000000186764,cus_000000014927,199900
in_000000186799,cus_000000014928,9900
in_000000187142,cus_000000014956,29900
in_000000187170,cus_000000014958,9900
in_000000187191,cus_000000014961,29900
in_000000187212,cus_000000014966,79900
in_000000187450,cus_000000014984,29900
in_000000187555,cus_000000014997,9900
in_000000187863,cus_000000015027,9900
in_000000187912,cus_000000015030,9900
in_000000188122,cus_000000015041,9900
in_000000188304,cus_000000015056,29900
in_000000188339,cus_000000015057,79900
in_000000188584,cus_000000015082,9900
in_000000188836,cus_000000015113,9900
in_000000189333,cus_000000015153,9900
in_000000189522,cus_000000015165,79900
in_000000189578,cus_000000015167,9900
in_000000189746,cus_000000015178,79900
in_000000189935,cus_000000015188,29900
in_000000189970,cus_000000015195,9900
in_000000190131,cus_000000015205,9900
in_000000190201,cus_000000015213,79900
in_000000190369,cus_000000015228,29900
in_000000190530,cus_000000015247,79900
in_000000190579,cus_000000015251,29900
in_000000190663,cus_000000015259,29900
in_000000190705,cus_000000015264,29900
in_000000190733,cus_000000015269,29900
in_000000190859,cus_000000015279,9900
in_000000190887,cus_000000015280,9900
in_000000190908,cus_000000015282,9900
in_000000190964,cus_000000015286,29900
in_000000191272,cus_000000015303,9900
in_000000191342,cus_000000015306,9900
in_000000191391,cus_000000015310,9900
in_000000191447,cus_000000015316,9900
in_000000191874,cus_000000015356,29900
in_000000191944,cus_000000015365,199900
in_000000192014,cus_000000015369,9900
in_000000192098,cus_000000015376,29900
in_000000192182,cus_000000015381,9900
in_000000192189,cus_000000015382,29900
in_000000192385,cus_000000015402,9900
in_000000192630,cus_000000015420,9900
in_000000192791,cus_000000015430,9900
in_000000192861,cus_000000015434,29900
in_000000193057,cus_000000015452,29900
in_000000193435,cus_000000015484,9900
in_000000193463,cus_000000015486,9900
in_000000194065,cus_000000015540,9900
in_000000194569,cus_000000015573,199900
in_000000194828,cus_000000015591,79900
in_000000194982,cus_000000015605,9900
in_000000195388,cus_000000015638,29900
in_000000195528,cus_000000015647,29900
in_000000195787,cus_000000015665,29900
in_000000195864,cus_000000015669,299000
in_000000196137,cus_000000015686,9900
in_000000196291,cus_000000015698,9900
in_000000196473,cus_000000015713,299000
in_000000196606,cus_000000015726,9900
in_000000196697,cus_000000015733,29900
in_000000196732,cus_000000015736,79900
in_000000196795,cus_000000015739,9900
in_000000197208,cus_000000015768,9900
in_000000197474,cus_000000015787,9900
in_000000197544,cus_000000015789,9900
in_000000197656,cus_000000015800,9900
in_000000197775,cus_000000015818,199900
in_000000197929,cus_000000015833,79900
in_000000198076,cus_000000015845,9900
in_000000198258,cus_000000015856,29900
in_000000198342,cus_000000015864,29900
in_000000198349,cus_000000015865,99000
in_000000198475,cus_000000015883,99000
in_000000198552,cus_000000015889,199900
in_000000198902,cus_000000015917,79900
in_000000199056,cus_000000015928,79900
in_000000199196,cus_000000015941,9900
in_000000199280,cus_000000015949,79900
in_000000199420,cus_000000015960,9900
in_000000199490,cus_000000015964,9900
in_000000199854,cus_000000015993,9900
in_000000199966,cus_000000015999,9900
in_000000200176,cus_000000016018,79900
in_000000200204,cus_000000016023,29900
in_000000200281,cus_000000016030,9900
in_000000200729,cus_000000016060,29900
in_000000200883,cus_000000016067,29900
in_000000200918,cus_000000016073,9900
in_000000201135,cus_000000016089,79900
in_000000201317,cus_000000016100,29900
in_000000201506,cus_000000016115,9900
in_000000201765,cus_000000016134,299000
in_000000201863,cus_000000016140,199900
in_000000201898,cus_000000016141,9900
in_000000202192,cus_000000016159,9900
in_000000202346,cus_000000016169,29900
in_000000202402,cus_000000016179,9900
in_000000202549,cus_000000016185,199900
in_000000202962,cus_000000016220,199900
in_000000203179,cus_000000016230,9900
in_000000203753,cus_000000016266,199900
in_000000203837,cus_000000016272,29900
in_000000204131,cus_000000016294,9900
in_000000204229,cus_000000016308,79900
in_000000204348,cus_000000016317,9900
in_000000204495,cus_000000016329,79900
in_000000204530,cus_000000016332,79900
in_000000204866,cus_000000016364,9900
in_000000204929,cus_000000016370,199900
in_000000204950,cus_000000016371,9900
in_000000205111,cus_000000016381,79900
in_000000205230,cus_000000016387,29900
in_000000205272,cus_000000016390,9900
in_000000205279,cus_000000016391,9900
in_000000205370,cus_000000016398,9900
in_000000205510,cus_000000016412,199900
in_000000205783,cus_000000016435,9900
in_000000205853,cus_000000016443,29900
in_000000206000,cus_000000016456,29900
in_000000206056,cus_000000016461,9900
in_000000206084,cus_000000016465,29900
in_000000206413,cus_000000016493,9900
in_000000206560,cus_000000016505,79900
in_000000206679,cus_000000016512,29900
in_000000206931,cus_000000016529,79900
in_000000207281,cus_000000016548,79900
in_000000207316,cus_000000016550,29900
in_000000207708,cus_000000016581,9900
in_000000207757,cus_000000016585,9900
in_000000207883,cus_000000016592,29900
in_000000208170,cus_000000016614,9900
in_000000208275,cus_000000016621,29900
in_000000208296,cus_000000016623,9900
in_000000208303,cus_000000016624,29900
in_000000208450,cus_000000016636,9900
in_000000179937,cus_000000014370,29900
in_000000180112,cus_000000014382,9900
in_000000180161,cus_000000014388,9900
in_000000180441,cus_000000014411,9900
in_000000180721,cus_000000014444,9900
in_000000180959,cus_000000014465,29900
in_000000180987,cus_000000014469,79900
in_000000181120,cus_000000014483,29900
in_000000181169,cus_000000014488,9900
in_000000181204,cus_000000014493,9900
in_000000181218,cus_000000014494,9900
in_000000181498,cus_000000014521,299000
in_000000181505,cus_000000014522,9900
in_000000181610,cus_000000014529,79900
in_000000181876,cus_000000014544,9900
in_000000181960,cus_000000014550,1999000
in_000000182282,cus_000000014575,9900
in_000000182667,cus_000000014599,99000
in_000000183024,cus_000000014620,199900
in_000000183297,cus_000000014640,9900
in_000000183353,cus_000000014646,79900
in_000000183794,cus_000000014693,9900
in_000000184039,cus_000000014722,9900
in_000000184179,cus_000000014736,79900
in_000000184438,cus_000000014764,9900
in_000000184515,cus_000000014769,9900
in_000000184599,cus_000000014774,79900
in_000000184998,cus_000000014799,9900
in_000000185145,cus_000000014808,79900
in_000000185292,cus_000000014818,79900
in_000000185390,cus_000000014822,9900
in_000000185803,cus_000000014848,199900
in_000000185852,cus_000000014850,29900
in_000000185950,cus_000000014855,9900
in_000000186244,cus_000000014887,29900
in_000000186503,cus_000000014906,9900
in_000000186664,cus_000000014919,79900
in_000000186741,cus_000000014925,79900
in_000000186909,cus_000000014938,9900
in_000000186944,cus_000000014939,9900
in_000000187245,cus_000000014967,79900
in_000000187385,cus_000000014981,9900
in_000000187567,cus_000000015000,799000
in_000000187630,cus_000000015007,9900
in_000000187882,cus_000000015029,9900
in_000000188064,cus_000000015037,9900
in_000000188218,cus_000000015047,29900
in_000000188246,cus_000000015049,9900
in_000000188631,cus_000000015089,79900
in_000000188743,cus_000000015101,79900
in_000000188932,cus_000000015124,29900
in_000000189261,cus_000000015145,29900
in_000000189387,cus_000000015156,29900
in_000000189681,cus_000000015172,9900
in_000000190150,cus_000000015207,9900
in_000000190346,cus_000000015227,29900
in_000000190493,cus_000000015243,9900
in_000000190549,cus_000000015250,29900
in_000000191137,cus_000000015297,79900
in_000000191242,cus_000000015302,29900
in_000000191354,cus_000000015307,29900
in_000000191704,cus_000000015340,299000
in_000000191914,cus_000000015359,9900
in_000000191963,cus_000000015367,79900
in_000000192124,cus_000000015379,29900
in_000000192159,cus_000000015380,9900
in_000000192355,cus_000000015399,9900
in_000000192565,cus_000000015417,799000
in_000000192677,cus_000000015422,29900
in_000000192698,cus_000000015425,79900
in_000000192817,cus_000000015432,9900
in_000000192922,cus_000000015442,29900
in_000000193335,cus_000000015473,79900
in_000000193559,cus_000000015492,29900
in_000000193636,cus_000000015502,29900
in_000000193664,cus_000000015504,9900
in_000000193706,cus_000000015507,29900
in_000000193748,cus_000000015512,29900
in_000000193874,cus_000000015527,29900
in_000000193881,cus_000000015528,29900
in_000000194098,cus_000000015541,9900
in_000000194105,cus_000000015542,9900
in_000000194371,cus_000000015560,9900
in_000000194434,cus_000000015563,79900
in_000000194889,cus_000000015594,29900
in_000000194952,cus_000000015604,99000
in_000000195113,cus_000000015616,9900
in_000000195281,cus_000000015631,9900
in_000000195687,cus_000000015657,29900
in_000000195813,cus_000000015666,9900
in_000000195855,cus_000000015668,29900
in_000000196177,cus_000000015689,79900
in_000000196191,cus_000000015690,29900
in_000000196233,cus_000000015694,9900
in_000000196380,cus_000000015706,79900
in_000000196555,cus_000000015717,29900
in_000000196709,cus_000000015734,9900
in_000000197024,cus_000000015752,29900
in_000000197283,cus_000000015776,9900
in_000000197577,cus_000000015793,9900
in_000000197822,cus_000000015827,9900
in_000000197857,cus_000000015828,29900
in_000000197948,cus_000000015834,9900
in_000000197955,cus_000000015835,799000
in_000000198039,cus_000000015841,9900
in_000000198172,cus_000000015850,9900
in_000000198375,cus_000000015870,29900
in_000000198564,cus_000000015891,79900
in_000000198599,cus_000000015892,29900
in_000000198634,cus_000000015893,9900
in_000000198648,cus_000000015895,9900
in_000000198655,cus_000000015896,799000
in_000000198774,cus_000000015906,29900
in_000000198795,cus_000000015907,9900
in_000000198837,cus_000000015912,29900
in_000000199026,cus_000000015927,29900
in_000000199089,cus_000000015930,9900
in_000000199110,cus_000000015933,9900
in_000000199439,cus_000000015961,29900
in_000000199523,cus_000000015965,9900
in_000000199551,cus_000000015966,29900
in_000000199880,cus_000000015996,9900
in_000000199978,cus_000000016000,199900
in_000000200230,cus_000000016027,9900
in_000000200412,cus_000000016040,29900
in_000000200692,cus_000000016057,79900
in_000000200986,cus_000000016076,79900
in_000000201161,cus_000000016093,79900
in_000000201826,cus_000000016138,29900
in_000000202092,cus_000000016153,29900
in_000000202267,cus_000000016164,199900
in_000000202288,cus_000000016166,79900
in_000000203121,cus_000000016227,79900
in_000000203359,cus_000000016241,9900
in_000000203597,cus_000000016254,9900
in_000000203660,cus_000000016260,9900
in_000000203982,cus_000000016284,9900
in_000000204857,cus_000000016363,9900
in_000000205459,cus_000000016405,9900
in_000000205963,cus_000000016453,9900
in_000000206173,cus_000000016470,79900
in_000000206404,cus_000000016492,9900
in_000000206432,cus_000000016494,29900
in_000000206453,cus_000000016497,9900
in_000000206712,cus_000000016514,9900
in_000000206845,cus_000000016525,9900
in_000000206866,cus_000000016526,29900
in_000000207188,cus_000000016541,29900
in_000000207671,cus_000000016579,9900
in_000000208028,cus_000000016604,9900
in_000000208119,cus_000000016611,79900
in_000000208196,cus_000000016616,29900
in_000000208504,cus_000000016638,9900
in_000000208518,cus_000000016639,9900
in_000000180284,cus_000000014399,79900
in_000000180578,cus_000000014425,9900
in_000000180641,cus_000000014433,9900
in_000000180795,cus_000000014450,799000
in_000000180998,cus_000000014470,79900
in_000000181117,cus_000000014482,99000
in_000000181369,cus_000000014508,29900
in_000000181488,cus_000000014519,9900
in_000000181845,cus_000000014543,9900
in_000000181978,cus_000000014551,9900
in_000000182258,cus_000000014574,799000
in_000000182349,cus_000000014581,79900
in_000000182419,cus_000000014584,29900
in_000000182461,cus_000000014587,9900
in_000000182615,cus_000000014594,79900
in_000000182699,cus_000000014602,99000
in_000000182937,cus_000000014614,79900
in_000000182951,cus_000000014617,9900
in_000000183168,cus_000000014631,79900
in_000000184288,cus_000000014747,29900
in_000000184337,cus_000000014751,9900
in_000000184638,cus_000000014778,299000
in_000000184645,cus_000000014779,9900
in_000000184743,cus_000000014788,9900
in_000000185037,cus_000000014801,9900
in_000000185072,cus_000000014803,9900
in_000000185226,cus_000000014815,29900
in_000000185737,cus_000000014845,29900
in_000000186017,cus_000000014862,29900
in_000000186066,cus_000000014873,9900
in_000000186409,cus_000000014899,29900
in_000000186479,cus_000000014903,9900
in_000000179817,cus_000000014364,99000
in_000000179901,cus_000000014369,29900
in_000000180041,cus_000000014375,29900
in_000000187361,cus_000000014980,79900
in_000000187543,cus_000000014994,9900
in_000000187585,cus_000000015002,29900
in_000000187613,cus_000000015005,9900
in_000000180398,cus_000000014408,9900
in_000000180867,cus_000000014457,9900
in_000000187781,cus_000000015014,9900
in_000000180923,cus_000000014464,9900
in_000000181182,cus_000000014489,9900
in_000000181259,cus_000000014498,9900
in_000000181322,cus_000000014504,9900
in_000000181413,cus_000000014512,9900
in_000000181469,cus_000000014516,199900
in_000000188432,cus_000000015068,79900
in_000000188474,cus_000000015072,29900
in_000000188551,cus_000000015077,79900
in_000000188684,cus_000000015094,199900
in_000000188894,cus_000000015122,9900
in_000000188943,cus_000000015126,299000
in_000000189104,cus_000000015133,9900
in_000000189139,cus_000000015134,79900
in_000000189195,cus_000000015136,9900
in_000000189615,cus_000000015169,29900
in_000000181532,cus_000000014523,9900
in_000000181693,cus_000000014534,9900
in_000000181728,cus_000000014535,9900
in_000000181749,cus_000000014538,299000
in_000000181952,cus_000000014549,199900
in_000000182169,cus_000000014567,9900
in_000000182316,cus_000000014579,29900
in_000000182575,cus_000000014592,199900
in_000000190042,cus_000000015201,9900
in_000000190245,cus_000000015219,79900
in_000000190294,cus_000000015221,9900
in_000000190462,cus_000000015236,29900
in_000000182708,cus_000000014603,29900
in_000000182743,cus_000000014604,9900
in_000000182778,cus_000000014606,9900
in_000000182813,cus_000000014609,29900
in_000000183114,cus_000000014628,199900
in_000000190980,cus_000000015287,9900
in_000000183688,cus_000000014686,29900
in_000000191652,cus_000000015336,9900
in_000000183779,cus_000000014692,29900
in_000000183856,cus_000000014703,29900
in_000000184150,cus_000000014731,9900
in_000000184213,cus_000000014740,9900
in_000000184276,cus_000000014745,9900
in_000000191729,cus_000000015343,9900
in_000000191764,cus_000000015346,9900
in_000000192072,cus_000000015373,29900
in_000000184577,cus_000000014773,29900
in_000000184626,cus_000000014775,29900
in_000000184710,cus_000000014784,29900
in_000000184808,cus_000000014790,29900
in_000000192268,cus_000000015388,29900
in_000000192296,cus_000000015394,799000
in_000000192408,cus_000000015403,29900
in_000000192471,cus_000000015408,9900
in_000000192520,cus_000000015411,9900
in_000000192765,cus_000000015427,79900
in_000000184976,cus_000000014798,9900
in_000000192835,cus_000000015433,79900
in_000000192968,cus_000000015445,29900
in_000000193108,cus_000000015457,299000
in_000000193164,cus_000000015461,29900
in_000000193262,cus_000000015470,9900
in_000000185571,cus_000000014832,199900
in_000000185662,cus_000000014839,29900
in_000000185823,cus_000000014849,199900
in_000000193577,cus_000000015495,79900
in_000000193780,cus_000000015514,9900
in_000000193815,cus_000000015516,29900
in_000000186215,cus_000000014883,29900
in_000000186264,cus_000000014888,9900
in_000000186271,cus_000000014889,199900
in_000000194263,cus_000000015554,79900
in_000000194354,cus_000000015559,79900
in_000000186656,cus_000000014918,79900
in_000000186880,cus_000000014936,9900
in_000000187013,cus_000000014949,29900
in_000000187125,cus_000000014955,29900
in_000000194501,cus_000000015567,199900
in_000000194529,cus_000000015571,9900
in_000000194641,cus_000000015579,29900
in_000000194865,cus_000000015593,9900
in_000000187195,cus_000000014962,99000
in_000000187265,cus_000000014970,29900
in_000000187342,cus_000000014979,29900
in_000000187475,cus_000000014987,9900
in_000000187720,cus_000000015010,29900
in_000000188189,cus_000000015045,79900
in_000000188210,cus_000000015046,9900
in_000000188280,cus_000000015054,9900
in_000000188364,cus_000000015058,9900
in_000000188560,cus_000000015078,299000
in_000000188665,cus_000000015093,99000
in_000000188770,cus_000000015106,199900
in_000000188798,cus_000000015107,29900
in_000000195089,cus_000000015613,9900
in_000000195243,cus_000000015629,9900
in_000000195369,cus_000000015636,9900
in_000000188966,cus_000000015127,29900
in_000000189043,cus_000000015130,29900
in_000000189162,cus_000000015135,9900
in_000000189407,cus_000000015157,9900
in_000000189463,cus_000000015161,29900
in_000000189498,cus_000000015164,79900
in_000000189771,cus_000000015180,29900
in_000000179809,cus_000000014363,29900
in_000000180075,cus_000000014377,9900
in_000000180096,cus_000000014380,9900
in_000000180222,cus_000000014395,29900
in_000000196314,cus_000000015701,9900
in_000000196356,cus_000000015704,9900
in_000000196426,cus_000000015710,99000
in_000000196573,cus_000000015719,9900
in_000000190030,cus_000000015200,29900
in_000000190226,cus_000000015215,79900
in_000000190422,cus_000000015233,79900
in_000000196818,cus_000000015740,29900
in_000000196839,cus_000000015741,9900
in_000000197147,cus_000000015764,29900
in_000000190597,cus_000000015254,199900
in_000000180481,cus_000000014415,199900
in_000000180488,cus_000000014416,29900
in_000000180558,cus_000000014423,29900
in_000000180663,cus_000000014437,79900
in_000000180670,cus_000000014438,9900
in_000000180880,cus_000000014460,9900
in_000000191185,cus_000000015300,29900
in_000000191220,cus_000000015301,29900
in_000000191402,cus_000000015311,9900
in_000000191521,cus_000000015320,29900
in_000000191535,cus_000000015321,9900
in_000000181034,cus_000000014474,9900
in_000000197882,cus_000000015830,9900
in_000000198008,cus_000000015839,9900
in_000000198106,cus_000000015846,9900
in_000000191829,cus_000000015353,199900
in_000000192046,cus_000000015370,29900
in_000000192487,cus_000000015409,29900
in_000000192641,cus_000000015421,29900
in_000000192732,cus_000000015426,29900
in_000000198442,cus_000000015879,9900
in_000000198673,cus_000000015897,29900
in_000000198743,cus_000000015904,29900
in_000000198974,cus_000000015921,199900
in_000000193026,cus_000000015451,79900
in_000000193068,cus_000000015454,99000
in_000000193229,cus_000000015466,9900
in_000000181741,cus_000000014537,29900
in_000000181776,cus_000000014539,79900
in_000000181804,cus_000000014540,29900
in_000000199009,cus_000000015924,9900
in_000000199065,cus_000000015929,29900
in_000000199338,cus_000000015954,79900
in_000000193495,cus_000000015488,29900
in_000000193726,cus_000000015510,9900
in_000000193915,cus_000000015529,29900
in_000000182224,cus_000000014569,29900
in_000000182385,cus_000000014583,29900
in_000000182497,cus_000000014588,29900
in_000000182511,cus_000000014589,29900
in_000000199583,cus_000000015969,9900
in_000000199695,cus_000000015979,199900
in_000000199730,cus_000000015982,9900
in_000000194132,cus_000000015543,29900
in_000000194209,cus_000000015551,29900
in_000000182903,cus_000000014612,9900
in_000000182987,cus_000000014618,9900
in_000000200150,cus_000000016017,199900
in_000000200374,cus_000000016038,29900
in_000000200514,cus_000000016047,9900
in_000000183281,cus_000000014639,9900
in_000000194510,cus_000000015568,29900
in_000000194622,cus_000000015578,9900
in_000000194685,cus_000000015581,9900
in_000000194762,cus_000000015586,9900
in_000000194769,cus_000000015587,9900
in_000000194790,cus_000000015589,29900
in_000000194944,cus_000000015603,29900
in_000000200892,cus_000000016068,29900
in_000000201067,cus_000000016083,9900
in_000000183967,cus_000000014715,29900
in_000000184002,cus_000000014716,29900
in_000000184030,cus_000000014719,29900
in_000000184114,cus_000000014730,29900
in_000000184254,cus_000000014744,29900
in_000000184541,cus_000000014771,9900
in_000000195154,cus_000000015618,79900
in_000000195161,cus_000000015619,79900
in_000000195196,cus_000000015623,29900
in_000000185262,cus_000000014816,199900
in_000000185360,cus_000000014821,79900
in_000000201340,cus_000000016101,29900
in_000000201424,cus_000000016109,29900
in_000000201480,cus_000000016114,9900
in_000000195637,cus_000000015654,199900
in_000000195651,cus_000000015655,9900
in_000000195833,cus_000000015667,79900
in_000000195966,cus_000000015674,29900
in_000000196036,cus_000000015678,9900
in_000000196169,cus_000000015688,9900
in_000000185598,cus_000000014833,29900
in_000000201907,cus_000000016142,99000
in_000000202047,cus_000000016151,79900
in_000000202159,cus_000000016158,9900
in_000000202208,cus_000000016161,79900
in_000000202614,cus_000000016187,9900
in_000000202936,cus_000000016218,29900
in_000000186130,cus_000000014877,9900
in_000000186291,cus_000000014890,79900
in_000000186529,cus_000000014908,9900
in_000000203146,cus_000000016228,79900
in_000000203307,cus_000000016238,9900
in_000000203384,cus_000000016243,9900
in_000000203419,cus_000000016244,9900
in_000000203461,cus_000000016246,9900
in_000000196442,cus_000000015711,29900
in_000000186725,cus_000000014924,29900
in_000000186844,cus_000000014931,99000
in_000000186956,cus_000000014942,9900
in_000000196918,cus_000000015746,9900
in_000000197044,cus_000000015754,29900
in_000000197079,cus_000000015760,9900
in_000000197170,cus_000000015765,9900
in_000000197240,cus_000000015774,29900
in_000000197268,cus_000000015775,9900
in_000000203531,cus_000000016252,79900
in_000000203643,cus_000000016258,79900
in_000000203797,cus_000000016268,9900
in_000000187159,cus_000000014957,9900
in_000000187292,cus_000000014971,199900
in_000000187698,cus_000000015009,79900
in_000000197415,cus_000000015784,9900
in_000000197443,cus_000000015786,29900
in_000000197548,cus_000000015791,9900
in_000000197716,cus_000000015807,9900
in_000000204280,cus_000000016310,29900
in_000000187838,cus_000000015024,9900
in_000000187999,cus_000000015034,9900
in_000000188020,cus_000000015035,9900
in_000000197898,cus_000000015832,29900
in_000000198052,cus_000000015843,799000
in_000000198388,cus_000000015872,9900
in_000000198409,cus_000000015878,9900
in_000000204658,cus_000000016347,79900
in_000000204826,cus_000000016357,9900
in_000000205001,cus_000000016375,9900
in_000000205029,cus_000000016378,9900
in_000000188496,cus_000000015073,9900
in_000000188692,cus_000000015095,9900
in_000000205400,cus_000000016401,9900
in_000000205729,cus_000000016432,29900
in_000000188846,cus_000000015114,29900
in_000000189000,cus_000000015128,199900
in_000000189077,cus_000000015131,199900
in_000000189224,cus_000000015143,9900
in_000000189273,cus_000000015146,199900
in_000000198493,cus_000000015884,79900
in_000000198864,cus_000000015915,29900
in_000000189812,cus_000000015182,9900
in_000000189847,cus_000000015183,9900
in_000000189903,cus_000000015187,79900
in_000000189952,cus_000000015191,29900
in_000000206261,cus_000000016476,29900
in_000000206310,cus_000000016484,299000
in_000000190183,cus_000000015211,29900
in_000000190190,cus_000000015212,29900
in_000000190281,cus_000000015220,29900
in_000000190386,cus_000000015229,9900
in_000000190442,cus_000000015235,79900
in_000000206730,cus_000000016515,29900
in_000000206737,cus_000000016517,29900
in_000000206744,cus_000000016518,79900
in_000000199774,cus_000000015987,9900
in_000000199788,cus_000000015988,29900
in_000000199802,cus_000000015990,29900
in_000000199823,cus_000000015991,79900
in_000000199914,cus_000000015997,29900
in_000000200012,cus_000000016001,29900
in_000000200040,cus_000000016003,299000
in_000000200096,cus_000000016011,29900
in_000000200117,cus_000000016014,29900
in_000000190624,cus_000000015256,79900
in_000000190771,cus_000000015273,9900
in_000000190918,cus_000000015283,79900
in_000000191079,cus_000000015294,29900
in_000000200313,cus_000000016032,29900
in_000000200320,cus_000000016033,9900
in_000000200572,cus_000000016050,9900
in_000000207122,cus_000000016539,79900
in_000000207388,cus_000000016555,29900
in_000000191380,cus_000000015308,29900
in_000000191429,cus_000000015314,9900
in_000000191492,cus_000000015318,9900
in_000000191618,cus_000000015333,29900
in_000000200782,cus_000000016063,79900
in_000000200817,cus_000000016064,9900
in_000000200845,cus_000000016065,29900
in_000000200999,cus_000000016079,79900
in_000000207521,cus_000000016568,9900
in_000000207528,cus_000000016569,299000
in_000000207906,cus_000000016593,29900
in_000000201377,cus_000000016104,9900
in_000000201433,cus_000000016110,29900
in_000000201447,cus_000000016111,79900
in_000000201783,cus_000000016136,9900
in_000000201790,cus_000000016137,9900
in_000000191856,cus_000000015355,29900
in_000000191884,cus_000000015357,29900
in_000000192213,cus_000000015384,79900
in_000000208536,cus_000000016641,29900
in_000000202021,cus_000000016150,9900
in_000000202077,cus_000000016152,9900
in_000000202357,cus_000000016170,9900
in_000000202364,cus_000000016173,799000
in_000000192248,cus_000000015387,79900
in_000000192325,cus_000000015396,9900
in_000000192339,cus_000000015398,9900
in_000000192612,cus_000000015419,9900
in_000000192773,cus_000000015428,29900
in_000000202462,cus_000000016182,29900
in_000000202497,cus_000000016183,9900
in_000000202581,cus_000000016186,9900
in_000000202742,cus_000000016203,9900
in_000000202819,cus_000000016209,199900
in_000000202861,cus_000000016212,9900
in_000000192906,cus_000000015440,79900
in_000000192948,cus_000000015443,9900
in_000000193151,cus_000000015460,9900
in_000000193179,cus_000000015464,9900
in_000000193200,cus_000000015465,9900
in_000000203470,cus_000000016247,9900
in_000000203512,cus_000000016251,9900
in_000000193396,cus_000000015482,299000
in_000000193424,cus_000000015483,199900
in_000000193690,cus_000000015506,79900
in_000000203652,cus_000000016259,29900
in_000000203813,cus_000000016270,9900
in_000000204030,cus_000000016290,9900
in_000000193949,cus_000000015532,79900
in_000000194397,cus_000000015561,29900
in_000000194453,cus_000000015564,79900
in_000000204261,cus_000000016309,79900
in_000000204436,cus_000000016322,9900
in_000000204513,cus_000000016331,79900
in_000000204618,cus_000000016340,29900
in_000000194488,cus_000000015566,29900
in_000000194579,cus_000000015575,79900
in_000000194922,cus_000000015598,199900
in_000000195027,cus_000000015608,29900
in_000000195041,cus_000000015611,199900
in_000000204688,cus_000000016348,9900
in_000000204772,cus_000000016354,29900
in_000000205010,cus_000000016376,9900
in_000000205178,cus_000000016384,79900
in_000000195230,cus_000000015625,29900
in_000000195440,cus_000000015643,9900
in_000000205248,cus_000000016388,199900
in_000000205570,cus_000000016421,79900
in_000000205703,cus_000000016428,9900
in_000000205759,cus_000000016434,29900
in_000000195909,cus_000000015671,9900
in_000000195937,cus_000000015673,9900
in_000000196049,cus_000000015679,9900
in_000000196105,cus_000000015685,9900
in_000000205808,cus_000000016436,29900
in_000000206242,cus_000000016475,9900
in_000000196273,cus_000000015697,9900
in_000000196546,cus_000000015716,9900
in_000000196630,cus_000000015731,29900
in_000000206501,cus_000000016501,29900
in_000000206655,cus_000000016510,9900
in_000000206662,cus_000000016511,99000
in_000000206900,cus_000000016528,29900
in_000000196777,cus_000000015738,79900
in_000000196945,cus_000000015749,9900
in_000000196966,cus_000000015750,29900
in_000000197099,cus_000000015761,199900
in_000000207033,cus_000000016533,9900
in_000000207152,cus_000000016540,9900
in_000000207236,cus_000000016545,9900
in_000000207362,cus_000000016554,9900
in_000000197610,cus_000000015794,9900
in_000000197792,cus_000000015821,9900
in_000000207544,cus_000000016571,9900
in_000000207565,cus_000000016573,9900
in_000000207586,cus_000000016574,79900
in_000000207915,cus_000000016595,9900
in_000000198163,cus_000000015849,79900
in_000000208055,cus_000000016605,9900
in_000000208335,cus_000000016625,79900
in_000000208356,cus_000000016627,9900
in_000000208601,cus_000000016648,9900
in_000000198716,cus_000000015901,79900
in_000000198807,cus_000000015909,29900
in_000000198828,cus_000000015910,79900
in_000000199143,cus_000000015936,9900
in_000000199304,cus_000000015952,199900
in_000000199395,cus_000000015959,9900
in_000000199661,cus_000000015976,29900
in_000000200333,cus_000000016034,9900
in_000000200459,cus_000000016045,9900
in_000000200543,cus_000000016049,199900
in_000000200613,cus_000000016053,9900
in_000000200928,cus_000000016074,29900
in_000000200956,cus_000000016075,29900
in_000000201145,cus_000000016091,29900
in_000000201572,cus_000000016119,9900
in_000000201663,cus_000000016127,9900
in_000000201712,cus_000000016131,79900
in_000000201999,cus_000000016149,29900
in_000000202279,cus_000000016165,9900
in_000000202307,cus_000000016167,9900
in_000000202426,cus_000000016180,9900
in_000000202678,cus_000000016191,29900
in_000000203021,cus_000000016222,29900
in_000000203056,cus_000000016223,9900
in_000000203091,cus_000000016226,29900
in_000000203210,cus_000000016231,29900
in_000000203231,cus_000000016234,299000
in_000000203252,cus_000000016235,79900
in_000000203497,cus_000000016248,79900
in_000000203623,cus_000000016257,29900
in_000000203693,cus_000000016261,29900
in_000000203728,cus_000000016265,9900
in_000000203945,cus_000000016281,79900
in_000000204099,cus_000000016293,29900
in_000000204316,cus_000000016311,29900
in_000000204400,cus_000000016319,9900
in_000000204568,cus_000000016335,29900
in_000000204792,cus_000000016355,9900
in_000000204918,cus_000000016369,199900
in_000000205121,cus_000000016382,29900
in_000000205205,cus_000000016385,29900
in_000000205429,cus_000000016404,9900
in_000000205653,cus_000000016426,9900
in_000000205842,cus_000000016442,9900
in_000000205870,cus_000000016448,29900
in_000000205933,cus_000000016452,9900
in_000000206220,cus_000000016472,29900
in_000000179877,cus_000000014368,9900
in_000000180122,cus_000000014383,9900
in_000000180199,cus_000000014390,199900
in_000000180206,cus_000000014391,79900
in_000000180255,cus_000000014396,199900
in_000000206493,cus_000000016500,9900
in_000000206514,cus_000000016502,29900
in_000000206780,cus_000000016521,29900
in_000000206808,cus_000000016523,29900
in_000000207445,cus_000000016559,9900
in_000000180598,cus_000000014428,9900
in_000000180710,cus_000000014442,9900
in_000000180745,cus_000000014445,29900
in_000000180843,cus_000000014455,29900
in_000000207648,cus_000000016578,9900
in_000000207809,cus_000000016588,199900
in_000000207921,cus_000000016596,29900
in_000000207928,cus_000000016597,99000
in_000000208005,cus_000000016603,199900
in_000000181018,cus_000000014471,9900
in_000000181116,cus_000000014481,299000
in_000000181242,cus_000000014495,9900
in_000000181333,cus_000000014507,9900
in_000000181389,cus_000000014510,9900
in_000000181445,cus_000000014514,9900
in_000000208068,cus_000000016606,29900
in_000000208103,cus_000000016608,29900
in_000000208383,cus_000000016630,9900
in_000000208411,cus_000000016632,9900
in_000000181599,cus_000000014528,29900
in_000000181669,cus_000000014533,29900
in_000000182068,cus_000000014560,9900
in_000000182138,cus_000000014565,29900
in_000000182754,cus_000000014605,9900
in_000000182845,cus_000000014610,9900
in_000000183041,cus_000000014621,9900
in_000000183314,cus_000000014643,99000
in_000000183342,cus_000000014645,29900
in_000000183482,cus_000000014661,79900
in_000000183517,cus_000000014669,199900
in_000000183538,cus_000000014670,9900
in_000000183650,cus_000000014683,9900
in_000000183713,cus_000000014687,29900
in_000000183867,cus_000000014705,299000
in_000000183902,cus_000000014709,9900
in_000000184098,cus_000000014729,29900
in_000000184161,cus_000000014734,9900
in_000000184203,cus_000000014738,9900
in_000000184315,cus_000000014748,9900
in_000000184385,cus_000000014756,29900
in_000000184399,cus_000000014761,99000
in_000000184735,cus_000000014786,9900
in_000000185057,cus_000000014802,79900
in_000000185106,cus_000000014805,9900
in_000000185127,cus_000000014806,9900
in_000000185477,cus_000000014828,79900
in_000000185526,cus_000000014830,9900
in_000000185631,cus_000000014836,79900
in_000000186051,cus_000000014872,79900
in_000000186093,cus_000000014875,29900
in_000000186303,cus_000000014892,29900
in_000000186366,cus_000000014895,9900
in_000000186632,cus_000000014916,29900
in_000000186835,cus_000000014930,9900
in_000000187059,cus_000000014952,9900
in_000000187178,cus_000000014959,99000
in_000000187416,cus_000000014983,199900
in_000000188158,cus_000000015043,29900
in_000000188396,cus_000000015066,9900
in_000000188529,cus_000000015076,29900
in_000000188704,cus_000000015098,299000
in_000000189376,cus_000000015155,9900
in_000000189425,cus_000000015158,29900
in_000000189558,cus_000000015166,29900
in_000000189656,cus_000000015171,29900
in_000000189698,cus_000000015175,9900
in_000000189712,cus_000000015176,9900
in_000000190006,cus_000000015198,9900
in_000000190083,cus_000000015203,29900
in_000000190111,cus_000000015204,9900
in_000000190216,cus_000000015214,29900
in_000000190398,cus_000000015232,99000
in_000000190475,cus_000000015238,29900
in_000000190818,cus_000000015276,29900
in_000000191042,cus_000000015290,9900
in_000000191154,cus_000000015298,199900
in_000000191560,cus_000000015323,79900
in_000000191686,cus_000000015337,199900
in_000000191693,cus_000000015338,9900
in_000000192281,cus_000000015391,29900
in_000000192442,cus_000000015407,29900
in_000000192554,cus_000000015415,79900
in_000000193100,cus_000000015456,29900
in_000000193121,cus_000000015458,79900
in_000000193128,cus_000000015459,9900
in_000000193527,cus_000000015490,79900
in_000000193569,cus_000000015494,799000
in_000000193716,cus_000000015508,9900
in_000000193982,cus_000000015533,9900
in_000000194003,cus_000000015536,9900
in_000000194164,cus_000000015548,9900
in_000000194318,cus_000000015558,9900
in_000000194612,cus_000000015577,29900
in_000000194696,cus_000000015582,9900
in_000000194731,cus_000000015584,9900
in_000000194913,cus_000000015597,9900
in_000000195067,cus_000000015612,9900
in_000000195466,cus_000000015644,79900
in_000000196208,cus_000000015692,79900
in_000000196418,cus_000000015709,29900
in_000000196516,cus_000000015715,9900
in_000000196663,cus_000000015732,29900
in_000000196768,cus_000000015737,9900
in_000000197216,cus_000000015769,299000
in_000000197230,cus_000000015773,79900
in_000000197328,cus_000000015779,79900
in_000000197384,cus_000000015783,29900
in_000000197510,cus_000000015788,9900
in_000000197741,cus_000000015810,9900
in_000000197986,cus_000000015838,79900
in_000000198224,cus_000000015855,9900
in_000000198462,cus_000000015880,29900
in_000000199134,cus_000000015935,29900
in_000000199176,cus_000000015939,29900
in_000000199211,cus_000000015942,199900
in_000000199253,cus_000000015945,9900
in_000000199617,cus_000000015971,9900
in_000000199708,cus_000000015980,79900
in_000000199750,cus_000000015985,29900
in_000000200191,cus_000000016022,99000
in_000000200646,cus_000000016054,79900
in_000000200681,cus_000000016055,9900
in_000000200758,cus_000000016061,79900
in_000000201087,cus_000000016084,79900
in_000000201542,cus_000000016118,29900
in_000000201612,cus_000000016123,79900
in_000000201640,cus_000000016126,79900
in_000000201745,cus_000000016132,79900
in_000000201934,cus_000000016143,29900
in_000000202130,cus_000000016156,9900
in_000000202200,cus_000000016160,29900
in_000000202515,cus_000000016184,9900
in_000000202802,cus_000000016208,9900
in_000000202907,cus_000000016215,99000
in_000000203222,cus_000000016233,9900
in_000000203565,cus_000000016253,29900
in_000000203824,cus_000000016271,79900
in_000000204461,cus_000000016325,9900
in_000000204594,cus_000000016339,299000
in_000000204636,cus_000000016341,9900
in_000000204720,cus_000000016350,79900
in_000000204741,cus_000000016352,9900
in_000000204748,cus_000000016353,9900
in_000000205154,cus_000000016383,199900
in_000000205525,cus_000000016414,79900
in_000000205595,cus_000000016423,9900
in_000000205623,cus_000000016425,9900
in_000000205672,cus_000000016427,29900
in_000000205896,cus_000000016450,9900
in_000000206022,cus_000000016457,79900
in_000000206204,cus_000000016471,9900
in_000000206295,cus_000000016478,29900
in_000000206337,cus_000000016485,9900
in_000000206596,cus_000000016508,29900
in_000000207051,cus_000000016534,9900
in_000000207100,cus_000000016536,29900
in_000000207261,cus_000000016547,29900
in_000000207331,cus_000000016551,29900
in_000000207779,cus_000000016586,29900
in_000000207842,cus_000000016590,9900
in_000000207940,cus_000000016599,9900
in_000000207975,cus_000000016601,9900
in_000000208549,cus_000000016644,29900
in_000000208660,cus_000000016652,29900
in_000000208688,cus_000000016655,99000
in_000000208800,cus_000000016661,9900
in_000000208821,cus_000000016662,9900
in_000000208898,cus_000000016674,29900
in_000000209346,cus_000000016716,299000
in_000000209591,cus_000000016731,79900
in_000000209801,cus_000000016748,9900
in_000000209864,cus_000000016752,9900
in_000000209906,cus_000000016754,9900
in_000000210074,cus_000000016772,29900
in_000000210158,cus_000000016778,9900
in_000000210207,cus_000000016786,79900
in_000000210508,cus_000000016804,9900
in_000000210613,cus_000000016811,29900
in_000000210669,cus_000000016821,9900
in_000000210970,cus_000000016836,9900
in_000000211089,cus_000000016850,29900
in_000000211278,cus_000000016860,9900
in_000000211320,cus_000000016862,29900
in_000000211502,cus_000000016879,9900
in_000000211782,cus_000000016899,9900
in_000000212342,cus_000000016938,29900
in_000000212566,cus_000000016949,9900
in_000000212643,cus_000000016955,9900
in_000000212846,cus_000000016969,79900
in_000000212909,cus_000000016973,9900
in_000000213063,cus_000000016984,29900
in_000000213084,cus_000000016986,9900
in_000000213119,cus_000000016990,799000
in_000000213175,cus_000000016994,29900
in_000000213238,cus_000000016998,29900
in_000000213266,cus_000000017000,29900
in_000000213399,cus_000000017008,299000
in_000000213518,cus_000000017017,9900
in_000000213756,cus_000000017049,29900
in_000000213987,cus_000000017065,9900
in_000000214022,cus_000000017066,29900
in_000000214057,cus_000000017068,9900
in_000000214085,cus_000000017071,29900
in_000000214344,cus_000000017091,79900
in_000000214372,cus_000000017092,29900
in_000000214414,cus_000000017094,9900
in_000000214561,cus_000000017105,9900
in_000000214820,cus_000000017128,9900
in_000000215163,cus_000000017160,9900
in_000000215429,cus_000000017174,29900
in_000000215541,cus_000000017185,9900
in_000000216395,cus_000000017258,9900
in_000000216731,cus_000000017282,9900
in_000000216899,cus_000000017299,29900
in_000000217004,cus_000000017304,9900
in_000000217039,cus_000000017306,29900
in_000000217067,cus_000000017307,29900
in_000000217361,cus_000000017327,9900
in_000000217417,cus_000000017333,9900
in_000000217466,cus_000000017335,9900
in_000000217550,cus_000000017339,29900
in_000000217788,cus_000000017357,29900
in_000000217809,cus_000000017358,9900
in_000000217942,cus_000000017370,9900
in_000000217956,cus_000000017371,9900
in_000000218159,cus_000000017393,199900
in_000000218166,cus_000000017394,79900
in_000000218180,cus_000000017398,9900
in_000000218278,cus_000000017407,29900
in_000000218369,cus_000000017414,29900
in_000000218460,cus_000000017421,9900
in_000000218649,cus_000000017431,9900
in_000000218705,cus_000000017433,29900
in_000000218908,cus_000000017447,29900
in_000000219363,cus_000000017482,199900
in_000000219412,cus_000000017486,79900
in_000000219741,cus_000000017521,79900
in_000000219762,cus_000000017525,99000
in_000000219776,cus_000000017530,29900
in_000000219832,cus_000000017532,9900
in_000000220091,cus_000000017557,29900
in_000000220098,cus_000000017558,9900
in_000000220140,cus_000000017561,799000
in_000000220308,cus_000000017572,9900
in_000000220532,cus_000000017593,9900
in_000000220574,cus_000000017601,9900
in_000000220588,cus_000000017602,29900
in_000000220924,cus_000000017630,79900
in_000000221281,cus_000000017654,9900
in_000000221351,cus_000000017662,9900
in_000000221897,cus_000000017718,29900
in_000000221939,cus_000000017720,29900
in_000000222177,cus_000000017739,9900
in_000000222233,cus_000000017741,79900
in_000000222296,cus_000000017752,29900
in_000000222492,cus_000000017767,9900
in_000000222779,cus_000000017786,29900
in_000000222996,cus_000000017800,29900
in_000000223087,cus_000000017807,79900
in_000000223164,cus_000000017813,9900
in_000000223304,cus_000000017821,79900
in_000000223549,cus_000000017860,29900
in_000000223682,cus_000000017868,9900
in_000000223717,cus_000000017869,29900
in_000000223738,cus_000000017871,9900
in_000000223766,cus_000000017876,29900
in_000000223829,cus_000000017883,199900
in_000000223871,cus_000000017887,9900
in_000000224088,cus_000000017902,299000
in_000000224165,cus_000000017908,9900
in_000000224382,cus_000000017929,9900
in_000000224431,cus_000000017933,79900
in_000000225957,cus_000000018048,79900
in_000000225978,cus_000000018049,29900
in_000000226076,cus_000000018054,29900
in_000000226286,cus_000000018065,9900
in_000000226391,cus_000000018074,9900
in_000000226426,cus_000000018076,9900
in_000000226846,cus_000000018110,29900
in_000000226867,cus_000000018114,9900
in_000000227098,cus_000000018134,79900
in_000000227175,cus_000000018139,199900
in_000000227203,cus_000000018142,29900
in_000000227357,cus_000000018156,99000
in_000000227497,cus_000000018166,9900
in_000000227980,cus_000000018205,9900
in_000000228022,cus_000000018207,29900
in_000000228183,cus_000000018219,9900
in_000000228274,cus_000000018224,29900
in_000000228729,cus_000000018259,9900
in_000000228869,cus_000000018268,29900
in_000000228932,cus_000000018272,9900
in_000000228939,cus_000000018273,79900
in_000000229002,cus_000000018276,9900
in_000000229065,cus_000000018282,29900
in_000000229170,cus_000000018292,9900
in_000000229429,cus_000000018313,9900
in_000000229450,cus_000000018315,29900
in_000000229555,cus_000000018323,79900
in_000000229625,cus_000000018328,29900
in_000000229968,cus_000000018360,9900
in_000000230094,cus_000000018376,9900
in_000000230374,cus_000000018395,9900
in_000000230500,cus_000000018405,79900
in_000000230717,cus_000000018422,29900
in_000000230745,cus_000000018426,29900
in_000000230836,cus_000000018434,199900
in_000000230962,cus_000000018444,29900
in_000000231340,cus_000000018473,9900
in_000000231375,cus_000000018474,9900
in_000000231452,cus_000000018482,199900
in_000000231473,cus_000000018485,9900
in_000000231557,cus_000000018491,9900
in_000000231648,cus_000000018498,29900
in_000000231669,cus_000000018503,9900
in_000000231935,cus_000000018529,29900
in_000000232117,cus_000000018542,29900
in_000000232138,cus_000000018546,9900
in_000000232299,cus_000000018559,29900
in_000000232474,cus_000000018573,9900
in_000000232544,cus_000000018584,9900
in_000000232628,cus_000000018589,199900
in_000000232845,cus_000000018606,9900
in_000000233727,cus_000000018683,29900
in_000000233762,cus_000000018685,199900
in_000000234140,cus_000000018712,9900
in_000000234252,cus_000000018720,9900
in_000000234532,cus_000000018741,29900
in_000000234560,cus_000000018744,29900
in_000000234651,cus_000000018750,9900
in_000000234882,cus_000000018768,79900
in_000000235197,cus_000000018790,79900
in_000000235204,cus_000000018791,99000
in_000000235218,cus_000000018794,79900
in_000000235407,cus_000000018807,9900
in_000000235449,cus_000000018812,79900
in_000000235456,cus_000000018813,1999000
in_000000235778,cus_000000018841,9900
in_000000236310,cus_000000018882,79900
in_000000236387,cus_000000018891,79900
in_000000237276,cus_000000018957,9900
in_000000237367,cus_000000018964,79900
in_000000237388,cus_000000018966,9900
in_000000237437,cus_000000018968,9900
in_000000237458,cus_000000018970,9900
in_000000209043,cus_000000016681,9900
in_000000209274,cus_000000016707,9900
in_000000209491,cus_000000016727,29900
in_000000209519,cus_000000016728,9900
in_000000209631,cus_000000016734,99000
in_000000209813,cus_000000016750,9900
in_000000209834,cus_000000016751,79900
in_000000209939,cus_000000016756,79900
in_000000210002,cus_000000016764,9900
in_000000210044,cus_000000016770,29900
in_000000210086,cus_000000016773,29900
in_000000210149,cus_000000016777,9900
in_000000210191,cus_000000016782,29900
in_000000210261,cus_000000016790,79900
in_000000210436,cus_000000016800,9900
in_000000210793,cus_000000016827,9900
in_000000210898,cus_000000016833,9900
in_000000211059,cus_000000016848,29900
in_000000211108,cus_000000016851,9900
in_000000211367,cus_000000016865,79900
in_000000211528,cus_000000016880,9900
in_000000211577,cus_000000016884,9900
in_000000211934,cus_000000016910,9900
in_000000211983,cus_000000016913,29900
in_000000212025,cus_000000016915,79900
in_000000212130,cus_000000016925,9900
in_000000213040,cus_000000016982,29900
in_000000213068,cus_000000016985,79900
in_000000213537,cus_000000017023,9900
in_000000213593,cus_000000017035,299000
in_000000213614,cus_000000017040,99000
in_000000213663,cus_000000017044,9900
in_000000213698,cus_000000017046,9900
in_000000213768,cus_000000017051,9900
in_000000213957,cus_000000017064,199900
in_000000214272,cus_000000017083,9900
in_000000214496,cus_000000017100,199900
in_000000214664,cus_000000017114,9900
in_000000215056,cus_000000017150,9900
in_000000215091,cus_000000017154,9900
in_000000215469,cus_000000017178,9900
in_000000215511,cus_000000017183,9900
in_000000215574,cus_000000017188,79900
in_000000215805,cus_000000017209,199900
in_000000215924,cus_000000017218,29900
in_000000215931,cus_000000017219,99000
in_000000216148,cus_000000017233,9900
in_000000216407,cus_000000017260,9900
in_000000216764,cus_000000017289,29900
in_000000216848,cus_000000017294,199900
in_000000217016,cus_000000017305,9900
in_000000217212,cus_000000017318,29900
in_000000217240,cus_000000017320,9900
in_000000217590,cus_000000017342,9900
in_000000217716,cus_000000017350,79900
in_000000217898,cus_000000017368,29900
in_000000218052,cus_000000017384,9900
in_000000218094,cus_000000017388,199900
in_000000218269,cus_000000017405,9900
in_000000218675,cus_000000017432,29900
in_000000218731,cus_000000017434,29900
in_000000218766,cus_000000017437,29900
in_000000218829,cus_000000017441,9900
in_000000218969,cus_000000017454,9900
in_000000219277,cus_000000017478,9900
in_000000219564,cus_000000017507,9900
in_000000219711,cus_000000017520,9900
in_000000219928,cus_000000017540,9900
in_000000219963,cus_000000017543,9900
in_000000220019,cus_000000017551,9900
in_000000220138,cus_000000017560,1999000
in_000000220152,cus_000000017562,9900
in_000000220243,cus_000000017568,299000
in_000000220257,cus_000000017570,199900
in_000000220509,cus_000000017588,29900
in_000000220663,cus_000000017612,29900
in_000000220789,cus_000000017618,29900
in_000000220873,cus_000000017627,29900
in_000000220999,cus_000000017637,9900
in_000000221048,cus_000000017639,9900
in_000000221097,cus_000000017642,9900
in_000000221293,cus_000000017656,9900
in_000000221531,cus_000000017680,9900
in_000000221650,cus_000000017697,9900
in_000000221692,cus_000000017701,9900
in_000000221790,cus_000000017705,9900
in_000000222518,cus_000000017768,199900
in_000000222630,cus_000000017777,29900
in_000000222854,cus_000000017791,29900
in_000000222952,cus_000000017796,79900
in_000000222987,cus_000000017798,9900
in_000000223015,cus_000000017801,9900
in_000000223372,cus_000000017830,29900
in_000000223799,cus_000000017882,9900
in_000000223904,cus_000000017889,9900
in_000000224079,cus_000000017901,9900
in_000000224114,cus_000000017904,9900
in_000000224646,cus_000000017957,9900
in_000000225185,cus_000000017994,199900
in_000000225220,cus_000000017995,29900
in_000000225444,cus_000000018014,9900
in_000000225605,cus_000000018025,29900
in_000000225612,cus_000000018026,9900
in_000000225794,cus_000000018040,79900
in_000000225822,cus_000000018042,79900
in_000000226025,cus_000000018051,9900
in_000000226263,cus_000000018064,9900
in_000000227054,cus_000000018132,79900
in_000000227866,cus_000000018197,29900
in_000000227915,cus_000000018200,9900
in_000000228398,cus_000000018232,29900
in_000000228475,cus_000000018240,29900
in_000000228783,cus_000000018262,9900
in_000000228895,cus_000000018270,9900
in_000000230036,cus_000000018363,9900
in_000000230064,cus_000000018373,29900
in_000000230155,cus_000000018380,29900
in_000000230211,cus_000000018385,9900
in_000000230316,cus_000000018392,199900
in_000000230624,cus_000000018417,9900
in_000000230666,cus_000000018420,29900
in_000000230694,cus_000000018421,9900
in_000000231401,cus_000000018476,9900
in_000000231569,cus_000000018493,9900
in_000000231597,cus_000000018494,79900
in_000000231744,cus_000000018509,9900
in_000000231758,cus_000000018510,79900
in_000000231884,cus_000000018526,29900
in_000000231926,cus_000000018528,9900
in_000000232416,cus_000000018571,79900
in_000000232451,cus_000000018572,29900
in_000000232661,cus_000000018590,79900
in_000000232731,cus_000000018598,9900
in_000000233249,cus_000000018638,9900
in_000000233319,cus_000000018646,9900
in_000000233424,cus_000000018654,9900
in_000000233431,cus_000000018655,9900
in_000000233515,cus_000000018662,9900
in_000000233823,cus_000000018688,79900
in_000000233844,cus_000000018689,9900
in_000000233998,cus_000000018702,9900
in_000000234026,cus_000000018703,29900
in_000000234173,cus_000000018716,9900
in_000000234425,cus_000000018732,29900
in_000000234453,cus_000000018733,29900
in_000000234838,cus_000000018763,79900
in_000000234915,cus_000000018771,9900
in_000000235244,cus_000000018795,9900
in_000000235314,cus_000000018800,9900
in_000000235335,cus_000000018803,29900
in_000000235482,cus_000000018816,29900
in_000000235580,cus_000000018826,199900
in_000000235657,cus_000000018831,9900
in_000000235685,cus_000000018832,29900
in_000000235874,cus_000000018849,9900
in_000000235909,cus_000000018851,9900
in_000000235993,cus_000000018857,79900
in_000000236217,cus_000000018871,9900
in_000000236364,cus_000000018889,799000
in_000000236413,cus_000000018892,9900
in_000000236854,cus_000000018922,9900
in_000000236959,cus_000000018934,29900
in_000000237239,cus_000000018955,9900
in_000000237449,cus_000000018969,9900
in_000000208853,cus_000000016669,9900
in_000000208874,cus_000000016671,199900
in_000000209161,cus_000000016696,99000
in_000000209623,cus_000000016733,29900
in_000000209875,cus_000000016753,29900
in_000000210561,cus_000000016809,9900
in_000000210757,cus_000000016825,9900
in_000000210771,cus_000000016826,9900
in_000000210841,cus_000000016830,29900
in_000000211212,cus_000000016856,79900
in_000000212297,cus_000000016934,9900
in_000000212437,cus_000000016941,29900
in_000000212500,cus_000000016944,9900
in_000000213298,cus_000000017002,79900
in_000000213452,cus_000000017011,199900
in_000000213886,cus_000000017061,29900
in_000000214859,cus_000000017130,9900
in_000000214978,cus_000000017141,99000
in_000000215258,cus_000000017166,29900
in_000000215356,cus_000000017169,29900
in_000000215377,cus_000000017170,29900
in_000000215713,cus_000000017198,9900
in_000000215937,cus_000000017221,9900
in_000000216007,cus_000000017224,29900
in_000000216056,cus_000000017226,29900
in_000000216182,cus_000000017234,29900
in_000000216217,cus_000000017236,9900
in_000000216644,cus_000000017276,29900
in_000000216651,cus_000000017277,9900
in_000000216686,cus_000000017279,9900
in_000000217225,cus_000000017319,199900
in_000000217337,cus_000000017326,29900
in_000000217393,cus_000000017330,9900
in_000000217442,cus_000000017334,9900
in_000000217729,cus_000000017353,29900
in_000000217757,cus_000000017355,9900
in_000000217834,cus_000000017360,9900
in_000000218009,cus_000000017377,9900
in_000000218030,cus_000000017380,199900
in_000000218415,cus_000000017418,9900
in_000000218877,cus_000000017446,29900
in_000000218933,cus_000000017448,29900
in_000000219157,cus_000000017468,29900
in_000000219178,cus_000000017469,79900
in_000000219339,cus_000000017481,29900
in_000000219465,cus_000000017494,79900
in_000000219500,cus_000000017501,299000
in_000000220130,cus_000000017559,199900
in_000000220186,cus_000000017563,29900
in_000000220277,cus_000000017571,9900
in_000000220984,cus_000000017636,9900
in_000000221068,cus_000000017640,79900
in_000000221446,cus_000000017668,29900
in_000000221705,cus_000000017702,9900
in_000000221754,cus_000000017704,29900
in_000000222146,cus_000000017737,29900
in_000000222251,cus_000000017744,9900
in_000000222559,cus_000000017771,79900
in_000000223056,cus_000000017805,29900
in_000000223749,cus_000000017873,99000
in_000000223847,cus_000000017884,9900
in_000000223973,cus_000000017895,29900
in_000000224001,cus_000000017896,9900
in_000000224022,cus_000000017898,9900
in_000000224127,cus_000000017905,9900
in_000000224302,cus_000000017922,9900
in_000000224414,cus_000000017930,29900
in_000000224526,cus_000000017946,199900
in_000000224582,cus_000000017951,29900
in_000000224659,cus_000000017958,29900
in_000000224883,cus_000000017973,9900
in_000000224911,cus_000000017974,199900
in_000000225044,cus_000000017986,79900
in_000000225079,cus_000000017988,9900
in_000000225233,cus_000000017996,29900
in_000000225639,cus_000000018027,79900
in_000000225772,cus_000000018039,9900
in_000000226227,cus_000000018062,9900
in_000000226353,cus_000000018071,29900
in_000000226486,cus_000000018078,79900
in_000000226878,cus_000000018115,9900
in_000000226955,cus_000000018121,29900
in_000000227116,cus_000000018137,29900
in_000000227270,cus_000000018147,99000
in_000000227319,cus_000000018152,29900
in_000000227473,cus_000000018165,29900
in_000000227543,cus_000000018171,29900
in_000000227704,cus_000000018187,9900
in_000000227711,cus_000000018188,9900
in_000000227942,cus_000000018202,9900
in_000000228096,cus_000000018210,29900
in_000000228201,cus_000000018220,9900
in_000000228257,cus_000000018223,29900
in_000000228306,cus_000000018226,29900
in_000000228313,cus_000000018227,29900
in_000000228362,cus_000000018231,29900
in_000000228432,cus_000000018233,9900
in_000000228453,cus_000000018234,29900
in_000000228502,cus_000000018242,29900
in_000000228544,cus_000000018246,9900
in_000000228621,cus_000000018253,9900
in_000000228719,cus_000000018258,9900
in_000000229251,cus_000000018296,79900
in_000000229321,cus_000000018304,9900
in_000000229517,cus_000000018321,29900
in_000000229524,cus_000000018322,9900
in_000000208677,cus_000000016653,9900
in_000000208705,cus_000000016656,79900
in_000000209076,cus_000000016686,9900
in_000000229699,cus_000000018337,199900
in_000000229727,cus_000000018342,299000
in_000000229804,cus_000000018347,9900
in_000000209377,cus_000000016719,29900
in_000000209391,cus_000000016720,9900
in_000000209545,cus_000000016729,29900
in_000000209741,cus_000000016741,29900
in_000000210322,cus_000000016793,9900
in_000000230224,cus_000000018388,9900
in_000000230406,cus_000000018396,9900
in_000000230595,cus_000000018412,9900
in_000000230728,cus_000000018423,9900
in_000000230784,cus_000000018428,9900
in_000000230812,cus_000000018431,9900
in_000000231169,cus_000000018460,9900
in_000000231239,cus_000000018467,29900
in_000000211183,cus_000000016854,9900
in_000000211253,cus_000000016859,9900
in_000000211295,cus_000000016861,29900
in_000000231414,cus_000000018477,29900
in_000000231792,cus_000000018514,199900
in_000000231799,cus_000000018515,29900
in_000000211561,cus_000000016883,99000
in_000000211638,cus_000000016890,29900
in_000000211750,cus_000000016897,9900
in_000000211862,cus_000000016906,9900
in_000000231848,cus_000000018521,199900
in_000000231981,cus_000000018531,29900
in_000000232044,cus_000000018535,29900
in_000000232093,cus_000000018541,9900
in_000000232177,cus_000000018548,29900
in_000000212261,cus_000000016933,9900
in_000000212408,cus_000000016940,79900
in_000000212716,cus_000000016960,9900
in_000000212807,cus_000000016966,9900
in_000000212947,cus_000000016977,29900
in_000000213115,cus_000000016988,99000
in_000000213136,cus_000000016991,9900
in_000000213157,cus_000000016993,29900
in_000000232681,cus_000000018591,199900
in_000000232744,cus_000000018600,79900
in_000000232772,cus_000000018603,29900
in_000000213360,cus_000000017006,29900
in_000000213493,cus_000000017016,9900
in_000000233080,cus_000000018626,9900
in_000000233353,cus_000000018647,9900
in_000000233458,cus_000000018656,9900
in_000000233472,cus_000000018659,9900
in_000000213871,cus_000000017060,9900
in_000000214046,cus_000000017067,29900
in_000000214067,cus_000000017069,9900
in_000000214179,cus_000000017078,9900
in_000000233528,cus_000000018666,9900
in_000000233556,cus_000000018668,79900
in_000000233654,cus_000000018677,29900
in_000000214627,cus_000000017112,9900
in_000000214634,cus_000000017113,9900
in_000000214676,cus_000000017117,9900
in_000000214683,cus_000000017118,9900
in_000000234165,cus_000000018714,29900
in_000000234291,cus_000000018725,9900
in_000000234592,cus_000000018745,199900
in_000000234613,cus_000000018747,199900
in_000000214970,cus_000000017140,9900
in_000000214998,cus_000000017143,79900
in_000000215194,cus_000000017161,9900
in_000000215236,cus_000000017164,29900
in_000000234760,cus_000000018757,9900
in_000000235012,cus_000000018777,9900
in_000000215733,cus_000000017202,9900
in_000000215817,cus_000000017210,29900
in_000000235502,cus_000000018818,29900
in_000000235530,cus_000000018820,29900
in_000000216090,cus_000000017229,9900
in_000000216475,cus_000000017264,9900
in_000000216531,cus_000000017266,9900
in_000000236090,cus_000000018864,9900
in_000000236146,cus_000000018868,9900
in_000000236258,cus_000000018878,99000
in_000000236272,cus_000000018880,9900
in_000000216972,cus_000000017302,9900
in_000000236349,cus_000000018885,29900
in_000000236461,cus_000000018894,9900
in_000000236797,cus_000000018918,79900
in_000000217273,cus_000000017321,79900
in_000000217637,cus_000000017344,9900
in_000000217672,cus_000000017346,9900
in_000000236937,cus_000000018933,9900
in_000000237028,cus_000000018940,9900
in_000000237126,cus_000000018946,9900
in_000000237266,cus_000000018956,29900
in_000000237329,cus_000000018961,29900
in_000000217854,cus_000000017361,9900
in_000000217980,cus_000000017373,29900
in_000000218225,cus_000000017400,9900
in_000000218407,cus_000000017417,29900
in_000000218589,cus_000000017428,29900
in_000000219065,cus_000000017462,9900
in_000000219303,cus_000000017479,9900
in_000000219646,cus_000000017513,9900
in_000000219702,cus_000000017518,9900
in_000000219751,cus_000000017523,9900
in_000000219905,cus_000000017538,9900
in_000000220234,cus_000000017567,79900
in_000000220752,cus_000000017616,199900
in_000000220857,cus_000000017623,29900
in_000000221123,cus_000000017643,29900
in_000000221200,cus_000000017650,199900
in_000000221256,cus_000000017652,9900
in_000000221627,cus_000000017694,29900
in_000000222005,cus_000000017728,9900
in_000000222110,cus_000000017734,29900
in_000000222964,cus_000000017797,79900
in_000000223657,cus_000000017866,9900
in_000000223783,cus_000000017879,29900
in_000000224616,cus_000000017952,9900
in_000000225071,cus_000000017987,9900
in_000000225260,cus_000000017998,9900
in_000000225736,cus_000000018038,29900
in_000000226247,cus_000000018063,29900
in_000000226597,cus_000000018086,29900
in_000000226618,cus_000000018087,9900
in_000000226695,cus_000000018098,79900
in_000000226758,cus_000000018102,29900
in_000000226968,cus_000000018124,9900
in_000000226996,cus_000000018126,9900
in_000000227017,cus_000000018127,199900
in_000000227150,cus_000000018138,29900
in_000000227262,cus_000000018146,9900
in_000000227395,cus_000000018162,199900
in_000000227451,cus_000000018164,9900
in_000000227563,cus_000000018175,9900
in_000000227619,cus_000000018180,29900
in_000000227689,cus_000000018185,9900
in_000000228158,cus_000000018218,9900
in_000000228333,cus_000000018229,29900
in_000000228564,cus_000000018249,9900
in_000000228585,cus_000000018250,9900
in_000000229089,cus_000000018285,9900
in_000000229306,cus_000000018302,199900
in_000000229362,cus_000000018307,9900
in_000000229397,cus_000000018311,29900
in_000000229439,cus_000000018314,29900
in_000000229460,cus_000000018316,29900
in_000000229614,cus_000000018327,29900
in_000000229908,cus_000000018354,29900
in_000000230188,cus_000000018384,1999000
in_000000230531,cus_000000018406,9900
in_000000230881,cus_000000018436,9900
in_000000230951,cus_000000018441,799000
in_000000231000,cus_000000018448,29900
in_000000231308,cus_000000018472,79900
in_000000231875,cus_000000018524,99000
in_000000232204,cus_000000018550,9900
in_000000232498,cus_000000018577,9900
in_000000232526,cus_000000018583,29900
in_000000232722,cus_000000018597,29900
in_000000232925,cus_000000018618,29900
in_000000208766,cus_000000016659,29900
in_000000209060,cus_000000016685,29900
in_000000209109,cus_000000016688,9900
in_000000209151,cus_000000016693,199900
in_000000233282,cus_000000018641,299000
in_000000233380,cus_000000018650,9900
in_000000233681,cus_000000018678,79900
in_000000233702,cus_000000018679,199900
in_000000233856,cus_000000018693,29900
in_000000234325,cus_000000018726,29900
in_000000234332,cus_000000018727,1999000
in_000000234402,cus_000000018731,9900
in_000000209186,cus_000000016697,9900
in_000000209354,cus_000000016717,29900
in_000000209452,cus_000000016723,9900
in_000000234899,cus_000000018769,9900
in_000000234990,cus_000000018776,79900
in_000000235067,cus_000000018780,29900
in_000000235375,cus_000000018806,79900
in_000000235459,cus_000000018815,99000
in_000000235487,cus_000000018817,9900
in_000000235564,cus_000000018824,9900
in_000000210586,cus_000000016810,9900
in_000000210705,cus_000000016822,79900
in_000000210824,cus_000000016829,29900
in_000000210873,cus_000000016832,9900
in_000000235823,cus_000000018845,199900
in_000000235858,cus_000000018847,29900
in_000000235942,cus_000000018853,9900
in_000000235956,cus_000000018854,79900
in_000000236180,cus_000000018869,29900
in_000000236250,cus_000000018877,29900
in_000000210985,cus_000000016837,29900
in_000000211132,cus_000000016852,9900
in_000000211153,cus_000000016853,29900
in_000000211335,cus_000000016864,9900
in_000000236369,cus_000000018890,29900
in_000000236600,cus_000000018908,199900
in_000000236649,cus_000000018910,9900
in_000000236761,cus_000000018917,79900
in_000000211552,cus_000000016881,9900
in_000000211650,cus_000000016892,9900
in_000000237013,cus_000000018939,9900
in_000000237160,cus_000000018950,9900
in_000000237356,cus_000000018963,29900
in_000000212224,cus_000000016930,9900
in_000000212462,cus_000000016942,9900
in_000000212693,cus_000000016959,29900
in_000000212777,cus_000000016964,29900
in_000000212875,cus_000000016972,9900
in_000000212931,cus_000000016975,9900
in_000000213106,cus_000000016987,9900
in_000000213204,cus_000000016996,29900
in_000000213421,cus_000000017010,29900
in_000000213547,cus_000000017025,29900
in_000000213806,cus_000000017053,29900
in_000000213925,cus_000000017063,79900
in_000000214121,cus_000000017075,29900
in_000000214289,cus_000000017084,199900
in_000000214401,cus_000000017093,9900
in_000000214450,cus_000000017096,29900
in_000000214716,cus_000000017119,29900
in_000000214786,cus_000000017126,79900
in_000000215115,cus_000000017157,9900
in_000000215591,cus_000000017189,29900
in_000000215605,cus_000000017192,9900
in_000000215654,cus_000000017194,9900
in_000000215773,cus_000000017208,29900
in_000000215829,cus_000000017211,29900
in_000000215857,cus_000000017213,9900
in_000000215864,cus_000000017214,9900
in_000000215969,cus_000000017222,79900
in_000000216116,cus_000000017230,9900
in_000000216123,cus_000000017231,99000
in_000000216242,cus_000000017241,79900
in_000000216249,cus_000000017242,29900
in_000000216284,cus_000000017250,299000
in_000000216312,cus_000000017252,99000
in_000000216375,cus_000000017257,29900
in_000000216459,cus_000000017263,9900
in_000000208928,cus_000000016675,9900
in_000000209012,cus_000000016679,9900
in_000000209117,cus_000000016689,1999000
in_000000216914,cus_000000017300,9900
in_000000217117,cus_000000017312,79900
in_000000217145,cus_000000017313,9900
in_000000217516,cus_000000017338,199900
in_000000217558,cus_000000017340,799000
in_000000217621,cus_000000017343,29900
in_000000217656,cus_000000017345,9900
in_000000217873,cus_000000017363,199900
in_000000218118,cus_000000017389,9900
in_000000218468,cus_000000017422,9900
in_000000218615,cus_000000017430,29900
in_000000218797,cus_000000017438,29900
in_000000209194,cus_000000016700,9900
in_000000209222,cus_000000016702,29900
in_000000209313,cus_000000016712,29900
in_000000209334,cus_000000016713,9900
in_000000209418,cus_000000016722,79900
in_000000209712,cus_000000016740,29900
in_000000218853,cus_000000017443,9900
in_000000218867,cus_000000017444,9900
in_000000219098,cus_000000017463,9900
in_000000209754,cus_000000016743,9900
in_000000209782,cus_000000016745,9900
in_000000209957,cus_000000016758,29900
in_000000209985,cus_000000016763,9900
in_000000219434,cus_000000017489,199900
in_000000219532,cus_000000017506,199900
in_000000210377,cus_000000016798,9900
in_000000210636,cus_000000016817,9900
in_000000210741,cus_000000016824,29900
in_000000220050,cus_000000017554,79900
in_000000220344,cus_000000017573,9900
in_000000211014,cus_000000016842,29900
in_000000211035,cus_000000016844,9900
in_000000220624,cus_000000017603,9900
in_000000220715,cus_000000017614,199900
in_000000220820,cus_000000017620,79900
in_000000211707,cus_000000016895,9900
in_000000211742,cus_000000016896,9900
in_000000211833,cus_000000016902,9900
in_000000211896,cus_000000016908,29900
in_000000211952,cus_000000016911,29900
in_000000221170,cus_000000017648,29900
in_000000221457,cus_000000017669,9900
in_000000221576,cus_000000017689,9900
in_000000221583,cus_000000017690,799000
in_000000212162,cus_000000016926,9900
in_000000212204,cus_000000016929,9900
in_000000212512,cus_000000016945,9900
in_000000221996,cus_000000017727,9900
in_000000222094,cus_000000017733,29900
in_000000212603,cus_000000016951,79900
in_000000222199,cus_000000017740,9900
in_000000222346,cus_000000017756,9900
in_000000222388,cus_000000017759,9900
in_000000222437,cus_000000017763,9900
in_000000213289,cus_000000017001,9900
in_000000213338,cus_000000017005,9900
in_000000213471,cus_000000017015,29900
in_000000213576,cus_000000017030,9900
in_000000223221,cus_000000017815,9900
in_000000223270,cus_000000017820,29900
in_000000214150,cus_000000017076,9900
in_000000214234,cus_000000017081,29900
in_000000214479,cus_000000017099,79900
in_000000214521,cus_000000017103,9900
in_000000214591,cus_000000017108,9900
in_000000214598,cus_000000017109,99000
in_000000214724,cus_000000017120,79900
in_000000214773,cus_000000017125,29900
in_000000223571,cus_000000017863,9900
in_000000223592,cus_000000017864,9900
in_000000223879,cus_000000017888,79900
in_000000214850,cus_000000017129,29900
in_000000214906,cus_000000017135,29900
in_000000214955,cus_000000017137,9900
in_000000215088,cus_000000017153,9900
in_000000215291,cus_000000017167,199900
in_000000215634,cus_000000017193,79900
in_000000215683,cus_000000017196,9900
in_000000215872,cus_000000017215,79900
in_000000215893,cus_000000017217,9900
in_000000224215,cus_000000017913,299000
in_000000224243,cus_000000017917,9900
in_000000224271,cus_000000017920,9900
in_000000216355,cus_000000017255,29900
in_000000216502,cus_000000017265,79900
in_000000224481,cus_000000017942,79900
in_000000224537,cus_000000017947,199900
in_000000224684,cus_000000017960,29900
in_000000224719,cus_000000017962,79900
in_000000224754,cus_000000017963,79900
in_000000224845,cus_000000017971,29900
in_000000225006,cus_000000017983,9900
in_000000216558,cus_000000017268,9900
in_000000216789,cus_000000017290,9900
in_000000216831,cus_000000017293,9900
in_000000216936,cus_000000017301,29900
in_000000225293,cus_000000017999,29900
in_000000225300,cus_000000018000,29900
in_000000225349,cus_000000018003,9900
in_000000225363,cus_000000018007,29900
in_000000225391,cus_000000018008,29900
in_000000217496,cus_000000017337,9900
in_000000225594,cus_000000018023,79900
in_000000225664,cus_000000018030,9900
in_000000225853,cus_000000018043,9900
in_000000225881,cus_000000018045,9900
in_000000225937,cus_000000018047,29900
in_000000217916,cus_000000017369,9900
in_000000218042,cus_000000017382,29900
in_000000218203,cus_000000017399,9900
in_000000226770,cus_000000018105,29900
in_000000226812,cus_000000018109,79900
in_000000226854,cus_000000018111,29900
in_000000218308,cus_000000017408,9900
in_000000218343,cus_000000017411,9900
in_000000227806,cus_000000018193,29900
in_000000219001,cus_000000017459,79900
in_000000227890,cus_000000018199,29900
in_000000227925,cus_000000018201,199900
in_000000228114,cus_000000018213,9900
in_000000228128,cus_000000018215,29900
in_000000228681,cus_000000018256,79900
in_000000228751,cus_000000018261,79900
in_000000228800,cus_000000018263,9900
in_000000228828,cus_000000018264,29900
in_000000228961,cus_000000018274,79900
in_000000219575,cus_000000017509,799000
in_000000219610,cus_000000017511,29900
in_000000219680,cus_000000017517,9900
in_000000229227,cus_000000018295,29900
in_000000229577,cus_000000018325,29900
in_000000229759,cus_000000018345,9900
in_000000229920,cus_000000018357,299000
in_000000229941,cus_000000018358,29900
in_000000219988,cus_000000017548,29900
in_000000220072,cus_000000017556,9900
in_000000220415,cus_000000017577,9900
in_000000230165,cus_000000018381,29900
in_000000230179,cus_000000018383,79900
in_000000230417,cus_000000018398,29900
in_000000230480,cus_000000018404,79900
in_000000220562,cus_000000017599,9900
in_000000220870,cus_000000017626,99000
in_000000220940,cus_000000017631,9900
in_000000231075,cus_000000018452,79900
in_000000231145,cus_000000018458,29900
in_000000221234,cus_000000017651,199900
in_000000221332,cus_000000017661,79900
in_000000221479,cus_000000017671,9900
in_000000221612,cus_000000017693,9900
in_000000231264,cus_000000018468,9900
in_000000231383,cus_000000018475,9900
in_000000221822,cus_000000017707,9900
in_000000221864,cus_000000017712,9900
in_000000221969,cus_000000017722,29900
in_000000222025,cus_000000017729,79900
in_000000222046,cus_000000017731,9900
in_000000232020,cus_000000018533,79900
in_000000232237,cus_000000018551,9900
in_000000222305,cus_000000017753,99000
in_000000222333,cus_000000017754,199900
in_000000222417,cus_000000017761,299000
in_000000222466,cus_000000017764,199900
in_000000232580,cus_000000018586,9900
in_000000232818,cus_000000018605,29900
in_000000232853,cus_000000018607,299000
in_000000222809,cus_000000017787,9900
in_000000222893,cus_000000017793,29900
in_000000222907,cus_000000017794,29900
in_000000223110,cus_000000017808,29900
in_000000223194,cus_000000017814,9900
in_000000233042,cus_000000018622,29900
in_000000233070,cus_000000018623,79900
in_000000233077,cus_000000018624,99000
in_000000233273,cus_000000018640,9900
in_000000223628,cus_000000017865,29900
in_000000233504,cus_000000018660,79900
in_000000233616,cus_000000018673,9900
in_000000223922,cus_000000017890,79900
in_000000223950,cus_000000017894,9900
in_000000224139,cus_000000017907,79900
in_000000224181,cus_000000017909,9900
in_000000224335,cus_000000017925,9900
in_000000234127,cus_000000018711,29900
in_000000224559,cus_000000017949,29900
in_000000224629,cus_000000017953,9900
in_000000224692,cus_000000017961,99000
in_000000224783,cus_000000017966,9900
in_000000234813,cus_000000018759,29900
in_000000235037,cus_000000018778,29900
in_000000235093,cus_000000018782,9900
in_000000235128,cus_000000018785,199900
in_000000225322,cus_000000018002,9900
in_000000225427,cus_000000018013,79900
in_000000225469,cus_000000018015,9900
in_000000225553,cus_000000018020,79900
in_000000235261,cus_000000018797,9900
in_000000235296,cus_000000018798,29900
in_000000225700,cus_000000018032,79900
in_000000225728,cus_000000018034,299000
in_000000225917,cus_000000018046,9900
in_000000226001,cus_000000018050,29900
in_000000226099,cus_000000018055,9900
in_000000235800,cus_000000018842,9900
in_000000226155,cus_000000018058,9900
in_000000226176,cus_000000018060,79900
in_000000226316,cus_000000018068,9900
in_000000226540,cus_000000018083,9900
in_000000236514,cus_000000018901,29900
in_000000236682,cus_000000018912,9900
in_000000236717,cus_000000018914,799000
in_000000226729,cus_000000018100,199900
in_000000226736,cus_000000018101,299000
in_000000226778,cus_000000018106,79900
in_000000226911,cus_000000018119,29900
in_000000226932,cus_000000018120,29900
in_000000227240,cus_000000018145,29900
in_000000227422,cus_000000018163,9900
in_000000227597,cus_000000018179,79900
in_000000227653,cus_000000018181,79900
in_000000227772,cus_000000018192,29900
in_000000237039,cus_000000018942,9900
in_000000237193,cus_000000018951,79900
in_000000237207,cus_000000018953,9900
in_000000227856,cus_000000018196,9900
in_000000227968,cus_000000018204,9900
in_000000228227,cus_000000018221,29900
in_000000228465,cus_000000018237,299000
in_000000228647,cus_000000018254,9900
in_000000229116,cus_000000018288,9900
in_000000229347,cus_000000018305,9900
in_000000229641,cus_000000018329,9900
in_000000229711,cus_000000018338,9900
in_000000229718,cus_000000018339,9900
in_000000229774,cus_000000018346,29900
in_000000229837,cus_000000018348,29900
in_000000230257,cus_000000018390,29900
in_000000230285,cus_000000018391,199900
in_000000230348,cus_000000018394,9900
in_000000230544,cus_000000018409,9900
in_000000230565,cus_000000018410,29900
in_000000230803,cus_000000018430,29900
in_000000230901,cus_000000018437,29900
in_000000231104,cus_000000018453,9900
in_000000231482,cus_000000018487,199900
in_000000231517,cus_000000018488,199900
in_000000231552,cus_000000018490,199900
in_000000232287,cus_000000018558,29900
in_000000232322,cus_000000018566,29900
in_000000232378,cus_000000018569,29900
in_000000232560,cus_000000018585,9900
in_000000232616,cus_000000018588,9900
in_000000232700,cus_000000018595,29900
in_000000232791,cus_000000018604,29900
in_000000232987,cus_000000018620,9900
in_000000233022,cus_000000018621,9900
in_000000233113,cus_000000018627,9900
in_000000233288,cus_000000018642,9900
in_000000233365,cus_000000018648,9900
in_000000233792,cus_000000018687,29900
in_000000233904,cus_000000018695,9900
in_000000234093,cus_000000018710,29900
in_000000234345,cus_000000018728,29900
in_000000234499,cus_000000018736,199900
in_000000234674,cus_000000018752,199900
in_000000234709,cus_000000018753,9900
in_000000234786,cus_000000018758,9900
in_000000234828,cus_000000018762,29900
in_000000234870,cus_000000018765,9900
in_000000234933,cus_000000018772,9900
in_000000235150,cus_000000018786,9900
in_000000235171,cus_000000018789,29900
in_000000235542,cus_000000018822,9900
in_000000235717,cus_000000018836,9900
in_000000236228,cus_000000018873,99000
in_000000236501,cus_000000018900,9900
in_000000236634,cus_000000018909,29900
in_000000236879,cus_000000018924,29900
in_000000236977,cus_000000018936,9900
in_000000237306,cus_000000018958,29900
in_000000237376,cus_000000018965,299000
in_000000237411,cus_000000018967,9900
in_000000168682,cus_000000013465,9900
in_000000168955,cus_000000013486,9900
in_000000169074,cus_000000013497,9900
in_000000169109,cus_000000013498,79900
in_000000169186,cus_000000013507,9900
in_000000169494,cus_000000013529,29900
in_000000169578,cus_000000013535,9900
in_000000169718,cus_000000013547,29900
in_000000169795,cus_000000013556,9900
in_000000169816,cus_000000013558,9900
in_000000170243,cus_000000013593,29900
in_000000170439,cus_000000013606,9900
in_000000170754,cus_000000013632,79900
in_000000171048,cus_000000013656,9900
in_000000171090,cus_000000013660,199900
in_000000171111,cus_000000013664,79900
in_000000171314,cus_000000013682,9900
in_000000171559,cus_000000013699,79900
in_000000171601,cus_000000013701,199900
in_000000171657,cus_000000013707,29900
in_000000171804,cus_000000013720,29900
in_000000172161,cus_000000013747,9900
in_000000172182,cus_000000013749,9900
in_000000172427,cus_000000013764,9900
in_000000172518,cus_000000013772,9900
in_000000172539,cus_000000013776,9900
in_000000172630,cus_000000013782,29900
in_000000172651,cus_000000013783,79900
in_000000172686,cus_000000013787,29900
in_000000172770,cus_000000013791,29900
in_000000172791,cus_000000013792,29900
in_000000172875,cus_000000013797,199900
in_000000172931,cus_000000013804,9900
in_000000173092,cus_000000013818,29900
in_000000173197,cus_000000013824,29900
in_000000173267,cus_000000013830,9900
in_000000173344,cus_000000013840,199900
in_000000173386,cus_000000013843,9900
in_000000173554,cus_000000013865,9900
in_000000174044,cus_000000013911,79900
in_000000174114,cus_000000013913,79900
in_000000174184,cus_000000013915,9900
in_000000174212,cus_000000013916,9900
in_000000174261,cus_000000013919,29900
in_000000174744,cus_000000013961,9900
in_000000174765,cus_000000013962,9900
in_000000174793,cus_000000013964,29900
in_000000174905,cus_000000013974,29900
in_000000175059,cus_000000013984,9900
in_000000175220,cus_000000013996,29900
in_000000175255,cus_000000013998,29900
in_000000175325,cus_000000014001,29900
in_000000175402,cus_000000014010,79900
in_000000175444,cus_000000014013,9900
in_000000175514,cus_000000014017,9900
in_000000175563,cus_000000014021,29900
in_000000175626,cus_000000014024,9900
in_000000175647,cus_000000014025,29900
in_000000175843,cus_000000014045,9900
in_000000175941,cus_000000014052,199900
in_000000176256,cus_000000014076,79900
in_000000176298,cus_000000014078,199900
in_000000176480,cus_000000014095,99000
in_000000176662,cus_000000014108,79900
in_000000176739,cus_000000014115,9900
in_000000176767,cus_000000014116,9900
in_000000177397,cus_000000014169,799000
in_000000177502,cus_000000014183,9900
in_000000177572,cus_000000014186,79900
in_000000178419,cus_000000014254,29900
in_000000178650,cus_000000014275,9900
in_000000178706,cus_000000014279,79900
in_000000178881,cus_000000014290,9900
in_000000178937,cus_000000014293,9900
in_000000179056,cus_000000014305,9900
in_000000179133,cus_000000014310,79900
in_000000179287,cus_000000014323,9900
in_000000179364,cus_000000014329,9900
in_000000179392,cus_000000014330,29900
in_000000179651,cus_000000014348,9900
in_000000237563,cus_000000018976,29900
in_000000237584,cus_000000018979,79900
in_000000237626,cus_000000018984,9900
in_000000237773,cus_000000018994,9900
in_000000237962,cus_000000019012,9900
in_000000238235,cus_000000019031,9900
in_000000238431,cus_000000019044,29900
in_000000238676,cus_000000019063,9900
in_000000238872,cus_000000019088,29900
in_000000239453,cus_000000019142,29900
in_000000239635,cus_000000019158,9900
in_000000239684,cus_000000019164,99000
in_000000239705,cus_000000019167,29900
in_000000240258,cus_000000019201,79900
in_000000240405,cus_000000019212,299000
in_000000240720,cus_000000019243,29900
in_000000240755,cus_000000019244,29900
in_000000240944,cus_000000019258,9900
in_000000241315,cus_000000019285,29900
in_000000241700,cus_000000019326,29900
in_000000241756,cus_000000019328,79900
in_000000241889,cus_000000019337,9900
in_000000241931,cus_000000019342,79900
in_000000242029,cus_000000019349,29900
in_000000242442,cus_000000019381,9900
in_000000242659,cus_000000019396,29900
in_000000242827,cus_000000019411,9900
in_000000242953,cus_000000019431,79900
in_000000243016,cus_000000019438,79900
in_000000243170,cus_000000019445,79900
in_000000243303,cus_000000019452,9900
in_000000243380,cus_000000019460,29900
in_000000243415,cus_000000019461,9900
in_000000243583,cus_000000019478,9900
in_000000243590,cus_000000019479,79900
in_000000243611,cus_000000019480,29900
in_000000243751,cus_000000019492,79900
in_000000244318,cus_000000019530,9900
in_000000244472,cus_000000019541,79900
in_000000244507,cus_000000019542,79900
in_000000244899,cus_000000019574,9900
in_000000245067,cus_000000019594,9900
in_000000245200,cus_000000019601,79900
in_000000245368,cus_000000019615,79900
in_000000245403,cus_000000019618,79900
in_000000245424,cus_000000019619,29900
in_000000245795,cus_000000019638,79900
in_000000245914,cus_000000019651,79900
in_000000245942,cus_000000019653,9900
in_000000246054,cus_000000019660,29900
in_000000246327,cus_000000019677,29900
in_000000246404,cus_000000019682,29900
in_000000246719,cus_000000019701,9900
in_000000246747,cus_000000019703,9900
in_000000247118,cus_000000019728,79900
in_000000247496,cus_000000019753,29900
in_000000247580,cus_000000019757,9900
in_000000247650,cus_000000019762,29900
in_000000247727,cus_000000019765,29900
in_000000247811,cus_000000019769,9900
in_000000247881,cus_000000019772,79900
in_000000247888,cus_000000019773,9900
in_000000248245,cus_000000019800,9900
in_000000248539,cus_000000019821,79900
in_000000248700,cus_000000019831,9900
in_000000248952,cus_000000019862,9900
in_000000248980,cus_000000019864,9900
in_000000249246,cus_000000019889,29900
in_000000249351,cus_000000019898,9900
in_000000249421,cus_000000019903,29900
in_000000249484,cus_000000019909,9900
in_000000249561,cus_000000019913,9900
in_000000249596,cus_000000019917,9900
in_000000249687,cus_000000019927,79900
in_000000250156,cus_000000019967,9900
in_000000250338,cus_000000019982,9900
in_000000250373,cus_000000019986,29900
in_000000250457,cus_000000019994,9900
in_000000250499,cus_000000019996,29900
in_000000250604,cus_000000020004,29900
in_000000250982,cus_000000020037,29900
in_000000251031,cus_000000020040,79900
in_000000251150,cus_000000020049,199900
in_000000251633,cus_000000020093,199900
in_000000251661,cus_000000020095,99000
in_000000251689,cus_000000020096,29900
in_000000252095,cus_000000020130,29900
in_000000252158,cus_000000020134,9900
in_000000252508,cus_000000020161,29900
in_000000252753,cus_000000020176,29900
in_000000253278,cus_000000020212,79900
in_000000253586,cus_000000020238,9900
in_000000253712,cus_000000020250,9900
in_000000253810,cus_000000020262,29900
in_000000253845,cus_000000020263,29900
in_000000254027,cus_000000020286,9900
in_000000254174,cus_000000020295,9900
in_000000254237,cus_000000020297,29900
in_000000254307,cus_000000020308,29900
in_000000254342,cus_000000020310,9900
in_000000254587,cus_000000020327,199900
in_000000254643,cus_000000020330,9900
in_000000255056,cus_000000020360,29900
in_000000255098,cus_000000020362,29900
in_000000255175,cus_000000020367,9900
in_000000255231,cus_000000020369,29900
in_000000255595,cus_000000020404,79900
in_000000255875,cus_000000020429,29900
in_000000255903,cus_000000020432,9900
in_000000256568,cus_000000020477,79900
in_000000256932,cus_000000020504,99000
in_000000257380,cus_000000020543,9900
in_000000257688,cus_000000020565,9900
in_000000257758,cus_000000020569,199900
in_000000258437,cus_000000020625,9900
in_000000258465,cus_000000020626,9900
in_000000258927,cus_000000020657,9900
in_000000259060,cus_000000020669,9900
in_000000259095,cus_000000020671,29900
in_000000259130,cus_000000020673,9900
in_000000259200,cus_000000020678,29900
in_000000259270,cus_000000020682,79900
in_000000259298,cus_000000020683,29900
in_000000259347,cus_000000020685,29900
in_000000259473,cus_000000020696,9900
in_000000259606,cus_000000020703,99000
in_000000259620,cus_000000020705,9900
in_000000259998,cus_000000020734,9900
in_000000260292,cus_000000020753,29900
in_000000260362,cus_000000020758,9900
in_000000260502,cus_000000020773,799000
in_000000260782,cus_000000020792,79900
in_000000260866,cus_000000020798,29900
in_000000260922,cus_000000020800,9900
in_000000261503,cus_000000020847,29900
in_000000261552,cus_000000020849,9900
in_000000261699,cus_000000020873,99000
in_000000261909,cus_000000020888,79900
in_000000261951,cus_000000020891,29900
in_000000262161,cus_000000020904,29900
in_000000262322,cus_000000020916,9900
in_000000262455,cus_000000020929,199900
in_000000262728,cus_000000020948,29900
in_000000262868,cus_000000020960,9900
in_000000263022,cus_000000020975,79900
in_000000263274,cus_000000020991,9900
in_000000263484,cus_000000021001,29900
in_000000263631,cus_000000021015,9900
in_000000263638,cus_000000021016,799000
in_000000263666,cus_000000021017,29900
in_000000263904,cus_000000021049,79900
in_000000264212,cus_000000021070,29900
in_000000264296,cus_000000021081,9900
in_000000264506,cus_000000021096,9900
in_000000264702,cus_000000021121,9900
in_000000264849,cus_000000021133,29900
in_000000264905,cus_000000021136,29900
in_000000265108,cus_000000021156,9900
in_000000265150,cus_000000021158,9900
in_000000265304,cus_000000021167,9900
in_000000265339,cus_000000021168,79900
in_000000265423,cus_000000021172,9900
in_000000265640,cus_000000021189,9900
in_000000265703,cus_000000021195,29900
in_000000237533,cus_000000018975,199900
in_000000237575,cus_000000018978,79900
in_000000238142,cus_000000019023,9900
in_000000238184,cus_000000019027,199900
in_000000238254,cus_000000019034,9900
in_000000239129,cus_000000019108,29900
in_000000239647,cus_000000019161,199900
in_000000239731,cus_000000019170,29900
in_000000239759,cus_000000019171,9900
in_000000239794,cus_000000019174,9900
in_000000239843,cus_000000019177,9900
in_000000239878,cus_000000019178,9900
in_000000240298,cus_000000019204,29900
in_000000240396,cus_000000019211,9900
in_000000240669,cus_000000019237,9900
in_000000241033,cus_000000019264,29900
in_000000241159,cus_000000019272,199900
in_000000241579,cus_000000019312,9900
in_000000241628,cus_000000019318,9900
in_000000241733,cus_000000019327,29900
in_000000241873,cus_000000019333,199900
in_000000242069,cus_000000019351,9900
in_000000242104,cus_000000019352,9900
in_000000242181,cus_000000019362,9900
in_000000242237,cus_000000019364,9900
in_000000242272,cus_000000019369,9900
in_000000242307,cus_000000019370,9900
in_000000242384,cus_000000019376,199900
in_000000242475,cus_000000019384,99000
in_000000242524,cus_000000019388,199900
in_000000242545,cus_000000019389,79900
in_000000242692,cus_000000019399,199900
in_000000242755,cus_000000019405,9900
in_000000242888,cus_000000019417,9900
in_000000243532,cus_000000019473,9900
in_000000243721,cus_000000019490,99000
in_000000243833,cus_000000019497,29900
in_000000244050,cus_000000019512,9900
in_000000244428,cus_000000019535,29900
in_000000244582,cus_000000019546,199900
in_000000244771,cus_000000019560,29900
in_000000244974,cus_000000019583,9900
in_000000245009,cus_000000019586,79900
in_000000245583,cus_000000019628,199900
in_000000245632,cus_000000019630,9900
in_000000245765,cus_000000019637,299000
in_000000245842,cus_000000019644,9900
in_000000246129,cus_000000019664,9900
in_000000246185,cus_000000019669,29900
in_000000246206,cus_000000019670,9900
in_000000246283,cus_000000019673,9900
in_000000246318,cus_000000019675,9900
in_000000237993,cus_000000019013,9900
in_000000237488,cus_000000018972,9900
in_000000237712,cus_000000018988,9900
in_000000237817,cus_000000018997,29900
in_000000237929,cus_000000019007,9900
in_000000238006,cus_000000019015,9900
in_000000237613,cus_000000018981,9900
in_000000238076,cus_000000019020,9900
in_000000238111,cus_000000019021,9900
in_000000238160,cus_000000019024,29900
in_000000238167,cus_000000019025,199900
in_000000238391,cus_000000019042,9900
in_000000238524,cus_000000019052,29900
in_000000238566,cus_000000019056,29900
in_000000238203,cus_000000019028,29900
in_000000238329,cus_000000019037,29900
in_000000238588,cus_000000019058,9900
in_000000179966,cus_000000014372,79900
in_000000179980,cus_000000014373,79900
in_000000180015,cus_000000014374,79900
in_000000180337,cus_000000014402,9900
in_000000180470,cus_000000014413,79900
in_000000180540,cus_000000014422,9900
in_000000180617,cus_000000014432,199900
in_000000180680,cus_000000014439,9900
in_000000180778,cus_000000014447,79900
in_000000180890,cus_000000014461,29900
in_000000181086,cus_000000014477,9900
in_000000181289,cus_000000014501,9900
in_000000181478,cus_000000014518,29900
in_000000181891,cus_000000014547,199900
in_000000182010,cus_000000014554,9900
in_000000182052,cus_000000014558,29900
in_000000265745,cus_000000021200,79900
in_000000266102,cus_000000021233,29900
in_000000266207,cus_000000021244,79900
in_000000266242,cus_000000021245,9900
in_000000182094,cus_000000014563,199900
in_000000182108,cus_000000014564,29900
in_000000182542,cus_000000014591,29900
in_000000182647,cus_000000014595,79900
in_000000183074,cus_000000014623,79900
in_000000266333,cus_000000021255,9900
in_000000266466,cus_000000021272,79900
in_000000237518,cus_000000018974,9900
in_000000237658,cus_000000018985,29900
in_000000237763,cus_000000018993,9900
in_000000237875,cus_000000019002,29900
in_000000183235,cus_000000014635,9900
in_000000183368,cus_000000014648,79900
in_000000183438,cus_000000014657,9900
in_000000183508,cus_000000014668,9900
in_000000183557,cus_000000014671,9900
in_000000183620,cus_000000014679,29900
in_000000183732,cus_000000014688,79900
in_000000183746,cus_000000014691,9900
in_000000238040,cus_000000019017,29900
in_000000238068,cus_000000019019,9900
in_000000238369,cus_000000019039,9900
in_000000238691,cus_000000019067,299000
in_000000238719,cus_000000019070,9900
in_000000238726,cus_000000019072,99000
in_000000238768,cus_000000019077,29900
in_000000238971,cus_000000019093,9900
in_000000239020,cus_000000019101,9900
in_000000239062,cus_000000019105,9900
in_000000239195,cus_000000019114,9900
in_000000239279,cus_000000019121,9900
in_000000239314,cus_000000019124,99000
in_000000239489,cus_000000019143,9900
in_000000239531,cus_000000019150,9900
in_000000238804,cus_000000019080,79900
in_000000238916,cus_000000019090,9900
in_000000238986,cus_000000019096,79900
in_000000239084,cus_000000019106,9900
in_000000239993,cus_000000019187,9900
in_000000239665,cus_000000019162,9900
in_000000240525,cus_000000019226,29900
in_000000240602,cus_000000019230,29900
in_000000240798,cus_000000019248,79900
in_000000238274,cus_000000019035,199900
in_000000238302,cus_000000019036,79900
in_000000239959,cus_000000019184,9900
in_000000239980,cus_000000019186,9900
in_000000240099,cus_000000019191,29900
in_000000240120,cus_000000019193,79900
in_000000238651,cus_000000019062,29900
in_000000238707,cus_000000019069,29900
in_000000238980,cus_000000019094,99000
in_000000241141,cus_000000019271,29900
in_000000241260,cus_000000019278,29900
in_000000241358,cus_000000019292,199900
in_000000241393,cus_000000019296,29900
in_000000240365,cus_000000019210,9900
in_000000240463,cus_000000019219,9900
in_000000240484,cus_000000019223,9900
in_000000240554,cus_000000019228,79900
in_000000238638,cus_000000019061,9900
in_000000238792,cus_000000019079,9900
in_000000238862,cus_000000019087,9900
in_000000238883,cus_000000019089,79900
in_000000239009,cus_000000019100,9900
in_000000239100,cus_000000019107,9900
in_000000239163,cus_000000019109,9900
in_000000241463,cus_000000019302,9900
in_000000241526,cus_000000019309,199900
in_000000241652,cus_000000019319,79900
in_000000241680,cus_000000019321,9900
in_000000241778,cus_000000019329,29900
in_000000241799,cus_000000019330,79900
in_000000239239,cus_000000019118,199900
in_000000239358,cus_000000019127,9900
in_000000239386,cus_000000019133,199900
in_000000240988,cus_000000019260,29900
in_000000241065,cus_000000019265,29900
in_000000241205,cus_000000019276,9900
in_000000241275,cus_000000019280,29900
in_000000241303,cus_000000019284,29900
in_000000241401,cus_000000019297,299000
in_000000239324,cus_000000019126,9900
in_000000239394,cus_000000019134,9900
in_000000239513,cus_000000019147,79900
in_000000239520,cus_000000019148,9900
in_000000239562,cus_000000019152,29900
in_000000239597,cus_000000019155,9900
in_000000242016,cus_000000019348,9900
in_000000242142,cus_000000019359,9900
in_000000239806,cus_000000019175,9900
in_000000239939,cus_000000019183,9900
in_000000240016,cus_000000019188,29900
in_000000246780,cus_000000019708,9900
in_000000246997,cus_000000019717,29900
in_000000242611,cus_000000019392,9900
in_000000242947,cus_000000019429,99000
in_000000240345,cus_000000019209,9900
in_000000240408,cus_000000019213,99000
in_000000240450,cus_000000019217,9900
in_000000240499,cus_000000019224,9900
in_000000240590,cus_000000019229,79900
in_000000240618,cus_000000019232,9900
in_000000240695,cus_000000019242,9900
in_000000240849,cus_000000019251,9900
in_000000183823,cus_000000014696,9900
in_000000183872,cus_000000014706,9900
in_000000183928,cus_000000014711,29900
in_000000243269,cus_000000019450,9900
in_000000247263,cus_000000019738,79900
in_000000247389,cus_000000019744,9900
in_000000247466,cus_000000019751,9900
in_000000247473,cus_000000019752,9900
in_000000247620,cus_000000019759,29900
in_000000240884,cus_000000019253,9900
in_000000241367,cus_000000019293,99000
in_000000241374,cus_000000019294,9900
in_000000241500,cus_000000019304,29900
in_000000241815,cus_000000019331,29900
in_000000184411,cus_000000014763,79900
in_000000184656,cus_000000014782,29900
in_000000184859,cus_000000014793,9900
in_000000247683,cus_000000019763,29900
in_000000247760,cus_000000019766,79900
in_000000247830,cus_000000019770,9900
in_000000242403,cus_000000019378,9900
in_000000242564,cus_000000019390,29900
in_000000244263,cus_000000019526,9900
in_000000244389,cus_000000019533,9900
in_000000244606,cus_000000019547,9900
in_000000244697,cus_000000019556,9900
in_000000244746,cus_000000019559,9900
in_000000184894,cus_000000014794,9900
in_000000184929,cus_000000014796,79900
in_000000185006,cus_000000014800,29900
in_000000185321,cus_000000014819,9900
in_000000185433,cus_000000014825,9900
in_000000242865,cus_000000019415,99000
in_000000242970,cus_000000019434,9900
in_000000243054,cus_000000019440,99000
in_000000248278,cus_000000019802,29900
in_000000248320,cus_000000019804,29900
in_000000248649,cus_000000019827,29900
in_000000248775,cus_000000019838,9900
in_000000244921,cus_000000019576,9900
in_000000245110,cus_000000019597,29900
in_000000245292,cus_000000019610,9900
in_000000185874,cus_000000014851,29900
in_000000243278,cus_000000019451,99000
in_000000243348,cus_000000019459,29900
in_000000243474,cus_000000019467,29900
in_000000243509,cus_000000019471,9900
in_000000243558,cus_000000019476,9900
in_000000245656,cus_000000019632,9900
in_000000245810,cus_000000019643,9900
in_000000245887,cus_000000019650,9900
in_000000249139,cus_000000019880,9900
in_000000249202,cus_000000019882,9900
in_000000186154,cus_000000014878,29900
in_000000186175,cus_000000014879,9900
in_000000186511,cus_000000014907,99000
in_000000243712,cus_000000019489,9900
in_000000243845,cus_000000019498,29900
in_000000243901,cus_000000019503,9900
in_000000243936,cus_000000019504,199900
in_000000244027,cus_000000019509,199900
in_000000244132,cus_000000019520,9900
in_000000244195,cus_000000019522,79900
in_000000266921,cus_000000021307,29900
in_000000267061,cus_000000021320,79900
in_000000267117,cus_000000021327,29900
in_000000267194,cus_000000021334,9900
in_000000267341,cus_000000021348,9900
in_000000239814,cus_000000019176,799000
in_000000240045,cus_000000019189,29900
in_000000240234,cus_000000019200,9900
in_000000249671,cus_000000019926,29900
in_000000249713,cus_000000019934,9900
in_000000249755,cus_000000019938,29900
in_000000249902,cus_000000019946,9900
in_000000244447,cus_000000019539,79900
in_000000244622,cus_000000019549,79900
in_000000244685,cus_000000019553,79900
in_000000244797,cus_000000019561,9900
in_000000186693,cus_000000014920,9900
in_000000186826,cus_000000014929,199900
in_000000186868,cus_000000014934,9900
in_000000187099,cus_000000014954,9900
in_000000240416,cus_000000019215,199900
in_000000240857,cus_000000019252,99000
in_000000249951,cus_000000019952,79900
in_000000250189,cus_000000019971,79900
in_000000250203,cus_000000019972,79900
in_000000250259,cus_000000019977,9900
in_000000244839,cus_000000019566,29900
in_000000245028,cus_000000019590,29900
in_000000245084,cus_000000019596,9900
in_000000245161,cus_000000019599,9900
in_000000245245,cus_000000019607,29900
in_000000245280,cus_000000019608,9900
in_000000240913,cus_000000019256,199900
in_000000240976,cus_000000019259,29900
in_000000241081,cus_000000019266,199900
in_000000241116,cus_000000019267,9900
in_000000187197,cus_000000014963,99000
in_000000187302,cus_000000014974,9900
in_000000187519,cus_000000014993,9900
in_000000245525,cus_000000019623,9900
in_000000245546,cus_000000019624,9900
in_000000245679,cus_000000019633,9900
in_000000245756,cus_000000019636,9900
in_000000250532,cus_000000019998,79900
in_000000250651,cus_000000020011,9900
in_000000250959,cus_000000020036,9900
in_000000187764,cus_000000015013,9900
in_000000187827,cus_000000015023,29900
in_000000187967,cus_000000015033,199900
in_000000188100,cus_000000015040,29900
in_000000241949,cus_000000019345,9900
in_000000241984,cus_000000019347,29900
in_000000251085,cus_000000020042,79900
in_000000251113,cus_000000020047,9900
in_000000251260,cus_000000020057,9900
in_000000251309,cus_000000020059,79900
in_000000251316,cus_000000020060,79900
in_000000251421,cus_000000020071,9900
in_000000188604,cus_000000015088,79900
in_000000188653,cus_000000015091,29900
in_000000241688,cus_000000019322,99000
in_000000241849,cus_000000019332,9900
in_000000242250,cus_000000019366,79900
in_000000242411,cus_000000019379,9900
in_000000242467,cus_000000019383,9900
in_000000189311,cus_000000015149,9900
in_000000189360,cus_000000015154,9900
in_000000246078,cus_000000019662,9900
in_000000246099,cus_000000019663,9900
in_000000242635,cus_000000019394,79900
in_000000242768,cus_000000019406,29900
in_000000243083,cus_000000019442,29900
in_000000243104,cus_000000019443,29900
in_000000251652,cus_000000020094,79900
in_000000251708,cus_000000020099,799000
in_000000251736,cus_000000020100,9900
in_000000251911,cus_000000020111,199900
in_000000251960,cus_000000020120,1999000
in_000000252058,cus_000000020128,79900
in_000000252142,cus_000000020132,199900
in_000000267502,cus_000000021363,9900
in_000000252191,cus_000000020138,299000
in_000000252338,cus_000000020153,199900
in_000000252646,cus_000000020170,29900
in_000000246582,cus_000000019692,29900
in_000000246596,cus_000000019693,9900
in_000000246687,cus_000000019699,9900
in_000000246953,cus_000000019714,79900
in_000000246960,cus_000000019715,99000
in_000000246974,cus_000000019716,9900
in_000000252779,cus_000000020177,199900
in_000000252877,cus_000000020185,9900
in_000000253038,cus_000000020196,9900
in_000000253262,cus_000000020211,79900
in_000000268048,cus_000000021401,29900
in_000000268496,cus_000000021440,79900
in_000000247366,cus_000000019743,9900
in_000000247443,cus_000000019749,79900
in_000000247527,cus_000000019754,79900
in_000000243209,cus_000000019448,9900
in_000000243426,cus_000000019462,29900
in_000000243692,cus_000000019487,29900
in_000000268811,cus_000000021460,9900
in_000000269063,cus_000000021474,29900
in_000000253521,cus_000000020231,9900
in_000000253542,cus_000000020235,199900
in_000000247905,cus_000000019774,9900
in_000000243979,cus_000000019506,9900
in_000000244091,cus_000000019517,29900
in_000000269175,cus_000000021487,199900
in_000000269259,cus_000000021494,29900
in_000000269308,cus_000000021496,9900
in_000000269392,cus_000000021508,29900
in_000000269413,cus_000000021509,29900
in_000000248458,cus_000000019814,79900
in_000000248605,cus_000000019825,29900
in_000000248710,cus_000000019833,99000
in_000000244553,cus_000000019545,29900
in_000000254025,cus_000000020285,9900
in_000000269791,cus_000000021537,29900
in_000000270204,cus_000000021573,79900
in_000000270239,cus_000000021575,29900
in_000000245225,cus_000000019605,99000
in_000000248843,cus_000000019850,29900
in_000000249277,cus_000000019892,29900
in_000000270267,cus_000000021577,9900
in_000000270379,cus_000000021584,9900
in_000000270519,cus_000000021593,9900
in_000000270596,cus_000000021599,29900
in_000000254487,cus_000000020321,9900
in_000000245561,cus_000000019625,29900
in_000000271037,cus_000000021638,9900
in_000000271107,cus_000000021646,79900
in_000000271142,cus_000000021647,79900
in_000000271156,cus_000000021650,79900
in_000000271268,cus_000000021657,79900
in_000000271303,cus_000000021658,79900
in_000000242213,cus_000000019363,9900
in_000000242500,cus_000000019385,9900
in_000000255341,cus_000000020380,99000
in_000000255362,cus_000000020382,9900
in_000000255376,cus_000000020385,29900
in_000000255383,cus_000000020386,9900
in_000000255481,cus_000000020397,199900
in_000000249977,cus_000000019953,9900
in_000000250103,cus_000000019961,9900
in_000000250173,cus_000000019969,79900
in_000000250271,cus_000000019979,29900
in_000000250404,cus_000000019988,29900
in_000000242717,cus_000000019401,9900
in_000000242857,cus_000000019413,29900
in_000000242878,cus_000000019416,79900
in_000000242997,cus_000000019435,79900
in_000000243046,cus_000000019439,79900
in_000000255621,cus_000000020406,9900
in_000000255705,cus_000000020411,29900
in_000000245995,cus_000000019656,9900
in_000000246261,cus_000000019672,9900
in_000000246359,cus_000000019680,199900
in_000000246394,cus_000000019681,9900
in_000000246450,cus_000000019685,99000
in_000000250523,cus_000000019997,29900
in_000000250565,cus_000000020000,29900
in_000000250768,cus_000000020023,9900
in_000000250866,cus_000000020030,99000
in_000000256132,cus_000000020447,9900
in_000000256237,cus_000000020453,29900
in_000000256468,cus_000000020471,9900
in_000000256538,cus_000000020474,9900
in_000000256559,cus_000000020476,9900
in_000000256601,cus_000000020478,199900
in_000000256692,cus_000000020489,9900
in_000000246814,cus_000000019709,9900
in_000000247010,cus_000000019719,9900
in_000000247038,cus_000000019720,29900
in_000000247045,cus_000000019721,9900
in_000000247066,cus_000000019723,79900
in_000000251216,cus_000000020053,79900
in_000000251342,cus_000000020062,29900
in_000000251503,cus_000000020080,29900
in_000000243466,cus_000000019466,199900
in_000000243648,cus_000000019484,29900
in_000000251818,cus_000000020107,9900
in_000000251951,cus_000000020119,9900
in_000000252028,cus_000000020125,9900
in_000000252175,cus_000000020135,29900
in_000000252217,cus_000000020141,29900
in_000000252308,cus_000000020151,29900
in_000000252364,cus_000000020155,79900
in_000000252539,cus_000000020162,29900
in_000000252567,cus_000000020165,9900
in_000000252616,cus_000000020168,9900
in_000000252735,cus_000000020173,9900
in_000000252966,cus_000000020191,29900
in_000000252987,cus_000000020192,29900
in_000000190074,cus_000000015202,9900
in_000000190312,cus_000000015222,79900
in_000000190333,cus_000000015225,9900
in_000000253463,cus_000000020224,199900
in_000000253561,cus_000000020237,29900
in_000000253638,cus_000000020242,9900
in_000000253652,cus_000000020245,299000
in_000000253666,cus_000000020248,79900
in_000000253694,cus_000000020249,199900
in_000000253771,cus_000000020258,9900
in_000000190718,cus_000000015268,799000
in_000000190900,cus_000000015281,9900
in_000000191012,cus_000000015288,9900
in_000000253883,cus_000000020270,99000
in_000000253953,cus_000000020277,29900
in_000000254072,cus_000000020289,29900
in_000000254107,cus_000000020291,29900
in_000000254163,cus_000000020294,9900
in_000000254282,cus_000000020304,199900
in_000000256727,cus_000000020491,9900
in_000000256762,cus_000000020493,29900
in_000000257224,cus_000000020525,29900
in_000000191292,cus_000000015304,29900
in_000000191474,cus_000000015317,9900
in_000000191579,cus_000000015330,9900
in_000000191593,cus_000000015332,199900
in_000000254667,cus_000000020331,9900
in_000000254779,cus_000000020338,9900
in_000000254786,cus_000000020339,29900
in_000000254870,cus_000000020348,9900
in_000000257441,cus_000000020545,9900
in_000000257560,cus_000000020555,199900
in_000000257602,cus_000000020558,29900
in_000000191999,cus_000000015368,9900
in_000000255157,cus_000000020366,9900
in_000000255283,cus_000000020375,9900
in_000000255451,cus_000000020395,99000
in_000000257861,cus_000000020578,9900
in_000000258050,cus_000000020596,29900
in_000000258176,cus_000000020608,9900
in_000000271408,cus_000000021665,79900
in_000000271541,cus_000000021680,29900
in_000000271555,cus_000000021681,79900
in_000000271856,cus_000000021704,29900
in_000000258400,cus_000000020623,9900
in_000000258547,cus_000000020635,79900
in_000000258582,cus_000000020637,9900
in_000000258645,cus_000000020642,9900
in_000000258827,cus_000000020650,99000
in_000000258904,cus_000000020654,79900
in_000000258939,cus_000000020658,9900
in_000000255948,cus_000000020434,29900
in_000000256004,cus_000000020441,199900
in_000000272283,cus_000000021744,9900
in_000000272416,cus_000000021752,9900
in_000000256312,cus_000000020460,9900
in_000000272528,cus_000000021762,9900
in_000000272556,cus_000000021763,79900
in_000000272633,cus_000000021769,29900
in_000000272815,cus_000000021782,9900
in_000000272997,cus_000000021802,79900
in_000000192916,cus_000000015441,9900
in_000000193000,cus_000000015449,199900
in_000000193301,cus_000000015472,29900
in_000000193357,cus_000000015474,29900
in_000000243781,cus_000000019495,199900
in_000000243893,cus_000000019500,9900
in_000000244068,cus_000000019514,9900
in_000000244229,cus_000000019524,29900
in_000000257061,cus_000000020511,9900
in_000000257096,cus_000000020513,29900
in_000000257187,cus_000000020521,299000
in_000000273298,cus_000000021824,79900
in_000000273368,cus_000000021829,9900
in_000000273382,cus_000000021830,9900
in_000000193364,cus_000000015476,299000
in_000000193385,cus_000000015480,9900
in_000000193861,cus_000000015525,199900
in_000000273648,cus_000000021850,29900
in_000000247710,cus_000000019764,199900
in_000000248011,cus_000000019785,9900
in_000000248144,cus_000000019793,29900
in_000000259401,cus_000000020690,9900
in_000000244649,cus_000000019551,29900
in_000000257621,cus_000000020559,9900
in_000000257712,cus_000000020566,29900
in_000000274243,cus_000000021903,29900
in_000000274474,cus_000000021922,29900
in_000000274530,cus_000000021927,199900
in_000000194281,cus_000000015555,79900
in_000000194288,cus_000000015556,9900
in_000000194309,cus_000000015557,29900
in_000000275195,cus_000000021981,9900
in_000000275307,cus_000000021990,9900
in_000000259597,cus_000000020702,9900
in_000000259793,cus_000000020719,29900
in_000000259905,cus_000000020726,199900
in_000000260059,cus_000000020736,79900
in_000000248963,cus_000000019863,29900
in_000000249068,cus_000000019873,29900
in_000000194750,cus_000000015585,9900
in_000000194799,cus_000000015590,99000
in_000000244817,cus_000000019562,29900
in_000000244824,cus_000000019563,9900
in_000000244929,cus_000000019577,299000
in_000000260276,cus_000000020751,29900
in_000000260332,cus_000000020756,9900
in_000000260570,cus_000000020779,79900
in_000000260605,cus_000000020784,79900
in_000000257838,cus_000000020573,29900
in_000000257845,cus_000000020574,299000
in_000000257908,cus_000000020586,299000
in_000000257922,cus_000000020589,199900
in_000000258062,cus_000000020599,9900
in_000000258097,cus_000000020600,79900
in_000000258216,cus_000000020612,199900
in_000000258307,cus_000000020616,29900
in_000000195100,cus_000000015615,99000
in_000000195121,cus_000000015617,9900
in_000000195268,cus_000000015630,9900
in_000000195338,cus_000000015634,29900
in_000000195422,cus_000000015639,199900
in_000000195548,cus_000000015648,29900
in_000000195569,cus_000000015649,9900
in_000000195604,cus_000000015652,199900
in_000000249747,cus_000000019936,9900
in_000000249810,cus_000000019942,9900
in_000000249845,cus_000000019943,9900
in_000000249880,cus_000000019945,199900
in_000000245489,cus_000000019622,9900
in_000000245713,cus_000000019634,199900
in_000000245874,cus_000000019648,199900
in_000000275601,cus_000000022017,29900
in_000000275776,cus_000000022036,9900
in_000000195716,cus_000000015659,29900
in_000000195737,cus_000000015661,29900
in_000000195765,cus_000000015663,9900
in_000000196066,cus_000000015680,29900
in_000000196087,cus_000000015682,9900
in_000000258524,cus_000000020631,9900
in_000000258783,cus_000000020647,9900
in_000000245958,cus_000000019654,9900
in_000000246175,cus_000000019668,9900
in_000000246504,cus_000000019688,9900
in_000000249922,cus_000000019950,9900
in_000000250097,cus_000000019959,299000
in_000000250181,cus_000000019970,1999000
in_000000250300,cus_000000019980,29900
in_000000276042,cus_000000022056,9900
in_000000276182,cus_000000022071,79900
in_000000276448,cus_000000022091,9900
in_000000246525,cus_000000019689,9900
in_000000246553,cus_000000019690,9900
in_000000246644,cus_000000019696,9900
in_000000259112,cus_000000020672,29900
in_000000259189,cus_000000020676,29900
in_000000259315,cus_000000020684,29900
in_000000259441,cus_000000020695,9900
in_000000196465,cus_000000015712,29900
in_000000196500,cus_000000015714,9900
in_000000250734,cus_000000020019,29900
in_000000250818,cus_000000020025,9900
in_000000247078,cus_000000019724,79900
in_000000247253,cus_000000019736,79900
in_000000247288,cus_000000019739,29900
in_000000247330,cus_000000019741,9900
in_000000247610,cus_000000019758,9900
in_000000196885,cus_000000015744,29900
in_000000276658,cus_000000022107,29900
in_000000276707,cus_000000022111,199900
in_000000276847,cus_000000022122,29900
in_000000251294,cus_000000020058,199900
in_000000251329,cus_000000020061,9900
in_000000251448,cus_000000020072,9900
in_000000251518,cus_000000020081,9900
in_000000251532,cus_000000020082,79900
in_000000277218,cus_000000022159,199900
in_000000277337,cus_000000022167,29900
in_000000260766,cus_000000020791,9900
in_000000261102,cus_000000020818,79900
in_000000261144,cus_000000020822,9900
in_000000261151,cus_000000020823,9900
in_000000261172,cus_000000020824,29900
in_000000261193,cus_000000020827,79900
in_000000251623,cus_000000020091,9900
in_000000251756,cus_000000020102,9900
in_000000251777,cus_000000020104,29900
in_000000251784,cus_000000020105,9900
in_000000251791,cus_000000020106,99000
in_000000251875,cus_000000020110,9900
in_000000251945,cus_000000020116,299000
in_000000277855,cus_000000022205,29900
in_000000261256,cus_000000020830,79900
in_000000261284,cus_000000020831,29900
in_000000261319,cus_000000020832,79900
in_000000261340,cus_000000020835,9900
in_000000261466,cus_000000020845,79900
in_000000252547,cus_000000020163,29900
in_000000252582,cus_000000020166,29900
in_000000261851,cus_000000020883,199900
in_000000261879,cus_000000020885,9900
in_000000261886,cus_000000020886,9900
in_000000262096,cus_000000020900,9900
in_000000262215,cus_000000020910,29900
in_000000262257,cus_000000020913,299000
in_000000262271,cus_000000020914,29900
in_000000262306,cus_000000020915,79900
in_000000197963,cus_000000015837,29900
in_000000198138,cus_000000015848,9900
in_000000198208,cus_000000015854,9900
in_000000198292,cus_000000015858,29900
in_000000278191,cus_000000022233,29900
in_000000278352,cus_000000022258,9900
in_000000278387,cus_000000022264,29900
in_000000278688,cus_000000022287,9900
in_000000252932,cus_000000020189,9900
in_000000253212,cus_000000020209,29900
in_000000198523,cus_000000015885,9900
in_000000278765,cus_000000022292,29900
in_000000278989,cus_000000022308,9900
in_000000279024,cus_000000022310,9900
in_000000279031,cus_000000022311,9900
in_000000279185,cus_000000022323,29900
in_000000279192,cus_000000022324,1999000
in_000000253506,cus_000000020229,29900
in_000000262943,cus_000000020968,9900
in_000000262971,cus_000000020969,29900
in_000000263132,cus_000000020983,9900
in_000000263461,cus_000000021000,199900
in_000000253996,cus_000000020282,29900
in_000000263895,cus_000000021047,79900
in_000000199629,cus_000000015972,199900
in_000000199643,cus_000000015975,29900
in_000000199671,cus_000000015978,99000
in_000000200063,cus_000000016004,79900
in_000000200126,cus_000000016015,99000
in_000000279325,cus_000000022333,9900
in_000000279437,cus_000000022338,79900
in_000000279444,cus_000000022339,79900
in_000000279731,cus_000000022358,199900
in_000000254514,cus_000000020324,29900
in_000000254521,cus_000000020325,9900
in_000000254556,cus_000000020326,9900
in_000000254815,cus_000000020340,9900
in_000000264112,cus_000000021064,299000
in_000000264308,cus_000000021083,79900
in_000000264350,cus_000000021087,9900
in_000000264392,cus_000000021089,79900
in_000000264406,cus_000000021091,29900
in_000000200252,cus_000000016029,9900
in_000000200392,cus_000000016039,29900
in_000000200434,cus_000000016044,29900
in_000000254990,cus_000000020357,79900
in_000000255025,cus_000000020359,79900
in_000000255333,cus_000000020379,199900
in_000000280151,cus_000000022392,9900
in_000000280200,cus_000000022394,79900
in_000000280417,cus_000000022420,9900
in_000000264630,cus_000000021111,29900
in_000000264651,cus_000000021114,29900
in_000000264749,cus_000000021128,29900
in_000000264987,cus_000000021144,9900
in_000000265043,cus_000000021146,9900
in_000000201225,cus_000000016097,29900
in_000000201246,cus_000000016098,29900
in_000000280522,cus_000000022424,29900
in_000000280669,cus_000000022437,29900
in_000000265253,cus_000000021163,9900
in_000000265456,cus_000000021179,79900
in_000000259749,cus_000000020713,9900
in_000000259861,cus_000000020723,9900
in_000000255571,cus_000000020400,9900
in_000000255613,cus_000000020405,9900
in_000000255753,cus_000000020416,29900
in_000000255774,cus_000000020419,29900
in_000000255858,cus_000000020428,9900
in_000000255893,cus_000000020430,9900
in_000000256096,cus_000000020446,29900
in_000000247946,cus_000000019778,79900
in_000000248037,cus_000000019786,29900
in_000000248058,cus_000000019787,199900
in_000000248072,cus_000000019789,199900
in_000000248121,cus_000000019792,9900
in_000000281068,cus_000000022472,9900
in_000000201624,cus_000000016125,79900
in_000000201757,cus_000000016133,29900
in_000000260239,cus_000000020747,9900
in_000000260435,cus_000000020764,9900
in_000000256180,cus_000000020449,9900
in_000000256250,cus_000000020454,9900
in_000000256390,cus_000000020465,9900
in_000000281670,cus_000000022529,9900
in_000000281782,cus_000000022537,9900
in_000000281992,cus_000000022550,29900
in_000000256789,cus_000000020495,9900
in_000000256824,cus_000000020496,29900
in_000000257111,cus_000000020517,79900
in_000000257146,cus_000000020519,9900
in_000000257216,cus_000000020524,9900
in_000000260834,cus_000000020795,29900
in_000000282356,cus_000000022575,9900
in_000000282447,cus_000000022581,29900
in_000000282461,cus_000000022582,9900
in_000000201960,cus_000000016144,29900
in_000000201981,cus_000000016147,29900
in_000000202142,cus_000000016157,9900
in_000000202240,cus_000000016162,9900
in_000000202324,cus_000000016168,29900
in_000000282692,cus_000000022595,9900
in_000000283028,cus_000000022625,9900
in_000000261373,cus_000000020836,79900
in_000000261436,cus_000000020843,79900
in_000000261681,cus_000000020866,9900
in_000000261758,cus_000000020877,9900
in_000000257328,cus_000000020535,9900
in_000000257370,cus_000000020541,79900
in_000000257454,cus_000000020547,9900
in_000000257580,cus_000000020556,29900
in_000000257804,cus_000000020572,29900
in_000000283266,cus_000000022645,799000
in_000000283385,cus_000000022658,79900
in_000000283609,cus_000000022680,9900
in_000000283805,cus_000000022698,99000
in_000000246062,cus_000000019661,9900
in_000000246440,cus_000000019683,9900
in_000000262073,cus_000000020899,9900
in_000000262248,cus_000000020912,9900
in_000000257881,cus_000000020583,9900
in_000000257979,cus_000000020591,9900
in_000000258112,cus_000000020601,199900
in_000000258273,cus_000000020615,9900
in_000000258329,cus_000000020617,29900
in_000000283903,cus_000000022710,199900
in_000000283931,cus_000000022713,29900
in_000000284050,cus_000000022718,199900
in_000000284064,cus_000000022720,9900
in_000000284120,cus_000000022725,29900
in_000000284127,cus_000000022726,29900
in_000000284358,cus_000000022742,79900
in_000000246615,cus_000000019694,9900
in_000000246839,cus_000000019710,29900
in_000000258420,cus_000000020624,9900
in_000000258658,cus_000000020643,9900
in_000000258693,cus_000000020644,29900
in_000000258721,cus_000000020645,79900
in_000000258819,cus_000000020649,9900
in_000000202639,cus_000000016188,29900
in_000000202653,cus_000000016189,199900
in_000000202660,cus_000000016190,29900
in_000000202709,cus_000000016195,9900
in_000000202765,cus_000000016204,29900
in_000000202793,cus_000000016207,29900
in_000000202884,cus_000000016213,29900
in_000000258980,cus_000000020661,29900
in_000000259001,cus_000000020662,9900
in_000000259379,cus_000000020688,9900
in_000000203269,cus_000000016236,79900
in_000000203430,cus_000000016245,79900
in_000000247154,cus_000000019729,79900
in_000000247210,cus_000000019734,29900
in_000000247301,cus_000000019740,79900
in_000000247413,cus_000000019745,79900
in_000000203710,cus_000000016263,9900
in_000000203787,cus_000000016267,29900
in_000000203864,cus_000000016274,79900
in_000000204011,cus_000000016285,29900
in_000000204060,cus_000000016291,9900
in_000000204074,cus_000000016292,29900
in_000000259652,cus_000000020706,29900
in_000000259708,cus_000000020710,29900
in_000000247959,cus_000000019779,29900
in_000000248169,cus_000000019794,29900
in_000000204200,cus_000000016302,9900
in_000000204382,cus_000000016318,199900
in_000000204585,cus_000000016338,29900
in_000000260247,cus_000000020748,99000
in_000000260408,cus_000000020762,29900
in_000000260471,cus_000000020769,9900
in_000000260527,cus_000000020775,9900
in_000000260639,cus_000000020785,29900
in_000000248309,cus_000000019803,9900
in_000000248617,cus_000000019826,9900
in_000000261059,cus_000000020814,9900
in_000000261073,cus_000000020815,29900
in_000000261087,cus_000000020817,9900
in_000000204991,cus_000000016374,29900
in_000000205061,cus_000000016379,29900
in_000000205089,cus_000000016380,199900
in_000000248827,cus_000000019849,29900
in_000000248911,cus_000000019857,299000
in_000000249051,cus_000000019868,9900
in_000000249100,cus_000000019874,79900
in_000000261570,cus_000000020852,79900
in_000000261633,cus_000000020860,99000
in_000000261689,cus_000000020867,99000
in_000000262626,cus_000000020943,9900
in_000000263053,cus_000000020977,9900
in_000000263298,cus_000000020994,9900
in_000000263368,cus_000000020997,9900
in_000000249380,cus_000000019899,79900
in_000000249471,cus_000000019905,9900
in_000000249646,cus_000000019925,299000
in_000000263585,cus_000000021010,79900
in_000000263711,cus_000000021025,79900
in_000000263837,cus_000000021043,9900
in_000000263949,cus_000000021051,9900
in_000000264159,cus_000000021067,9900
in_000000264222,cus_000000021073,99000
in_000000264320,cus_000000021086,99000
in_000000264474,cus_000000021095,79900
in_000000264782,cus_000000021129,199900
in_000000265076,cus_000000021154,29900
in_000000265209,cus_000000021160,9900
in_000000265587,cus_000000021186,9900
in_000000265608,cus_000000021187,29900
in_000000250059,cus_000000019956,29900
in_000000250388,cus_000000019987,9900
in_000000250430,cus_000000019993,99000
in_000000261983,cus_000000020893,29900
in_000000261990,cus_000000020894,799000
in_000000262004,cus_000000020896,79900
in_000000250591,cus_000000020001,79900
in_000000250633,cus_000000020007,29900
in_000000250675,cus_000000020014,29900
in_000000250850,cus_000000020026,9900
in_000000250878,cus_000000020031,29900
in_000000250906,cus_000000020033,29900
in_000000250927,cus_000000020035,29900
in_000000205306,cus_000000016394,9900
in_000000205334,cus_000000016396,9900
in_000000205712,cus_000000016429,99000
in_000000251186,cus_000000020051,29900
in_000000251354,cus_000000020064,9900
in_000000251571,cus_000000020086,9900
in_000000284477,cus_000000022751,29900
in_000000284610,cus_000000022757,29900
in_000000284883,cus_000000022778,29900
in_000000248212,cus_000000019798,9900
in_000000248359,cus_000000019806,29900
in_000000248478,cus_000000019815,9900
in_000000262403,cus_000000020924,9900
in_000000262480,cus_000000020931,9900
in_000000262564,cus_000000020937,199900
in_000000262739,cus_000000020949,29900
in_000000262760,cus_000000020952,9900
in_000000262788,cus_000000020955,29900
in_000000262914,cus_000000020965,9900
in_000000262984,cus_000000020970,9900
in_000000263082,cus_000000020980,9900
in_000000263159,cus_000000020985,9900
in_000000263222,cus_000000020989,9900
in_000000263341,cus_000000020996,29900
in_000000205887,cus_000000016449,9900
in_000000206118,cus_000000016466,29900
in_000000263705,cus_000000021024,99000
in_000000263726,cus_000000021028,9900
in_000000263957,cus_000000021052,9900
in_000000263985,cus_000000021053,9900
in_000000248926,cus_000000019859,9900
in_000000249108,cus_000000019875,99000
in_000000264223,cus_000000021074,99000
in_000000264517,cus_000000021098,9900
in_000000264538,cus_000000021102,9900
in_000000249409,cus_000000019901,9900
in_000000249584,cus_000000019915,29900
in_000000249724,cus_000000019935,9900
in_000000249787,cus_000000019941,199900
in_000000206384,cus_000000016491,29900
in_000000206433,cus_000000016495,9900
in_000000206552,cus_000000016504,29900
in_000000206629,cus_000000016509,29900
in_000000264825,cus_000000021132,9900
in_000000264965,cus_000000021141,79900
in_000000250088,cus_000000019958,9900
in_000000250235,cus_000000019975,9900
in_000000250354,cus_000000019985,9900
in_000000250417,cus_000000019990,29900
in_000000265693,cus_000000021193,199900
in_000000206951,cus_000000016530,9900
in_000000206979,cus_000000016531,79900
in_000000207007,cus_000000016532,9900
in_000000207210,cus_000000016542,9900
in_000000207413,cus_000000016557,29900
in_000000252194,cus_000000020140,29900
in_000000252677,cus_000000020171,9900
in_000000252859,cus_000000020184,79900
in_000000252915,cus_000000020187,299000
in_000000253020,cus_000000020193,9900
in_000000253118,cus_000000020204,29900
in_000000253188,cus_000000020208,9900
in_000000253244,cus_000000020210,29900
in_000000253601,cus_000000020239,29900
in_000000253874,cus_000000020269,29900
in_000000253888,cus_000000020272,79900
in_000000253909,cus_000000020273,29900
in_000000254210,cus_000000020296,29900
in_000000254266,cus_000000020301,29900
in_000000254595,cus_000000020328,9900
in_000000254945,cus_000000020353,99000
in_000000255071,cus_000000020361,9900
in_000000255106,cus_000000020363,9900
in_000000255400,cus_000000020391,199900
in_000000255442,cus_000000020394,9900
in_000000255666,cus_000000020409,9900
in_000000256282,cus_000000020456,29900
in_000000256674,cus_000000020486,79900
in_000000256961,cus_000000020505,29900
in_000000257031,cus_000000020508,29900
in_000000257178,cus_000000020520,199900
in_000000265925,cus_000000021219,79900
in_000000266009,cus_000000021226,9900
in_000000266051,cus_000000021231,29900
in_000000266380,cus_000000021265,29900
in_000000266506,cus_000000021274,29900
in_000000266555,cus_000000021278,1999000
in_000000266611,cus_000000021283,9900
in_000000266639,cus_000000021285,29900
in_000000267220,cus_000000021336,29900
in_000000267360,cus_000000021350,9900
in_000000267367,cus_000000021351,9900
in_000000267647,cus_000000021370,79900
in_000000268032,cus_000000021399,29900
in_000000268095,cus_000000021405,9900
in_000000268151,cus_000000021410,29900
in_000000268263,cus_000000021418,9900
in_000000268459,cus_000000021431,299000
in_000000266021,cus_000000021230,79900
in_000000266084,cus_000000021232,29900
in_000000266112,cus_000000021234,29900
in_000000268648,cus_000000021447,9900
in_000000268725,cus_000000021453,9900
in_000000268900,cus_000000021465,9900
in_000000268970,cus_000000021470,9900
in_000000269124,cus_000000021477,9900
in_000000266413,cus_000000021267,29900
in_000000266546,cus_000000021277,9900
in_000000266735,cus_000000021293,29900
in_000000266756,cus_000000021295,9900
in_000000207854,cus_000000016591,199900
in_000000207931,cus_000000016598,29900
in_000000269229,cus_000000021491,9900
in_000000269495,cus_000000021515,29900
in_000000269978,cus_000000021552,9900
in_000000270027,cus_000000021556,29900
in_000000270083,cus_000000021559,29900
in_000000270097,cus_000000021563,9900
in_000000270251,cus_000000021576,199900
in_000000267169,cus_000000021333,9900
in_000000267281,cus_000000021343,29900
in_000000208239,cus_000000016619,9900
in_000000208267,cus_000000016620,79900
in_000000208288,cus_000000016622,9900
in_000000208428,cus_000000016635,29900
in_000000208470,cus_000000016637,9900
in_000000267449,cus_000000021357,9900
in_000000267470,cus_000000021359,29900
in_000000271245,cus_000000021654,9900
in_000000271798,cus_000000021702,9900
in_000000269087,cus_000000021475,29900
in_000000272064,cus_000000021727,79900
in_000000272106,cus_000000021732,799000
in_000000269248,cus_000000021492,29900
in_000000269367,cus_000000021506,29900
in_000000269633,cus_000000021526,9900
in_000000272659,cus_000000021770,29900
in_000000272750,cus_000000021776,9900
in_000000269717,cus_000000021532,199900
in_000000269752,cus_000000021534,9900
in_000000269780,cus_000000021535,9900
in_000000269864,cus_000000021540,199900
in_000000269920,cus_000000021545,799000
in_000000269969,cus_000000021551,29900
in_000000273121,cus_000000021811,29900
in_000000273163,cus_000000021814,9900
in_000000273576,cus_000000021842,9900
in_000000285037,cus_000000022789,9900
in_000000285184,cus_000000022803,9900
in_000000285219,cus_000000022804,29900
in_000000285450,cus_000000022827,9900
in_000000273730,cus_000000021860,29900
in_000000273877,cus_000000021872,9900
in_000000274052,cus_000000021889,9900
in_000000274164,cus_000000021895,29900
in_000000258004,cus_000000020592,29900
in_000000270305,cus_000000021580,79900
in_000000270697,cus_000000021613,29900
in_000000270753,cus_000000021619,29900
in_000000274234,cus_000000021902,29900
in_000000274514,cus_000000021925,9900
in_000000274570,cus_000000021934,79900
in_000000274591,cus_000000021935,29900
in_000000274661,cus_000000021942,29900
in_000000274738,cus_000000021947,29900
in_000000274829,cus_000000021953,29900
in_000000274934,cus_000000021959,79900
in_000000275018,cus_000000021968,9900
in_000000275067,cus_000000021970,29900
in_000000275109,cus_000000021974,29900
in_000000275249,cus_000000021983,9900
in_000000258907,cus_000000020656,99000
in_000000275459,cus_000000022005,29900
in_000000275557,cus_000000022013,9900
in_000000275739,cus_000000022032,79900
in_000000275816,cus_000000022041,9900
in_000000275914,cus_000000022048,29900
in_000000275928,cus_000000022049,29900
in_000000275963,cus_000000022051,9900
in_000000276110,cus_000000022060,9900
in_000000276236,cus_000000022078,29900
in_000000276383,cus_000000022088,199900
in_000000259362,cus_000000020686,79900
in_000000259509,cus_000000020697,9900
in_000000276600,cus_000000022099,9900
in_000000276782,cus_000000022115,79900
in_000000277251,cus_000000022161,199900
in_000000277300,cus_000000022164,79900
in_000000277391,cus_000000022171,79900
in_000000270935,cus_000000021630,9900
in_000000270963,cus_000000021633,9900
in_000000270998,cus_000000021634,79900
in_000000271194,cus_000000021652,9900
in_000000259565,cus_000000020699,29900
in_000000259670,cus_000000020708,9900
in_000000259971,cus_000000020732,9900
in_000000277622,cus_000000022184,9900
in_000000277762,cus_000000022196,29900
in_000000277818,cus_000000022200,29900
in_000000278119,cus_000000022222,9900
in_000000278133,cus_000000022225,79900
in_000000271495,cus_000000021675,9900
in_000000271509,cus_000000021677,29900
in_000000271719,cus_000000021691,199900
in_000000271747,cus_000000021693,9900
in_000000285961,cus_000000022869,29900
in_000000285968,cus_000000022870,799000
in_000000286052,cus_000000022875,29900
in_000000278574,cus_000000022277,9900
in_000000278623,cus_000000022283,9900
in_000000278714,cus_000000022288,9900
in_000000272356,cus_000000021747,9900
in_000000272391,cus_000000021751,9900
in_000000272454,cus_000000021754,9900
in_000000278798,cus_000000022293,9900
in_000000279064,cus_000000022314,9900
in_000000279134,cus_000000022320,29900
in_000000260195,cus_000000020745,9900
in_000000260216,cus_000000020746,79900
in_000000260489,cus_000000020770,79900
in_000000279470,cus_000000022340,29900
in_000000279533,cus_000000022345,9900
in_000000279596,cus_000000022348,29900
in_000000279631,cus_000000022351,9900
in_000000279701,cus_000000022357,29900
in_000000279792,cus_000000022362,29900
in_000000260671,cus_000000020787,199900
in_000000260804,cus_000000020793,79900
in_000000260965,cus_000000020803,9900
in_000000261203,cus_000000020828,9900
in_000000279995,cus_000000022375,29900
in_000000280212,cus_000000022396,29900
in_000000280597,cus_000000022429,199900
in_000000280604,cus_000000022430,9900
in_000000280646,cus_000000022432,29900
in_000000280702,cus_000000022441,9900
in_000000280765,cus_000000022443,9900
in_000000280821,cus_000000022448,199900
in_000000286885,cus_000000022951,9900
in_000000286955,cus_000000022954,29900
in_000000287179,cus_000000022972,79900
in_000000250480,cus_000000019995,9900
in_000000250613,cus_000000020006,9900
in_000000250802,cus_000000020024,29900
in_000000287354,cus_000000022983,29900
in_000000287662,cus_000000023010,29900
in_000000287690,cus_000000023012,9900
in_000000287788,cus_000000023021,9900
in_000000288089,cus_000000023041,29900
in_000000288285,cus_000000023057,9900
in_000000261231,cus_000000020829,9900
in_000000261581,cus_000000020854,29900
in_000000261609,cus_000000020857,29900
in_000000261623,cus_000000020858,199900
in_000000261637,cus_000000020862,79900
in_000000261735,cus_000000020876,199900
in_000000288481,cus_000000023075,9900
in_000000288502,cus_000000023078,79900
in_000000288586,cus_000000023087,9900
in_000000288635,cus_000000023089,29900
in_000000262176,cus_000000020907,9900
in_000000288999,cus_000000023124,9900
in_000000289020,cus_000000023125,29900
in_000000289027,cus_000000023126,9900
in_000000289237,cus_000000023138,9900
in_000000289412,cus_000000023149,29900
in_000000262393,cus_000000020922,79900
in_000000289608,cus_000000023163,9900
in_000000289776,cus_000000023178,29900
in_000000289790,cus_000000023179,9900
in_000000289811,cus_000000023181,9900
in_000000289895,cus_000000023188,29900
in_000000290000,cus_000000023196,29900
in_000000263072,cus_000000020979,29900
in_000000263114,cus_000000020982,9900
in_000000263394,cus_000000020998,29900
in_000000290119,cus_000000023205,299000
in_000000290154,cus_000000023209,79900
in_000000290322,cus_000000023220,9900
in_000000290525,cus_000000023239,29900
in_000000263499,cus_000000021003,29900
in_000000263527,cus_000000021004,9900
in_000000263548,cus_000000021006,9900
in_000000291036,cus_000000023279,9900
in_000000264045,cus_000000021055,9900
in_000000264059,cus_000000021057,29900
in_000000264080,cus_000000021060,9900
in_000000264101,cus_000000021061,29900
in_000000264192,cus_000000021068,29900
in_000000264276,cus_000000021080,9900
in_000000264416,cus_000000021092,9900
in_000000291351,cus_000000023304,29900
in_000000291365,cus_000000023306,9900
in_000000291386,cus_000000023311,99000
in_000000291407,cus_000000023312,9900
in_000000291484,cus_000000023317,9900
in_000000291610,cus_000000023327,79900
in_000000264927,cus_000000021137,29900
in_000000264976,cus_000000021142,9900
in_000000265095,cus_000000021155,9900
in_000000291736,cus_000000023337,79900
in_000000291869,cus_000000023350,9900
in_000000292009,cus_000000023360,9900
in_000000292100,cus_000000023369,9900
in_000000265221,cus_000000021162,29900
in_000000265284,cus_000000021165,79900
in_000000265375,cus_000000021170,9900
in_000000265501,cus_000000021182,9900
in_000000265648,cus_000000021190,99000
in_000000292303,cus_000000023383,9900
in_000000292380,cus_000000023389,9900
in_000000292457,cus_000000023393,29900
in_000000292464,cus_000000023394,9900
in_000000292513,cus_000000023405,9900
in_000000292786,cus_000000023429,29900
in_000000293122,cus_000000023456,9900
in_000000293164,cus_000000023458,9900
in_000000293178,cus_000000023460,9900
in_000000293199,cus_000000023462,299000
in_000000293248,cus_000000023467,9900
in_000000281234,cus_000000022491,9900
in_000000281381,cus_000000022502,29900
in_000000281402,cus_000000022503,9900
in_000000293472,cus_000000023485,29900
in_000000293500,cus_000000023489,9900
in_000000251544,cus_000000020085,99000
in_000000294039,cus_000000023536,9900
in_000000294382,cus_000000023566,9900
in_000000281710,cus_000000022531,9900
in_000000281759,cus_000000022533,9900
in_000000281927,cus_000000022545,79900
in_000000282018,cus_000000022551,9900
in_000000251698,cus_000000020097,9900
in_000000251852,cus_000000020108,79900
in_000000251936,cus_000000020114,9900
in_000000251992,cus_000000020124,29900
in_000000252076,cus_000000020129,29900
in_000000282144,cus_000000022560,29900
in_000000282193,cus_000000022565,9900
in_000000282221,cus_000000022567,29900
in_000000282284,cus_000000022571,29900
in_000000282319,cus_000000022572,9900
in_000000282515,cus_000000022585,9900
in_000000282536,cus_000000022588,9900
in_000000282627,cus_000000022592,9900
in_000000252454,cus_000000020159,9900
in_000000283257,cus_000000022644,79900
in_000000252811,cus_000000020178,9900
in_000000253077,cus_000000020199,29900
in_000000253133,cus_000000020206,9900
in_000000283418,cus_000000022659,199900
in_000000253336,cus_000000020217,9900
in_000000253371,cus_000000020219,29900
in_000000253420,cus_000000020221,9900
in_000000253791,cus_000000020259,9900
in_000000253805,cus_000000020261,79900
in_000000284083,cus_000000022723,29900
in_000000284335,cus_000000022741,9900
in_000000284384,cus_000000022743,9900
in_000000253931,cus_000000020275,29900
in_000000253987,cus_000000020279,9900
in_000000254015,cus_000000020284,199900
in_000000254134,cus_000000020292,9900
in_000000254274,cus_000000020302,299000
in_000000254295,cus_000000020307,29900
in_000000254414,cus_000000020316,9900
in_000000284538,cus_000000022753,9900
in_000000284643,cus_000000022758,9900
in_000000284727,cus_000000022766,9900
in_000000284769,cus_000000022768,29900
in_000000284776,cus_000000022769,299000
in_000000284839,cus_000000022772,9900
in_000000284860,cus_000000022773,29900
in_000000254449,cus_000000020317,29900
in_000000254722,cus_000000020335,29900
in_000000254743,cus_000000020337,9900
in_000000254883,cus_000000020349,199900
in_000000285063,cus_000000022792,9900
in_000000285175,cus_000000022802,29900
in_000000285308,cus_000000022814,199900
in_000000285399,cus_000000022825,29900
in_000000255198,cus_000000020368,9900
in_000000255240,cus_000000020370,9900
in_000000255254,cus_000000020373,9900
in_000000255324,cus_000000020378,9900
in_000000285749,cus_000000022855,9900
in_000000285917,cus_000000022867,199900
in_000000286085,cus_000000022881,9900
in_000000286372,cus_000000022904,29900
in_000000286484,cus_000000022918,799000
in_000000286526,cus_000000022923,9900
in_000000255583,cus_000000020402,9900
in_000000255639,cus_000000020408,9900
in_000000255828,cus_000000020425,9900
in_000000255989,cus_000000020440,79900
in_000000256038,cus_000000020443,9900
in_000000256059,cus_000000020444,29900
in_000000256080,cus_000000020445,29900
in_000000286827,cus_000000022949,9900
in_000000287051,cus_000000022963,9900
in_000000256150,cus_000000020448,9900
in_000000256346,cus_000000020461,9900
in_000000256402,cus_000000020468,9900
in_000000256633,cus_000000020482,9900
in_000000287240,cus_000000022975,9900
in_000000287282,cus_000000022978,9900
in_000000287338,cus_000000022982,79900
in_000000287471,cus_000000022994,9900
in_000000287541,cus_000000023000,199900
in_000000256920,cus_000000020502,9900
in_000000257193,cus_000000020522,9900
in_000000257249,cus_000000020526,9900
in_000000288101,cus_000000023044,99000
in_000000257410,cus_000000020544,9900
in_000000257487,cus_000000020549,29900
in_000000257522,cus_000000020552,9900
in_000000257550,cus_000000020554,9900
in_000000257655,cus_000000020561,9900
in_000000257676,cus_000000020562,29900
in_000000288451,cus_000000023068,29900
in_000000288521,cus_000000023079,9900
in_000000288773,cus_000000023099,29900
in_000000288857,cus_000000023106,79900
in_000000288906,cus_000000023114,199900
in_000000257872,cus_000000020580,1999000
in_000000257956,cus_000000020590,9900
in_000000258152,cus_000000020606,9900
in_000000258376,cus_000000020621,29900
in_000000288962,cus_000000023119,9900
in_000000289193,cus_000000023135,9900
in_000000258481,cus_000000020627,9900
in_000000258565,cus_000000020636,199900
in_000000258880,cus_000000020653,9900
in_000000289928,cus_000000023189,9900
in_000000259041,cus_000000020666,9900
in_000000259153,cus_000000020674,9900
in_000000290110,cus_000000023204,29900
in_000000290222,cus_000000023213,9900
in_000000290376,cus_000000023228,9900
in_000000290383,cus_000000023229,1999000
in_000000259678,cus_000000020709,299000
in_000000259825,cus_000000020720,9900
in_000000259839,cus_000000020722,9900
in_000000259951,cus_000000020731,9900
in_000000260028,cus_000000020735,9900
in_000000290621,cus_000000023247,199900
in_000000290733,cus_000000023259,79900
in_000000290852,cus_000000023267,9900
in_000000290866,cus_000000023268,9900
in_000000290908,cus_000000023271,29900
in_000000291139,cus_000000023285,9900
in_000000291174,cus_000000023286,79900
in_000000260126,cus_000000020738,9900
in_000000260168,cus_000000020740,9900
in_000000260399,cus_000000020760,29900
in_000000260546,cus_000000020776,79900
in_000000291559,cus_000000023323,99000
in_000000260658,cus_000000020786,9900
in_000000260896,cus_000000020799,79900
in_000000260931,cus_000000020801,1999000
in_000000291930,cus_000000023355,9900
in_000000292077,cus_000000023368,9900
in_000000292329,cus_000000023387,199900
in_000000292406,cus_000000023390,9900
in_000000292539,cus_000000023406,9900
in_000000292749,cus_000000023427,79900
in_000000292770,cus_000000023428,79900
in_000000261407,cus_000000020842,29900
in_000000293050,cus_000000023451,29900
in_000000293281,cus_000000023470,9900
in_000000261939,cus_000000020890,9900
in_000000262128,cus_000000020901,29900
in_000000262149,cus_000000020903,79900
in_000000293792,cus_000000023516,9900
in_000000293799,cus_000000023517,79900
in_000000293841,cus_000000023522,29900
in_000000262345,cus_000000020919,9900
in_000000262373,cus_000000020920,29900
in_000000262429,cus_000000020927,9900
in_000000262436,cus_000000020928,29900
in_000000262506,cus_000000020934,29900
in_000000262541,cus_000000020936,9900
in_000000262835,cus_000000020957,79900
in_000000262877,cus_000000020961,799000
in_000000294128,cus_000000023544,29900
in_000000294457,cus_000000023574,9900
in_000000263178,cus_000000020986,79900
in_000000263248,cus_000000020990,29900
in_000000263332,cus_000000020995,9900
in_000000263430,cus_000000020999,9900
in_000000263780,cus_000000021034,9900
in_000000263829,cus_000000021042,79900
in_000000263871,cus_000000021045,79900
in_000000263913,cus_000000021050,9900
in_000000264571,cus_000000021106,29900
in_000000264641,cus_000000021112,9900
in_000000264676,cus_000000021120,799000
in_000000264711,cus_000000021122,299000
in_000000265180,cus_000000021159,9900
in_000000265474,cus_000000021180,9900
in_000000265551,cus_000000021184,199900
in_000000265726,cus_000000021199,9900
in_000000294590,cus_000000023582,9900
in_000000294723,cus_000000023598,29900
in_000000294919,cus_000000023614,29900
in_000000295199,cus_000000023631,29900
in_000000295248,cus_000000023635,29900
in_000000295745,cus_000000023672,9900
in_000000295878,cus_000000023686,99000
in_000000296074,cus_000000023705,29900
in_000000296242,cus_000000023717,9900
in_000000296459,cus_000000023736,9900
in_000000296676,cus_000000023762,29900
in_000000296711,cus_000000023765,29900
in_000000296865,cus_000000023782,9900
in_000000296984,cus_000000023795,9900
in_000000297047,cus_000000023807,9900
in_000000297131,cus_000000023815,99000
in_000000297383,cus_000000023835,9900
in_000000297467,cus_000000023841,79900
in_000000297551,cus_000000023847,9900
in_000000298461,cus_000000023918,29900
in_000000294879,cus_000000023611,29900
in_000000294907,cus_000000023613,29900
in_000000295054,cus_000000023622,9900
in_000000295075,cus_000000023623,9900
in_000000299112,cus_000000023972,29900
in_000000299238,cus_000000023979,9900
in_000000299735,cus_000000024026,79900
in_000000300176,cus_000000024062,29900
in_000000300218,cus_000000024064,199900
in_000000300225,cus_000000024065,99000
in_000000295341,cus_000000023642,9900
in_000000295432,cus_000000023648,29900
in_000000295481,cus_000000023651,29900
in_000000295495,cus_000000023654,299000
in_000000295502,cus_000000023657,9900
in_000000300274,cus_000000024068,9900
in_000000300281,cus_000000024069,99000
in_000000300463,cus_000000024083,9900
in_000000300624,cus_000000024094,79900
in_000000300757,cus_000000024110,9900
in_000000295698,cus_000000023668,29900
in_000000295908,cus_000000023687,29900
in_000000296041,cus_000000023704,9900
in_000000296195,cus_000000023715,9900
in_000000300820,cus_000000024115,29900
in_000000300876,cus_000000024119,199900
in_000000301016,cus_000000024129,9900
in_000000296321,cus_000000023723,29900
in_000000296412,cus_000000023732,29900
in_000000301562,cus_000000024165,29900
in_000000301737,cus_000000024179,9900
in_000000301856,cus_000000024184,79900
in_000000297028,cus_000000023802,29900
in_000000297084,cus_000000023810,29900
in_000000302206,cus_000000024211,9900
in_000000302220,cus_000000024212,9900
in_000000302262,cus_000000024218,199900
in_000000297448,cus_000000023840,9900
in_000000297868,cus_000000023877,29900
in_000000297938,cus_000000023881,29900
in_000000302584,cus_000000024241,29900
in_000000302654,cus_000000024245,29900
in_000000302682,cus_000000024247,9900
in_000000302738,cus_000000024251,79900
in_000000302773,cus_000000024255,79900
in_000000302808,cus_000000024256,9900
in_000000298064,cus_000000023889,29900
in_000000298085,cus_000000023890,9900
in_000000303116,cus_000000024269,9900
in_000000303130,cus_000000024271,79900
in_000000303193,cus_000000024278,9900
in_000000303522,cus_000000024306,29900
in_000000303571,cus_000000024308,29900
in_000000298792,cus_000000023947,9900
in_000000298953,cus_000000023954,9900
in_000000303725,cus_000000024319,9900
in_000000303977,cus_000000024341,29900
in_000000303991,cus_000000024342,79900
in_000000304159,cus_000000024358,9900
in_000000299100,cus_000000023970,9900
in_000000299142,cus_000000023973,79900
in_000000299205,cus_000000023978,29900
in_000000299506,cus_000000024010,199900
in_000000299541,cus_000000024015,79900
in_000000299583,cus_000000024018,29900
in_000000304572,cus_000000024398,9900
in_000000304600,cus_000000024400,79900
in_000000299667,cus_000000024021,9900
in_000000299800,cus_000000024031,29900
in_000000300045,cus_000000024055,199900
in_000000300206,cus_000000024063,9900
in_000000304978,cus_000000024424,9900
in_000000305111,cus_000000024432,79900
in_000000305181,cus_000000024434,29900
in_000000305237,cus_000000024438,9900
in_000000300325,cus_000000024073,99000
in_000000300353,cus_000000024075,9900
in_000000300738,cus_000000024103,9900
in_000000305335,cus_000000024443,29900
in_000000305566,cus_000000024462,9900
in_000000305601,cus_000000024464,9900
in_000000305692,cus_000000024472,29900
in_000000305713,cus_000000024473,9900
in_000000306000,cus_000000024499,9900
in_000000306105,cus_000000024506,9900
in_000000306210,cus_000000024517,29900
in_000000306266,cus_000000024521,29900
in_000000306343,cus_000000024530,29900
in_000000306413,cus_000000024537,9900
in_000000306434,cus_000000024540,9900
in_000000301249,cus_000000024146,79900
in_000000306952,cus_000000024594,29900
in_000000301480,cus_000000024160,9900
in_000000301501,cus_000000024161,29900
in_000000301774,cus_000000024181,9900
in_000000307120,cus_000000024605,9900
in_000000307288,cus_000000024616,9900
in_000000307771,cus_000000024666,29900
in_000000308065,cus_000000024693,9900
in_000000308135,cus_000000024699,9900
in_000000302712,cus_000000024249,9900
in_000000302754,cus_000000024253,29900
in_000000302957,cus_000000024264,29900
in_000000308240,cus_000000024712,9900
in_000000308310,cus_000000024716,9900
in_000000308394,cus_000000024721,9900
in_000000303083,cus_000000024268,29900
in_000000303188,cus_000000024276,29900
in_000000303384,cus_000000024295,79900
in_000000309143,cus_000000024791,9900
in_000000304084,cus_000000024354,79900
in_000000304175,cus_000000024359,199900
in_000000309416,cus_000000024820,9900
in_000000309451,cus_000000024821,29900
in_000000309563,cus_000000024828,9900
in_000000309605,cus_000000024830,9900
in_000000309612,cus_000000024831,29900
in_000000309717,cus_000000024838,9900
in_000000309808,cus_000000024844,799000
in_000000304252,cus_000000024364,29900
in_000000304476,cus_000000024388,199900
in_000000304700,cus_000000024410,9900
in_000000309934,cus_000000024856,29900
in_000000310053,cus_000000024867,9900
in_000000310319,cus_000000024895,9900
in_000000304924,cus_000000024420,9900
in_000000305022,cus_000000024428,9900
in_000000310410,cus_000000024898,9900
in_000000305827,cus_000000024481,29900
in_000000311362,cus_000000024975,9900
in_000000306324,cus_000000024528,9900
in_000000311719,cus_000000002904,29900
in_000000311831,cus_000000012938,79900
in_000000311873,cus_000000014068,79900
in_000000312034,cus_000000011861,29900
in_000000306919,cus_000000024591,9900
in_000000312132,cus_000000008287,9900
in_000000312223,cus_000000012840,79900
in_000000312300,cus_000000021041,9900
in_000000312461,cus_000000018795,29900
in_000000312601,cus_000000018092,29900
in_000000312608,cus_000000016989,9900
in_000000307087,cus_000000024603,79900
in_000000307206,cus_000000024611,29900
in_000000307262,cus_000000024615,29900
in_000000307514,cus_000000024643,9900
in_000000312720,cus_000000017824,29900
in_000000312790,cus_000000023037,9900
in_000000312874,cus_000000005585,199900
in_000000307647,cus_000000024656,199900
in_000000307745,cus_000000024664,29900
in_000000307843,cus_000000024675,9900
in_000000307857,cus_000000024676,9900
in_000000308088,cus_000000024697,9900
in_000000313266,cus_000000015906,29900
in_000000313483,cus_000000001452,29900
in_000000313490,cus_000000011792,29900
in_000000313539,cus_000000010388,79900
in_000000313595,cus_000000019933,29900
in_000000313644,cus_000000012136,9900
in_000000313770,cus_000000015507,9900
in_000000313833,cus_000000006482,9900
in_000000313861,cus_000000021025,199900
in_000000313917,cus_000000019039,9900
in_000000314127,cus_000000019112,79900
in_000000314141,cus_000000000828,79900
in_000000314176,cus_000000008885,9900
in_000000314302,cus_000000001595,9900
in_000000314316,cus_000000017988,99000
in_000000314344,cus_000000016982,79900
in_000000308753,cus_000000024757,29900
in_000000308907,cus_000000024769,9900
in_000000314512,cus_000000002603,9900
in_000000314589,cus_000000024873,79900
in_000000314624,cus_000000000877,29900
in_000000314666,cus_000000016793,9900
in_000000314715,cus_000000016971,9900
in_000000314834,cus_000000004822,9900
in_000000314862,cus_000000019392,79900
in_000000309376,cus_000000024818,79900
in_000000309649,cus_000000024833,9900
in_000000314939,cus_000000017645,199900
in_000000315338,cus_000000013186,29900
in_000000309894,cus_000000024853,9900
in_000000310083,cus_000000024870,79900
in_000000310195,cus_000000024882,9900
in_000000310272,cus_000000024890,29900
in_000000315485,cus_000000004665,9900
in_000000315751,cus_000000018039,199900
in_000000315758,cus_000000024280,99000
in_000000315828,cus_000000005970,9900
in_000000315933,cus_000000002370,9900
in_000000315947,cus_000000022438,29900
in_000000315968,cus_000000003343,9900
in_000000310580,cus_000000024911,29900
in_000000310727,cus_000000024922,29900
in_000000311070,cus_000000024952,79900
in_000000311406,cus_000000024977,99000
in_000000316234,cus_000000017315,79900
in_000000316388,cus_000000014526,9900
in_000000316584,cus_000000010743,29900
in_000000311749,cus_000000012421,29900
in_000000312043,cus_000000013665,9900
in_000000312078,cus_000000006154,99000
in_000000316829,cus_000000020465,9900
in_000000316850,cus_000000002162,9900
in_000000316857,cus_000000020621,79900
in_000000316955,cus_000000009716,29900
in_000000316990,cus_000000017785,9900
in_000000316997,cus_000000007496,9900
in_000000317004,cus_000000021742,29900
in_000000317018,cus_000000024756,29900
in_000000312309,cus_000000010800,79900
in_000000312330,cus_000000001402,9900
in_000000312337,cus_000000006394,9900
in_000000312519,cus_000000006076,79900
in_000000312589,cus_000000014011,9900
in_000000312596,cus_000000012194,299000
in_000000317417,cus_000000013433,9900
in_000000317473,cus_000000014542,1999000
in_000000317487,cus_000000021307,9900
in_000000313044,cus_000000020683,9900
in_000000318040,cus_000000021202,79900
in_000000313247,cus_000000008721,9900
in_000000313303,cus_000000005005,79900
in_000000313450,cus_000000006140,9900
in_000000313499,cus_000000010887,79900
in_000000313527,cus_000000009298,299000
in_000000313548,cus_000000022800,29900
in_000000313576,cus_000000014870,9900
in_000000318334,cus_000000017001,79900
in_000000318845,cus_000000021303,9900
in_000000313877,cus_000000017393,9900
in_000000314290,cus_000000018061,199900
in_000000314325,cus_000000009367,199900
in_000000319041,cus_000000012305,9900
in_000000319174,cus_000000021471,9900
in_000000314374,cus_000000009412,199900
in_000000314458,cus_000000007576,29900
in_000000314542,cus_000000003298,199900
in_000000314633,cus_000000022543,9900
in_000000314766,cus_000000007187,29900
in_000000319517,cus_000000020154,79900
in_000000319846,cus_000000005874,199900
in_000000319860,cus_000000009307,29900
in_000000319888,cus_000000016085,9900
in_000000319923,cus_000000013799,199900
in_000000314948,cus_000000016826,29900
in_000000314976,cus_000000024117,199900
in_000000315382,cus_000000004101,9900
in_000000320000,cus_000000013060,9900
in_000000320007,cus_000000010147,9900
in_000000320147,cus_000000004016,29900
in_000000320154,cus_000000007323,299000
in_000000320168,cus_000000023131,29900
in_000000320448,cus_000000010053,9900
in_000000320490,cus_000000000952,9900
in_000000320553,cus_000000017059,29900
in_000000315494,cus_000000001066,9900
in_000000315704,cus_000000008122,29900
in_000000315718,cus_000000015211,29900
in_000000315858,cus_000000005323,9900
in_000000316005,cus_000000003278,9900
in_000000316138,cus_000000022744,29900
in_000000316369,cus_000000015564,9900
in_000000316460,cus_000000005804,29900
in_000000316530,cus_000000001049,9900
in_000000316663,cus_000000014912,9900
in_000000316726,cus_000000015516,29900
in_000000316866,cus_000000000285,79900
in_000000317104,cus_000000011408,29900
in_000000317139,cus_000000011279,9900
in_000000317230,cus_000000021028,79900
in_000000317272,cus_000000013029,9900
in_000000317286,cus_000000006770,99000
in_000000317573,cus_000000024714,9900
in_000000317608,cus_000000018640,9900
in_000000317699,cus_000000020157,79900
in_000000318077,cus_000000002953,199900
in_000000318182,cus_000000003240,29900
in_000000318252,cus_000000007771,9900
in_000000318287,cus_000000022937,29900
in_000000318399,cus_000000015794,199900
in_000000318427,cus_000000022031,29900
in_000000318553,cus_000000014346,79900
in_000000318574,cus_000000012974,79900
in_000000318644,cus_000000004623,79900
in_000000318679,cus_000000008182,79900
in_000000318721,cus_000000018629,9900
in_000000318784,cus_000000005151,29900
in_000000318791,cus_000000008284,79900
in_000000318910,cus_000000018443,79900
in_000000318994,cus_000000016357,79900
in_000000319092,cus_000000001137,9900
in_000000319141,cus_000000000496,9900
in_000000319393,cus_000000006455,9900
in_000000319428,cus_000000001762,79900
in_000000319442,cus_000000021112,29900
in_000000319729,cus_000000010786,29900
in_000000319771,cus_000000017559,9900
in_000000319806,cus_000000015834,29900
in_000000320044,cus_000000019083,9900
in_000000320079,cus_000000020156,9900
in_000000320135,cus_000000005756,299000
in_000000320275,cus_000000010479,9900
in_000000320387,cus_000000018283,29900
in_000000320436,cus_000000024555,79900
in_000000320471,cus_000000024044,79900
in_000000320616,cus_000000012610,79900
in_000000320679,cus_000000019435,9900
in_000000320742,cus_000000018115,9900
in_000000320798,cus_000000007467,9900
in_000000320812,cus_000000003717,29900
in_000000320821,cus_000000003042,199900
in_000000320828,cus_000000018821,9900
in_000000320933,cus_000000008068,99000
in_000000321073,cus_000000020857,99000
in_000000321094,cus_000000006165,9900
in_000000272699,cus_000000021773,9900
in_000000272853,cus_000000021786,29900
in_000000273203,cus_000000021816,29900
in_000000273210,cus_000000021817,9900
in_000000273224,cus_000000021820,799000
in_000000273483,cus_000000021836,79900
in_000000273854,cus_000000021870,29900
in_000000274022,cus_000000021887,79900
in_000000274911,cus_000000021958,79900
in_000000275051,cus_000000021969,9900
in_000000275226,cus_000000021982,9900
in_000000275261,cus_000000021986,9900
in_000000275338,cus_000000021991,9900
in_000000275380,cus_000000021994,9900
in_000000275653,cus_000000022020,9900
in_000000275716,cus_000000022031,79900
in_000000275765,cus_000000022035,9900
in_000000276073,cus_000000022058,79900
in_000000276136,cus_000000022066,9900
in_000000276304,cus_000000022080,9900
in_000000276528,cus_000000022094,9900
in_000000276535,cus_000000022095,99000
in_000000276556,cus_000000022096,9900
in_000000277102,cus_000000022144,9900
in_000000277494,cus_000000022176,9900
in_000000278278,cus_000000022244,79900
in_000000278376,cus_000000022262,29900
in_000000278383,cus_000000022263,299000
in_000000279608,cus_000000022350,9900
in_000000279643,cus_000000022352,29900
in_000000280077,cus_000000022385,9900
in_000000280133,cus_000000022389,79900
in_000000280175,cus_000000022393,79900
in_000000280224,cus_000000022399,99000
in_000000280462,cus_000000022422,9900
in_000000280553,cus_000000022425,29900
in_000000280861,cus_000000022451,799000
in_000000280875,cus_000000022454,9900
in_000000280903,cus_000000022456,9900
in_000000280931,cus_000000022459,9900
in_000000280952,cus_000000022462,9900
in_000000281015,cus_000000022470,1999000
in_000000281134,cus_000000022480,29900
in_000000281260,cus_000000022493,29900
in_000000281316,cus_000000022496,79900
in_000000281512,cus_000000022512,9900
in_000000281848,cus_000000022539,9900
in_000000281862,cus_000000022540,29900
in_000000281890,cus_000000022542,9900
in_000000281974,cus_000000022549,9900
in_000000282135,cus_000000022559,199900
in_000000282177,cus_000000022562,99000
in_000000282240,cus_000000022568,199900
in_000000282268,cus_000000022570,9900
in_000000282569,cus_000000022590,29900
in_000000282779,cus_000000022605,9900
in_000000282891,cus_000000022611,79900
in_000000282933,cus_000000022613,9900
in_000000282989,cus_000000022620,9900
in_000000283164,cus_000000022639,9900
in_000000283185,cus_000000022640,79900
in_000000283297,cus_000000022649,9900
in_000000283325,cus_000000022652,29900
in_000000283346,cus_000000022654,29900
in_000000283479,cus_000000022663,79900
in_000000283549,cus_000000022669,29900
in_000000283773,cus_000000022694,9900
in_000000283962,cus_000000022714,9900
in_000000208624,cus_000000016649,29900
in_000000208841,cus_000000016666,299000
in_000000208890,cus_000000016672,9900
in_000000208960,cus_000000016676,79900
in_000000208981,cus_000000016677,29900
in_000000209030,cus_000000016680,9900
in_000000265908,cus_000000021218,9900
in_000000265777,cus_000000021203,9900
in_000000265826,cus_000000021209,9900
in_000000266155,cus_000000021239,29900
in_000000266594,cus_000000021280,79900
in_000000266671,cus_000000021288,9900
in_000000266720,cus_000000021292,29900
in_000000284417,cus_000000022744,29900
in_000000284452,cus_000000022750,9900
in_000000284802,cus_000000022770,199900
in_000000265851,cus_000000021213,9900
in_000000266271,cus_000000021246,9900
in_000000266309,cus_000000021249,29900
in_000000266575,cus_000000021279,9900
in_000000266631,cus_000000021284,9900
in_000000266680,cus_000000021289,99000
in_000000285054,cus_000000022790,9900
in_000000285117,cus_000000022795,79900
in_000000285327,cus_000000022819,9900
in_000000285509,cus_000000022838,9900
in_000000266874,cus_000000021304,9900
in_000000266958,cus_000000021309,9900
in_000000267238,cus_000000021337,79900
in_000000267273,cus_000000021340,199900
in_000000267392,cus_000000021353,9900
in_000000209212,cus_000000016701,9900
in_000000209240,cus_000000016704,29900
in_000000209569,cus_000000016730,29900
in_000000209660,cus_000000016736,9900
in_000000209674,cus_000000016737,9900
in_000000285544,cus_000000022839,9900
in_000000285572,cus_000000022840,9900
in_000000285761,cus_000000022856,9900
in_000000286020,cus_000000022874,9900
in_000000209961,cus_000000016760,9900
in_000000210101,cus_000000016774,9900
in_000000210178,cus_000000016779,79900
in_000000210297,cus_000000016791,9900
in_000000210360,cus_000000016797,29900
in_000000210465,cus_000000016801,9900
in_000000210535,cus_000000016807,9900
in_000000286097,cus_000000022882,29900
in_000000286293,cus_000000022896,79900
in_000000286419,cus_000000022910,9900
in_000000286461,cus_000000022912,299000
in_000000211228,cus_000000016858,9900
in_000000211375,cus_000000016867,99000
in_000000211417,cus_000000016872,29900
in_000000211431,cus_000000016873,29900
in_000000267546,cus_000000021366,9900
in_000000267812,cus_000000021381,9900
in_000000286657,cus_000000022937,29900
in_000000286678,cus_000000022938,29900
in_000000286895,cus_000000022952,199900
in_000000286972,cus_000000022955,9900
in_000000287196,cus_000000022973,9900
in_000000211473,cus_000000016877,29900
in_000000211613,cus_000000016888,29900
in_000000211802,cus_000000016900,79900
in_000000268358,cus_000000021424,9900
in_000000287315,cus_000000022980,9900
in_000000287553,cus_000000023001,79900
in_000000287588,cus_000000023002,29900
in_000000212047,cus_000000016917,29900
in_000000212068,cus_000000016918,29900
in_000000212180,cus_000000016928,9900
in_000000212376,cus_000000016939,9900
in_000000212523,cus_000000016946,9900
in_000000212544,cus_000000016948,9900
in_000000268624,cus_000000021446,9900
in_000000268694,cus_000000021451,29900
in_000000268778,cus_000000021456,29900
in_000000266495,cus_000000021273,29900
in_000000266516,cus_000000021276,29900
in_000000266817,cus_000000021301,9900
in_000000266845,cus_000000021302,29900
in_000000287840,cus_000000023025,79900
in_000000287959,cus_000000023033,29900
in_000000212747,cus_000000016961,79900
in_000000212859,cus_000000016970,9900
in_000000212985,cus_000000016979,9900
in_000000267279,cus_000000021341,99000
in_000000269436,cus_000000021512,29900
in_000000269548,cus_000000021517,9900
in_000000269688,cus_000000021529,9900
in_000000269877,cus_000000021541,29900
in_000000270122,cus_000000021565,9900
in_000000288659,cus_000000023091,9900
in_000000267755,cus_000000021378,9900
in_000000267839,cus_000000021382,199900
in_000000267937,cus_000000021392,199900
in_000000267958,cus_000000021396,9900
in_000000270451,cus_000000021588,99000
in_000000270472,cus_000000021590,29900
in_000000267303,cus_000000021345,29900
in_000000289142,cus_000000023133,9900
in_000000289205,cus_000000023136,9900
in_000000289303,cus_000000023142,79900
in_000000289436,cus_000000023150,9900
in_000000289457,cus_000000023151,9900
in_000000270857,cus_000000021624,29900
in_000000270906,cus_000000021627,9900
in_000000271228,cus_000000021653,9900
in_000000271361,cus_000000021663,9900
in_000000213391,cus_000000017007,9900
in_000000267513,cus_000000021364,79900
in_000000267576,cus_000000021368,9900
in_000000267611,cus_000000021369,9900
in_000000267660,cus_000000021373,799000
in_000000267702,cus_000000021375,9900
in_000000267737,cus_000000021377,9900
in_000000267891,cus_000000021390,9900
in_000000271396,cus_000000021664,199900
in_000000271613,cus_000000021684,29900
in_000000271662,cus_000000021688,29900
in_000000271732,cus_000000021692,29900
in_000000271781,cus_000000021697,9900
in_000000271865,cus_000000021706,99000
in_000000213825,cus_000000017056,79900
in_000000213839,cus_000000017057,9900
in_000000214210,cus_000000017079,29900
in_000000214504,cus_000000017101,29900
in_000000214546,cus_000000017104,9900
in_000000214602,cus_000000017110,9900
in_000000268276,cus_000000021420,9900
in_000000268451,cus_000000021430,9900
in_000000272320,cus_000000021746,29900
in_000000214931,cus_000000017136,9900
in_000000215064,cus_000000017152,9900
in_000000215127,cus_000000017159,29900
in_000000215204,cus_000000017163,9900
in_000000215323,cus_000000017168,79900
in_000000215400,cus_000000017172,199900
in_000000268556,cus_000000021442,29900
in_000000268864,cus_000000021464,29900
in_000000272719,cus_000000021775,29900
in_000000272768,cus_000000021777,79900
in_000000272831,cus_000000021784,79900
in_000000272978,cus_000000021799,79900
in_000000273069,cus_000000021805,199900
in_000000269193,cus_000000021490,29900
in_000000269375,cus_000000021507,9900
in_000000269522,cus_000000021516,9900
in_000000215743,cus_000000017204,299000
in_000000273419,cus_000000021833,9900
in_000000273454,cus_000000021834,9900
in_000000269991,cus_000000021555,9900
in_000000270145,cus_000000021569,9900
in_000000216303,cus_000000017251,79900
in_000000216331,cus_000000017253,29900
in_000000216345,cus_000000017254,29900
in_000000273825,cus_000000021866,9900
in_000000273916,cus_000000021878,29900
in_000000273923,cus_000000021879,99000
in_000000274000,cus_000000021885,29900
in_000000274126,cus_000000021892,9900
in_000000270530,cus_000000021595,99000
in_000000270565,cus_000000021597,199900
in_000000270572,cus_000000021598,9900
in_000000270656,cus_000000021603,9900
in_000000270670,cus_000000021606,79900
in_000000270684,cus_000000021611,29900
in_000000216597,cus_000000017271,79900
in_000000216716,cus_000000017281,79900
in_000000216884,cus_000000017297,29900
in_000000217087,cus_000000017308,9900
in_000000217101,cus_000000017311,299000
in_000000274413,cus_000000021919,79900
in_000000274441,cus_000000021920,29900
in_000000274721,cus_000000021944,9900
in_000000217171,cus_000000017315,29900
in_000000217304,cus_000000017325,9900
in_000000270894,cus_000000021626,9900
in_000000271090,cus_000000021643,79900
in_000000268007,cus_000000021398,9900
in_000000268126,cus_000000021406,79900
in_000000268189,cus_000000021412,29900
in_000000268203,cus_000000021413,29900
in_000000268245,cus_000000021415,9900
in_000000268308,cus_000000021422,199900
in_000000268329,cus_000000021423,79900
in_000000268427,cus_000000021427,9900
in_000000268532,cus_000000021441,199900
in_000000289569,cus_000000023160,29900
in_000000289702,cus_000000023172,9900
in_000000290031,cus_000000023198,29900
in_000000271636,cus_000000021686,9900
in_000000271832,cus_000000021703,9900
in_000000268595,cus_000000021444,9900
in_000000268938,cus_000000021468,99000
in_000000269001,cus_000000021472,29900
in_000000269099,cus_000000021476,29900
in_000000271986,cus_000000021718,9900
in_000000272049,cus_000000021723,9900
in_000000272098,cus_000000021731,9900
in_000000272224,cus_000000021741,199900
in_000000272371,cus_000000021749,79900
in_000000272490,cus_000000021760,199900
in_000000290234,cus_000000023215,79900
in_000000290423,cus_000000023232,29900
in_000000272567,cus_000000021764,9900
in_000000272966,cus_000000021797,9900
in_000000269134,cus_000000021479,9900
in_000000269162,cus_000000021484,29900
in_000000269274,cus_000000021495,79900
in_000000273099,cus_000000021806,29900
in_000000273190,cus_000000021815,9900
in_000000273547,cus_000000021839,9900
in_000000290661,cus_000000023253,9900
in_000000290878,cus_000000023269,29900
in_000000291011,cus_000000023277,29900
in_000000269736,cus_000000021533,29900
in_000000269911,cus_000000021544,29900
in_000000269946,cus_000000021547,29900
in_000000270135,cus_000000021567,9900
in_000000273673,cus_000000021853,9900
in_000000273757,cus_000000021861,29900
in_000000273792,cus_000000021865,29900
in_000000273960,cus_000000021883,29900
in_000000274079,cus_000000021890,79900
in_000000291186,cus_000000023288,9900
in_000000291263,cus_000000023292,29900
in_000000291466,cus_000000023316,29900
in_000000270275,cus_000000021578,299000
in_000000270443,cus_000000021587,9900
in_000000270506,cus_000000021592,29900
in_000000270618,cus_000000021600,29900
in_000000274373,cus_000000021916,29900
in_000000274450,cus_000000021921,9900
in_000000274597,cus_000000021936,9900
in_000000274758,cus_000000021949,9900
in_000000217682,cus_000000017348,9900
in_000000274784,cus_000000021950,9900
in_000000274875,cus_000000021957,29900
in_000000275120,cus_000000021976,9900
in_000000275295,cus_000000021989,9900
in_000000271024,cus_000000021636,79900
in_000000275101,cus_000000021973,29900
in_000000218431,cus_000000017419,29900
in_000000218452,cus_000000017420,29900
in_000000218494,cus_000000017423,9900
in_000000218515,cus_000000017425,9900
in_000000218557,cus_000000017427,79900
in_000000291753,cus_000000023338,9900
in_000000291837,cus_000000023348,29900
in_000000291914,cus_000000023353,9900
in_000000291949,cus_000000023357,79900
in_000000292159,cus_000000023373,29900
in_000000218816,cus_000000017440,9900
in_000000218984,cus_000000017455,9900
in_000000219019,cus_000000017460,9900
in_000000219257,cus_000000017473,9900
in_000000275388,cus_000000021995,99000
in_000000275423,cus_000000022000,29900
in_000000275437,cus_000000022002,199900
in_000000275528,cus_000000022011,79900
in_000000275577,cus_000000022016,9900
in_000000271437,cus_000000021666,29900
in_000000271689,cus_000000021689,9900
in_000000271920,cus_000000021714,9900
in_000000275869,cus_000000022045,29900
in_000000219593,cus_000000017510,9900
in_000000219635,cus_000000017512,9900
in_000000219873,cus_000000017536,99000
in_000000275983,cus_000000022054,29900
in_000000276011,cus_000000022055,29900
in_000000276060,cus_000000022057,9900
in_000000276361,cus_000000022082,199900
in_000000276410,cus_000000022089,199900
in_000000220209,cus_000000017565,79900
in_000000275897,cus_000000022046,199900
in_000000220545,cus_000000017596,299000
in_000000220972,cus_000000017633,29900
in_000000221021,cus_000000017638,199900
in_000000276611,cus_000000022101,199900
in_000000276695,cus_000000022110,9900
in_000000276793,cus_000000022117,99000
in_000000276828,cus_000000022120,29900
in_000000276926,cus_000000022131,9900
in_000000276494,cus_000000022093,9900
in_000000276592,cus_000000022097,29900
in_000000276648,cus_000000022106,199900
in_000000276739,cus_000000022112,29900
in_000000276935,cus_000000022132,1999000
in_000000276991,cus_000000022136,9900
in_000000276998,cus_000000022137,29900
in_000000221378,cus_000000017663,29900
in_000000221413,cus_000000017667,9900
in_000000277031,cus_000000022139,9900
in_000000277199,cus_000000022158,29900
in_000000277234,cus_000000022160,9900
in_000000277367,cus_000000022168,29900
in_000000277402,cus_000000022172,29900
in_000000277437,cus_000000022173,9900
in_000000277075,cus_000000022143,29900
in_000000277180,cus_000000022157,29900
in_000000277376,cus_000000022170,79900
in_000000277565,cus_000000022181,79900
in_000000221924,cus_000000017719,199900
in_000000222064,cus_000000017732,29900
in_000000277684,cus_000000022189,9900
in_000000277936,cus_000000022212,9900
in_000000277971,cus_000000022213,79900
in_000000278062,cus_000000022218,29900
in_000000278097,cus_000000022220,79900
in_000000277640,cus_000000022185,9900
in_000000277661,cus_000000022187,9900
in_000000277696,cus_000000022191,9900
in_000000277780,cus_000000022197,199900
in_000000278011,cus_000000022216,29900
in_000000278167,cus_000000022230,9900
in_000000278244,cus_000000022239,79900
in_000000278300,cus_000000022250,199900
in_000000278307,cus_000000022252,29900
in_000000278412,cus_000000022269,9900
in_000000278538,cus_000000022276,9900
in_000000278601,cus_000000022281,29900
in_000000222589,cus_000000017774,9900
in_000000222652,cus_000000017779,9900
in_000000222687,cus_000000017781,9900
in_000000222743,cus_000000017785,9900
in_000000292481,cus_000000023397,29900
in_000000292565,cus_000000023409,29900
in_000000292642,cus_000000023417,29900
in_000000271955,cus_000000021716,9900
in_000000271969,cus_000000021717,9900
in_000000272207,cus_000000021740,9900
in_000000272256,cus_000000021742,9900
in_000000278965,cus_000000022306,9900
in_000000279161,cus_000000022321,9900
in_000000279252,cus_000000022330,29900
in_000000278200,cus_000000022234,9900
in_000000278445,cus_000000022272,9900
in_000000278473,cus_000000022273,29900
in_000000272613,cus_000000021768,29900
in_000000292894,cus_000000023436,199900
in_000000292908,cus_000000023437,9900
in_000000293069,cus_000000023453,99000
in_000000293384,cus_000000023480,9900
in_000000273138,cus_000000021813,9900
in_000000273334,cus_000000021828,79900
in_000000273390,cus_000000021831,799000
in_000000279385,cus_000000022335,29900
in_000000279392,cus_000000022336,79900
in_000000279504,cus_000000022342,9900
in_000000279756,cus_000000022359,9900
in_000000279777,cus_000000022361,29900
in_000000293818,cus_000000023521,9900
in_000000293860,cus_000000023525,29900
in_000000293930,cus_000000023531,9900
in_000000273894,cus_000000021875,9900
in_000000273901,cus_000000021876,99000
in_000000280001,cus_000000022376,9900
in_000000280099,cus_000000022387,9900
in_000000280225,cus_000000022400,99000
in_000000294021,cus_000000023535,199900
in_000000294147,cus_000000023545,9900
in_000000294280,cus_000000023559,79900
in_000000280659,cus_000000022435,299000
in_000000280785,cus_000000022447,9900
in_000000274286,cus_000000021909,29900
in_000000274335,cus_000000021912,199900
in_000000274356,cus_000000021915,9900
in_000000274489,cus_000000021924,9900
in_000000274552,cus_000000021928,9900
in_000000274692,cus_000000021943,29900
in_000000281009,cus_000000022469,9900
in_000000281534,cus_000000022513,9900
in_000000281583,cus_000000022517,9900
in_000000281940,cus_000000022546,79900
in_000000282045,cus_000000022552,9900
in_000000282115,cus_000000022556,79900
in_000000274993,cus_000000021965,9900
in_000000275140,cus_000000021978,9900
in_000000282423,cus_000000022578,79900
in_000000282591,cus_000000022591,9900
in_000000223065,cus_000000017806,79900
in_000000223135,cus_000000017809,9900
in_000000223261,cus_000000017819,199900
in_000000275490,cus_000000022009,9900
in_000000275637,cus_000000022019,9900
in_000000275861,cus_000000022044,199900
in_000000278935,cus_000000022305,9900
in_000000279208,cus_000000022325,29900
in_000000279236,cus_000000022329,29900
in_000000282710,cus_000000022598,9900
in_000000282822,cus_000000022608,29900
in_000000283144,cus_000000022635,9900
in_000000283221,cus_000000022643,9900
in_000000276162,cus_000000022070,29900
in_000000276211,cus_000000022073,29900
in_000000276337,cus_000000022081,9900
in_000000283501,cus_000000022666,29900
in_000000283690,cus_000000022688,99000
in_000000283725,cus_000000022691,29900
in_000000223338,cus_000000017822,9900
in_000000223415,cus_000000017838,9900
in_000000223471,cus_000000017848,9900
in_000000223765,cus_000000017875,9900
in_000000276876,cus_000000022124,9900
in_000000279565,cus_000000022346,199900
in_000000279691,cus_000000022356,29900
in_000000279810,cus_000000022364,9900
in_000000279845,cus_000000022365,29900
in_000000277128,cus_000000022148,29900
in_000000277268,cus_000000022163,29900
in_000000277464,cus_000000022175,79900
in_000000277534,cus_000000022179,9900
in_000000283830,cus_000000022700,29900
in_000000284299,cus_000000022740,199900
in_000000224101,cus_000000017903,9900
in_000000224353,cus_000000017926,9900
in_000000224423,cus_000000017932,29900
in_000000279873,cus_000000022366,79900
in_000000279929,cus_000000022370,9900
in_000000280048,cus_000000022383,79900
in_000000280307,cus_000000022410,9900
in_000000277905,cus_000000022209,9900
in_000000277919,cus_000000022211,799000
in_000000277989,cus_000000022214,9900
in_000000278031,cus_000000022217,9900
in_000000280433,cus_000000022421,9900
in_000000280587,cus_000000022427,9900
in_000000280615,cus_000000022431,9900
in_000000284691,cus_000000022763,9900
in_000000278206,cus_000000022235,99000
in_000000278255,cus_000000022242,9900
in_000000278507,cus_000000022274,29900
in_000000280993,cus_000000022466,199900
in_000000281168,cus_000000022485,9900
in_000000285433,cus_000000022826,9900
in_000000224962,cus_000000017977,9900
in_000000278864,cus_000000022296,9900
in_000000278878,cus_000000022301,299000
in_000000278906,cus_000000022302,9900
in_000000279039,cus_000000022312,299000
in_000000279102,cus_000000022318,9900
in_000000285713,cus_000000022854,9900
in_000000285825,cus_000000022859,79900
in_000000286063,cus_000000022877,9900
in_000000286231,cus_000000022891,29900
in_000000286315,cus_000000022897,9900
in_000000282260,cus_000000022569,9900
in_000000282330,cus_000000022574,799000
in_000000282470,cus_000000022583,799000
in_000000282659,cus_000000022593,79900
in_000000225130,cus_000000017991,9900
in_000000225137,cus_000000017992,29900
in_000000225165,cus_000000017993,9900
in_000000225403,cus_000000018011,9900
in_000000225508,cus_000000018017,199900
in_000000225529,cus_000000018018,29900
in_000000280285,cus_000000022406,9900
in_000000280299,cus_000000022409,9900
in_000000280327,cus_000000022412,9900
in_000000282771,cus_000000022603,9900
in_000000282855,cus_000000022609,9900
in_000000283009,cus_000000022623,9900
in_000000283072,cus_000000022630,199900
in_000000280691,cus_000000022440,29900
in_000000280852,cus_000000022449,29900
in_000000280922,cus_000000022458,79900
in_000000283275,cus_000000022646,9900
in_000000283338,cus_000000022653,29900
in_000000283443,cus_000000022661,9900
in_000000283597,cus_000000022677,9900
in_000000283681,cus_000000022686,79900
in_000000280985,cus_000000022465,199900
in_000000281034,cus_000000022471,29900
in_000000281111,cus_000000022475,79900
in_000000281349,cus_000000022501,9900
in_000000281426,cus_000000022504,199900
in_000000281468,cus_000000022509,9900
in_000000281475,cus_000000022510,9900
in_000000226453,cus_000000018077,29900
in_000000226530,cus_000000018081,79900
in_000000226565,cus_000000018085,9900
in_000000226663,cus_000000018094,29900
in_000000281650,cus_000000022527,9900
in_000000282168,cus_000000022561,29900
in_000000282392,cus_000000022577,29900
in_000000227034,cus_000000018129,199900
in_000000282791,cus_000000022607,9900
in_000000282903,cus_000000022612,9900
in_000000282980,cus_000000022619,199900
in_000000283113,cus_000000022633,79900
in_000000227286,cus_000000018151,9900
in_000000227342,cus_000000018154,9900
in_000000227349,cus_000000018155,9900
in_000000227664,cus_000000018184,99000
in_000000227832,cus_000000018194,29900
in_000000283582,cus_000000022674,79900
in_000000283645,cus_000000022684,29900
in_000000283806,cus_000000022699,9900
in_000000284016,cus_000000022716,29900
in_000000284233,cus_000000022736,29900
in_000000228707,cus_000000018257,9900
in_000000228980,cus_000000018275,79900
in_000000229022,cus_000000018279,9900
in_000000229134,cus_000000018290,9900
in_000000229197,cus_000000018294,79900
in_000000229260,cus_000000018297,9900
in_000000229491,cus_000000018318,9900
in_000000284905,cus_000000022782,9900
in_000000286924,cus_000000022953,9900
in_000000286994,cus_000000022958,99000
in_000000287085,cus_000000022966,9900
in_000000283996,cus_000000022715,79900
in_000000284276,cus_000000022739,29900
in_000000229659,cus_000000018331,9900
in_000000229981,cus_000000018361,29900
in_000000230009,cus_000000018362,29900
in_000000285087,cus_000000022793,29900
in_000000285255,cus_000000022808,199900
in_000000285381,cus_000000022824,9900
in_000000230121,cus_000000018377,9900
in_000000230436,cus_000000018402,9900
in_000000230611,cus_000000018416,99000
in_000000284955,cus_000000022785,29900
in_000000285130,cus_000000022796,29900
in_000000285263,cus_000000022809,299000
in_000000285668,cus_000000022851,9900
in_000000285780,cus_000000022857,29900
in_000000285808,cus_000000022858,29900
in_000000285836,cus_000000022861,29900
in_000000285871,cus_000000022862,29900
in_000000287218,cus_000000022974,9900
in_000000287729,cus_000000023017,79900
in_000000287771,cus_000000023019,199900
in_000000230849,cus_000000018435,9900
in_000000231045,cus_000000018451,29900
in_000000231115,cus_000000018456,99000
in_000000231185,cus_000000018461,79900
in_000000231206,cus_000000018464,29900
in_000000286179,cus_000000022886,9900
in_000000286207,cus_000000022888,79900
in_000000286347,cus_000000022902,29900
in_000000286382,cus_000000022906,299000
in_000000286452,cus_000000022911,199900
in_000000286599,cus_000000022932,29900
in_000000285648,cus_000000022850,9900
in_000000285935,cus_000000022868,9900
in_000000285991,cus_000000022871,79900
in_000000285998,cus_000000022872,9900
in_000000287813,cus_000000023024,9900
in_000000287939,cus_000000023032,29900
in_000000287988,cus_000000023035,9900
in_000000288184,cus_000000023051,29900
in_000000288219,cus_000000023052,29900
in_000000288261,cus_000000023054,29900
in_000000288317,cus_000000023059,9900
in_000000231437,cus_000000018481,29900
in_000000231633,cus_000000018496,29900
in_000000286746,cus_000000022943,29900
in_000000286998,cus_000000022959,9900
in_000000287019,cus_000000022960,9900
in_000000288387,cus_000000023063,9900
in_000000288884,cus_000000023110,29900
in_000000231808,cus_000000018517,29900
in_000000231864,cus_000000018522,9900
in_000000231899,cus_000000018527,9900
in_000000231948,cus_000000018530,9900
in_000000287257,cus_000000022976,79900
in_000000287530,cus_000000022999,29900
in_000000287712,cus_000000023015,29900
in_000000287747,cus_000000023018,79900
in_000000289066,cus_000000023129,9900
in_000000289213,cus_000000023137,99000
in_000000289367,cus_000000023146,9900
in_000000232690,cus_000000018592,99000
in_000000232753,cus_000000018602,29900
in_000000232886,cus_000000018615,9900
in_000000286082,cus_000000022880,1999000
in_000000286159,cus_000000022885,9900
in_000000286334,cus_000000022901,9900
in_000000286614,cus_000000022933,29900
in_000000288034,cus_000000023037,199900
in_000000288062,cus_000000023039,9900
in_000000288307,cus_000000023058,29900
in_000000232956,cus_000000018619,9900
in_000000233145,cus_000000018628,79900
in_000000233159,cus_000000018631,79900
in_000000233180,cus_000000018632,9900
in_000000233201,cus_000000018633,199900
in_000000233236,cus_000000018636,9900
in_000000289528,cus_000000023156,9900
in_000000289549,cus_000000023159,79900
in_000000289689,cus_000000023170,79900
in_000000289696,cus_000000023171,99000
in_000000289710,cus_000000023174,99000
in_000000289878,cus_000000023187,29900
in_000000289976,cus_000000023194,29900
in_000000288545,cus_000000023081,9900
in_000000288692,cus_000000023092,29900
in_000000288797,cus_000000023101,9900
in_000000286803,cus_000000022946,29900
in_000000286859,cus_000000022950,9900
in_000000290165,cus_000000023210,9900
in_000000290242,cus_000000023216,9900
in_000000290375,cus_000000023227,99000
in_000000290564,cus_000000023242,29900
in_000000233586,cus_000000018669,9900
in_000000233607,cus_000000018671,79900
in_000000233929,cus_000000018697,29900
in_000000233957,cus_000000018698,29900
in_000000289119,cus_000000023132,9900
in_000000290886,cus_000000023270,799000
in_000000234076,cus_000000018708,79900
in_000000234195,cus_000000018718,9900
in_000000234223,cus_000000018719,29900
in_000000234265,cus_000000018723,9900
in_000000234377,cus_000000018730,29900
in_000000287363,cus_000000022985,9900
in_000000287377,cus_000000022986,9900
in_000000287412,cus_000000022988,9900
in_000000287517,cus_000000022998,9900
in_000000291222,cus_000000023289,29900
in_000000291285,cus_000000023294,199900
in_000000291509,cus_000000023318,199900
in_000000291586,cus_000000023326,9900
in_000000234643,cus_000000018749,9900
in_000000234734,cus_000000018755,9900
in_000000234825,cus_000000018760,29900
in_000000234944,cus_000000018773,9900
in_000000234951,cus_000000018774,9900
in_000000291880,cus_000000023352,29900
in_000000292125,cus_000000023371,29900
in_000000292202,cus_000000023376,9900
in_000000287853,cus_000000023026,79900
in_000000287895,cus_000000023028,29900
in_000000287909,cus_000000023029,29900
in_000000287972,cus_000000023034,9900
in_000000288147,cus_000000023049,79900
in_000000288238,cus_000000023053,79900
in_000000235420,cus_000000018808,29900
in_000000235553,cus_000000018823,79900
in_000000235616,cus_000000018828,9900
in_000000235749,cus_000000018838,29900
in_000000292671,cus_000000023420,199900
in_000000292713,cus_000000023426,29900
in_000000292860,cus_000000023433,79900
in_000000288350,cus_000000023060,9900
in_000000288469,cus_000000023072,9900
in_000000288567,cus_000000023085,29900
in_000000288609,cus_000000023088,9900
in_000000288756,cus_000000023098,29900
in_000000288819,cus_000000023102,9900
in_000000290183,cus_000000023211,29900
in_000000290211,cus_000000023212,9900
in_000000290358,cus_000000023222,9900
in_000000290393,cus_000000023231,9900
in_000000290456,cus_000000023233,9900
in_000000290498,cus_000000023238,29900
in_000000293350,cus_000000023477,29900
in_000000288938,cus_000000023116,29900
in_000000289092,cus_000000023131,9900
in_000000289169,cus_000000023134,29900
in_000000236008,cus_000000018860,9900
in_000000236036,cus_000000018861,29900
in_000000236043,cus_000000018862,29900
in_000000236078,cus_000000018863,29900
in_000000236281,cus_000000018881,299000
in_000000236330,cus_000000018883,9900
in_000000290701,cus_000000023258,79900
in_000000290771,cus_000000023262,9900
in_000000290841,cus_000000023266,9900
in_000000289477,cus_000000023154,29900
in_000000289946,cus_000000023193,9900
in_000000293560,cus_000000023496,29900
in_000000293749,cus_000000023514,9900
in_000000290296,cus_000000023219,9900
in_000000291254,cus_000000023291,9900
in_000000291338,cus_000000023299,79900
in_000000291646,cus_000000023328,9900
in_000000291660,cus_000000023331,29900
in_000000294106,cus_000000023541,199900
in_000000294183,cus_000000023548,9900
in_000000294393,cus_000000023568,9900
in_000000291975,cus_000000023358,199900
in_000000292276,cus_000000023381,29900
in_000000236442,cus_000000018893,79900
in_000000236547,cus_000000018902,9900
in_000000236708,cus_000000018913,29900
in_000000236820,cus_000000018919,29900
in_000000290597,cus_000000023246,9900
in_000000290975,cus_000000023276,29900
in_000000292360,cus_000000023388,9900
in_000000292444,cus_000000023392,29900
in_000000292591,cus_000000023412,29900
in_000000291276,cus_000000023293,9900
in_000000291346,cus_000000023300,299000
in_000000291444,cus_000000023315,29900
in_000000291549,cus_000000023321,79900
in_000000291668,cus_000000023333,9900
in_000000237079,cus_000000018944,29900
in_000000293039,cus_000000023450,79900
in_000000292025,cus_000000023361,9900
in_000000293578,cus_000000023497,79900
in_000000293606,cus_000000023498,29900
in_000000293634,cus_000000023503,9900
in_000000292816,cus_000000023431,9900
in_000000294208,cus_000000023550,9900
in_000000294509,cus_000000023578,9900
in_000000292956,cus_000000023443,79900
in_000000293061,cus_000000023452,29900
in_000000293089,cus_000000023454,29900
in_000000293327,cus_000000023474,9900
in_000000293537,cus_000000023492,9900
in_000000293628,cus_000000023501,9900
in_000000293649,cus_000000023505,199900
in_000000293670,cus_000000023508,9900
in_000000293719,cus_000000023512,9900
in_000000293761,cus_000000023515,9900
in_000000293810,cus_000000023520,79900
in_000000293985,cus_000000023534,9900
in_000000294055,cus_000000023537,79900
in_000000294293,cus_000000023560,29900
in_000000294321,cus_000000023562,9900
in_000000294489,cus_000000023577,29900
in_000000294531,cus_000000023579,9900
in_000000294833,cus_000000023608,9900
in_000000294861,cus_000000023609,199900
in_000000295036,cus_000000023621,9900
in_000000295274,cus_000000023639,29900
in_000000295813,cus_000000023678,9900
in_000000295974,cus_000000023699,9900
in_000000296100,cus_000000023708,9900
in_000000296247,cus_000000023718,1999000
in_000000296282,cus_000000023721,29900
in_000000296345,cus_000000023724,9900
in_000000296373,cus_000000023728,29900
in_000000296583,cus_000000023751,29900
in_000000297395,cus_000000023836,9900
in_000000297661,cus_000000023854,9900
in_000000297759,cus_000000023860,79900
in_000000297913,cus_000000023880,9900
in_000000298200,cus_000000023896,29900
in_000000298221,cus_000000023899,9900
in_000000298354,cus_000000023911,9900
in_000000298494,cus_000000023919,79900
in_000000298599,cus_000000023926,29900
in_000000298655,cus_000000023935,9900
in_000000298921,cus_000000023952,29900
in_000000298998,cus_000000023959,79900
in_000000299320,cus_000000023987,199900
in_000000299600,cus_000000024019,29900
in_000000299817,cus_000000024032,29900
in_000000299852,cus_000000024034,1999000
in_000000299978,cus_000000024048,9900
in_000000299999,cus_000000024051,9900
in_000000300020,cus_000000024052,9900
in_000000300132,cus_000000024058,79900
in_000000300160,cus_000000024059,29900
in_000000300475,cus_000000024084,9900
in_000000300594,cus_000000024090,9900
in_000000300608,cus_000000024091,9900
in_000000300944,cus_000000024125,9900
in_000000301049,cus_000000024131,9900
in_000000301469,cus_000000024159,79900
in_000000301525,cus_000000024162,29900
in_000000302015,cus_000000024195,29900
in_000000302099,cus_000000024204,9900
in_000000302134,cus_000000024205,29900
in_000000302358,cus_000000024225,9900
in_000000302442,cus_000000024231,29900
in_000000302547,cus_000000024239,9900
in_000000302834,cus_000000024257,29900
in_000000303023,cus_000000024266,9900
in_000000303422,cus_000000024299,79900
in_000000303583,cus_000000024309,79900
in_000000303765,cus_000000024322,9900
in_000000303800,cus_000000024325,9900
in_000000303954,cus_000000024340,79900
in_000000304115,cus_000000024355,9900
in_000000304332,cus_000000024369,79900
in_000000304612,cus_000000024403,99000
in_000000304941,cus_000000024421,9900
in_000000305053,cus_000000024429,9900
in_000000305319,cus_000000024442,29900
in_000000305473,cus_000000024455,29900
in_000000305753,cus_000000024476,9900
in_000000305760,cus_000000024477,9900
in_000000305879,cus_000000024489,79900
in_000000305942,cus_000000024496,29900
in_000000305970,cus_000000024497,29900
in_000000306082,cus_000000024505,29900
in_000000306243,cus_000000024520,29900
in_000000306299,cus_000000024525,29900
in_000000306600,cus_000000024557,29900
in_000000306810,cus_000000024581,199900
in_000000306831,cus_000000024585,199900
in_000000307300,cus_000000024617,29900
in_000000307356,cus_000000024621,9900
in_000000307398,cus_000000024627,29900
in_000000307419,cus_000000024629,199900
in_000000307426,cus_000000024630,79900
in_000000307468,cus_000000024636,9900
in_000000307594,cus_000000024653,199900
in_000000307622,cus_000000024655,9900
in_000000307720,cus_000000024661,29900
in_000000308049,cus_000000024690,29900
in_000000308168,cus_000000024704,29900
in_000000308217,cus_000000024708,9900
in_000000308350,cus_000000024718,9900
in_000000308378,cus_000000024720,79900
in_000000308441,cus_000000024724,79900
in_000000308707,cus_000000024754,9900
in_000000308924,cus_000000024770,29900
in_000000309225,cus_000000024803,29900
in_000000309260,cus_000000024804,29900
in_000000309407,cus_000000024819,29900
in_000000309463,cus_000000024822,9900
in_000000309575,cus_000000024829,9900
in_000000310527,cus_000000024908,79900
in_000000310772,cus_000000024924,99000
in_000000310793,cus_000000024926,9900
in_000000310807,cus_000000024927,9900
in_000000310835,cus_000000024928,9900
in_000000311080,cus_000000024954,79900
in_000000311101,cus_000000024955,9900
in_000000311150,cus_000000024958,29900
in_000000311164,cus_000000024959,29900
in_000000311409,cus_000000024979,29900
in_000000311521,cus_000000024990,9900
in_000000311661,cus_000000024998,79900
in_000000311689,cus_000000024999,9900
in_000000312011,cus_000000019080,299000
in_000000312144,cus_000000011680,9900
in_000000312186,cus_000000012245,79900
in_000000312214,cus_000000014483,29900
in_000000312592,cus_000000016193,299000
in_000000312634,cus_000000020541,29900
in_000000313068,cus_000000008695,9900
in_000000313138,cus_000000004900,9900
in_000000313432,cus_000000004630,9900
in_000000313985,cus_000000015905,9900
in_000000314055,cus_000000018759,9900
in_000000314097,cus_000000021083,29900
in_000000314160,cus_000000010845,199900
in_000000314181,cus_000000005528,299000
in_000000314307,cus_000000005474,99000
in_000000294698,cus_000000023596,9900
in_000000294754,cus_000000023603,9900
in_000000294943,cus_000000023616,79900
in_000000294964,cus_000000023617,9900
in_000000314503,cus_000000013291,79900
in_000000314685,cus_000000009814,9900
in_000000314734,cus_000000017165,9900
in_000000294659,cus_000000023590,29900
in_000000294764,cus_000000023605,199900
in_000000294799,cus_000000023606,9900
in_000000314923,cus_000000015804,9900
in_000000314965,cus_000000009615,29900
in_000000315189,cus_000000011309,29900
in_000000315273,cus_000000008683,79900
in_000000315910,cus_000000015033,9900
in_000000315980,cus_000000002866,9900
in_000000316036,cus_000000002905,9900
in_000000237688,cus_000000018986,9900
in_000000237807,cus_000000018996,29900
in_000000295163,cus_000000023629,199900
in_000000295597,cus_000000023663,79900
in_000000316057,cus_000000011648,199900
in_000000316092,cus_000000015577,79900
in_000000316610,cus_000000016433,79900
in_000000295730,cus_000000023669,79900
in_000000295849,cus_000000023680,9900
in_000000295870,cus_000000023684,9900
in_000000295968,cus_000000023697,799000
in_000000296010,cus_000000023702,9900
in_000000296178,cus_000000023714,9900
in_000000295111,cus_000000023624,9900
in_000000295356,cus_000000023643,29900
in_000000295538,cus_000000023661,29900
in_000000295615,cus_000000023664,9900
in_000000316736,cus_000000023924,29900
in_000000317086,cus_000000008588,9900
in_000000317170,cus_000000010229,29900
in_000000296353,cus_000000023725,9900
in_000000296451,cus_000000023735,29900
in_000000296479,cus_000000023739,9900
in_000000296647,cus_000000023759,299000
in_000000296794,cus_000000023778,199900
in_000000295678,cus_000000023667,9900
in_000000295769,cus_000000023675,29900
in_000000296091,cus_000000023707,9900
in_000000296231,cus_000000023716,79900
in_000000295000,cus_000000023618,9900
in_000000317198,cus_000000019579,9900
in_000000317317,cus_000000018204,9900
in_000000296497,cus_000000023740,9900
in_000000296532,cus_000000023745,199900
in_000000296574,cus_000000023749,9900
in_000000296637,cus_000000023757,29900
in_000000296658,cus_000000023761,9900
in_000000296962,cus_000000023794,9900
in_000000297151,cus_000000023816,29900
in_000000297291,cus_000000023830,9900
in_000000297319,cus_000000023831,9900
in_000000238843,cus_000000019083,9900
in_000000238955,cus_000000019092,29900
in_000000296917,cus_000000023791,9900
in_000000297246,cus_000000023827,79900
in_000000297515,cus_000000023844,29900
in_000000297690,cus_000000023855,9900
in_000000297739,cus_000000023858,9900
in_000000295308,cus_000000023640,79900
in_000000295448,cus_000000023650,79900
in_000000295574,cus_000000023662,79900
in_000000295644,cus_000000023665,79900
in_000000239305,cus_000000019122,9900
in_000000239424,cus_000000019138,9900
in_000000239725,cus_000000019169,299000
in_000000297526,cus_000000023845,9900
in_000000297596,cus_000000023851,29900
in_000000297722,cus_000000023856,199900
in_000000297827,cus_000000023870,9900
in_000000297876,cus_000000023878,79900
in_000000295910,cus_000000023688,9900
in_000000295952,cus_000000023692,9900
in_000000295959,cus_000000023693,99000
in_000000297963,cus_000000023883,9900
in_000000297998,cus_000000023886,29900
in_000000298054,cus_000000023888,9900
in_000000298187,cus_000000023894,79900
in_000000298250,cus_000000023902,79900
in_000000298411,cus_000000023915,9900
in_000000239781,cus_000000019172,9900
in_000000239914,cus_000000019182,29900
in_000000240103,cus_000000019192,9900
in_000000240138,cus_000000019194,9900
in_000000240166,cus_000000019198,9900
in_000000240201,cus_000000019199,29900
in_000000240285,cus_000000019203,79900
in_000000298317,cus_000000023908,9900
in_000000298387,cus_000000023914,9900
in_000000298558,cus_000000023922,29900
in_000000298579,cus_000000023924,9900
in_000000298614,cus_000000023932,29900
in_000000298754,cus_000000023945,9900
in_000000298971,cus_000000023956,29900
in_000000298985,cus_000000023958,9900
in_000000299034,cus_000000023961,9900
in_000000299055,cus_000000023964,9900
in_000000317800,cus_000000005901,9900
in_000000317961,cus_000000015489,79900
in_000000318143,cus_000000014899,29900
in_000000318150,cus_000000003838,9900
in_000000318311,cus_000000013241,9900
in_000000296295,cus_000000023722,29900
in_000000296547,cus_000000023747,29900
in_000000296687,cus_000000023763,79900
in_000000296764,cus_000000023776,9900
in_000000298611,cus_000000023930,9900
in_000000298821,cus_000000023948,79900
in_000000299307,cus_000000023983,799000
in_000000299636,cus_000000024020,9900
in_000000297268,cus_000000023829,9900
in_000000318318,cus_000000011621,9900
in_000000318437,cus_000000008550,9900
in_000000318493,cus_000000019427,9900
in_000000318563,cus_000000005295,9900
in_000000297541,cus_000000023846,199900
in_000000297604,cus_000000023852,9900
in_000000297884,cus_000000023879,9900
in_000000299776,cus_000000024029,9900
in_000000299965,cus_000000024046,29900
in_000000319410,cus_000000009316,199900
in_000000298115,cus_000000023891,29900
in_000000319564,cus_000000014254,29900
in_000000319830,cus_000000003581,9900
in_000000319865,cus_000000010442,79900
in_000000319907,cus_000000003933,29900
in_000000298528,cus_000000023921,79900
in_000000298717,cus_000000023940,9900
in_000000298857,cus_000000023950,9900
in_000000320243,cus_000000019668,29900
in_000000320334,cus_000000003963,9900
in_000000320509,cus_000000010935,9900
in_000000300805,cus_000000024112,9900
in_000000300840,cus_000000024116,9900
in_000000300910,cus_000000024124,29900
in_000000300952,cus_000000024126,29900
in_000000301337,cus_000000024150,29900
in_000000299193,cus_000000023977,79900
in_000000299263,cus_000000023980,199900
in_000000299361,cus_000000023991,9900
in_000000301582,cus_000000024167,79900
in_000000301708,cus_000000024174,79900
in_000000301722,cus_000000024177,29900
in_000000301806,cus_000000024182,29900
in_000000299767,cus_000000024028,99000
in_000000301946,cus_000000024192,9900
in_000000302051,cus_000000024199,79900
in_000000302233,cus_000000024213,79900
in_000000302387,cus_000000024228,9900
in_000000302408,cus_000000024229,9900
in_000000300306,cus_000000024071,79900
in_000000300383,cus_000000024078,79900
in_000000300418,cus_000000024079,29900
in_000000300439,cus_000000024080,29900
in_000000300488,cus_000000024085,29900
in_000000300523,cus_000000024087,29900
in_000000300558,cus_000000024089,9900
in_000000300649,cus_000000024096,29900
in_000000300754,cus_000000024108,99000
in_000000302562,cus_000000024240,9900
in_000000301125,cus_000000024135,29900
in_000000301209,cus_000000024142,9900
in_000000301272,cus_000000024147,9900
in_000000240306,cus_000000019205,799000
in_000000240411,cus_000000019214,99000
in_000000240635,cus_000000019234,29900
in_000000240831,cus_000000019249,9900
in_000000299297,cus_000000023981,29900
in_000000299402,cus_000000023996,29900
in_000000301398,cus_000000024154,9900
in_000000301636,cus_000000024170,29900
in_000000301902,cus_000000024189,199900
in_000000303227,cus_000000024279,29900
in_000000303269,cus_000000024281,9900
in_000000303451,cus_000000024301,9900
in_000000299878,cus_000000024035,79900
in_000000299941,cus_000000024045,299000
in_000000300074,cus_000000024056,9900
in_000000301979,cus_000000024193,9900
in_000000302070,cus_000000024201,79900
in_000000302161,cus_000000024208,29900
in_000000302378,cus_000000024227,29900
in_000000241006,cus_000000019261,199900
in_000000241188,cus_000000019275,79900
in_000000241230,cus_000000019277,9900
in_000000241412,cus_000000019299,9900
in_000000241419,cus_000000019300,299000
in_000000303843,cus_000000024330,79900
in_000000303871,cus_000000024331,9900
in_000000301159,cus_000000024140,9900
in_000000301306,cus_000000024149,9900
in_000000241587,cus_000000019313,9900
in_000000241601,cus_000000019317,99000
in_000000241895,cus_000000019338,99000
in_000000241902,cus_000000019340,9900
in_000000241965,cus_000000019346,9900
in_000000304298,cus_000000024368,79900
in_000000302630,cus_000000024244,79900
in_000000302721,cus_000000024250,99000
in_000000302868,cus_000000024258,9900
in_000000242042,cus_000000019350,9900
in_000000242364,cus_000000019375,9900
in_000000304774,cus_000000024414,199900
in_000000304809,cus_000000024415,9900
in_000000304844,cus_000000024417,79900
in_000000304907,cus_000000024419,29900
in_000000305208,cus_000000024437,9900
in_000000301390,cus_000000024153,9900
in_000000301600,cus_000000024169,79900
in_000000301824,cus_000000024183,9900
in_000000301866,cus_000000024187,29900
in_000000303050,cus_000000024267,9900
in_000000303190,cus_000000024277,9900
in_000000303323,cus_000000024288,9900
in_000000303400,cus_000000024297,29900
in_000000303491,cus_000000024305,9900
in_000000303554,cus_000000024307,29900
in_000000305369,cus_000000024447,9900
in_000000305530,cus_000000024457,9900
in_000000305544,cus_000000024458,199900
in_000000305796,cus_000000024480,9900
in_000000242581,cus_000000019391,79900
in_000000242784,cus_000000019408,9900
in_000000242931,cus_000000019423,29900
in_000000302083,cus_000000024202,79900
in_000000303610,cus_000000024310,9900
in_000000303708,cus_000000024318,9900
in_000000303883,cus_000000024333,9900
in_000000303897,cus_000000024335,79900
in_000000303925,cus_000000024338,79900
in_000000304058,cus_000000024353,9900
in_000000306062,cus_000000024504,9900
in_000000306230,cus_000000024518,9900
in_000000306237,cus_000000024519,9900
in_000000306384,cus_000000024532,79900
in_000000306426,cus_000000024539,79900
in_000000243134,cus_000000019444,29900
in_000000243197,cus_000000019446,79900
in_000000243239,cus_000000019449,199900
in_000000243631,cus_000000019481,29900
in_000000243666,cus_000000019485,9900
in_000000302482,cus_000000024234,9900
in_000000302510,cus_000000024236,9900
in_000000302937,cus_000000024263,9900
in_000000304226,cus_000000024361,29900
in_000000304506,cus_000000024394,29900
in_000000306559,cus_000000024553,29900
in_000000306629,cus_000000024560,9900
in_000000306685,cus_000000024566,9900
in_000000306783,cus_000000024580,9900
in_000000306972,cus_000000024596,9900
in_000000306993,cus_000000024598,29900
in_000000303133,cus_000000024273,99000
in_000000303308,cus_000000024286,9900
in_000000303350,cus_000000024291,9900
in_000000304877,cus_000000024418,29900
in_000000305073,cus_000000024430,9900
in_000000305101,cus_000000024431,9900
in_000000243862,cus_000000019499,9900
in_000000303665,cus_000000024315,29900
in_000000304015,cus_000000024344,9900
in_000000305444,cus_000000024451,9900
in_000000305724,cus_000000024475,99000
in_000000307147,cus_000000024607,9900
in_000000307217,cus_000000024612,29900
in_000000307532,cus_000000024644,79900
in_000000304197,cus_000000024360,199900
in_000000304288,cus_000000024367,29900
in_000000304351,cus_000000024371,29900
in_000000304442,cus_000000024382,79900
in_000000304540,cus_000000024397,29900
in_000000244352,cus_000000019531,9900
in_000000244520,cus_000000019543,79900
in_000000244730,cus_000000019557,9900
in_000000307735,cus_000000024663,9900
in_000000307826,cus_000000024672,79900
in_000000308008,cus_000000024688,9900
in_000000308029,cus_000000024689,29900
in_000000306452,cus_000000024541,9900
in_000000306522,cus_000000024550,29900
in_000000306753,cus_000000024573,199900
in_000000306858,cus_000000024586,9900
in_000000304736,cus_000000024411,29900
in_000000305254,cus_000000024439,9900
in_000000305275,cus_000000024440,29900
in_000000308148,cus_000000024702,9900
in_000000308421,cus_000000024723,9900
in_000000308526,cus_000000024729,29900
in_000000308610,cus_000000024746,29900
in_000000308673,cus_000000024749,29900
in_000000244856,cus_000000019570,9900
in_000000244961,cus_000000019580,9900
in_000000245129,cus_000000019598,9900
in_000000245213,cus_000000019602,9900
in_000000245220,cus_000000019603,99000
in_000000245304,cus_000000019611,29900
in_000000245339,cus_000000019614,79900
in_000000308736,cus_000000024756,9900
in_000000308813,cus_000000024763,79900
in_000000308946,cus_000000024771,9900
in_000000308960,cus_000000024773,9900
in_000000308988,cus_000000024776,9900
in_000000309065,cus_000000024785,99000
in_000000307054,cus_000000024601,9900
in_000000307180,cus_000000024610,9900
in_000000245598,cus_000000019629,29900
in_000000245731,cus_000000019635,9900
in_000000245864,cus_000000019646,9900
in_000000305499,cus_000000024456,9900
in_000000305583,cus_000000024463,9900
in_000000309289,cus_000000024808,9900
in_000000307936,cus_000000024680,9900
in_000000306157,cus_000000024512,9900
in_000000246151,cus_000000019666,9900
in_000000246228,cus_000000019671,9900
in_000000246480,cus_000000019686,79900
in_000000310017,cus_000000024865,9900
in_000000310220,cus_000000024884,9900
in_000000310241,cus_000000024887,199900
in_000000306878,cus_000000024588,79900
in_000000306899,cus_000000024589,29900
in_000000306906,cus_000000024590,29900
in_000000308195,cus_000000024706,199900
in_000000310444,cus_000000024900,9900
in_000000310465,cus_000000024902,79900
in_000000310556,cus_000000024909,9900
in_000000310668,cus_000000024918,29900
in_000000310906,cus_000000024932,29900
in_000000310927,cus_000000024936,79900
in_000000246704,cus_000000019700,199900
in_000000246872,cus_000000019711,9900
in_000000246921,cus_000000019713,29900
in_000000307382,cus_000000024624,9900
in_000000308797,cus_000000024761,79900
in_000000309091,cus_000000024787,9900
in_000000247544,cus_000000019755,29900
in_000000311319,cus_000000024969,29900
in_000000311445,cus_000000024982,79900
in_000000311487,cus_000000024987,9900
in_000000309308,cus_000000024811,9900
in_000000247775,cus_000000019767,79900
in_000000247999,cus_000000019782,79900
in_000000307550,cus_000000024647,29900
in_000000307557,cus_000000024648,99000
in_000000307690,cus_000000024659,29900
in_000000307788,cus_000000024669,29900
in_000000309840,cus_000000024850,29900
in_000000309966,cus_000000024858,9900
in_000000310092,cus_000000024871,79900
in_000000310204,cus_000000024883,299000
in_000000311634,cus_000000024996,79900
in_000000311704,cus_000000025000,79900
in_000000311998,cus_000000000683,29900
in_000000308124,cus_000000024698,9900
in_000000308145,cus_000000024701,99000
in_000000308467,cus_000000024725,9900
in_000000308572,cus_000000024737,9900
in_000000248335,cus_000000019805,79900
in_000000248398,cus_000000019809,29900
in_000000248510,cus_000000019819,79900
in_000000248573,cus_000000019824,9900
in_000000248678,cus_000000019829,29900
in_000000248741,cus_000000019837,9900
in_000000312194,cus_000000002483,199900
in_000000312355,cus_000000012720,29900
in_000000312488,cus_000000014883,9900
in_000000312558,cus_000000021427,199900
in_000000308775,cus_000000024760,9900
in_000000308887,cus_000000024768,29900
in_000000308971,cus_000000024775,9900
in_000000309013,cus_000000024777,79900
in_000000309195,cus_000000024799,199900
in_000000311240,cus_000000024964,9900
in_000000248811,cus_000000019848,9900
in_000000248874,cus_000000019854,9900
in_000000248902,cus_000000019856,9900
in_000000249014,cus_000000019866,9900
in_000000249175,cus_000000019881,29900
in_000000309538,cus_000000024826,199900
in_000000312677,cus_000000009365,9900
in_000000312831,cus_000000001591,199900
in_000000312908,cus_000000015762,29900
in_000000312978,cus_000000010629,29900
in_000000311940,cus_000000022443,9900
in_000000249483,cus_000000019908,299000
in_000000249518,cus_000000019911,29900
in_000000249630,cus_000000019922,29900
in_000000309986,cus_000000024862,29900
in_000000310000,cus_000000024863,29900
in_000000310161,cus_000000024879,79900
in_000000310287,cus_000000024891,9900
in_000000312157,cus_000000018677,29900
in_000000312234,cus_000000021919,9900
in_000000313279,cus_000000007818,9900
in_000000313293,cus_000000006550,29900
in_000000313405,cus_000000013121,29900
in_000000313615,cus_000000019798,29900
in_000000313741,cus_000000019683,9900
in_000000313762,cus_000000017207,799000
in_000000310658,cus_000000024916,29900
in_000000310763,cus_000000024923,29900
in_000000310854,cus_000000024929,9900
in_000000310910,cus_000000024934,199900
in_000000250554,cus_000000019999,9900
in_000000313846,cus_000000004287,29900
in_000000313909,cus_000000023467,9900
in_000000314105,cus_000000004781,799000
in_000000314315,cus_000000023346,9900
in_000000311127,cus_000000024956,79900
in_000000311218,cus_000000024962,9900
in_000000311463,cus_000000024985,9900
in_000000312647,cus_000000008353,29900
in_000000312689,cus_000000001969,29900
in_000000312920,cus_000000007562,79900
in_000000312948,cus_000000012734,9900
in_000000312990,cus_000000013309,79900
in_000000313053,cus_000000016416,29900
in_000000313095,cus_000000011424,9900
in_000000251380,cus_000000020067,79900
in_000000251457,cus_000000020073,79900
in_000000311617,cus_000000024994,9900
in_000000311771,cus_000000006390,29900
in_000000311841,cus_000000021837,299000
in_000000311883,cus_000000005829,9900
in_000000311974,cus_000000009851,9900
in_000000314427,cus_000000013465,9900
in_000000314616,cus_000000024050,9900
in_000000314651,cus_000000009975,9900
in_000000314784,cus_000000010387,9900
in_000000312114,cus_000000019105,199900
in_000000312422,cus_000000000772,79900
in_000000312499,cus_000000019746,9900
in_000000312625,cus_000000004152,9900
in_000000315092,cus_000000021216,9900
in_000000315239,cus_000000020194,79900
in_000000315407,cus_000000005169,29900
in_000000315414,cus_000000018323,799000
in_000000315421,cus_000000011455,79900
in_000000313354,cus_000000018396,79900
in_000000251744,cus_000000020101,99000
in_000000251863,cus_000000020109,79900
in_000000252108,cus_000000020131,9900
in_000000315561,cus_000000011127,79900
in_000000315596,cus_000000015453,199900
in_000000315659,cus_000000011234,29900
in_000000315841,cus_000000002638,29900
in_000000312632,cus_000000001740,299000
in_000000312856,cus_000000023427,9900
in_000000312898,cus_000000005419,29900
in_000000313024,cus_000000017051,9900
in_000000313115,cus_000000021199,9900
in_000000313171,cus_000000015331,9900
in_000000316205,cus_000000017649,29900
in_000000316247,cus_000000002832,9900
in_000000316415,cus_000000018003,79900
in_000000313963,cus_000000006304,29900
in_000000314040,cus_000000012480,29900
in_000000314047,cus_000000023889,29900
in_000000314089,cus_000000014770,9900
in_000000314222,cus_000000011240,29900
in_000000314264,cus_000000022317,29900
in_000000314334,cus_000000022437,29900
in_000000313206,cus_000000007218,29900
in_000000313346,cus_000000001698,9900
in_000000313374,cus_000000018324,79900
in_000000313381,cus_000000012970,9900
in_000000313563,cus_000000011992,9900
in_000000313696,cus_000000002525,79900
in_000000252241,cus_000000020144,9900
in_000000252269,cus_000000020146,9900
in_000000252353,cus_000000020154,9900
in_000000252388,cus_000000020156,79900
in_000000252423,cus_000000020157,29900
in_000000314390,cus_000000008589,79900
in_000000314530,cus_000000009351,199900
in_000000314796,cus_000000016288,9900
in_000000313808,cus_000000008476,9900
in_000000316674,cus_000000012842,799000
in_000000316800,cus_000000012680,29900
in_000000317066,cus_000000023726,9900
in_000000314915,cus_000000011326,29900
in_000000314999,cus_000000017967,9900
in_000000315083,cus_000000009504,29900
in_000000315111,cus_000000001654,9900
in_000000315146,cus_000000016360,29900
in_000000315181,cus_000000014844,9900
in_000000315286,cus_000000006976,79900
in_000000315356,cus_000000021237,79900
in_000000252843,cus_000000020183,29900
in_000000252906,cus_000000020186,9900
in_000000317458,cus_000000021325,9900
in_000000317668,cus_000000022603,29900
in_000000315503,cus_000000023027,79900
in_000000315692,cus_000000021267,29900
in_000000314487,cus_000000017097,29900
in_000000314557,cus_000000016680,9900
in_000000314676,cus_000000019351,1999000
in_000000253326,cus_000000020216,9900
in_000000253347,cus_000000020218,79900
in_000000253445,cus_000000020223,9900
in_000000317773,cus_000000003142,9900
in_000000318004,cus_000000018064,29900
in_000000318067,cus_000000007130,29900
in_000000318095,cus_000000023288,29900
in_000000318172,cus_000000016476,29900
in_000000318193,cus_000000009892,9900
in_000000318263,cus_000000017299,9900
in_000000316077,cus_000000002769,9900
in_000000316329,cus_000000012497,9900
in_000000316427,cus_000000010516,9900
in_000000253858,cus_000000020264,79900
in_000000254082,cus_000000020290,79900
in_000000254390,cus_000000020315,29900
in_000000314984,cus_000000023863,9900
in_000000315040,cus_000000015171,9900
in_000000315054,cus_000000001300,79900
in_000000254495,cus_000000020322,9900
in_000000254614,cus_000000020329,29900
in_000000254936,cus_000000020352,9900
in_000000316630,cus_000000000348,79900
in_000000316700,cus_000000005787,9900
in_000000316777,cus_000000018507,79900
in_000000316910,cus_000000009634,9900
in_000000316931,cus_000000022759,29900
in_000000317050,cus_000000011305,79900
in_000000317127,cus_000000010368,9900
in_000000317148,cus_000000007683,9900
in_000000315614,cus_000000000850,9900
in_000000315642,cus_000000011112,29900
in_000000315670,cus_000000002102,29900
in_000000315733,cus_000000017751,79900
in_000000315789,cus_000000015397,9900
in_000000315880,cus_000000010103,79900
in_000000318459,cus_000000012089,9900
in_000000318620,cus_000000021347,29900
in_000000318739,cus_000000021089,79900
in_000000318760,cus_000000016940,9900
in_000000317358,cus_000000012228,9900
in_000000317526,cus_000000008576,9900
in_000000317617,cus_000000004023,9900
in_000000316111,cus_000000019470,79900
in_000000316167,cus_000000006123,79900
in_000000316265,cus_000000002333,29900
in_000000316314,cus_000000008117,29900
in_000000316503,cus_000000021871,29900
in_000000316566,cus_000000011175,9900
in_000000255125,cus_000000020364,29900
in_000000255314,cus_000000020377,79900
in_000000255503,cus_000000020398,9900
in_000000255538,cus_000000020399,29900
in_000000317869,cus_000000021749,29900
in_000000317946,cus_000000000722,29900
in_000000318016,cus_000000002666,9900
in_000000318879,cus_000000004798,9900
in_000000318928,cus_000000007585,9900
in_000000319054,cus_000000011130,9900
in_000000319110,cus_000000003201,29900
in_000000319320,cus_000000018847,9900
in_000000319348,cus_000000010907,9900
in_000000319383,cus_000000019678,9900
in_000000316748,cus_000000019600,79900
in_000000316888,cus_000000024056,29900
in_000000316965,cus_000000008757,9900
in_000000318506,cus_000000002336,29900
in_000000318527,cus_000000022334,9900
in_000000255720,cus_000000020412,79900
in_000000255734,cus_000000020415,79900
in_000000255783,cus_000000020421,9900
in_000000255937,cus_000000020433,29900
in_000000318975,cus_000000023312,29900
in_000000319157,cus_000000013628,9900
in_000000319199,cus_000000018116,9900
in_000000319915,cus_000000018900,9900
in_000000319950,cus_000000005947,9900
in_000000317217,cus_000000020671,29900
in_000000317287,cus_000000024070,29900
in_000000317336,cus_000000013295,29900
in_000000317532,cus_000000010951,9900
in_000000317588,cus_000000003972,29900
in_000000317630,cus_000000001712,99000
in_000000319507,cus_000000024075,79900
in_000000319584,cus_000000009181,29900
in_000000319591,cus_000000014377,99000
in_000000319661,cus_000000024583,9900
in_000000319668,cus_000000003473,99000
in_000000319689,cus_000000021716,79900
in_000000319752,cus_000000000172,79900
in_000000319787,cus_000000024816,9900
in_000000319983,cus_000000021873,9900
in_000000320060,cus_000000006078,29900
in_000000320207,cus_000000023518,9900
in_000000320228,cus_000000006031,29900
in_000000320326,cus_000000018678,29900
in_000000320536,cus_000000016580,9900
in_000000317756,cus_000000006568,29900
in_000000317854,cus_000000004214,29900
in_000000317980,cus_000000008004,9900
in_000000318106,cus_000000016125,9900
in_000000318218,cus_000000014177,9900
in_000000318379,cus_000000012988,79900
in_000000318589,cus_000000006551,9900
in_000000318603,cus_000000004901,9900
in_000000318652,cus_000000006559,29900
in_000000318960,cus_000000013523,9900
in_000000319212,cus_000000011513,29900
in_000000319289,cus_000000021505,29900
in_000000319359,cus_000000012027,9900
in_000000319457,cus_000000008318,29900
in_000000319485,cus_000000022023,79900
in_000000319492,cus_000000021192,9900
in_000000319653,cus_000000007976,29900
in_000000319709,cus_000000018256,9900
in_000000319786,cus_000000015961,99000
in_000000319877,cus_000000002299,79900
in_000000320262,cus_000000000656,79900
in_000000320311,cus_000000009287,9900
in_000000320577,cus_000000002948,29900
in_000000320605,cus_000000024095,9900
in_000000320696,cus_000000003787,9900
in_000000320843,cus_000000024330,79900
in_000000320948,cus_000000016200,29900
in_000000320955,cus_000000016114,9900
in_000000321060,cus_000000011887,9900
in_000000320034,cus_000000023090,9900
in_000000320097,cus_000000016094,79900
in_000000320237,cus_000000009976,299000
in_000000320356,cus_000000017694,9900
in_000000320405,cus_000000009524,9900
in_000000320545,cus_000000014823,9900
in_000000256203,cus_000000020451,199900
in_000000256210,cus_000000020452,99000
in_000000256357,cus_000000020463,199900
in_000000256434,cus_000000020470,9900
in_000000256756,cus_000000020492,9900
in_000000256889,cus_000000020501,29900
in_000000257106,cus_000000020515,99000
in_000000257267,cus_000000020527,9900
in_000000257288,cus_000000020531,9900
in_000000257302,cus_000000020532,9900
in_000000257743,cus_000000020568,79900
in_000000258030,cus_000000020595,9900
in_000000258247,cus_000000020613,29900
in_000000258842,cus_000000020651,199900
in_000000259234,cus_000000020679,29900
in_000000259738,cus_000000020712,29900
in_000000260095,cus_000000020737,9900
in_000000260312,cus_000000020755,29900
in_000000260739,cus_000000020789,9900
in_000000260823,cus_000000020794,9900
in_000000260844,cus_000000020796,9900
in_000000261530,cus_000000020848,9900
in_000000261649,cus_000000020864,9900
in_000000261789,cus_000000020878,9900
in_000000261817,cus_000000020882,9900
in_000000262244,cus_000000020911,9900
in_000000262496,cus_000000020932,9900
in_000000262664,cus_000000020945,9900
in_000000262776,cus_000000020954,99000
in_000000262811,cus_000000020956,9900
in_000000262902,cus_000000020962,29900
in_000000263000,cus_000000020971,79900
in_000000263091,cus_000000020981,29900
in_000000263749,cus_000000021030,9900
in_000000264015,cus_000000021054,79900
in_000000264134,cus_000000021065,79900
in_000000264253,cus_000000021077,29900
in_000000264365,cus_000000021088,79900
in_000000264442,cus_000000021093,9900
in_000000264596,cus_000000021107,9900
in_000000264610,cus_000000021109,79900
in_000000264736,cus_000000021126,29900
in_000000264792,cus_000000021130,199900
in_000000264883,cus_000000021134,79900
in_000000265142,cus_000000021157,9900
in_000000265261,cus_000000021164,9900
in_000000265632,cus_000000021188,29900
in_000000265660,cus_000000021191,29900
in_000000320719,cus_000000006391,29900
in_000000320859,cus_000000012242,9900
in_000000321006,cus_000000005931,9900
in_000000321027,cus_000000006147,9900
in_000000321104,cus_000000008870,9900
in_000000320711,cus_000000001455,29900
in_000000320760,cus_000000007331,9900
in_000000320774,cus_000000017450,29900
in_000000320788,cus_000000007790,199900
in_000000320893,cus_000000023307,9900
in_000000321040,cus_000000007273,9900
in_000000321082,cus_000000022189,9900
in_000000320629,cus_000000010579,29900
in_000000265800,cus_000000021205,199900
in_000000265947,cus_000000021222,79900
in_000000265968,cus_000000021223,79900
in_000000266136,cus_000000021237,29900
in_000000266164,cus_000000021240,29900
in_000000266192,cus_000000021243,29900
in_000000266710,cus_000000021290,9900
in_000000266962,cus_000000021312,99000
in_000000266997,cus_000000021316,79900
in_000000267032,cus_000000021318,199900
in_000000267074,cus_000000021321,79900
in_000000267109,cus_000000021325,9900
in_000000267725,cus_000000021376,9900
in_000000267781,cus_000000021379,79900
in_000000267914,cus_000000021391,199900
in_000000267977,cus_000000021397,199900
in_000000268257,cus_000000021417,299000
in_000000268383,cus_000000021425,199900
in_000000268481,cus_000000021439,9900
in_000000268670,cus_000000021450,29900
in_000000268831,cus_000000021463,9900
in_000000268929,cus_000000021466,29900
in_000000268985,cus_000000021471,79900
in_000000269027,cus_000000021473,29900
in_000000269468,cus_000000021514,29900
in_000000269832,cus_000000021539,9900
in_000000270182,cus_000000021571,29900
in_000000270364,cus_000000021583,79900
in_000000270413,cus_000000021586,29900
in_000000270784,cus_000000021621,29900
in_000000270812,cus_000000021622,29900
in_000000271477,cus_000000021673,9900
in_000000271589,cus_000000021683,9900
in_000000271764,cus_000000021695,9900
in_000000271876,cus_000000021707,9900
in_000000271890,cus_000000021711,29900
in_000000271911,cus_000000021712,29900
in_000000272023,cus_000000021721,79900
in_000000272170,cus_000000021736,9900
in_000000272576,cus_000000021765,99000
in_000000272905,cus_000000021794,9900
in_000000273031,cus_000000021803,199900
in_000000273514,cus_000000021837,29900
in_000000273556,cus_000000021840,99000
in_000000273584,cus_000000021843,99000
in_000000273612,cus_000000021845,79900
in_000000273689,cus_000000021855,9900
in_000000273948,cus_000000021880,29900
in_000000273955,cus_000000021881,9900
in_000000274102,cus_000000021891,29900
in_000000274795,cus_000000021951,9900
in_000000274858,cus_000000021956,29900
in_000000274942,cus_000000021960,79900
in_000000274963,cus_000000021962,9900
in_000000275187,cus_000000021980,79900
in_000000275355,cus_000000021993,9900
in_000000275698,cus_000000022028,29900
in_000000275803,cus_000000022040,9900
in_000000275845,cus_000000022042,29900
in_000000275971,cus_000000022052,299000
in_000000276755,cus_000000022113,9900
in_000000276818,cus_000000022119,9900
in_000000276888,cus_000000022125,199900
in_000000276895,cus_000000022126,29900
in_000000276965,cus_000000022134,79900
in_000000277504,cus_000000022178,9900
in_000000277546,cus_000000022180,9900
in_000000277581,cus_000000022182,9900
in_000000277735,cus_000000022195,9900
in_000000277889,cus_000000022207,9900
in_000000278526,cus_000000022275,9900
in_000000278589,cus_000000022280,9900
in_000000278652,cus_000000022284,29900
in_000000278743,cus_000000022291,9900
in_000000278806,cus_000000022294,29900
in_000000278841,cus_000000022295,9900
in_000000279289,cus_000000022332,9900
in_000000279352,cus_000000022334,29900
in_000000279422,cus_000000022337,199900
in_000000279905,cus_000000022369,29900
in_000000280059,cus_000000022384,9900
in_000000280220,cus_000000022397,799000
in_000000280367,cus_000000022414,9900
in_000000280486,cus_000000022423,79900
in_000000280731,cus_000000022442,9900
in_000000280962,cus_000000022463,79900
in_000000281151,cus_000000022482,199900
in_000000281291,cus_000000022494,9900
in_000000281494,cus_000000022511,29900
in_000000281564,cus_000000022516,29900
in_000000282075,cus_000000022553,9900
in_000000282488,cus_000000022584,9900
in_000000282705,cus_000000022597,299000
in_000000282733,cus_000000022599,9900
in_000000282943,cus_000000022615,9900
in_000000283125,cus_000000022634,79900
in_000000283573,cus_000000022673,29900
in_000000283671,cus_000000022685,79900
in_000000283797,cus_000000022697,79900
in_000000283874,cus_000000022706,9900
in_000000284189,cus_000000022730,9900
in_000000284511,cus_000000022752,9900
in_000000284749,cus_000000022767,9900
in_000000284812,cus_000000022771,9900
in_000000285008,cus_000000022788,9900
in_000000285148,cus_000000022798,79900
in_000000285225,cus_000000022805,79900
in_000000285281,cus_000000022813,9900
in_000000285316,cus_000000022815,299000
in_000000285351,cus_000000022822,9900
in_000000285498,cus_000000022836,9900
in_000000285603,cus_000000022841,9900
in_000000285610,cus_000000022842,9900
in_000000285624,cus_000000022843,9900
in_000000285694,cus_000000022853,9900
in_000000285890,cus_000000022865,79900
in_000000286128,cus_000000022883,199900
in_000000286219,cus_000000022889,29900
in_000000286268,cus_000000022894,79900
in_000000286583,cus_000000022930,9900
in_000000286723,cus_000000022942,79900
in_000000286779,cus_000000022945,79900
in_000000286989,cus_000000022957,9900
in_000000287101,cus_000000022967,9900
in_000000287122,cus_000000022968,9900
in_000000287430,cus_000000022989,9900
in_000000287626,cus_000000023008,29900
in_000000287871,cus_000000023027,79900
in_000000288011,cus_000000023036,29900
in_000000288109,cus_000000023045,9900
in_000000288410,cus_000000023064,9900
in_000000288725,cus_000000023093,9900
in_000000289313,cus_000000023144,99000
in_000000289383,cus_000000023147,9900
in_000000289502,cus_000000023155,9900
in_000000289607,cus_000000023162,29900
in_000000289649,cus_000000023168,9900
in_000000289740,cus_000000023176,79900
in_000000289852,cus_000000023186,9900
in_000000289985,cus_000000023195,9900
in_000000290545,cus_000000023240,9900
in_000000290797,cus_000000023263,9900
in_000000290916,cus_000000023272,99000
in_000000290930,cus_000000023274,79900
in_000000290944,cus_000000023275,79900
in_000000291063,cus_000000023280,9900
in_000000291084,cus_000000023281,9900
in_000000291105,cus_000000023283,9900
in_000000291329,cus_000000023298,9900
in_000000291693,cus_000000023334,29900
in_000000291770,cus_000000023340,29900
in_000000292043,cus_000000023362,29900
in_000000292050,cus_000000023363,9900
in_000000292190,cus_000000023374,9900
in_000000292610,cus_000000023413,9900
in_000000292659,cus_000000023418,9900
in_000000292680,cus_000000023422,99000
in_000000292694,cus_000000023425,29900
in_000000292939,cus_000000023441,9900
in_000000292946,cus_000000023442,29900
in_000000293023,cus_000000023449,1999000
in_000000293191,cus_000000023461,9900
in_000000293205,cus_000000023463,29900
in_000000293408,cus_000000023481,9900
in_000000293436,cus_000000023484,9900
in_000000293807,cus_000000023518,1999000
in_000000294234,cus_000000023554,79900
in_000000294346,cus_000000023563,29900
in_000000294563,cus_000000023581,29900
in_000000294640,cus_000000023587,79900
in_000000294682,cus_000000023593,29900
in_000000294808,cus_000000023607,29900
in_000000295235,cus_000000023634,79900
in_000000295375,cus_000000023644,29900
in_000000295529,cus_000000023659,79900
in_000000295753,cus_000000023673,29900
in_000000295802,cus_000000023676,9900
in_000000295858,cus_000000023681,29900
in_000000295942,cus_000000023690,9900
in_000000296082,cus_000000023706,9900
in_000000296124,cus_000000023709,9900
in_000000296698,cus_000000023764,79900
in_000000296733,cus_000000023771,99000
in_000000296747,cus_000000023775,29900
in_000000296831,cus_000000023780,29900
in_000000296943,cus_000000023792,9900
in_000000297013,cus_000000023800,9900
in_000000297118,cus_000000023812,79900
in_000000297188,cus_000000023821,799000
in_000000297349,cus_000000023833,9900
in_000000297636,cus_000000023853,29900
in_000000297783,cus_000000023863,9900
in_000000297846,cus_000000023871,9900
in_000000298028,cus_000000023887,9900
in_000000298154,cus_000000023893,199900
in_000000298280,cus_000000023905,29900
in_000000298693,cus_000000023938,29900
in_000000299442,cus_000000024001,9900
in_000000299463,cus_000000024005,9900
in_000000299484,cus_000000024008,9900
in_000000299554,cus_000000024016,29900
in_000000299568,cus_000000024017,9900
in_000000299694,cus_000000024023,29900
in_000000299932,cus_000000024044,79900
in_000000300247,cus_000000024067,29900
in_000000300317,cus_000000024072,9900
in_000000300541,cus_000000024088,29900
in_000000300695,cus_000000024100,29900
in_000000300779,cus_000000024111,79900
in_000000300982,cus_000000024127,9900
in_000000301087,cus_000000024133,199900
in_000000301178,cus_000000024141,9900
in_000000301374,cus_000000024152,29900
in_000000301878,cus_000000024188,9900
in_000000301927,cus_000000024190,9900
in_000000302032,cus_000000024196,79900
in_000000302186,cus_000000024209,29900
in_000000302284,cus_000000024219,9900
in_000000302599,cus_000000024243,199900
in_000000302690,cus_000000024248,9900
in_000000302991,cus_000000024265,9900
in_000000303166,cus_000000024275,199900
in_000000303278,cus_000000024283,799000
in_000000303292,cus_000000024285,9900
in_000000303656,cus_000000024314,79900
in_000000303698,cus_000000024317,29900
in_000000303817,cus_000000024326,9900
in_000000304048,cus_000000024351,9900
in_000000304391,cus_000000024376,9900
in_000000304419,cus_000000024377,9900
in_000000304454,cus_000000024383,9900
in_000000304461,cus_000000024384,9900
in_000000304629,cus_000000024405,199900
in_000000304951,cus_000000024422,9900
in_000000304958,cus_000000024423,9900
in_000000304986,cus_000000024425,79900
in_000000305147,cus_000000024433,9900
in_000000305196,cus_000000024435,9900
in_000000305665,cus_000000024470,29900
in_000000305910,cus_000000024494,9900
in_000000306015,cus_000000024500,29900
in_000000306043,cus_000000024502,29900
in_000000306127,cus_000000024509,9900
in_000000306183,cus_000000024515,9900
in_000000306288,cus_000000024523,9900
in_000000306659,cus_000000024562,9900
in_000000306715,cus_000000024571,29900
in_000000307016,cus_000000024599,9900
in_000000307170,cus_000000024609,9900
in_000000307247,cus_000000024614,29900
in_000000307317,cus_000000024618,199900
in_000000307450,cus_000000024633,9900
in_000000307702,cus_000000024660,29900
in_000000307891,cus_000000024677,79900
in_000000307968,cus_000000024686,9900
in_000000308255,cus_000000024713,79900
in_000000308290,cus_000000024714,9900
in_000000308598,cus_000000024745,29900
in_000000308626,cus_000000024747,29900
in_000000308640,cus_000000024748,9900
in_000000308696,cus_000000024753,9900
in_000000308766,cus_000000024759,9900
in_000000308843,cus_000000024766,99000
in_000000309123,cus_000000024789,9900
in_000000309326,cus_000000024812,29900
in_000000309501,cus_000000024824,79900
in_000000309522,cus_000000024825,199900
in_000000309753,cus_000000024840,29900
in_000000309788,cus_000000024842,9900
in_000000309886,cus_000000024852,29900
in_000000309921,cus_000000024854,29900
in_000000310068,cus_000000024869,9900
in_000000310117,cus_000000024874,9900
in_000000310383,cus_000000024897,79900
in_000000310495,cus_000000024906,29900
in_000000310614,cus_000000024912,9900
in_000000310705,cus_000000024920,79900
in_000000310880,cus_000000024931,9900
in_000000310964,cus_000000024938,9900
in_000000311013,cus_000000024945,29900
in_000000311027,cus_000000024947,9900
in_000000311188,cus_000000024961,9900
in_000000311279,cus_000000024966,79900
in_000000311307,cus_000000024968,29900
in_000000311398,cus_000000024976,29900
in_000000311552,cus_000000024991,199900
in_000000311762,cus_000000014569,79900
in_000000311804,cus_000000015174,9900
in_000000312070,cus_000000016163,79900
in_000000312175,cus_000000022590,29900
in_000000312203,cus_000000016028,9900
in_000000312343,cus_000000008447,9900
in_000000312399,cus_000000001578,9900
in_000000312441,cus_000000024641,79900
in_000000312581,cus_000000007030,79900
in_000000312749,cus_000000002428,9900
in_000000312777,cus_000000002233,9900
in_000000313015,cus_000000023257,9900
in_000000313155,cus_000000021553,9900
in_000000313190,cus_000000010970,199900
in_000000313659,cus_000000002964,9900
in_000000313673,cus_000000015356,9900
in_000000313750,cus_000000019607,29900
in_000000313785,cus_000000016583,29900
in_000000313939,cus_000000001208,9900
in_000000314009,cus_000000003427,79900
in_000000314072,cus_000000001060,79900
in_000000314233,cus_000000001880,29900
in_000000314254,cus_000000024960,9900
in_000000314415,cus_000000022770,79900
in_000000314891,cus_000000016228,29900
in_000000315143,cus_000000002645,29900
in_000000315164,cus_000000003582,9900
in_000000315213,cus_000000010032,79900
in_000000315304,cus_000000003291,29900
in_000000315451,cus_000000016112,9900
in_000000315472,cus_000000006869,9900
in_000000315773,cus_000000011528,9900
in_000000316025,cus_000000020087,79900
in_000000316193,cus_000000013110,79900
in_000000316277,cus_000000023293,9900
in_000000316487,cus_000000003275,29900
in_000000316543,cus_000000019635,29900
in_000000316977,cus_000000006204,29900
in_000000317299,cus_000000008820,29900
in_000000317383,cus_000000013743,29900
in_000000317684,cus_000000001835,9900
in_000000317719,cus_000000010627,29900
in_000000317733,cus_000000024544,79900
in_000000317838,cus_000000021509,29900
in_000000317922,cus_000000005572,9900
in_000000318209,cus_000000024360,29900
in_000000318699,cus_000000019821,9900
in_000000318818,cus_000000024113,9900
in_000000318825,cus_000000003615,9900
in_000000318944,cus_000000019828,9900
in_000000319014,cus_000000014664,199900
in_000000319021,cus_000000016701,29900
in_000000319077,cus_000000020899,9900
in_000000319126,cus_000000024657,9900
in_000000319224,cus_000000001299,29900
in_000000319238,cus_000000014162,199900
in_000000319273,cus_000000022794,79900
in_000000319595,cus_000000012859,79900
in_000000319623,cus_000000014533,9900
in_000000319931,cus_000000008163,79900
in_000000320120,cus_000000024209,29900
in_000000320456,cus_000000000802,799000
in_000000320652,cus_000000004770,199900
in_000000320736,cus_000000017318,79900
in_000000320904,cus_000000014400,9900
in_000000320981,cus_000000008566,29900
in_000000320995,cus_000000010799,9900
in_000000000003,cus_000000000002,99000
in_000000000024,cus_000000000005,29900
in_000000000035,cus_000000000008,9900
in_000000000069,cus_000000000009,29900
in_000000000082,cus_000000000011,9900
in_000000000116,cus_000000000012,29900
in_000000000147,cus_000000000013,29900
in_000000000184,cus_000000000017,79900
in_000000000210,cus_000000000021,9900
in_000000000229,cus_000000000022,9900
in_000000000253,cus_000000000023,199900
in_000000000285,cus_000000000024,9900
in_000000000341,cus_000000000026,9900
in_000000000376,cus_000000000027,9900
in_000000000388,cus_000000000029,9900
in_000000000428,cus_000000000031,29900
in_000000000461,cus_000000000034,79900
in_000000000475,cus_000000000036,199900
in_000000000486,cus_000000000038,79900
in_000000000515,cus_000000000039,29900
in_000000000552,cus_000000000041,9900
in_000000000570,cus_000000000042,9900
in_000000000580,cus_000000000043,9900
in_000000000612,cus_000000000045,29900
in_000000000622,cus_000000000046,9900
in_000000000660,cus_000000000053,79900
in_000000000672,cus_000000000055,9900
in_000000000707,cus_000000000056,9900
in_000000000716,cus_000000000058,79900
in_000000000748,cus_000000000059,29900
in_000000000757,cus_000000000060,99000
in_000000000781,cus_000000000063,29900
in_000000000791,cus_000000000065,79900
in_000000000811,cus_000000000067,9900
in_000000000831,cus_000000000069,29900
in_000000000853,cus_000000000072,9900
in_000000000886,cus_000000000073,9900
in_000000000904,cus_000000000074,29900
in_000000000913,cus_000000000075,29900
in_000000000920,cus_000000000076,9900
in_000000000929,cus_000000000078,99000
in_000000000949,cus_000000000081,79900
in_000000000950,cus_000000000082,29900
in_000000000979,cus_000000000084,29900
in_000000000990,cus_000000000085,9900
in_000000001029,cus_000000000091,199900
in_000000001067,cus_000000000095,29900
in_000000001082,cus_000000000096,9900
in_000000001095,cus_000000000098,29900
in_000000001110,cus_000000000099,9900
in_000000001142,cus_000000000100,29900
in_000000001172,cus_000000000101,9900
in_000000001203,cus_000000000103,29900
in_000000001237,cus_000000000104,29900
in_000000001246,cus_000000000105,29900
in_000000001255,cus_000000000106,9900
in_000000001281,cus_000000000107,29900
in_000000001301,cus_000000000108,9900
in_000000001338,cus_000000000111,29900
in_000000001371,cus_000000000113,9900
in_000000001384,cus_000000000114,199900
in_000000001409,cus_000000000115,29900
in_000000001446,cus_000000000117,79900
in_000000001466,cus_000000000119,9900
in_000000001498,cus_000000000120,9900
in_000000001519,cus_000000000122,9900
in_000000001535,cus_000000000124,79900
in_000000001564,cus_000000000129,9900
in_000000001576,cus_000000000132,29900
in_000000001600,cus_000000000133,29900
in_000000001676,cus_000000000139,29900
in_000000001691,cus_000000000140,9900
in_000000001732,cus_000000000147,9900
in_000000001759,cus_000000000148,9900
in_000000001793,cus_000000000149,29900
in_000000001821,cus_000000000150,79900
in_000000001845,cus_000000000151,9900
in_000000001865,cus_000000000152,29900
in_000000001915,cus_000000000157,9900
in_000000001943,cus_000000000161,79900
in_000000001963,cus_000000000162,199900
in_000000001981,cus_000000000164,79900
in_000000001995,cus_000000000166,79900
in_000000002008,cus_000000000167,29900
in_000000002024,cus_000000000169,9900
in_000000002036,cus_000000000170,29900
in_000000002064,cus_000000000171,29900
in_000000002086,cus_000000000172,29900
in_000000002118,cus_000000000173,79900
in_000000002126,cus_000000000174,299000
in_000000002155,cus_000000000176,9900
in_000000002191,cus_000000000177,79900
in_000000002228,cus_000000000179,79900
in_000000002237,cus_000000000180,9900
in_000000002286,cus_000000000185,9900
in_000000002302,cus_000000000186,79900
in_000000002338,cus_000000000188,9900
in_000000002355,cus_000000000189,9900
in_000000002389,cus_000000000192,29900
in_000000002424,cus_000000000193,9900
in_000000002477,cus_000000000198,9900
in_000000002495,cus_000000000199,79900
in_000000002527,cus_000000000200,9900
in_000000002555,cus_000000000203,79900
in_000000002591,cus_000000000205,199900
in_000000002612,cus_000000000206,9900
in_000000002666,cus_000000000208,79900
in_000000002677,cus_000000000210,99000
in_000000002699,cus_000000000211,29900
in_000000002734,cus_000000000212,29900
in_000000002770,cus_000000000214,9900
in_000000002828,cus_000000000219,9900
in_000000002834,cus_000000000220,79900
in_000000002857,cus_000000000221,79900
in_000000002872,cus_000000000224,29900
in_000000002892,cus_000000000225,9900
in_000000002899,cus_000000000226,99000
in_000000002907,cus_000000000228,99000
in_000000002945,cus_000000000230,9900
in_000000002961,cus_000000000232,9900
in_000000002976,cus_000000000233,9900
in_000000002990,cus_000000000237,29900
in_000000003002,cus_000000000238,199900
in_000000003026,cus_000000000239,29900
in_000000003039,cus_000000000240,29900
in_000000003075,cus_000000000242,9900
in_000000003092,cus_000000000244,29900
in_000000003113,cus_000000000245,9900
in_000000003130,cus_000000000246,9900
in_000000003185,cus_000000000256,9900
in_000000003193,cus_000000000257,99000
in_000000003199,cus_000000000258,79900
in_000000003231,cus_000000000261,99000
in_000000003256,cus_000000000263,9900
in_000000003280,cus_000000000264,9900
in_000000003309,cus_000000000265,29900
in_000000003322,cus_000000000266,9900
in_000000003349,cus_000000000267,9900
in_000000003381,cus_000000000268,9900
in_000000003408,cus_000000000273,9900
in_000000003416,cus_000000000274,9900
in_000000003423,cus_000000000275,9900
in_000000003497,cus_000000000281,79900
in_000000003526,cus_000000000284,9900
in_000000003544,cus_000000000285,79900
in_000000003552,cus_000000000286,99000
in_000000003555,cus_000000000288,299000
in_000000003565,cus_000000000289,9900
in_000000003572,cus_000000000290,9900
in_000000003579,cus_000000000291,9900
in_000000003591,cus_000000000292,9900
in_000000003625,cus_000000000295,29900
in_000000003645,cus_000000000296,9900
in_000000003700,cus_000000000299,79900
in_000000003742,cus_000000000302,9900
in_000000003760,cus_000000000306,29900
in_000000003774,cus_000000000309,9900
in_000000003809,cus_000000000310,9900
in_000000003845,cus_000000000311,9900
in_000000003877,cus_000000000312,29900
in_000000003916,cus_000000000315,79900
in_000000003943,cus_000000000316,199900
in_000000003959,cus_000000000319,9900
in_000000004020,cus_000000000332,9900
in_000000004044,cus_000000000334,199900
in_000000004079,cus_000000000335,9900
in_000000004116,cus_000000000337,79900
in_000000004145,cus_000000000340,9900
in_000000004157,cus_000000000342,79900
in_000000004223,cus_000000000346,9900
in_000000004252,cus_000000000348,29900
in_000000004280,cus_000000000350,9900
in_000000004313,cus_000000000351,9900
in_000000004347,cus_000000000352,29900
in_000000004370,cus_000000000353,9900
in_000000004406,cus_000000000354,29900
in_000000004416,cus_000000000355,9900
in_000000004439,cus_000000000356,29900
in_000000004474,cus_000000000357,9900
in_000000004499,cus_000000000359,9900
in_000000004527,cus_000000000360,29900
in_000000004560,cus_000000000361,9900
in_000000004584,cus_000000000364,9900
in_000000004596,cus_000000000367,9900
in_000000004627,cus_000000000368,9900
in_000000004658,cus_000000000369,9900
in_000000004684,cus_000000000372,29900
in_000000004711,cus_000000000374,199900
in_000000004748,cus_000000000377,9900
in_000000004777,cus_000000000378,9900
in_000000004812,cus_000000000382,79900
in_000000004830,cus_000000000383,9900
in_000000004839,cus_000000000384,99000
in_000000004852,cus_000000000386,29900
in_000000004884,cus_000000000387,9900
in_000000004911,cus_000000000388,199900
in_000000004940,cus_000000000389,9900
in_000000004958,cus_000000000392,199900
in_000000004993,cus_000000000393,29900
in_000000005035,cus_000000000396,29900
in_000000005056,cus_000000000399,9900
in_000000005089,cus_000000000401,29900
in_000000005097,cus_000000000402,99000
in_000000005126,cus_000000000403,199900
in_000000005149,cus_000000000405,79900
in_000000005185,cus_000000000407,9900
in_000000005193,cus_000000000408,9900
in_000000005208,cus_000000000412,9900
in_000000005238,cus_000000000413,9900
in_000000005248,cus_000000000414,199900
in_000000005266,cus_000000000415,79900
in_000000005288,cus_000000000416,79900
in_000000005322,cus_000000000419,9900
in_000000005329,cus_000000000420,79900
in_000000005344,cus_000000000421,29900
in_000000005378,cus_000000000422,199900
in_000000005416,cus_000000000424,9900
in_000000005425,cus_000000000425,9900
in_000000005443,cus_000000000427,9900
in_000000005464,cus_000000000428,29900
in_000000005494,cus_000000000429,199900
in_000000005512,cus_000000000431,29900
in_000000005525,cus_000000000434,9900
in_000000005537,cus_000000000436,9900
in_000000005566,cus_000000000440,29900
in_000000005602,cus_000000000441,9900
in_000000005617,cus_000000000444,9900
in_000000005636,cus_000000000445,199900
in_000000005654,cus_000000000450,29900
in_000000005672,cus_000000000455,79900
in_000000005697,cus_000000000456,79900
in_000000005719,cus_000000000457,79900
in_000000005730,cus_000000000458,29900
in_000000005752,cus_000000000459,9900
in_000000005778,cus_000000000460,9900
in_000000005807,cus_000000000461,79900
in_000000005824,cus_000000000464,29900
in_000000005837,cus_000000000467,799000
in_000000005859,cus_000000000471,29900
in_000000005895,cus_000000000472,29900
in_000000005929,cus_000000000473,199900
in_000000005947,cus_000000000475,199900
in_000000005955,cus_000000000476,9900
in_000000005981,cus_000000000477,79900
in_000000005998,cus_000000000478,9900
in_000000006006,cus_000000000479,299000
in_000000006037,cus_000000000481,79900
in_000000006054,cus_000000000484,29900
in_000000006063,cus_000000000485,9900
in_000000006090,cus_000000000487,79900
in_000000006111,cus_000000000489,29900
in_000000006118,cus_000000000490,9900
in_000000006154,cus_000000000491,9900
in_000000006184,cus_000000000492,29900
in_000000006212,cus_000000000494,9900
in_000000006243,cus_000000000496,29900
in_000000006288,cus_000000000498,29900
in_000000006301,cus_000000000499,199900
in_000000006363,cus_000000000502,29900
in_000000006392,cus_000000000503,9900
in_000000006424,cus_000000000504,29900
in_000000006473,cus_000000000507,9900
in_000000006502,cus_000000000512,9900
in_000000006527,cus_000000000515,9900
in_000000006542,cus_000000000517,9900
in_000000006579,cus_000000000520,79900
in_000000006592,cus_000000000521,9900
in_000000006616,cus_000000000522,29900
in_000000006631,cus_000000000523,9900
in_000000006662,cus_000000000524,9900
in_000000006680,cus_000000000525,9900
in_000000006699,cus_000000000527,29900
in_000000006737,cus_000000000530,29900
in_000000006781,cus_000000000534,79900
in_000000006813,cus_000000000535,9900
in_000000006847,cus_000000000536,79900
in_000000006856,cus_000000000538,9900
in_000000006867,cus_000000000540,9900
in_000000006895,cus_000000000541,29900
in_000000006910,cus_000000000543,9900
in_000000006919,cus_000000000545,29900
in_000000006955,cus_000000000546,9900
in_000000006991,cus_000000000547,79900
in_000000006998,cus_000000000548,79900
in_000000007023,cus_000000000549,9900
in_000000007056,cus_000000000551,199900
in_000000007079,cus_000000000552,29900
in_000000007099,cus_000000000553,9900
in_000000007138,cus_000000000558,29900
in_000000007155,cus_000000000559,29900
in_000000007164,cus_000000000560,9900
in_000000007195,cus_000000000561,79900
in_000000007233,cus_000000000563,79900
in_000000007247,cus_000000000564,79900
in_000000007283,cus_000000000565,9900
in_000000007298,cus_000000000566,9900
in_000000007308,cus_000000000569,29900
in_000000007388,cus_000000000573,9900
in_000000007420,cus_000000000574,9900
in_000000007449,cus_000000000578,9900
in_000000007456,cus_000000000579,9900
in_000000007464,cus_000000000580,9900
in_000000007483,cus_000000000584,79900
in_000000007504,cus_000000000585,29900
in_000000007537,cus_000000000586,9900
in_000000007553,cus_000000000588,9900
in_000000007561,cus_000000000589,79900
in_000000007571,cus_000000000590,79900
in_000000007588,cus_000000000592,29900
in_000000007611,cus_000000000593,9900
in_000000007619,cus_000000000594,79900
in_000000007640,cus_000000000596,29900
in_000000007669,cus_000000000597,79900
in_000000007677,cus_000000000598,1999000
in_000000007703,cus_000000000600,9900
in_000000007732,cus_000000000601,29900
in_000000007761,cus_000000000602,79900
in_000000007788,cus_000000000603,9900
in_000000007832,cus_000000000605,29900
in_000000007869,cus_000000000607,29900
in_000000007891,cus_000000000609,29900
in_000000007906,cus_000000000610,9900
in_000000007925,cus_000000000613,9900
in_000000007932,cus_000000000614,99000
in_000000007973,cus_000000000618,29900
in_000000008007,cus_000000000620,9900
in_000000008025,cus_000000000621,9900
in_000000008044,cus_000000000622,29900
in_000000008064,cus_000000000623,79900
in_000000008079,cus_000000000624,9900
in_000000008128,cus_000000000630,199900
in_000000008141,cus_000000000631,9900
in_000000008157,cus_000000000632,29900
in_000000008188,cus_000000000633,29900
in_000000008201,cus_000000000634,79900
in_000000008221,cus_000000000635,199900
in_000000008262,cus_000000000642,9900
in_000000008296,cus_000000000643,199900
in_000000008323,cus_000000000645,29900
in_000000008334,cus_000000000647,9900
in_000000008364,cus_000000000648,29900
in_000000008391,cus_000000000649,29900
in_000000008400,cus_000000000650,99000
in_000000008409,cus_000000000652,9900
in_000000008416,cus_000000000653,29900
in_000000008425,cus_000000000655,299000
in_000000008459,cus_000000000659,29900
in_000000008486,cus_000000000660,79900
in_000000008521,cus_000000000662,9900
in_000000008543,cus_000000000664,29900
in_000000008557,cus_000000000666,9900
in_000000008583,cus_000000000669,79900
in_000000008611,cus_000000000672,79900
in_000000008634,cus_000000000676,79900
in_000000008672,cus_000000000679,29900
in_000000008690,cus_000000000680,9900
in_000000008715,cus_000000000681,9900
in_000000008748,cus_000000000682,29900
in_000000008776,cus_000000000684,9900
in_000000008809,cus_000000000685,29900
in_000000008834,cus_000000000686,9900
in_000000008864,cus_000000000687,79900
in_000000008894,cus_000000000688,9900
in_000000008922,cus_000000000689,199900
in_000000008944,cus_000000000692,79900
in_000000008978,cus_000000000694,9900
in_000000008999,cus_000000000695,9900
in_000000009062,cus_000000000705,9900
in_000000009094,cus_000000000706,9900
in_000000009110,cus_000000000707,79900
in_000000009135,cus_000000000708,9900
in_000000009161,cus_000000000711,9900
in_000000009183,cus_000000000712,199900
in_000000009219,cus_000000000715,9900
in_000000009235,cus_000000000716,29900
in_000000009245,cus_000000000717,9900
in_000000009274,cus_000000000718,79900
in_000000009284,cus_000000000720,99000
in_000000009302,cus_000000000722,9900
in_000000009318,cus_000000000723,9900
in_000000009335,cus_000000000726,79900
in_000000009367,cus_000000000727,199900
in_000000009388,cus_000000000730,29900
in_000000009415,cus_000000000732,9900
in_000000009439,cus_000000000739,29900
in_000000009484,cus_000000000744,9900
in_000000009508,cus_000000000746,29900
in_000000009529,cus_000000000747,9900
in_000000009545,cus_000000000748,9900
in_000000009566,cus_000000000749,29900
in_000000009598,cus_000000000750,199900
in_000000009628,cus_000000000751,79900
in_000000009636,cus_000000000752,799000
in_000000009653,cus_000000000754,9900
in_000000009681,cus_000000000755,79900
in_000000009692,cus_000000000756,29900
in_000000009706,cus_000000000757,29900
in_000000009726,cus_000000000758,29900
in_000000009746,cus_000000000761,29900
in_000000009762,cus_000000000762,9900
in_000000009772,cus_000000000764,299000
in_000000009843,cus_000000000771,79900
in_000000009876,cus_000000000774,9900
in_000000009905,cus_000000000775,79900
in_000000009941,cus_000000000776,29900
in_000000009967,cus_000000000778,9900
in_000000009987,cus_000000000780,29900
in_000000010029,cus_000000000784,29900
in_000000010042,cus_000000000787,299000
in_000000010053,cus_000000000788,29900
in_000000010074,cus_000000000790,29900
in_000000010119,cus_000000000794,79900
in_000000010131,cus_000000000795,9900
in_000000010149,cus_000000000796,9900
in_000000010158,cus_000000000797,799000
in_000000010182,cus_000000000799,79900
in_000000010193,cus_000000000801,9900
in_000000010241,cus_000000000804,9900
in_000000010265,cus_000000000805,79900
in_000000010273,cus_000000000807,99000
in_000000010301,cus_000000000808,199900
in_000000010321,cus_000000000809,9900
in_000000010337,cus_000000000813,9900
in_000000010372,cus_000000000815,79900
in_000000010429,cus_000000000825,9900
in_000000010474,cus_000000000828,29900
in_000000010532,cus_000000000835,29900
in_000000010571,cus_000000000839,9900
in_000000010600,cus_000000000842,9900
in_000000010627,cus_000000000844,9900
in_000000010663,cus_000000000847,29900
in_000000010676,cus_000000000848,9900
in_000000010706,cus_000000000849,79900
in_000000010720,cus_000000000850,29900
in_000000010727,cus_000000000851,9900
in_000000010744,cus_000000000852,29900
in_000000010771,cus_000000000854,29900
in_000000010838,cus_000000000856,9900
in_000000010865,cus_000000000857,199900
in_000000010879,cus_000000000859,9900
in_000000010888,cus_000000000861,29900
in_000000010896,cus_000000000862,299000
in_000000010935,cus_000000000868,9900
in_000000010965,cus_000000000870,29900
in_000000010983,cus_000000000871,79900
in_000000010996,cus_000000000872,29900
in_000000011015,cus_000000000873,9900
in_000000011023,cus_000000000874,99000
in_000000011038,cus_000000000876,199900
in_000000011061,cus_000000000877,9900
in_000000011096,cus_000000000878,9900
in_000000011119,cus_000000000880,9900
in_000000011151,cus_000000000881,9900
in_000000011184,cus_000000000882,79900
in_000000011212,cus_000000000884,9900
in_000000011264,cus_000000000886,79900
in_000000011278,cus_000000000887,29900
in_000000011289,cus_000000000889,299000
in_000000011313,cus_000000000890,9900
in_000000011326,cus_000000000891,29900
in_000000011350,cus_000000000893,29900
in_000000011387,cus_000000000896,29900
in_000000011404,cus_000000000897,9900
in_000000011416,cus_000000000899,9900
in_000000011423,cus_000000000900,299000
in_000000011447,cus_000000000901,199900
in_000000011463,cus_000000000903,29900
in_000000011498,cus_000000000905,9900
in_000000011513,cus_000000000909,799000
in_000000011515,cus_000000000910,199900
in_000000011561,cus_000000000912,9900
in_000000011598,cus_000000000914,29900
in_000000011633,cus_000000000916,9900
in_000000011675,cus_000000000920,29900
in_000000011715,cus_000000000923,29900
in_000000011756,cus_000000000927,9900
in_000000011779,cus_000000000930,29900
in_000000011805,cus_000000000931,29900
in_000000011819,cus_000000000932,9900
in_000000011842,cus_000000000933,199900
in_000000011873,cus_000000000934,9900
in_000000011909,cus_000000000940,9900
in_000000011941,cus_000000000941,199900
in_000000011967,cus_000000000943,9900
in_000000012005,cus_000000000947,9900
in_000000012019,cus_000000000949,29900
in_000000012052,cus_000000000950,9900
in_000000012071,cus_000000000953,9900
in_000000012101,cus_000000000955,9900
in_000000012130,cus_000000000956,29900
in_000000012150,cus_000000000959,9900
in_000000012167,cus_000000000960,29900
in_000000012191,cus_000000000961,29900
in_000000012252,cus_000000000966,79900
in_000000012305,cus_000000000968,9900
in_000000012324,cus_000000000971,79900
in_000000012364,cus_000000000975,79900
in_000000012391,cus_000000000976,9900
in_000000012414,cus_000000000977,29900
in_000000012447,cus_000000000980,29900
in_000000012483,cus_000000000985,29900
in_000000012495,cus_000000000988,29900
in_000000012507,cus_000000000991,99000
in_000000012560,cus_000000000994,9900
in_000000012589,cus_000000000996,9900
in_000000012609,cus_000000000999,199900
in_000000012682,cus_000000001011,29900
in_000000012691,cus_000000001012,9900
in_000000012712,cus_000000001013,9900
in_000000012734,cus_000000001014,79900
in_000000012743,cus_000000001015,29900
in_000000012777,cus_000000001016,79900
in_000000012811,cus_000000001017,29900
in_000000012832,cus_000000001019,9900
in_000000012853,cus_000000001021,9900
in_000000012865,cus_000000001022,9900
in_000000012891,cus_000000001025,9900
in_000000012910,cus_000000001028,79900
in_000000012947,cus_000000001032,9900
in_000000012982,cus_000000001034,79900
in_000000012997,cus_000000001035,9900
in_000000013004,cus_000000001036,99000
in_000000013032,cus_000000001037,29900
in_000000013056,cus_000000001039,29900
in_000000013080,cus_000000001040,9900
in_000000013110,cus_000000001041,79900
in_000000013118,cus_000000001042,79900
in_000000013152,cus_000000001043,29900
in_000000013160,cus_000000001044,29900
in_000000013172,cus_000000001045,9900
in_000000013179,cus_000000001046,9900
in_000000013215,cus_000000001047,29900
in_000000013239,cus_000000001048,9900
in_000000013262,cus_000000001049,9900
in_000000013288,cus_000000001051,9900
in_000000013312,cus_000000001053,199900
in_000000013343,cus_000000001055,9900
in_000000013360,cus_000000001056,29900
in_000000013386,cus_000000001057,9900
in_000000013405,cus_000000001059,9900
in_000000013431,cus_000000001062,79900
in_000000013460,cus_000000001063,9900
in_000000013493,cus_000000001066,29900
in_000000013503,cus_000000001067,9900
in_000000013513,cus_000000001068,199900
in_000000013567,cus_000000001075,29900
in_000000013601,cus_000000001077,9900
in_000000013608,cus_000000001078,9900
in_000000013630,cus_000000001079,9900
in_000000013660,cus_000000001080,199900
in_000000013686,cus_000000001085,9900
in_000000013699,cus_000000001086,9900
in_000000013710,cus_000000001087,199900
in_000000013731,cus_000000001088,199900
in_000000013763,cus_000000001090,9900
in_000000013808,cus_000000001093,29900
in_000000013824,cus_000000001096,29900
in_000000013857,cus_000000001098,9900
in_000000013887,cus_000000001099,29900
in_000000013923,cus_000000001100,9900
in_000000013943,cus_000000001101,9900
in_000000013972,cus_000000001102,9900
in_000000013986,cus_000000001103,9900
in_000000014019,cus_000000001107,9900
in_000000014050,cus_000000001108,29900
in_000000014070,cus_000000001111,99000
in_000000014072,cus_000000001112,29900
in_000000014096,cus_000000001113,9900
in_000000014119,cus_000000001114,9900
in_000000014143,cus_000000001115,79900
in_000000014179,cus_000000001117,29900
in_000000014206,cus_000000001120,29900
in_000000014240,cus_000000001121,79900
in_000000014271,cus_000000001122,9900
in_000000014288,cus_000000001124,9900
in_000000014341,cus_000000001132,29900
in_000000014369,cus_000000001134,79900
in_000000014416,cus_000000001136,9900
in_000000014428,cus_000000001137,9900
in_000000014444,cus_000000001140,79900
in_000000014508,cus_000000001142,29900
in_000000014549,cus_000000001146,29900
in_000000014567,cus_000000001148,9900
in_000000014599,cus_000000001149,29900
in_000000014606,cus_000000001150,29900
in_000000014626,cus_000000001151,29900
in_000000014640,cus_000000001155,99000
in_000000014645,cus_000000001157,29900
in_000000014663,cus_000000001158,29900
in_000000014693,cus_000000001159,29900
in_000000014716,cus_000000001160,9900
in_000000014751,cus_000000001162,9900
in_000000014771,cus_000000001163,29900
in_000000014782,cus_000000001164,9900
in_000000014808,cus_000000001168,9900
in_000000014844,cus_000000001170,9900
in_000000014877,cus_000000001173,9900
in_000000014910,cus_000000001177,29900
in_000000014931,cus_000000001178,9900
in_000000014967,cus_000000001179,29900
in_000000014974,cus_000000001180,29900
in_000000014986,cus_000000001181,9900
in_000000015005,cus_000000001182,9900
in_000000015021,cus_000000001183,9900
in_000000015060,cus_000000001186,29900
in_000000015088,cus_000000001188,29900
in_000000015106,cus_000000001190,9900
in_000000015140,cus_000000001191,29900
in_000000015176,cus_000000001192,29900
in_000000015183,cus_000000001193,79900
in_000000015208,cus_000000001195,9900
in_000000015221,cus_000000001196,9900
in_000000015243,cus_000000001200,9900
in_000000015268,cus_000000001201,29900
in_000000015292,cus_000000001202,9900
in_000000015322,cus_000000001206,29900
in_000000015348,cus_000000001208,9900
in_000000015371,cus_000000001209,199900
in_000000015386,cus_000000001210,9900
in_000000015410,cus_000000001211,9900
in_000000015422,cus_000000001212,9900
in_000000015450,cus_000000001214,9900
in_000000015460,cus_000000001216,29900
in_000000015489,cus_000000001218,79900
in_000000015519,cus_000000001219,79900
in_000000015532,cus_000000001220,79900
in_000000015578,cus_000000001225,9900
in_000000015602,cus_000000001226,9900
in_000000015617,cus_000000001227,79900
in_000000015631,cus_000000001229,9900
in_000000015662,cus_000000001231,9900
in_000000015688,cus_000000001232,9900
in_000000015720,cus_000000001233,29900
in_000000015730,cus_000000001234,29900
in_000000015755,cus_000000001236,29900
in_000000015771,cus_000000001237,79900
in_000000015774,cus_000000001238,9900
in_000000015796,cus_000000001240,29900
in_000000015827,cus_000000001243,9900
in_000000015858,cus_000000001246,199900
in_000000015873,cus_000000001247,9900
in_000000015903,cus_000000001249,29900
in_000000015914,cus_000000001252,29900
in_000000015938,cus_000000001253,199900
in_000000015951,cus_000000001255,9900
in_000000015978,cus_000000001256,9900
in_000000016015,cus_000000001260,9900
in_000000016023,cus_000000001261,9900
in_000000016046,cus_000000001262,9900
in_000000016078,cus_000000001263,29900
in_000000016094,cus_000000001264,9900
in_000000016101,cus_000000001265,299000
in_000000016125,cus_000000001266,79900
in_000000016151,cus_000000001267,29900
in_000000016161,cus_000000001269,79900
in_000000016201,cus_000000001272,29900
in_000000016217,cus_000000001274,9900
in_000000016251,cus_000000001275,79900
in_000000016270,cus_000000001278,9900
in_000000016279,cus_000000001279,9900
in_000000016323,cus_000000001282,9900
in_000000016348,cus_000000001285,29900
in_000000016383,cus_000000001286,29900
in_000000016412,cus_000000001291,9900
in_000000016442,cus_000000001292,79900
in_000000016460,cus_000000001295,9900
in_000000016516,cus_000000001298,29900
in_000000016550,cus_000000001299,79900
in_000000016586,cus_000000001300,9900
in_000000016613,cus_000000001302,29900
in_000000016648,cus_000000001303,9900
in_000000016663,cus_000000001306,9900
in_000000016696,cus_000000001307,9900
in_000000016713,cus_000000001308,9900
in_000000016731,cus_000000001309,79900
in_000000016745,cus_000000001310,9900
in_000000016771,cus_000000001311,9900
in_000000016797,cus_000000001314,29900
in_000000016841,cus_000000001318,9900
in_000000016874,cus_000000001319,29900
in_000000016889,cus_000000001323,79900
in_000000016921,cus_000000001324,9900
in_000000016946,cus_000000001326,29900
in_000000016958,cus_000000001327,199900
in_000000016990,cus_000000001329,9900
in_000000017013,cus_000000001331,9900
in_000000017036,cus_000000001332,9900
in_000000017047,cus_000000001334,9900
in_000000017092,cus_000000001340,9900
in_000000017105,cus_000000001343,29900
in_000000017141,cus_000000001345,199900
in_000000017160,cus_000000001346,9900
in_000000017163,cus_000000001347,29900
in_000000017172,cus_000000001349,9900
in_000000017181,cus_000000001350,9900
in_000000017229,cus_000000001358,199900
in_000000017250,cus_000000001359,29900
in_000000017284,cus_000000001360,29900
in_000000017305,cus_000000001361,9900
in_000000017314,cus_000000001362,99000
in_000000017331,cus_000000001363,29900
in_000000017346,cus_000000001364,29900
in_000000017367,cus_000000001365,9900
in_000000017385,cus_000000001367,79900
in_000000017419,cus_000000001368,29900
in_000000017434,cus_000000001370,79900
in_000000017459,cus_000000001371,9900
in_000000017466,cus_000000001372,29900
in_000000017500,cus_000000001373,29900
in_000000017526,cus_000000001374,9900
in_000000017567,cus_000000001378,9900
in_000000017603,cus_000000001379,9900
in_000000017610,cus_000000001380,9900
in_000000017645,cus_000000001383,9900
in_000000017673,cus_000000001385,79900
in_000000017693,cus_000000001388,9900
in_000000017702,cus_000000001389,99000
in_000000017726,cus_000000001391,29900
in_000000017745,cus_000000001392,9900
in_000000017761,cus_000000001393,79900
in_000000017773,cus_000000001395,9900
in_000000017802,cus_000000001396,9900
in_000000017823,cus_000000001398,29900
in_000000017846,cus_000000001399,199900
in_000000017855,cus_000000001400,29900
in_000000017886,cus_000000001402,9900
in_000000017893,cus_000000001403,9900
in_000000017921,cus_000000001404,9900
in_000000017951,cus_000000001405,9900
in_000000017983,cus_000000001408,199900
in_000000018016,cus_000000001409,29900
in_000000018041,cus_000000001410,9900
in_000000018068,cus_000000001412,9900
in_000000018103,cus_000000001414,29900
in_000000018113,cus_000000001416,79900
in_000000018123,cus_000000001417,9900
in_000000018130,cus_000000001418,9900
in_000000018150,cus_000000001419,9900
in_000000018165,cus_000000001420,29900
in_000000018200,cus_000000001421,79900
in_000000018224,cus_000000001422,9900
in_000000018253,cus_000000001424,9900
in_000000018265,cus_000000001426,29900
in_000000018279,cus_000000001427,9900
in_000000018311,cus_000000001428,9900
in_000000018333,cus_000000001432,29900
in_000000018349,cus_000000001433,29900
in_000000018397,cus_000000001435,9900
in_000000018404,cus_000000001436,79900
in_000000018468,cus_000000001441,79900
in_000000018503,cus_000000001445,9900
in_000000018513,cus_000000001447,29900
in_000000018539,cus_000000001451,199900
in_000000018573,cus_000000001452,79900
in_000000018591,cus_000000001453,9900
in_000000018604,cus_000000001456,99000
in_000000018605,cus_000000001457,799000
in_000000018618,cus_000000001458,9900
in_000000018627,cus_000000001459,79900
in_000000018661,cus_000000001460,79900
in_000000018671,cus_000000001461,79900
in_000000018707,cus_000000001463,199900
in_000000018721,cus_000000001464,9900
in_000000018755,cus_000000001465,29900
in_000000018781,cus_000000001466,9900
in_000000018809,cus_000000001467,79900
in_000000018839,cus_000000001469,9900
in_000000018863,cus_000000001470,29900
in_000000018922,cus_000000001474,29900
in_000000018960,cus_000000001476,9900
in_000000018995,cus_000000001478,79900
in_000000019050,cus_000000001485,299000
in_000000019062,cus_000000001486,9900
in_000000019083,cus_000000001487,9900
in_000000019136,cus_000000001492,29900
in_000000019169,cus_000000001493,29900
in_000000019211,cus_000000001502,79900
in_000000019239,cus_000000001503,199900
in_000000019279,cus_000000001507,9900
in_000000019296,cus_000000001510,9900
in_000000019326,cus_000000001514,29900
in_000000019358,cus_000000001517,9900
in_000000019393,cus_000000001519,29900
in_000000019427,cus_000000001524,29900
in_000000019434,cus_000000001525,9900
in_000000019446,cus_000000001527,9900
in_000000019472,cus_000000001533,9900
in_000000019502,cus_000000001534,9900
in_000000019513,cus_000000001535,9900
in_000000019533,cus_000000001536,9900
in_000000019565,cus_000000001537,199900
in_000000019590,cus_000000001539,29900
in_000000019597,cus_000000001540,29900
in_000000019629,cus_000000001543,9900
in_000000019655,cus_000000001544,29900
in_000000019686,cus_000000001549,29900
in_000000019708,cus_000000001550,29900
in_000000019711,cus_000000001551,9900
in_000000019758,cus_000000001553,29900
in_000000019773,cus_000000001554,29900
in_000000019806,cus_000000001556,9900
in_000000019831,cus_000000001557,9900
in_000000019861,cus_000000001561,29900
in_000000019884,cus_000000001564,9900
in_000000019893,cus_000000001566,199900
in_000000019922,cus_000000001571,79900
in_000000019958,cus_000000001573,9900
in_000000019996,cus_000000001575,199900
in_000000020031,cus_000000001578,79900
in_000000020055,cus_000000001583,29900
in_000000020081,cus_000000001585,9900
in_000000020100,cus_000000001588,9900
in_000000020133,cus_000000001589,9900
in_000000020157,cus_000000001591,9900
in_000000020167,cus_000000001593,9900
in_000000020206,cus_000000001598,79900
in_000000020241,cus_000000001601,9900
in_000000020252,cus_000000001602,9900
in_000000020289,cus_000000001604,9900
in_000000020312,cus_000000001610,9900
in_000000020341,cus_000000001611,79900
in_000000020362,cus_000000001612,9900
in_000000020436,cus_000000001617,29900
in_000000020448,cus_000000001619,9900
in_000000020480,cus_000000001620,9900
in_000000020514,cus_000000001621,79900
in_000000020541,cus_000000001623,199900
in_000000020573,cus_000000001625,29900
in_000000020598,cus_000000001627,9900
in_000000020630,cus_000000001628,79900
in_000000020677,cus_000000001632,29900
in_000000020709,cus_000000001634,29900
in_000000020736,cus_000000001635,9900
in_000000020756,cus_000000001637,9900
in_000000020774,cus_000000001638,79900
in_000000020789,cus_000000001639,9900
in_000000020821,cus_000000001640,9900
in_000000020873,cus_000000001643,29900
in_000000020899,cus_000000001645,9900
in_000000020911,cus_000000001646,199900
in_000000020940,cus_000000001648,29900
in_000000020961,cus_000000001649,29900
in_000000021083,cus_000000001654,79900
in_000000021126,cus_000000001660,9900
in_000000021138,cus_000000001661,29900
in_000000021157,cus_000000001662,29900
in_000000021169,cus_000000001664,9900
in_000000021199,cus_000000001666,9900
in_000000021228,cus_000000001667,79900
in_000000021259,cus_000000001668,29900
in_000000021274,cus_000000001671,9900
in_000000021287,cus_000000001672,9900
in_000000021302,cus_000000001674,9900
in_000000021310,cus_000000001676,199900
in_000000021342,cus_000000001678,29900
in_000000021343,cus_000000001679,9900
in_000000021366,cus_000000001681,79900
in_000000021376,cus_000000001682,9900
in_000000021395,cus_000000001683,29900
in_000000021419,cus_000000001684,79900
in_000000021455,cus_000000001686,79900
in_000000021488,cus_000000001687,9900
in_000000021501,cus_000000001688,9900
in_000000021536,cus_000000001690,29900
in_000000021578,cus_000000001694,9900
in_000000021606,cus_000000001698,79900
in_000000021624,cus_000000001699,9900
in_000000021644,cus_000000001701,9900
in_000000021657,cus_000000001705,99000
in_000000021680,cus_000000001707,9900
in_000000021711,cus_000000001708,29900
in_000000021737,cus_000000001710,9900
in_000000021762,cus_000000001711,9900
in_000000021773,cus_000000001714,199900
in_000000021788,cus_000000001715,29900
in_000000021816,cus_000000001717,9900
in_000000021851,cus_000000001718,29900
in_000000021882,cus_000000001719,9900
in_000000021920,cus_000000001723,9900
in_000000021938,cus_000000001724,79900
in_000000021969,cus_000000001727,79900
in_000000022007,cus_000000001734,79900
in_000000022022,cus_000000001737,9900
in_000000022037,cus_000000001738,29900
in_000000022069,cus_000000001739,9900
in_000000022090,cus_000000001742,29900
in_000000022111,cus_000000001743,9900
in_000000022140,cus_000000001745,199900
in_000000022192,cus_000000001748,9900
in_000000022228,cus_000000001749,9900
in_000000022247,cus_000000001751,199900
in_000000022259,cus_000000001752,9900
in_000000022288,cus_000000001754,9900
in_000000022314,cus_000000001757,29900
in_000000022345,cus_000000001763,79900
in_000000022377,cus_000000001764,9900
in_000000022388,cus_000000001766,9900
in_000000022401,cus_000000001768,9900
in_000000022413,cus_000000001771,29900
in_000000022448,cus_000000001772,29900
in_000000022483,cus_000000001774,199900
in_000000022492,cus_000000001775,9900
in_000000022524,cus_000000001776,29900
in_000000022540,cus_000000001778,9900
in_000000022555,cus_000000001780,79900
in_000000022583,cus_000000001781,79900
in_000000022593,cus_000000001783,9900
in_000000022637,cus_000000001789,29900
in_000000022645,cus_000000001790,29900
in_000000022652,cus_000000001792,9900
in_000000022680,cus_000000001797,9900
in_000000022709,cus_000000001799,29900
in_000000022722,cus_000000001801,9900
in_000000022754,cus_000000001806,9900
in_000000022773,cus_000000001811,9900
in_000000022811,cus_000000001813,29900
in_000000022823,cus_000000001815,29900
in_000000022833,cus_000000001816,9900
in_000000022881,cus_000000001824,29900
in_000000022901,cus_000000001825,9900
in_000000022936,cus_000000001826,29900
in_000000022947,cus_000000001827,9900
in_000000022962,cus_000000001830,29900
in_000000022991,cus_000000001832,79900
in_000000023007,cus_000000001833,9900
in_000000023041,cus_000000001835,9900
in_000000023073,cus_000000001837,9900
in_000000023084,cus_000000001838,9900
in_000000023110,cus_000000001839,9900
in_000000023133,cus_000000001841,9900
in_000000023169,cus_000000001843,79900
in_000000023183,cus_000000001844,9900
in_000000023207,cus_000000001845,29900
in_000000023247,cus_000000001847,29900
in_000000023264,cus_000000001848,9900
in_000000023296,cus_000000001849,9900
in_000000023304,cus_000000001850,29900
in_000000023313,cus_000000001851,29900
in_000000023332,cus_000000001854,9900
in_000000023349,cus_000000001855,9900
in_000000023366,cus_000000001856,29900
in_000000023393,cus_000000001857,79900
in_000000023429,cus_000000001858,29900
in_000000023442,cus_000000001859,9900
in_000000023464,cus_000000001860,29900
in_000000023485,cus_000000001861,9900
in_000000023510,cus_000000001862,29900
in_000000023523,cus_000000001863,9900
in_000000023542,cus_000000001864,9900
in_000000023587,cus_000000001868,9900
in_000000023632,cus_000000001874,9900
in_000000023642,cus_000000001875,79900
in_000000023670,cus_000000001876,9900
in_000000023682,cus_000000001879,799000
in_000000023694,cus_000000001882,79900
in_000000023710,cus_000000001883,9900
in_000000023712,cus_000000001884,9900
in_000000023742,cus_000000001885,9900
in_000000023752,cus_000000001887,299000
in_000000023800,cus_000000001889,29900
in_000000023808,cus_000000001890,799000
in_000000023816,cus_000000001891,79900
in_000000023845,cus_000000001893,199900
in_000000023852,cus_000000001894,79900
in_000000023906,cus_000000001902,79900
in_000000023932,cus_000000001903,29900
in_000000023962,cus_000000001904,79900
in_000000024012,cus_000000001906,29900
in_000000024037,cus_000000001908,199900
in_000000024050,cus_000000001910,799000
in_000000024060,cus_000000001912,9900
in_000000024088,cus_000000001915,29900
in_000000024119,cus_000000001916,29900
in_000000024174,cus_000000001920,9900
in_000000024194,cus_000000001921,79900
in_000000024214,cus_000000001922,199900
in_000000024244,cus_000000001923,9900
in_000000024257,cus_000000001927,29900
in_000000024295,cus_000000001930,29900
in_000000024314,cus_000000001932,29900
in_000000024317,cus_000000001933,9900
in_000000024337,cus_000000001936,9900
in_000000024362,cus_000000001937,29900
in_000000024387,cus_000000001938,9900
in_000000024456,cus_000000001941,9900
in_000000024497,cus_000000001943,29900
in_000000024524,cus_000000001945,29900
in_000000024558,cus_000000001949,9900
in_000000024566,cus_000000001950,99000
in_000000024581,cus_000000001951,9900
in_000000024595,cus_000000001952,9900
in_000000024604,cus_000000001954,79900
in_000000024619,cus_000000001955,199900
in_000000024653,cus_000000001960,9900
in_000000024664,cus_000000001961,9900
in_000000024685,cus_000000001962,9900
in_000000024694,cus_000000001963,79900
in_000000024713,cus_000000001964,9900
in_000000024732,cus_000000001966,9900
in_000000024751,cus_000000001968,9900
in_000000024761,cus_000000001969,9900
in_000000024785,cus_000000001971,199900
in_000000024801,cus_000000001972,9900
in_000000024820,cus_000000001975,29900
in_000000024855,cus_000000001976,29900
in_000000024874,cus_000000001977,199900
in_000000024895,cus_000000001978,9900
in_000000024930,cus_000000001979,9900
in_000000024964,cus_000000001986,9900
in_000000024981,cus_000000001987,29900
in_000000025004,cus_000000001988,9900
in_000000025011,cus_000000001989,99000
in_000000025015,cus_000000001990,29900
in_000000025046,cus_000000001992,9900
in_000000025089,cus_000000001994,9900
in_000000025124,cus_000000001996,29900
in_000000025134,cus_000000001997,199900
in_000000025160,cus_000000001998,9900
in_000000025189,cus_000000001999,29900
in_000000025205,cus_000000002000,29900
in_000000025237,cus_000000002001,29900
in_000000025259,cus_000000002003,9900
in_000000025295,cus_000000002004,79900
in_000000025316,cus_000000002007,79900
in_000000025323,cus_000000002008,9900
in_000000025340,cus_000000002009,29900
in_000000025361,cus_000000002013,9900
in_000000025368,cus_000000002014,9900
in_000000025407,cus_000000002017,29900
in_000000025442,cus_000000002018,9900
in_000000025452,cus_000000002019,79900
in_000000025466,cus_000000002020,29900
in_000000025485,cus_000000002024,9900
in_000000025517,cus_000000002025,29900
in_000000025542,cus_000000002026,79900
in_000000025570,cus_000000002027,9900
in_000000025598,cus_000000002029,29900
in_000000025632,cus_000000002031,9900
in_000000025674,cus_000000002035,29900
in_000000025702,cus_000000002036,9900
in_000000025725,cus_000000002037,9900
in_000000025747,cus_000000002040,9900
in_000000025776,cus_000000002042,199900
in_000000025798,cus_000000002043,9900
in_000000025839,cus_000000002049,9900
in_000000025875,cus_000000002051,79900
in_000000025898,cus_000000002052,79900
in_000000025906,cus_000000002054,29900
in_000000026006,cus_000000002063,9900
in_000000026035,cus_000000002065,9900
in_000000026052,cus_000000002066,9900
in_000000026071,cus_000000002068,9900
in_000000026088,cus_000000002069,9900
in_000000026116,cus_000000002070,29900
in_000000026172,cus_000000002074,9900
in_000000026187,cus_000000002077,9900
in_000000026196,cus_000000002078,9900
in_000000026226,cus_000000002079,9900
in_000000026287,cus_000000002081,9900
in_000000026304,cus_000000002082,29900
in_000000026328,cus_000000002083,9900
in_000000026339,cus_000000002085,9900
in_000000026350,cus_000000002086,9900
in_000000026385,cus_000000002087,29900
in_000000026422,cus_000000002089,29900
in_000000026476,cus_000000002091,29900
in_000000026552,cus_000000002096,79900
in_000000026576,cus_000000002097,29900
in_000000026594,cus_000000002099,29900
in_000000026632,cus_000000002103,9900
in_000000026661,cus_000000002106,9900
in_000000026697,cus_000000002107,9900
in_000000026718,cus_000000002108,9900
in_000000026760,cus_000000002112,9900
in_000000026816,cus_000000002118,29900
in_000000026853,cus_000000002123,9900
in_000000026889,cus_000000002125,79900
in_000000026912,cus_000000002127,9900
in_000000026927,cus_000000002128,9900
in_000000026961,cus_000000002129,29900
in_000000026988,cus_000000002130,9900
in_000000026996,cus_000000002131,29900
in_000000027023,cus_000000002133,9900
in_000000027053,cus_000000002135,29900
in_000000027085,cus_000000002137,9900
in_000000027135,cus_000000002143,9900
in_000000027166,cus_000000002144,9900
in_000000027212,cus_000000002146,9900
in_000000027245,cus_000000002147,9900
in_000000027254,cus_000000002148,199900
in_000000027282,cus_000000002149,29900
in_000000027299,cus_000000002150,9900
in_000000027331,cus_000000002151,9900
in_000000027342,cus_000000002152,9900
in_000000027381,cus_000000002156,79900
in_000000027400,cus_000000002158,79900
in_000000027416,cus_000000002160,29900
in_000000027451,cus_000000002161,9900
in_000000027480,cus_000000002162,29900
in_000000027521,cus_000000002165,9900
in_000000027529,cus_000000002166,9900
in_000000027543,cus_000000002167,9900
in_000000027579,cus_000000002170,29900
in_000000027593,cus_000000002172,29900
in_000000027600,cus_000000002173,9900
in_000000027632,cus_000000002174,29900
in_000000027640,cus_000000002175,9900
in_000000027651,cus_000000002176,79900
in_000000027669,cus_000000002177,9900
in_000000027688,cus_000000002178,9900
in_000000027716,cus_000000002180,9900
in_000000027752,cus_000000002182,79900
in_000000027779,cus_000000002183,9900
in_000000027831,cus_000000002185,79900
in_000000027840,cus_000000002186,99000
in_000000027881,cus_000000002189,29900
in_000000027908,cus_000000002192,29900
in_000000027915,cus_000000002193,9900
in_000000027942,cus_000000002195,29900
in_000000027951,cus_000000002196,9900
in_000000027954,cus_000000002197,299000
in_000000027979,cus_000000002201,29900
in_000000027995,cus_000000002204,99000
in_000000028041,cus_000000002209,9900
in_000000028060,cus_000000002211,79900
in_000000028067,cus_000000002212,799000
in_000000028073,cus_000000002214,9900
in_000000028109,cus_000000002216,9900
in_000000028123,cus_000000002217,9900
in_000000028151,cus_000000002218,9900
in_000000028158,cus_000000002219,9900
in_000000028170,cus_000000002220,9900
in_000000028223,cus_000000002226,9900
in_000000028257,cus_000000002229,29900
in_000000028287,cus_000000002233,9900
in_000000028313,cus_000000002234,79900
in_000000028331,cus_000000002235,29900
in_000000028357,cus_000000002236,29900
in_000000028383,cus_000000002237,29900
in_000000028401,cus_000000002239,9900
in_000000028434,cus_000000002240,9900
in_000000028491,cus_000000002245,199900
in_000000028503,cus_000000002246,29900
in_000000028524,cus_000000002247,9900
in_000000028537,cus_000000002249,199900
in_000000028556,cus_000000002250,79900
in_000000028580,cus_000000002251,79900
in_000000028613,cus_000000002252,29900
in_000000028624,cus_000000002254,99000
in_000000028652,cus_000000002255,79900
in_000000028664,cus_000000002258,99000
in_000000028683,cus_000000002259,9900
in_000000028690,cus_000000002260,29900
in_000000028701,cus_000000002262,79900
in_000000028714,cus_000000002265,9900
in_000000028734,cus_000000002267,29900
in_000000028747,cus_000000002268,29900
in_000000028785,cus_000000002270,9900
in_000000028809,cus_000000002271,29900
in_000000028828,cus_000000002272,9900
in_000000028863,cus_000000002278,29900
in_000000028898,cus_000000002281,9900
in_000000028910,cus_000000002282,9900
in_000000028945,cus_000000002284,9900
in_000000028969,cus_000000002287,9900
in_000000028990,cus_000000002289,29900
in_000000029017,cus_000000002291,29900
in_000000029053,cus_000000002293,299000
in_000000029065,cus_000000002297,29900
in_000000029095,cus_000000002298,29900
in_000000029118,cus_000000002299,9900
in_000000029154,cus_000000002300,9900
in_000000029181,cus_000000002301,29900
in_000000029207,cus_000000002303,9900
in_000000029229,cus_000000002304,9900
in_000000029251,cus_000000002305,9900
in_000000029259,cus_000000002307,9900
in_000000029266,cus_000000002308,299000
in_000000029273,cus_000000002311,29900
in_000000029295,cus_000000002312,199900
in_000000029320,cus_000000002314,29900
in_000000029341,cus_000000002320,9900
in_000000029348,cus_000000002321,9900
in_000000029431,cus_000000002331,79900
in_000000029438,cus_000000002332,79900
in_000000029456,cus_000000002333,29900
in_000000029485,cus_000000002337,29900
in_000000029510,cus_000000002339,29900
in_000000029538,cus_000000002340,9900
in_000000029562,cus_000000002341,9900
in_000000029596,cus_000000002343,29900
in_000000029608,cus_000000002345,29900
in_000000029621,cus_000000002349,9900
in_000000029645,cus_000000002351,9900
in_000000029700,cus_000000002356,29900
in_000000029734,cus_000000002357,29900
in_000000029747,cus_000000002358,199900
in_000000029772,cus_000000002360,9900
in_000000029807,cus_000000002361,9900
in_000000029834,cus_000000002362,29900
in_000000029893,cus_000000002365,199900
in_000000029922,cus_000000002367,9900
in_000000029959,cus_000000002370,79900
in_000000029967,cus_000000002371,199900
in_000000030002,cus_000000002373,29900
in_000000030032,cus_000000002375,29900
in_000000030054,cus_000000002377,29900
in_000000030065,cus_000000002379,9900
in_000000030088,cus_000000002380,29900
in_000000030102,cus_000000002381,9900
in_000000030125,cus_000000002382,79900
in_000000030141,cus_000000002383,29900
in_000000030171,cus_000000002386,9900
in_000000030196,cus_000000002387,29900
in_000000030228,cus_000000002389,9900
in_000000030273,cus_000000002394,29900
in_000000030300,cus_000000002395,9900
in_000000030312,cus_000000002396,9900
in_000000030343,cus_000000002398,29900
in_000000030375,cus_000000002399,29900
in_000000030403,cus_000000002400,29900
in_000000030424,cus_000000002401,29900
in_000000030481,cus_000000002407,199900
in_000000030535,cus_000000002414,29900
in_000000030547,cus_000000002415,79900
in_000000030563,cus_000000002416,9900
in_000000030595,cus_000000002418,29900
in_000000030603,cus_000000002419,1999000
in_000000030638,cus_000000002423,29900
in_000000030671,cus_000000002425,79900
in_000000030712,cus_000000002428,9900
in_000000030734,cus_000000002436,9900
in_000000030765,cus_000000002437,9900
in_000000030796,cus_000000002440,9900
in_000000030863,cus_000000002448,99000
in_000000030885,cus_000000002449,29900
in_000000030895,cus_000000002450,29900
in_000000030930,cus_000000002453,9900
in_000000030937,cus_000000002454,29900
in_000000030950,cus_000000002456,9900
in_000000031008,cus_000000002459,9900
in_000000031024,cus_000000002463,79900
in_000000031039,cus_000000002466,299000
in_000000031044,cus_000000002468,9900
in_000000031059,cus_000000002469,199900
in_000000031100,cus_000000002473,29900
in_000000031121,cus_000000002474,29900
in_000000031132,cus_000000002477,9900
in_000000031144,cus_000000002479,9900
in_000000031155,cus_000000002480,9900
in_000000031171,cus_000000002481,9900
in_000000031187,cus_000000002483,29900
in_000000031223,cus_000000002484,9900
in_000000031236,cus_000000002487,9900
in_000000031255,cus_000000002490,9900
in_000000031279,cus_000000002491,79900
in_000000031288,cus_000000002492,29900
in_000000031306,cus_000000002496,79900
in_000000031321,cus_000000002497,9900
in_000000031336,cus_000000002498,79900
in_000000031341,cus_000000002499,9900
in_000000031347,cus_000000002500,9900
in_000000031356,cus_000000002501,9900
in_000000031388,cus_000000002503,9900
in_000000031423,cus_000000002509,9900
in_000000031442,cus_000000002511,9900
in_000000031472,cus_000000002512,79900
in_000000031514,cus_000000002519,9900
in_000000031528,cus_000000002521,29900
in_000000031539,cus_000000002523,9900
in_000000031554,cus_000000002524,29900
in_000000031584,cus_000000002525,29900
in_000000031593,cus_000000002527,29900
in_000000031631,cus_000000002530,79900
in_000000031667,cus_000000002531,9900
in_000000031695,cus_000000002534,29900
in_000000031707,cus_000000002536,9900
in_000000031768,cus_000000002540,199900
in_000000031799,cus_000000002541,9900
in_000000031807,cus_000000002542,299000
in_000000031832,cus_000000002543,9900
in_000000031843,cus_000000002544,9900
in_000000031873,cus_000000002545,29900
in_000000031899,cus_000000002546,79900
in_000000031933,cus_000000002548,79900
in_000000031940,cus_000000002549,99000
in_000000031946,cus_000000002551,799000
in_000000031980,cus_000000002554,29900
in_000000032003,cus_000000002555,9900
in_000000032014,cus_000000002556,29900
in_000000032027,cus_000000002557,9900
in_000000032063,cus_000000002561,9900
in_000000032086,cus_000000002562,9900
in_000000032150,cus_000000002568,9900
in_000000032159,cus_000000002569,799000
in_000000032181,cus_000000002570,29900
in_000000032214,cus_000000002571,29900
in_000000032256,cus_000000002576,29900
in_000000032289,cus_000000002577,79900
in_000000032299,cus_000000002579,29900
in_000000032326,cus_000000002580,199900
in_000000032355,cus_000000002583,9900
in_000000032379,cus_000000002584,29900
in_000000032402,cus_000000002585,29900
in_000000032428,cus_000000002586,9900
in_000000032440,cus_000000002588,29900
in_000000032480,cus_000000002590,29900
in_000000032507,cus_000000002592,9900
in_000000032522,cus_000000002593,29900
in_000000032544,cus_000000002596,79900
in_000000032565,cus_000000002597,79900
in_000000032596,cus_000000002598,29900
in_000000032613,cus_000000002599,79900
in_000000032624,cus_000000002601,9900
in_000000032641,cus_000000002603,9900
in_000000032651,cus_000000002605,29900
in_000000032677,cus_000000002608,29900
in_000000032704,cus_000000002609,79900
in_000000032725,cus_000000002610,9900
in_000000032743,cus_000000002612,9900
in_000000032771,cus_000000002613,29900
in_000000032782,cus_000000002615,9900
in_000000032810,cus_000000002616,79900
in_000000032821,cus_000000002619,799000
in_000000032833,cus_000000002620,9900
in_000000032853,cus_000000002622,29900
in_000000032873,cus_000000002623,29900
in_000000032881,cus_000000002624,9900
in_000000032928,cus_000000002630,9900
in_000000032948,cus_000000002631,9900
in_000000032975,cus_000000002635,9900
in_000000033009,cus_000000002636,29900
in_000000033039,cus_000000002638,9900
in_000000033076,cus_000000002641,9900
in_000000033102,cus_000000002643,29900
in_000000033122,cus_000000002644,9900
in_000000033156,cus_000000002647,9900
in_000000033163,cus_000000002648,299000
in_000000033189,cus_000000002649,29900
in_000000033217,cus_000000002650,29900
in_000000033241,cus_000000002653,29900
in_000000033278,cus_000000002655,29900
in_000000033324,cus_000000002659,199900
in_000000033359,cus_000000002661,9900
in_000000033375,cus_000000002663,9900
in_000000033380,cus_000000002664,79900
in_000000033416,cus_000000002665,199900
in_000000033429,cus_000000002666,29900
in_000000033463,cus_000000002669,29900
in_000000033514,cus_000000002678,199900
in_000000033537,cus_000000002681,29900
in_000000033546,cus_000000002683,29900
in_000000033564,cus_000000002686,9900
in_000000033587,cus_000000002687,199900
in_000000033620,cus_000000002689,199900
in_000000033641,cus_000000002692,9900
in_000000033678,cus_000000002696,9900
in_000000033698,cus_000000002697,29900
in_000000033732,cus_000000002698,79900
in_000000033746,cus_000000002702,29900
in_000000033753,cus_000000002703,799000
in_000000033781,cus_000000002704,199900
in_000000033817,cus_000000002712,9900
in_000000033882,cus_000000002717,29900
in_000000033899,cus_000000002720,9900
in_000000033919,cus_000000002723,9900
in_000000033946,cus_000000002724,79900
in_000000033960,cus_000000002726,79900
in_000000033980,cus_000000002729,199900
in_000000034007,cus_000000002730,199900
in_000000034028,cus_000000002731,29900
in_000000034063,cus_000000002732,79900
in_000000034075,cus_000000002733,9900
in_000000034082,cus_000000002734,1999000
in_000000034108,cus_000000002735,29900
in_000000034123,cus_000000002736,9900
in_000000034130,cus_000000002737,99000
in_000000034189,cus_000000002740,79900
in_000000034203,cus_000000002743,9900
in_000000034234,cus_000000002745,199900
in_000000034280,cus_000000002747,9900
in_000000034316,cus_000000002749,29900
in_000000034340,cus_000000002750,29900
in_000000034359,cus_000000002751,9900
in_000000034394,cus_000000002752,79900
in_000000034423,cus_000000002753,79900
in_000000034435,cus_000000002757,29900
in_000000034452,cus_000000002758,9900
in_000000034487,cus_000000002760,79900
in_000000034514,cus_000000002761,9900
in_000000034538,cus_000000002762,9900
in_000000034570,cus_000000002766,9900
in_000000034608,cus_000000002768,79900
in_000000034631,cus_000000002769,9900
in_000000034656,cus_000000002770,79900
in_000000034690,cus_000000002772,199900
in_000000034731,cus_000000002775,9900
in_000000034749,cus_000000002779,9900
in_000000034754,cus_000000002780,79900
in_000000034763,cus_000000002782,29900
in_000000034791,cus_000000002783,29900
in_000000034805,cus_000000002784,9900
in_000000034841,cus_000000002785,9900
in_000000034876,cus_000000002786,9900
in_000000034884,cus_000000002788,9900
in_000000034915,cus_000000002790,9900
in_000000034933,cus_000000002792,9900
in_000000034962,cus_000000002793,199900
in_000000035000,cus_000000002795,29900
in_000000035016,cus_000000002796,9900
in_000000035028,cus_000000002797,9900
in_000000035039,cus_000000002799,99000
in_000000035048,cus_000000002801,29900
in_000000035077,cus_000000002802,9900
in_000000035098,cus_000000002803,29900
in_000000035132,cus_000000002804,29900
in_000000035170,cus_000000002806,79900
in_000000035214,cus_000000002810,9900
in_000000035240,cus_000000002811,9900
in_000000035273,cus_000000002812,29900
in_000000035313,cus_000000002814,9900
in_000000035349,cus_000000002817,9900
in_000000035392,cus_000000002821,199900
in_000000035410,cus_000000002823,79900
in_000000035434,cus_000000002826,9900
in_000000035443,cus_000000002827,99000
in_000000035470,cus_000000002831,799000
in_000000035474,cus_000000002832,9900
in_000000035508,cus_000000002833,79900
in_000000035544,cus_000000002838,29900
in_000000035563,cus_000000002839,29900
in_000000035610,cus_000000002842,9900
in_000000035662,cus_000000002848,9900
in_000000035683,cus_000000002849,9900
in_000000035703,cus_000000002850,79900
in_000000035722,cus_000000002852,199900
in_000000035758,cus_000000002855,9900
in_000000035787,cus_000000002856,79900
in_000000035821,cus_000000002857,79900
in_000000035852,cus_000000002861,29900
in_000000035883,cus_000000002862,9900
in_000000035918,cus_000000002864,29900
in_000000035950,cus_000000002866,9900
in_000000035957,cus_000000002867,29900
in_000000035979,cus_000000002870,79900
in_000000035996,cus_000000002871,79900
in_000000036008,cus_000000002872,79900
in_000000036035,cus_000000002875,9900
in_000000036050,cus_000000002879,799000
in_000000036073,cus_000000002880,9900
in_000000036102,cus_000000002882,29900
in_000000036113,cus_000000002885,29900
in_000000036148,cus_000000002886,199900
in_000000036171,cus_000000002887,9900
in_000000036182,cus_000000002889,79900
in_000000036223,cus_000000002892,79900
in_000000036246,cus_000000002893,29900
in_000000036295,cus_000000002895,29900
in_000000036333,cus_000000002901,9900
in_000000036343,cus_000000002903,29900
in_000000036364,cus_000000002904,9900
in_000000036375,cus_000000002907,9900
in_000000036405,cus_000000002910,29900
in_000000036419,cus_000000002912,9900
in_000000036451,cus_000000002915,29900
in_000000036469,cus_000000002917,29900
in_000000036491,cus_000000002921,9900
in_000000036523,cus_000000002922,9900
in_000000036543,cus_000000002924,9900
in_000000036565,cus_000000002927,29900
in_000000036614,cus_000000002932,9900
in_000000036631,cus_000000002934,29900
in_000000036657,cus_000000002935,9900
in_000000036680,cus_000000002938,29900
in_000000036692,cus_000000002940,79900
in_000000036715,cus_000000002942,9900
in_000000036751,cus_000000002943,9900
in_000000036786,cus_000000002944,9900
in_000000036814,cus_000000002945,79900
in_000000036845,cus_000000002949,9900
in_000000036882,cus_000000002951,29900
in_000000036913,cus_000000002952,79900
in_000000036947,cus_000000002953,199900
in_000000036981,cus_000000002954,79900
in_000000036999,cus_000000002958,9900
in_000000037027,cus_000000002959,79900
in_000000037038,cus_000000002960,9900
in_000000037057,cus_000000002962,9900
in_000000037073,cus_000000002965,199900
in_000000037105,cus_000000002966,29900
in_000000037125,cus_000000002967,9900
in_000000037133,cus_000000002968,9900
in_000000037159,cus_000000002969,9900
in_000000037188,cus_000000002970,9900
in_000000037207,cus_000000002974,79900
in_000000037241,cus_000000002976,29900
in_000000037270,cus_000000002977,199900
in_000000037300,cus_000000002980,9900
in_000000037323,cus_000000002982,9900
in_000000037359,cus_000000002986,29900
in_000000037368,cus_000000002988,9900
in_000000037373,cus_000000002990,79900
in_000000037394,cus_000000002993,29900
in_000000037411,cus_000000002994,9900
in_000000037440,cus_000000002996,29900
in_000000037476,cus_000000002997,9900
in_000000037501,cus_000000002998,79900
in_000000037515,cus_000000002999,9900
in_000000037544,cus_000000003001,29900
in_000000037573,cus_000000003002,9900
in_000000037586,cus_000000003006,99000
in_000000037601,cus_000000003009,29900
in_000000037639,cus_000000003012,9900
in_000000037673,cus_000000003014,29900
in_000000037703,cus_000000003017,29900
in_000000037736,cus_000000003020,29900
in_000000037745,cus_000000003022,199900
in_000000037767,cus_000000003024,29900
in_000000037794,cus_000000003026,9900
in_000000037816,cus_000000003027,9900
in_000000037837,cus_000000003029,29900
in_000000037871,cus_000000003031,9900
in_000000037909,cus_000000003033,9900
in_000000037948,cus_000000003035,29900
in_000000037985,cus_000000003038,9900
in_000000037996,cus_000000003039,9900
in_000000038007,cus_000000003041,29900
in_000000038018,cus_000000003042,29900
in_000000038034,cus_000000003043,9900
in_000000038050,cus_000000003045,9900
in_000000038084,cus_000000003047,79900
in_000000038101,cus_000000003049,9900
in_000000038126,cus_000000003050,9900
in_000000038161,cus_000000003051,29900
in_000000038174,cus_000000003054,9900
in_000000038182,cus_000000003055,9900
in_000000038226,cus_000000003062,9900
in_000000038250,cus_000000003063,29900
in_000000038260,cus_000000003064,79900
in_000000038273,cus_000000003065,9900
in_000000038304,cus_000000003068,79900
in_000000038312,cus_000000003069,29900
in_000000038339,cus_000000003071,199900
in_000000038373,cus_000000003073,29900
in_000000038414,cus_000000003077,79900
in_000000038445,cus_000000003079,9900
in_000000038481,cus_000000003084,29900
in_000000038496,cus_000000003085,29900
in_000000038508,cus_000000003086,9900
in_000000038521,cus_000000003091,79900
in_000000038531,cus_000000003093,29900
in_000000038565,cus_000000003094,199900
in_000000038572,cus_000000003095,9900
in_000000038601,cus_000000003097,29900
in_000000038676,cus_000000003103,79900
in_000000038706,cus_000000003106,29900
in_000000038741,cus_000000003107,9900
in_000000038768,cus_000000003111,29900
in_000000038794,cus_000000003115,79900
in_000000038811,cus_000000003116,29900
in_000000038848,cus_000000003120,799000
in_000000038867,cus_000000003122,199900
in_000000038895,cus_000000003123,79900
in_000000038907,cus_000000003125,9900
in_000000038914,cus_000000003126,9900
in_000000038922,cus_000000003127,9900
in_000000038929,cus_000000003128,99000
in_000000038938,cus_000000003130,9900
in_000000038956,cus_000000003131,9900
in_000000038964,cus_000000003132,799000
in_000000038992,cus_000000003135,9900
in_000000039010,cus_000000003136,9900
in_000000039056,cus_000000003138,9900
in_000000039064,cus_000000003139,9900
in_000000039102,cus_000000003142,29900
in_000000039117,cus_000000003143,79900
in_000000039159,cus_000000003146,79900
in_000000039168,cus_000000003147,99000
in_000000039200,cus_000000003149,9900
in_000000039211,cus_000000003150,79900
in_000000039245,cus_000000003152,29900
in_000000039278,cus_000000003153,199900
in_000000039308,cus_000000003154,29900
in_000000039365,cus_000000003160,29900
in_000000039399,cus_000000003161,79900
in_000000039407,cus_000000003162,299000
in_000000039415,cus_000000003164,9900
in_000000039453,cus_000000003171,79900
in_000000039460,cus_000000003172,9900
in_000000039488,cus_000000003174,9900
in_000000039513,cus_000000003175,29900
in_000000039550,cus_000000003177,29900
in_000000039582,cus_000000003179,9900
in_000000039607,cus_000000003180,29900
in_000000039638,cus_000000003187,199900
in_000000039664,cus_000000003189,29900
in_000000039678,cus_000000003190,9900
in_000000039698,cus_000000003191,29900
in_000000039732,cus_000000003194,9900
in_000000039761,cus_000000003195,29900
in_000000039796,cus_000000003196,9900
in_000000039831,cus_000000003198,79900
in_000000039865,cus_000000003202,9900
in_000000039895,cus_000000003203,29900
in_000000039918,cus_000000003205,79900
in_000000039925,cus_000000003206,99000
in_000000039953,cus_000000003208,79900
in_000000039984,cus_000000003211,79900
in_000000040020,cus_000000003212,9900
in_000000040033,cus_000000003215,9900
in_000000040071,cus_000000003217,9900
in_000000040091,cus_000000003218,29900
in_000000040120,cus_000000003219,29900
in_000000040152,cus_000000003220,9900
in_000000040232,cus_000000003225,9900
in_000000040280,cus_000000003230,79900
in_000000040295,cus_000000003231,9900
in_000000040344,cus_000000003234,29900
in_000000040358,cus_000000003237,99000
in_000000040379,cus_000000003239,29900
in_000000040403,cus_000000003240,9900
in_000000040422,cus_000000003241,9900
in_000000040451,cus_000000003242,9900
in_000000040478,cus_000000003243,9900
in_000000040524,cus_000000003245,199900
in_000000040540,cus_000000003248,9900
in_000000040576,cus_000000003250,79900
in_000000040592,cus_000000003251,9900
in_000000040602,cus_000000003252,9900
in_000000040622,cus_000000003254,29900
in_000000040638,cus_000000003256,9900
in_000000040692,cus_000000003262,9900
in_000000040726,cus_000000003263,79900
in_000000040742,cus_000000003264,29900
in_000000040764,cus_000000003269,9900
in_000000040789,cus_000000003271,9900
in_000000040812,cus_000000003274,9900
in_000000040844,cus_000000003275,9900
in_000000040859,cus_000000003277,79900
in_000000040887,cus_000000003279,199900
in_000000040915,cus_000000003280,9900
in_000000040940,cus_000000003281,29900
in_000000040963,cus_000000003284,29900
in_000000040988,cus_000000003288,29900
in_000000040999,cus_000000003290,9900
in_000000041011,cus_000000003291,29900
in_000000041021,cus_000000003293,9900
in_000000041069,cus_000000003300,199900
in_000000041084,cus_000000003302,79900
in_000000041137,cus_000000003306,29900
in_000000041147,cus_000000003307,9900
in_000000041158,cus_000000003308,79900
in_000000041181,cus_000000003309,79900
in_000000041201,cus_000000003312,9900
in_000000041218,cus_000000003314,29900
in_000000041255,cus_000000003316,9900
in_000000041298,cus_000000003318,79900
in_000000041311,cus_000000003321,9900
in_000000041329,cus_000000003322,9900
in_000000041364,cus_000000003323,29900
in_000000041373,cus_000000003324,799000
in_000000041409,cus_000000003328,9900
in_000000041448,cus_000000003331,29900
in_000000041473,cus_000000003332,9900
in_000000041505,cus_000000003333,79900
in_000000041513,cus_000000003334,29900
in_000000041534,cus_000000003339,29900
in_000000041542,cus_000000003340,9900
in_000000041555,cus_000000003342,29900
in_000000041582,cus_000000003343,29900
in_000000041602,cus_000000003344,29900
in_000000041609,cus_000000003345,9900
in_000000041625,cus_000000003346,29900
in_000000041637,cus_000000003348,9900
in_000000041669,cus_000000003350,199900
in_000000041684,cus_000000003353,29900
in_000000041706,cus_000000003355,29900
in_000000041733,cus_000000003359,9900
in_000000041754,cus_000000003362,9900
in_000000041779,cus_000000003367,9900
in_000000041803,cus_000000003369,29900
in_000000041824,cus_000000003371,79900
in_000000041877,cus_000000003374,29900
in_000000041904,cus_000000003380,9900
in_000000041935,cus_000000003383,9900
in_000000041968,cus_000000003387,9900
in_000000041986,cus_000000003390,9900
in_000000042047,cus_000000003396,9900
in_000000042078,cus_000000003397,29900
in_000000042100,cus_000000003399,9900
in_000000042126,cus_000000003402,29900
in_000000042161,cus_000000003404,29900
in_000000042193,cus_000000003405,29900
in_000000042216,cus_000000003406,9900
in_000000042239,cus_000000003410,29900
in_000000042252,cus_000000003413,9900
in_000000042267,cus_000000003414,29900
in_000000042291,cus_000000003420,9900
in_000000042320,cus_000000003422,9900
in_000000042345,cus_000000003423,9900
in_000000042373,cus_000000003424,9900
in_000000042398,cus_000000003425,9900
in_000000042431,cus_000000003426,9900
in_000000042461,cus_000000003427,9900
in_000000042477,cus_000000003428,29900
in_000000042513,cus_000000003430,29900
in_000000042546,cus_000000003435,29900
in_000000042578,cus_000000003436,9900
in_000000042614,cus_000000003437,9900
in_000000042646,cus_000000003438,29900
in_000000042666,cus_000000003439,9900
in_000000042674,cus_000000003440,9900
in_000000042700,cus_000000003442,79900
in_000000042712,cus_000000003445,79900
in_000000042740,cus_000000003448,9900
in_000000042752,cus_000000003449,29900
in_000000042785,cus_000000003450,199900
in_000000042804,cus_000000003451,79900
in_000000042830,cus_000000003454,9900
in_000000042866,cus_000000003456,199900
in_000000042891,cus_000000003459,9900
in_000000042924,cus_000000003463,9900
in_000000042960,cus_000000003464,29900
in_000000042981,cus_000000003466,29900
in_000000042996,cus_000000003467,9900
in_000000043017,cus_000000003469,9900
in_000000043037,cus_000000003470,9900
in_000000043073,cus_000000003473,79900
in_000000043095,cus_000000003474,79900
in_000000043110,cus_000000003477,9900
in_000000043141,cus_000000003479,9900
in_000000043173,cus_000000003480,29900
in_000000043180,cus_000000003481,299000
in_000000043215,cus_000000003484,29900
in_000000043250,cus_000000003485,29900
in_000000043258,cus_000000003486,79900
in_000000043293,cus_000000003490,9900
in_000000043323,cus_000000003491,9900
in_000000043354,cus_000000003493,9900
in_000000043388,cus_000000003494,79900
in_000000043427,cus_000000003496,29900
in_000000043479,cus_000000003500,29900
in_000000043513,cus_000000003502,79900
in_000000043547,cus_000000003505,9900
in_000000043582,cus_000000003508,9900
in_000000043612,cus_000000003514,9900
in_000000043642,cus_000000003515,29900
in_000000043662,cus_000000003516,9900
in_000000043692,cus_000000003517,79900
in_000000043723,cus_000000003518,9900
in_000000043736,cus_000000003520,29900
in_000000043752,cus_000000003521,9900
in_000000043760,cus_000000003522,9900
in_000000043792,cus_000000003523,199900
in_000000043821,cus_000000003525,9900
in_000000043877,cus_000000003528,9900
in_000000043900,cus_000000003530,9900
in_000000043918,cus_000000003531,79900
in_000000043940,cus_000000003536,199900
in_000000043977,cus_000000003538,199900
in_000000044026,cus_000000003544,9900
in_000000044057,cus_000000003545,199900
in_000000044084,cus_000000003546,9900
in_000000044110,cus_000000003549,79900
in_000000044146,cus_000000003550,199900
in_000000044189,cus_000000003553,79900
in_000000044198,cus_000000003555,29900
in_000000044214,cus_000000003556,9900
in_000000044253,cus_000000003559,79900
in_000000044261,cus_000000003560,9900
in_000000044284,cus_000000003561,9900
in_000000044307,cus_000000003562,9900
in_000000044330,cus_000000003563,9900
in_000000044369,cus_000000003566,29900
in_000000044392,cus_000000003568,9900
in_000000044412,cus_000000003569,199900
in_000000044419,cus_000000003570,9900
in_000000044439,cus_000000003571,9900
in_000000044450,cus_000000003573,99000
in_000000044473,cus_000000003575,9900
in_000000044494,cus_000000003576,29900
in_000000044510,cus_000000003578,29900
in_000000044542,cus_000000003579,9900
in_000000044553,cus_000000003581,299000
in_000000044564,cus_000000003582,9900
in_000000044579,cus_000000003584,9900
in_000000044590,cus_000000003585,29900
in_000000044629,cus_000000003587,9900
in_000000044638,cus_000000003588,9900
in_000000044647,cus_000000003589,9900
in_000000044655,cus_000000003590,99000
in_000000044698,cus_000000003596,199900
in_000000044719,cus_000000003597,29900
in_000000044755,cus_000000003598,29900
in_000000044762,cus_000000003599,29900
in_000000044793,cus_000000003600,199900
in_000000044801,cus_000000003601,9900
in_000000044841,cus_000000003604,29900
in_000000044873,cus_000000003605,79900
in_000000044905,cus_000000003606,9900
in_000000044913,cus_000000003609,9900
in_000000044921,cus_000000003610,299000
in_000000044947,cus_000000003612,9900
in_000000044963,cus_000000003613,9900
in_000000044988,cus_000000003614,9900
in_000000045009,cus_000000003617,9900
in_000000045040,cus_000000003619,9900
in_000000045068,cus_000000003620,199900
in_000000045124,cus_000000003630,9900
in_000000045135,cus_000000003631,9900
in_000000045145,cus_000000003633,299000
in_000000045149,cus_000000003634,79900
in_000000045206,cus_000000003637,199900
in_000000045228,cus_000000003639,9900
in_000000045247,cus_000000003641,29900
in_000000045282,cus_000000003643,9900
in_000000045314,cus_000000003645,9900
in_000000045345,cus_000000003647,9900
in_000000045360,cus_000000003648,79900
in_000000045374,cus_000000003650,79900
in_000000045398,cus_000000003652,29900
in_000000045429,cus_000000003654,79900
in_000000045445,cus_000000003657,29900
in_000000045473,cus_000000003658,9900
in_000000045499,cus_000000003661,29900
in_000000045522,cus_000000003662,199900
in_000000045533,cus_000000003664,9900
in_000000045558,cus_000000003665,9900
in_000000045588,cus_000000003666,9900
in_000000045617,cus_000000003670,29900
in_000000045639,cus_000000003671,9900
in_000000045672,cus_000000003672,29900
in_000000045698,cus_000000003675,99000
in_000000045700,cus_000000003676,9900
in_000000045726,cus_000000003678,79900
in_000000045762,cus_000000003680,9900
in_000000045795,cus_000000003681,29900
in_000000045803,cus_000000003682,79900
in_000000045824,cus_000000003683,29900
in_000000045868,cus_000000003689,9900
in_000000045889,cus_000000003691,9900
in_000000045908,cus_000000003692,29900
in_000000045930,cus_000000003694,9900
in_000000045962,cus_000000003695,29900
in_000000045981,cus_000000003699,29900
in_000000046000,cus_000000003700,9900
in_000000046042,cus_000000003706,79900
in_000000046056,cus_000000003707,79900
in_000000046073,cus_000000003708,9900
in_000000046102,cus_000000003711,29900
in_000000046133,cus_000000003712,9900
in_000000046171,cus_000000003715,29900
in_000000046197,cus_000000003716,9900
in_000000046221,cus_000000003720,9900
in_000000046254,cus_000000003723,29900
in_000000046278,cus_000000003725,29900
in_000000046319,cus_000000003728,79900
in_000000046347,cus_000000003730,799000
in_000000046360,cus_000000003731,9900
in_000000046379,cus_000000003732,9900
in_000000046403,cus_000000003733,9900
in_000000046441,cus_000000003735,9900
in_000000046463,cus_000000003737,9900
in_000000046475,cus_000000003739,79900
in_000000046485,cus_000000003740,9900
in_000000046511,cus_000000003741,9900
in_000000046521,cus_000000003742,9900
in_000000046545,cus_000000003743,9900
in_000000046564,cus_000000003744,9900
in_000000046577,cus_000000003745,9900
in_000000046606,cus_000000003746,29900
in_000000046628,cus_000000003749,79900
in_000000046666,cus_000000003751,199900
in_000000046691,cus_000000003753,79900
in_000000046725,cus_000000003754,29900
in_000000046754,cus_000000003755,9900
in_000000046780,cus_000000003757,29900
in_000000046820,cus_000000003760,9900
in_000000046856,cus_000000003763,9900
in_000000046874,cus_000000003764,9900
in_000000046914,cus_000000003766,29900
in_000000046936,cus_000000003767,29900
in_000000046960,cus_000000003768,9900
in_000000046970,cus_000000003769,29900
in_000000046992,cus_000000003770,29900
in_000000047001,cus_000000003771,99000
in_000000047035,cus_000000003778,29900
in_000000047042,cus_000000003779,9900
in_000000047084,cus_000000003782,9900
in_000000047115,cus_000000003785,79900
in_000000047139,cus_000000003790,9900
in_000000047162,cus_000000003791,29900
in_000000047196,cus_000000003793,29900
in_000000047230,cus_000000003795,29900
in_000000047237,cus_000000003796,99000
in_000000047241,cus_000000003797,9900
in_000000047255,cus_000000003799,29900
in_000000047278,cus_000000003800,9900
in_000000047307,cus_000000003801,29900
in_000000047349,cus_000000003811,299000
in_000000047351,cus_000000003812,99000
in_000000047365,cus_000000003813,29900
in_000000047411,cus_000000003816,29900
in_000000047447,cus_000000003817,79900
in_000000047484,cus_000000003819,29900
in_000000047515,cus_000000003820,9900
in_000000047527,cus_000000003821,9900
in_000000047565,cus_000000003824,29900
in_000000047579,cus_000000003825,29900
in_000000047610,cus_000000003826,9900
in_000000047644,cus_000000003827,29900
in_000000047678,cus_000000003831,9900
in_000000047694,cus_000000003832,199900
in_000000047727,cus_000000003833,9900
in_000000047747,cus_000000003834,9900
in_000000047763,cus_000000003835,79900
in_000000047781,cus_000000003838,9900
in_000000047806,cus_000000003840,9900
in_000000047837,cus_000000003841,9900
in_000000047873,cus_000000003845,79900
in_000000047903,cus_000000003846,9900
in_000000047911,cus_000000003847,299000
in_000000047926,cus_000000003848,9900
in_000000047995,cus_000000003850,9900
in_000000048036,cus_000000003856,9900
in_000000048065,cus_000000003857,9900
in_000000048094,cus_000000003858,79900
in_000000048123,cus_000000003860,9900
in_000000048151,cus_000000003861,29900
in_000000048187,cus_000000003864,9900
in_000000048209,cus_000000003867,9900
in_000000048233,cus_000000003869,9900
in_000000048265,cus_000000003870,199900
in_000000048285,cus_000000003872,29900
in_000000048306,cus_000000003873,29900
in_000000048383,cus_000000003878,79900
in_000000048412,cus_000000003880,9900
in_000000048437,cus_000000003882,29900
in_000000048484,cus_000000003890,9900
in_000000048500,cus_000000003892,79900
in_000000048523,cus_000000003896,29900
in_000000048553,cus_000000003897,9900
in_000000048591,cus_000000003900,9900
in_000000048628,cus_000000003902,79900
in_000000048659,cus_000000003903,9900
in_000000048675,cus_000000003904,9900
in_000000048712,cus_000000003909,79900
in_000000048720,cus_000000003910,79900
in_000000048764,cus_000000003917,29900
in_000000048799,cus_000000003918,9900
in_000000048828,cus_000000003921,9900
in_000000048845,cus_000000003923,199900
in_000000048859,cus_000000003924,9900
in_000000048892,cus_000000003926,9900
in_000000048910,cus_000000003927,9900
in_000000048918,cus_000000003928,799000
in_000000048921,cus_000000003929,79900
in_000000048946,cus_000000003932,79900
in_000000048965,cus_000000003933,9900
in_000000048998,cus_000000003934,9900
in_000000049018,cus_000000003935,9900
in_000000049043,cus_000000003937,29900
in_000000049074,cus_000000003938,9900
in_000000049089,cus_000000003940,9900
in_000000049103,cus_000000003942,29900
in_000000049119,cus_000000003944,199900
in_000000049151,cus_000000003945,9900
in_000000049192,cus_000000003948,79900
in_000000049226,cus_000000003949,29900
in_000000049243,cus_000000003951,29900
in_000000049267,cus_000000003954,99000
in_000000049287,cus_000000003956,79900
in_000000049300,cus_000000003958,29900
in_000000049313,cus_000000003959,199900
in_000000049330,cus_000000003962,9900
in_000000049366,cus_000000003964,29900
in_000000049382,cus_000000003969,799000
in_000000049410,cus_000000003971,199900
in_000000049449,cus_000000003974,29900
in_000000049491,cus_000000003977,29900
in_000000049507,cus_000000003981,9900
in_000000049523,cus_000000003982,29900
in_000000049535,cus_000000003983,29900
in_000000049548,cus_000000003984,29900
in_000000049574,cus_000000003985,29900
in_000000049597,cus_000000003986,199900
in_000000049604,cus_000000003987,9900
in_000000049636,cus_000000003990,9900
in_000000049648,cus_000000003991,29900
in_000000049679,cus_000000003995,9900
in_000000049716,cus_000000003997,9900
in_000000049751,cus_000000004000,79900
in_000000049758,cus_000000004001,299000
in_000000049779,cus_000000004002,199900
in_000000049803,cus_000000004004,9900
in_000000049847,cus_000000004007,9900
in_000000049880,cus_000000004011,299000
in_000000049886,cus_000000004013,299000
in_000000049905,cus_000000004014,199900
in_000000049934,cus_000000004019,29900
in_000000049966,cus_000000004021,29900
in_000000049979,cus_000000004024,79900
in_000000050005,cus_000000004026,9900
in_000000050020,cus_000000004028,199900
in_000000050057,cus_000000004030,79900
in_000000050066,cus_000000004031,9900
in_000000050081,cus_000000004035,29900
in_000000050104,cus_000000004039,9900
in_000000050176,cus_000000004047,29900
in_000000050202,cus_000000004049,9900
in_000000050229,cus_000000004050,9900
in_000000050241,cus_000000004052,9900
in_000000050274,cus_000000004054,9900
in_000000050310,cus_000000004055,79900
in_000000050335,cus_000000004056,9900
in_000000050344,cus_000000004057,99000
in_000000050346,cus_000000004058,79900
in_000000050366,cus_000000004059,9900
in_000000050380,cus_000000004061,9900
in_000000050404,cus_000000004064,29900
in_000000050446,cus_000000004066,79900
in_000000050468,cus_000000004069,29900
in_000000050482,cus_000000004071,29900
in_000000050519,cus_000000004074,9900
in_000000050546,cus_000000004077,9900
in_000000050576,cus_000000004078,9900
in_000000050602,cus_000000004081,199900
in_000000050638,cus_000000004083,9900
in_000000050660,cus_000000004084,9900
in_000000050692,cus_000000004087,9900
in_000000050710,cus_000000004090,79900
in_000000050745,cus_000000004092,29900
in_000000050760,cus_000000004093,9900
in_000000050819,cus_000000004097,9900
in_000000050847,cus_000000004099,9900
in_000000050872,cus_000000004100,29900
in_000000050899,cus_000000004102,29900
in_000000050943,cus_000000004108,199900
in_000000050978,cus_000000004111,9900
in_000000050994,cus_000000004112,9900
in_000000051015,cus_000000004115,79900
in_000000051050,cus_000000004117,29900
in_000000051087,cus_000000004119,79900
in_000000051148,cus_000000004121,9900
in_000000051163,cus_000000004122,9900
in_000000051193,cus_000000004125,29900
in_000000051232,cus_000000004128,29900
in_000000051253,cus_000000004130,9900
in_000000051266,cus_000000004131,29900
in_000000051297,cus_000000004133,29900
in_000000051317,cus_000000004135,9900
in_000000051324,cus_000000004136,799000
in_000000051327,cus_000000004138,29900
in_000000051356,cus_000000004140,29900
in_000000051394,cus_000000004142,9900
in_000000051433,cus_000000004144,79900
in_000000051456,cus_000000004145,199900
in_000000051475,cus_000000004146,9900
in_000000051519,cus_000000004149,29900
in_000000051528,cus_000000004150,9900
in_000000051539,cus_000000004151,29900
in_000000051574,cus_000000004152,79900
in_000000051594,cus_000000004156,9900
in_000000051617,cus_000000004158,29900
in_000000051640,cus_000000004159,29900
in_000000051653,cus_000000004160,29900
in_000000051682,cus_000000004163,29900
in_000000051715,cus_000000004164,29900
in_000000051745,cus_000000004165,9900
in_000000051783,cus_000000004175,9900
in_000000051796,cus_000000004176,9900
in_000000051825,cus_000000004178,29900
in_000000051850,cus_000000004181,9900
in_000000051860,cus_000000004182,9900
in_000000051869,cus_000000004183,9900
in_000000051884,cus_000000004184,9900
in_000000051901,cus_000000004187,9900
in_000000051928,cus_000000004189,29900
in_000000051947,cus_000000004190,79900
in_000000051956,cus_000000004191,29900
in_000000051991,cus_000000004192,29900
in_000000052053,cus_000000004196,79900
in_000000052092,cus_000000004201,99000
in_000000052135,cus_000000004204,79900
in_000000052170,cus_000000004205,29900
in_000000052199,cus_000000004206,29900
in_000000052231,cus_000000004207,9900
in_000000052282,cus_000000004209,79900
in_000000052300,cus_000000004210,29900
in_000000052326,cus_000000004212,79900
in_000000052345,cus_000000004213,29900
in_000000052359,cus_000000004214,9900
in_000000052370,cus_000000004215,29900
in_000000052403,cus_000000004220,79900
in_000000052427,cus_000000004221,29900
in_000000052459,cus_000000004226,199900
in_000000052494,cus_000000004227,29900
in_000000052523,cus_000000004228,79900
in_000000052585,cus_000000004230,9900
in_000000052621,cus_000000004231,29900
in_000000052654,cus_000000004232,79900
in_000000052669,cus_000000004233,9900
in_000000052679,cus_000000004235,299000
in_000000052718,cus_000000004237,29900
in_000000052748,cus_000000004239,29900
in_000000052767,cus_000000004240,9900
in_000000052795,cus_000000004241,9900
in_000000052803,cus_000000004242,99000
in_000000052810,cus_000000004243,79900
in_000000052846,cus_000000004245,29900
in_000000052860,cus_000000004247,9900
in_000000052867,cus_000000004248,29900
in_000000052905,cus_000000004250,29900
in_000000052916,cus_000000004251,9900
in_000000052951,cus_000000004252,9900
in_000000052984,cus_000000004253,79900
in_000000053024,cus_000000004255,79900
in_000000053058,cus_000000004257,9900
in_000000053090,cus_000000004259,79900
in_000000053127,cus_000000004261,199900
in_000000053163,cus_000000004262,9900
in_000000053188,cus_000000004263,79900
in_000000053226,cus_000000004265,29900
in_000000053258,cus_000000004266,29900
in_000000053284,cus_000000004267,29900
in_000000053332,cus_000000004272,9900
in_000000053375,cus_000000004274,9900
in_000000053391,cus_000000004278,29900
in_000000053405,cus_000000004280,79900
in_000000053426,cus_000000004283,9900
in_000000053480,cus_000000004285,9900
in_000000053501,cus_000000004287,9900
in_000000053509,cus_000000004288,9900
in_000000053531,cus_000000004289,9900
in_000000053572,cus_000000004293,9900
in_000000053583,cus_000000004295,99000
in_000000053601,cus_000000004296,29900
in_000000053615,cus_000000004297,29900
in_000000053626,cus_000000004299,199900
in_000000053648,cus_000000004301,9900
in_000000053661,cus_000000004302,79900
in_000000053716,cus_000000004304,29900
in_000000053737,cus_000000004307,9900
in_000000053765,cus_000000004309,9900
in_000000053808,cus_000000004312,9900
in_000000053839,cus_000000004314,9900
in_000000053865,cus_000000004316,29900
in_000000053901,cus_000000004318,9900
in_000000053929,cus_000000004319,79900
in_000000053948,cus_000000004320,9900
in_000000053981,cus_000000004321,9900
in_000000054014,cus_000000004322,199900
in_000000054034,cus_000000004323,9900
in_000000054043,cus_000000004324,9900
in_000000054070,cus_000000004326,199900
in_000000054080,cus_000000004327,79900
in_000000054102,cus_000000004329,9900
in_000000054120,cus_000000004331,79900
in_000000054127,cus_000000004332,9900
in_000000054154,cus_000000004333,29900
in_000000054163,cus_000000004334,9900
in_000000054190,cus_000000004341,9900
in_000000054207,cus_000000004342,29900
in_000000054214,cus_000000004343,1999000
in_000000054231,cus_000000004347,79900
in_000000054249,cus_000000004348,79900
in_000000054331,cus_000000004357,9900
in_000000054346,cus_000000004358,9900
in_000000054372,cus_000000004361,9900
in_000000054410,cus_000000004364,79900
in_000000054506,cus_000000004372,9900
in_000000054517,cus_000000004374,29900
in_000000054546,cus_000000004376,29900
in_000000054566,cus_000000004378,79900
in_000000054600,cus_000000004379,29900
in_000000054624,cus_000000004380,29900
in_000000054644,cus_000000004381,79900
in_000000054682,cus_000000004386,9900
in_000000054715,cus_000000004387,9900
in_000000054746,cus_000000004389,9900
in_000000054758,cus_000000004391,99000
in_000000054830,cus_000000004400,29900
in_000000054851,cus_000000004401,79900
in_000000054858,cus_000000004402,99000
in_000000054883,cus_000000004403,29900
in_000000054893,cus_000000004405,29900
in_000000054914,cus_000000004406,9900
in_000000054924,cus_000000004408,29900
in_000000054971,cus_000000004412,29900
in_000000054982,cus_000000004413,9900
in_000000055008,cus_000000004415,79900
in_000000055030,cus_000000004417,29900
in_000000055067,cus_000000004421,9900
in_000000055082,cus_000000004423,9900
in_000000055105,cus_000000004426,29900
in_000000055116,cus_000000004427,9900
in_000000055125,cus_000000004428,79900
in_000000055134,cus_000000004429,9900
in_000000055166,cus_000000004430,9900
in_000000055182,cus_000000004432,9900
in_000000055218,cus_000000004433,9900
in_000000055246,cus_000000004434,9900
in_000000055269,cus_000000004435,29900
in_000000055294,cus_000000004436,79900
in_000000055325,cus_000000004438,9900
in_000000055341,cus_000000004439,9900
in_000000055375,cus_000000004441,9900
in_000000055441,cus_000000004446,9900
in_000000055512,cus_000000004448,9900
in_000000055530,cus_000000004449,9900
in_000000055551,cus_000000004451,9900
in_000000055564,cus_000000004452,9900
in_000000055579,cus_000000004453,9900
in_000000055585,cus_000000004454,9900
in_000000055609,cus_000000004457,9900
in_000000055644,cus_000000004461,9900
in_000000055670,cus_000000004462,29900
in_000000055696,cus_000000004463,79900
in_000000055736,cus_000000004467,9900
in_000000055749,cus_000000004469,9900
in_000000055759,cus_000000004470,29900
in_000000055793,cus_000000004476,99000
in_000000055838,cus_000000004485,9900
in_000000055858,cus_000000004486,29900
in_000000055885,cus_000000004487,29900
in_000000055907,cus_000000004492,9900
in_000000055934,cus_000000004495,29900
in_000000055950,cus_000000004496,29900
in_000000055969,cus_000000004500,79900
in_000000055980,cus_000000004501,29900
in_000000055991,cus_000000004502,9900
in_000000056025,cus_000000004503,199900
in_000000056044,cus_000000004505,9900
in_000000056063,cus_000000004507,29900
in_000000056074,cus_000000004509,99000
in_000000056112,cus_000000004513,9900
in_000000056148,cus_000000004515,29900
in_000000056183,cus_000000004517,79900
in_000000056223,cus_000000004520,9900
in_000000056235,cus_000000004521,9900
in_000000056270,cus_000000004522,79900
in_000000056280,cus_000000004523,29900
in_000000056290,cus_000000004524,79900
in_000000056314,cus_000000004525,9900
in_000000056342,cus_000000004527,9900
in_000000056355,cus_000000004528,79900
in_000000056373,cus_000000004529,79900
in_000000056417,cus_000000004534,9900
in_000000056428,cus_000000004535,29900
in_000000056454,cus_000000004537,9900
in_000000056467,cus_000000004538,9900
in_000000056498,cus_000000004539,29900
in_000000056520,cus_000000004540,29900
in_000000056539,cus_000000004541,9900
in_000000056553,cus_000000004544,9900
in_000000056570,cus_000000004545,9900
in_000000056591,cus_000000004546,29900
in_000000056604,cus_000000004548,9900
in_000000056624,cus_000000004551,9900
in_000000056657,cus_000000004552,9900
in_000000056667,cus_000000004553,29900
in_000000056706,cus_000000004556,29900
in_000000056749,cus_000000004559,29900
in_000000056767,cus_000000004560,9900
in_000000056789,cus_000000004562,29900
in_000000056812,cus_000000004563,9900
in_000000056830,cus_000000004564,9900
in_000000056858,cus_000000004567,9900
in_000000056878,cus_000000004568,9900
in_000000056902,cus_000000004570,9900
in_000000056922,cus_000000004571,9900
in_000000056983,cus_000000004575,29900
in_000000057012,cus_000000004576,29900
in_000000057030,cus_000000004578,9900
in_000000057093,cus_000000004584,9900
in_000000057121,cus_000000004590,29900
in_000000057138,cus_000000004591,29900
in_000000057149,cus_000000004592,79900
in_000000057184,cus_000000004594,29900
in_000000057210,cus_000000004596,9900
in_000000057220,cus_000000004597,29900
in_000000057258,cus_000000004600,9900
in_000000057293,cus_000000004601,79900
in_000000057307,cus_000000004602,9900
in_000000057327,cus_000000004605,29900
in_000000057340,cus_000000004606,9900
in_000000057368,cus_000000004607,29900
in_000000057386,cus_000000004608,79900
in_000000057395,cus_000000004609,29900
in_000000057402,cus_000000004610,9900
in_000000057426,cus_000000004611,29900
in_000000057462,cus_000000004613,29900
in_000000057497,cus_000000004616,29900
in_000000057527,cus_000000004618,29900
in_000000057538,cus_000000004620,79900
in_000000057567,cus_000000004621,29900
in_000000057585,cus_000000004623,9900
in_000000057608,cus_000000004624,9900
in_000000057637,cus_000000004625,9900
in_000000057647,cus_000000004626,9900
in_000000057669,cus_000000004628,9900
in_000000057732,cus_000000004632,9900
in_000000057754,cus_000000004634,199900
in_000000057764,cus_000000004636,9900
in_000000057791,cus_000000004639,9900
in_000000057807,cus_000000004640,9900
in_000000057835,cus_000000004641,79900
in_000000057854,cus_000000004642,79900
in_000000057888,cus_000000004643,29900
in_000000057904,cus_000000004647,199900
in_000000057924,cus_000000004648,199900
in_000000057934,cus_000000004649,29900
in_000000057947,cus_000000004650,9900
in_000000057957,cus_000000004652,79900
in_000000058012,cus_000000004655,9900
in_000000058049,cus_000000004658,29900
in_000000058061,cus_000000004660,79900
in_000000058095,cus_000000004661,29900
in_000000058113,cus_000000004663,29900
in_000000058133,cus_000000004665,9900
in_000000058149,cus_000000004666,9900
in_000000058209,cus_000000004668,9900
in_000000058216,cus_000000004669,799000
in_000000058243,cus_000000004670,29900
in_000000058266,cus_000000004671,9900
in_000000058304,cus_000000004680,9900
in_000000058319,cus_000000004681,9900
in_000000058334,cus_000000004682,29900
in_000000058348,cus_000000004683,29900
in_000000058358,cus_000000004684,29900
in_000000058375,cus_000000004688,199900
in_000000058392,cus_000000004693,99000
in_000000058425,cus_000000004696,9900
in_000000058452,cus_000000004697,9900
in_000000058485,cus_000000004698,9900
in_000000058497,cus_000000004699,29900
in_000000058521,cus_000000004701,9900
in_000000058555,cus_000000004704,29900
in_000000058565,cus_000000004706,9900
in_000000058586,cus_000000004709,29900
in_000000058599,cus_000000004710,199900
in_000000058623,cus_000000004712,9900
in_000000058646,cus_000000004713,9900
in_000000058674,cus_000000004715,9900
in_000000058693,cus_000000004716,9900
in_000000058742,cus_000000004721,9900
in_000000058760,cus_000000004722,9900
in_000000058790,cus_000000004723,9900
in_000000058801,cus_000000004724,9900
in_000000058829,cus_000000004726,79900
in_000000058875,cus_000000004732,29900
in_000000058891,cus_000000004735,9900
in_000000058919,cus_000000004737,9900
in_000000058938,cus_000000004738,9900
in_000000058959,cus_000000004739,29900
in_000000058987,cus_000000004740,29900
in_000000059001,cus_000000004742,9900
in_000000059034,cus_000000004743,199900
in_000000059044,cus_000000004744,9900
in_000000059060,cus_000000004745,9900
in_000000059082,cus_000000004747,29900
in_000000059093,cus_000000004748,79900
in_000000059128,cus_000000004749,9900
in_000000059167,cus_000000004751,29900
in_000000059198,cus_000000004752,29900
in_000000059218,cus_000000004753,79900
in_000000059242,cus_000000004757,199900
in_000000059267,cus_000000004759,9900
in_000000059298,cus_000000004761,9900
in_000000059330,cus_000000004764,9900
in_000000059363,cus_000000004766,9900
in_000000059401,cus_000000004770,199900
in_000000059437,cus_000000004771,9900
in_000000059456,cus_000000004773,79900
in_000000059497,cus_000000004775,29900
in_000000059535,cus_000000004779,79900
in_000000059562,cus_000000004784,79900
in_000000059598,cus_000000004787,199900
in_000000059629,cus_000000004788,29900
in_000000059647,cus_000000004789,79900
in_000000059686,cus_000000004791,199900
in_000000059718,cus_000000004799,29900
in_000000059742,cus_000000004800,9900
in_000000059768,cus_000000004803,29900
in_000000059791,cus_000000004804,29900
in_000000059808,cus_000000004805,79900
in_000000059837,cus_000000004808,9900
in_000000059856,cus_000000004810,79900
in_000000059872,cus_000000004813,9900
in_000000059904,cus_000000004814,9900
in_000000059928,cus_000000004817,29900
in_000000059948,cus_000000004819,79900
in_000000059983,cus_000000004820,9900
in_000000060014,cus_000000004821,29900
in_000000060039,cus_000000004822,9900
in_000000060046,cus_000000004823,29900
in_000000060058,cus_000000004824,79900
in_000000060081,cus_000000004826,9900
in_000000060094,cus_000000004828,29900
in_000000060126,cus_000000004831,29900
in_000000060134,cus_000000004832,299000
in_000000060141,cus_000000004833,9900
in_000000060178,cus_000000004835,9900
in_000000060192,cus_000000004838,9900
in_000000060203,cus_000000004839,29900
in_000000060214,cus_000000004842,79900
in_000000060249,cus_000000004844,9900
in_000000060268,cus_000000004845,9900
in_000000060302,cus_000000004846,29900
in_000000060338,cus_000000004847,29900
in_000000060346,cus_000000004848,29900
in_000000060379,cus_000000004850,9900
in_000000060406,cus_000000004852,29900
in_000000060424,cus_000000004853,79900
in_000000060460,cus_000000004856,9900
in_000000060485,cus_000000004859,9900
in_000000060512,cus_000000004862,9900
in_000000060537,cus_000000004865,9900
in_000000060552,cus_000000004867,9900
in_000000060591,cus_000000004869,9900
in_000000060621,cus_000000004874,9900
in_000000060641,cus_000000004876,9900
in_000000060675,cus_000000004879,9900
in_000000060723,cus_000000004888,9900
in_000000060736,cus_000000004891,9900
in_000000060785,cus_000000004896,9900
in_000000060806,cus_000000004897,9900
in_000000060834,cus_000000004900,9900
in_000000060869,cus_000000004901,9900
in_000000060898,cus_000000004903,29900
in_000000060933,cus_000000004905,79900
in_000000060960,cus_000000004908,9900
in_000000060975,cus_000000004910,9900
in_000000061014,cus_000000004912,29900
in_000000061035,cus_000000004913,79900
in_000000061059,cus_000000004915,79900
in_000000061091,cus_000000004917,9900
in_000000061113,cus_000000004920,99000
in_000000061119,cus_000000004922,9900
in_000000061136,cus_000000004924,79900
in_000000061149,cus_000000004925,9900
in_000000061182,cus_000000004926,29900
in_000000061208,cus_000000004927,79900
in_000000061241,cus_000000004930,9900
in_000000061295,cus_000000004933,79900
in_000000061317,cus_000000004934,9900
in_000000061347,cus_000000004935,199900
in_000000061367,cus_000000004936,9900
in_000000061401,cus_000000004937,29900
in_000000061431,cus_000000004940,9900
in_000000061439,cus_000000004941,9900
in_000000061467,cus_000000004942,29900
in_000000061498,cus_000000004943,29900
in_000000061512,cus_000000004945,29900
in_000000061522,cus_000000004947,9900
in_000000061554,cus_000000004948,79900
in_000000061564,cus_000000004949,29900
in_000000061598,cus_000000004950,199900
in_000000061631,cus_000000004951,79900
in_000000061657,cus_000000004952,9900
in_000000061666,cus_000000004954,299000
in_000000061678,cus_000000004956,199900
in_000000061729,cus_000000004959,9900
in_000000061765,cus_000000004960,9900
in_000000061782,cus_000000004961,9900
in_000000061807,cus_000000004962,9900
in_000000061814,cus_000000004963,299000
in_000000061823,cus_000000004964,9900
in_000000061860,cus_000000004968,9900
in_000000061872,cus_000000004969,29900
in_000000061883,cus_000000004971,299000
in_000000061887,cus_000000004972,9900
in_000000061920,cus_000000004974,29900
in_000000061964,cus_000000004977,29900
in_000000061993,cus_000000004978,79900
in_000000062001,cus_000000004979,9900
in_000000062020,cus_000000004981,29900
in_000000062048,cus_000000004982,9900
in_000000062070,cus_000000004983,29900
in_000000062083,cus_000000004984,9900
in_000000062113,cus_000000004990,9900
in_000000062135,cus_000000004991,29900
in_000000062166,cus_000000004993,9900
in_000000062185,cus_000000004994,29900
in_000000062217,cus_000000004995,199900
in_000000062228,cus_000000004997,1999000
in_000000062250,cus_000000005000,9900
in_000000062276,cus_000000005001,79900
in_000000062307,cus_000000005002,9900
in_000000062317,cus_000000005003,29900
in_000000062325,cus_000000005004,9900
in_000000062355,cus_000000005006,29900
in_000000062376,cus_000000005011,9900
in_000000062408,cus_000000005013,9900
in_000000062422,cus_000000005017,29900
in_000000062457,cus_000000005019,29900
in_000000062484,cus_000000005020,9900
in_000000062505,cus_000000005022,9900
in_000000062534,cus_000000005024,9900
in_000000062571,cus_000000005027,199900
in_000000062582,cus_000000005028,29900
in_000000062593,cus_000000005030,9900
in_000000062606,cus_000000005032,9900
in_000000062623,cus_000000005033,9900
in_000000062655,cus_000000005036,9900
in_000000062667,cus_000000005037,9900
in_000000062683,cus_000000005041,9900
in_000000062703,cus_000000005042,29900
in_000000062726,cus_000000005043,9900
in_000000062743,cus_000000005044,9900
in_000000062776,cus_000000005046,79900
in_000000062805,cus_000000005047,9900
in_000000062826,cus_000000005049,9900
in_000000062864,cus_000000005051,79900
in_000000062901,cus_000000005056,29900
in_000000062932,cus_000000005057,9900
in_000000062947,cus_000000005059,29900
in_000000062956,cus_000000005060,79900
in_000000062992,cus_000000005061,79900
in_000000063028,cus_000000005062,9900
in_000000063048,cus_000000005065,29900
in_000000063071,cus_000000005067,9900
in_000000063102,cus_000000005068,79900
in_000000063123,cus_000000005069,9900
in_000000063142,cus_000000005070,29900
in_000000063152,cus_000000005072,9900
in_000000063181,cus_000000005074,199900
in_000000063191,cus_000000005076,299000
in_000000063195,cus_000000005077,9900
in_000000063234,cus_000000005080,29900
in_000000063255,cus_000000005082,29900
in_000000063275,cus_000000005083,199900
in_000000063287,cus_000000005084,29900
in_000000063314,cus_000000005086,9900
in_000000063322,cus_000000005087,79900
in_000000063353,cus_000000005089,9900
in_000000063373,cus_000000005090,29900
in_000000063408,cus_000000005092,29900
in_000000063420,cus_000000005093,9900
in_000000063439,cus_000000005095,29900
in_000000063451,cus_000000005096,29900
in_000000063484,cus_000000005101,29900
in_000000063505,cus_000000005106,29900
in_000000063557,cus_000000005111,9900
in_000000063581,cus_000000005113,9900
in_000000063611,cus_000000005118,99000
in_000000063645,cus_000000005123,29900
in_000000063675,cus_000000005124,9900
in_000000063697,cus_000000005126,79900
in_000000063730,cus_000000005127,9900
in_000000063737,cus_000000005128,29900
in_000000063759,cus_000000005132,9900
in_000000063776,cus_000000005134,9900
in_000000063799,cus_000000005136,199900
in_000000063809,cus_000000005138,99000
in_000000063815,cus_000000005140,9900
in_000000063836,cus_000000005141,9900
in_000000063856,cus_000000005143,29900
in_000000063868,cus_000000005144,9900
in_000000063901,cus_000000005145,9900
in_000000063935,cus_000000005146,79900
in_000000063992,cus_000000005152,29900
in_000000064014,cus_000000005155,9900
in_000000064071,cus_000000005165,29900
in_000000064080,cus_000000005167,99000
in_000000064114,cus_000000005169,9900
in_000000064131,cus_000000005170,29900
in_000000064150,cus_000000005172,9900
in_000000064166,cus_000000005173,29900
in_000000064201,cus_000000005174,9900
in_000000064226,cus_000000005175,9900
in_000000064242,cus_000000005178,29900
in_000000064261,cus_000000005179,9900
in_000000064283,cus_000000005181,199900
in_000000064312,cus_000000005182,29900
in_000000064319,cus_000000005183,9900
in_000000064322,cus_000000005184,99000
in_000000064355,cus_000000005190,9900
in_000000064386,cus_000000005191,9900
in_000000064396,cus_000000005192,9900
in_000000064424,cus_000000005193,9900
in_000000064458,cus_000000005194,29900
in_000000064480,cus_000000005195,199900
in_000000064492,cus_000000005199,29900
in_000000064512,cus_000000005204,9900
in_000000064519,cus_000000005205,29900
in_000000064559,cus_000000005207,9900
in_000000064576,cus_000000005208,29900
in_000000064580,cus_000000005209,99000
in_000000064586,cus_000000005211,29900
in_000000064613,cus_000000005214,79900
in_000000064647,cus_000000005217,9900
in_000000064677,cus_000000005218,29900
in_000000064705,cus_000000005219,9900
in_000000064734,cus_000000005220,9900
in_000000064753,cus_000000005221,29900
in_000000064820,cus_000000005226,29900
in_000000064855,cus_000000005228,199900
in_000000064896,cus_000000005231,9900
in_000000064927,cus_000000005232,29900
in_000000064947,cus_000000005233,9900
in_000000064985,cus_000000005235,9900
in_000000064995,cus_000000005238,29900
in_000000065015,cus_000000005241,9900
in_000000065051,cus_000000005242,29900
in_000000065081,cus_000000005243,9900
in_000000065090,cus_000000005244,29900
in_000000065127,cus_000000005246,29900
in_000000065151,cus_000000005247,9900
in_000000065166,cus_000000005248,79900
in_000000065175,cus_000000005249,199900
in_000000065247,cus_000000005254,79900
in_000000065278,cus_000000005255,9900
in_000000065289,cus_000000005256,9900
in_000000065308,cus_000000005257,199900
in_000000065325,cus_000000005258,9900
in_000000065358,cus_000000005262,79900
in_000000065383,cus_000000005263,9900
in_000000065407,cus_000000005264,29900
in_000000065452,cus_000000005266,79900
in_000000065472,cus_000000005267,9900
in_000000065499,cus_000000005268,9900
in_000000065529,cus_000000005271,9900
in_000000065538,cus_000000005272,9900
in_000000065569,cus_000000005273,79900
in_000000065597,cus_000000005276,9900
in_000000065642,cus_000000005282,9900
in_000000065657,cus_000000005283,9900
in_000000065672,cus_000000005289,9900
in_000000065719,cus_000000005292,29900
in_000000065730,cus_000000005293,9900
in_000000065739,cus_000000005294,99000
in_000000065747,cus_000000005295,29900
in_000000065792,cus_000000005299,29900
in_000000065801,cus_000000005300,9900
in_000000065854,cus_000000005305,29900
in_000000065869,cus_000000005306,79900
in_000000065885,cus_000000005310,79900
in_000000065919,cus_000000005311,29900
in_000000065941,cus_000000005312,9900
in_000000065987,cus_000000005315,9900
in_000000066026,cus_000000005317,9900
in_000000066047,cus_000000005321,9900
in_000000066083,cus_000000005322,9900
in_000000066097,cus_000000005326,799000
in_000000066116,cus_000000005328,9900
in_000000066137,cus_000000005335,299000
in_000000066140,cus_000000005337,9900
in_000000066164,cus_000000005340,79900
in_000000066188,cus_000000005343,79900
in_000000066213,cus_000000005344,79900
in_000000066237,cus_000000005346,9900
in_000000066246,cus_000000005349,29900
in_000000066261,cus_000000005350,9900
in_000000066279,cus_000000005353,299000
in_000000066301,cus_000000005356,29900
in_000000066337,cus_000000005357,9900
in_000000066344,cus_000000005358,199900
in_000000066356,cus_000000005360,29900
in_000000066367,cus_000000005361,9900
in_000000066391,cus_000000005362,9900
in_000000066429,cus_000000005371,29900
in_000000066464,cus_000000005374,9900
in_000000066516,cus_000000005379,79900
in_000000066543,cus_000000005381,29900
in_000000066577,cus_000000005382,79900
in_000000066615,cus_000000005384,9900
in_000000066627,cus_000000005386,29900
in_000000066654,cus_000000005387,199900
in_000000066691,cus_000000005389,199900
in_000000066698,cus_000000005390,99000
in_000000066700,cus_000000005392,799000
in_000000066705,cus_000000005394,79900
in_000000066741,cus_000000005396,79900
in_000000066750,cus_000000005397,1999000
in_000000066772,cus_000000005399,9900
in_000000066796,cus_000000005400,9900
in_000000066824,cus_000000005402,79900
in_000000066857,cus_000000005404,29900
in_000000066886,cus_000000005406,9900
in_000000066898,cus_000000005407,9900
in_000000066919,cus_000000005408,9900
in_000000066950,cus_000000005409,29900
in_000000066974,cus_000000005410,29900
in_000000067008,cus_000000005411,79900
in_000000067028,cus_000000005417,29900
in_000000067080,cus_000000005421,29900
in_000000067101,cus_000000005422,9900
in_000000067114,cus_000000005424,9900
in_000000067150,cus_000000005425,79900
in_000000067160,cus_000000005427,9900
in_000000067195,cus_000000005430,9900
in_000000067229,cus_000000005431,79900
in_000000067265,cus_000000005434,29900
in_000000067272,cus_000000005435,299000
in_000000067283,cus_000000005436,9900
in_000000067302,cus_000000005437,29900
in_000000067336,cus_000000005438,79900
in_000000067352,cus_000000005439,79900
in_000000067382,cus_000000005440,9900
in_000000067419,cus_000000005444,9900
in_000000067429,cus_000000005445,29900
in_000000067471,cus_000000005447,29900
in_000000067483,cus_000000005449,29900
in_000000067525,cus_000000005454,199900
in_000000067555,cus_000000005455,9900
in_000000067580,cus_000000005456,29900
in_000000067611,cus_000000005458,9900
in_000000067626,cus_000000005461,9900
in_000000067661,cus_000000005464,29900
in_000000067682,cus_000000005465,9900
in_000000067719,cus_000000005467,9900
in_000000067722,cus_000000005468,29900
in_000000067753,cus_000000005472,9900
in_000000067774,cus_000000005473,9900
in_000000067803,cus_000000005474,9900
in_000000067827,cus_000000005476,29900
in_000000067850,cus_000000005477,29900
in_000000067878,cus_000000005480,9900
in_000000067892,cus_000000005481,9900
in_000000067922,cus_000000005483,9900
in_000000067931,cus_000000005485,9900
in_000000067939,cus_000000005486,9900
in_000000067974,cus_000000005487,9900
in_000000068018,cus_000000005494,29900
in_000000068045,cus_000000005496,9900
in_000000068065,cus_000000005498,9900
in_000000068082,cus_000000005501,79900
in_000000068117,cus_000000005503,9900
in_000000068159,cus_000000005508,29900
in_000000068187,cus_000000005510,79900
in_000000068238,cus_000000005513,9900
in_000000068248,cus_000000005516,199900
in_000000068264,cus_000000005517,199900
in_000000068298,cus_000000005518,29900
in_000000068312,cus_000000005519,29900
in_000000068320,cus_000000005520,79900
in_000000068352,cus_000000005522,9900
in_000000068390,cus_000000005525,199900
in_000000068407,cus_000000005527,9900
in_000000068426,cus_000000005528,9900
in_000000068462,cus_000000005535,79900
in_000000068493,cus_000000005536,9900
in_000000068519,cus_000000005537,79900
in_000000068529,cus_000000005539,9900
in_000000068569,cus_000000005542,9900
in_000000068600,cus_000000005544,29900
in_000000068617,cus_000000005545,9900
in_000000068647,cus_000000005547,29900
in_000000068682,cus_000000005548,29900
in_000000068723,cus_000000005552,9900
in_000000068730,cus_000000005553,799000
in_000000068739,cus_000000005554,29900
in_000000068757,cus_000000005555,9900
in_000000068771,cus_000000005558,9900
in_000000068802,cus_000000005559,9900
in_000000068833,cus_000000005563,9900
in_000000068859,cus_000000005568,79900
in_000000068893,cus_000000005569,79900
in_000000068916,cus_000000005570,79900
in_000000068930,cus_000000005572,29900
in_000000068967,cus_000000005574,9900
in_000000068997,cus_000000005575,9900
in_000000069033,cus_000000005576,9900
in_000000069055,cus_000000005577,9900
in_000000069105,cus_000000005579,29900
in_000000069131,cus_000000005581,29900
in_000000069164,cus_000000005582,9900
in_000000069192,cus_000000005583,199900
in_000000069212,cus_000000005584,9900
in_000000069252,cus_000000005587,9900
in_000000069274,cus_000000005589,9900
in_000000069292,cus_000000005591,79900
in_000000069320,cus_000000005594,29900
in_000000069340,cus_000000005596,9900
in_000000069376,cus_000000005597,9900
in_000000069393,cus_000000005599,9900
in_000000069409,cus_000000005601,79900
in_000000069425,cus_000000005602,79900
in_000000069449,cus_000000005604,29900
in_000000069482,cus_000000005605,29900
in_000000069517,cus_000000005606,29900
in_000000069541,cus_000000005607,79900
in_000000069549,cus_000000005610,99000
in_000000069566,cus_000000005611,199900
in_000000069601,cus_000000005612,29900
in_000000069635,cus_000000005616,9900
in_000000069668,cus_000000005617,29900
in_000000069691,cus_000000005618,79900
in_000000069724,cus_000000005620,29900
in_000000069793,cus_000000005623,9900
in_000000069825,cus_000000005625,9900
in_000000069850,cus_000000005627,9900
in_000000069887,cus_000000005629,9900
in_000000069894,cus_000000005630,9900
in_000000069931,cus_000000005632,29900
in_000000069963,cus_000000005633,199900
in_000000069991,cus_000000005635,9900
in_000000070003,cus_000000005638,79900
in_000000070017,cus_000000005640,79900
in_000000070035,cus_000000005643,9900
in_000000070057,cus_000000005646,9900
in_000000070079,cus_000000005647,79900
in_000000070092,cus_000000005648,79900
in_000000070113,cus_000000005649,29900
in_000000070135,cus_000000005651,29900
in_000000070165,cus_000000005652,9900
in_000000070196,cus_000000005654,29900
in_000000070226,cus_000000005655,9900
in_000000070234,cus_000000005656,79900
in_000000070250,cus_000000005661,9900
in_000000070270,cus_000000005662,9900
in_000000070286,cus_000000005663,79900
in_000000070318,cus_000000005665,29900
in_000000070335,cus_000000005668,29900
in_000000070366,cus_000000005669,29900
in_000000070405,cus_000000005672,79900
in_000000070437,cus_000000005674,29900
in_000000070452,cus_000000005675,79900
in_000000070487,cus_000000005677,29900
in_000000070495,cus_000000005678,199900
in_000000070524,cus_000000005680,29900
in_000000070556,cus_000000005683,9900
in_000000070588,cus_000000005686,9900
in_000000070609,cus_000000005687,29900
in_000000070638,cus_000000005688,9900
in_000000070680,cus_000000005693,79900
in_000000070712,cus_000000005698,9900
in_000000070727,cus_000000005699,9900
in_000000070745,cus_000000005701,29900
in_000000070770,cus_000000005702,29900
in_000000070796,cus_000000005706,29900
in_000000070825,cus_000000005707,29900
in_000000070835,cus_000000005713,79900
in_000000070854,cus_000000005714,29900
in_000000070880,cus_000000005716,9900
in_000000070902,cus_000000005718,29900
in_000000070911,cus_000000005719,9900
in_000000070929,cus_000000005720,79900
in_000000070958,cus_000000005721,9900
in_000000070969,cus_000000005723,29900
in_000000070989,cus_000000005724,79900
in_000000071006,cus_000000005727,29900
in_000000071014,cus_000000005728,29900
in_000000071052,cus_000000005730,29900
in_000000071073,cus_000000005732,9900
in_000000071105,cus_000000005735,29900
in_000000071125,cus_000000005736,29900
in_000000071145,cus_000000005737,9900
in_000000071165,cus_000000005738,29900
in_000000071201,cus_000000005740,79900
in_000000071221,cus_000000005743,199900
in_000000071222,cus_000000005744,79900
in_000000071253,cus_000000005745,29900
in_000000071273,cus_000000005746,9900
in_000000071291,cus_000000005748,199900
in_000000071324,cus_000000005750,9900
in_000000071368,cus_000000005757,199900
in_000000071391,cus_000000005758,9900
in_000000071437,cus_000000005764,29900
in_000000071468,cus_000000005765,29900
in_000000071503,cus_000000005766,199900
in_000000071533,cus_000000005768,9900
in_000000071554,cus_000000005769,9900
in_000000071562,cus_000000005770,29900
in_000000071575,cus_000000005773,9900
in_000000071585,cus_000000005775,9900
in_000000071596,cus_000000005777,799000
in_000000071615,cus_000000005779,79900
in_000000071672,cus_000000005785,9900
in_000000071704,cus_000000005787,9900
in_000000071717,cus_000000005791,299000
in_000000071730,cus_000000005794,79900
in_000000071737,cus_000000005795,9900
in_000000071766,cus_000000005797,9900
in_000000071794,cus_000000005798,9900
in_000000071822,cus_000000005801,79900
in_000000071856,cus_000000005802,29900
in_000000071872,cus_000000005803,9900
in_000000071904,cus_000000005804,29900
in_000000071915,cus_000000005806,79900
in_000000071938,cus_000000005807,9900
in_000000071954,cus_000000005810,79900
in_000000071984,cus_000000005811,29900
in_000000071999,cus_000000005812,9900
in_000000072009,cus_000000005814,9900
in_000000072084,cus_000000005817,9900
in_000000072111,cus_000000005818,199900
in_000000072138,cus_000000005819,199900
in_000000072166,cus_000000005821,9900
in_000000072199,cus_000000005826,199900
in_000000072208,cus_000000005827,9900
in_000000072235,cus_000000005831,9900
in_000000072258,cus_000000005833,29900
in_000000072289,cus_000000005834,9900
in_000000072314,cus_000000005836,9900
in_000000072344,cus_000000005837,29900
in_000000072378,cus_000000005839,9900
in_000000072413,cus_000000005841,29900
in_000000072442,cus_000000005843,9900
in_000000072478,cus_000000005844,79900
in_000000072515,cus_000000005850,9900
in_000000072542,cus_000000005851,9900
in_000000072578,cus_000000005853,29900
in_000000072601,cus_000000005855,9900
in_000000072638,cus_000000005857,29900
in_000000072673,cus_000000005858,29900
in_000000072687,cus_000000005861,9900
in_000000072728,cus_000000005865,9900
in_000000072759,cus_000000005867,29900
in_000000072765,cus_000000005869,9900
in_000000072796,cus_000000005870,29900
in_000000072804,cus_000000005871,299000
in_000000072838,cus_000000005875,29900
in_000000072871,cus_000000005876,9900
in_000000072905,cus_000000005877,29900
in_000000072925,cus_000000005879,9900
in_000000072949,cus_000000005880,29900
in_000000072999,cus_000000005886,9900
in_000000073035,cus_000000005887,29900
in_000000073054,cus_000000005888,9900
in_000000073076,cus_000000005889,29900
in_000000073102,cus_000000005891,29900
in_000000073124,cus_000000005892,9900
in_000000073149,cus_000000005894,199900
in_000000073163,cus_000000005895,9900
in_000000073189,cus_000000005899,29900
in_000000073215,cus_000000005900,29900
in_000000073247,cus_000000005901,29900
in_000000073313,cus_000000005906,79900
in_000000073324,cus_000000005907,29900
in_000000073337,cus_000000005908,9900
in_000000073348,cus_000000005909,9900
in_000000073371,cus_000000005910,29900
in_000000073380,cus_000000005911,299000
in_000000073386,cus_000000005914,29900
in_000000073416,cus_000000005916,29900
in_000000073436,cus_000000005917,9900
in_000000073466,cus_000000005921,9900
in_000000073494,cus_000000005923,9900
in_000000073502,cus_000000005924,9900
in_000000073525,cus_000000005925,9900
in_000000073563,cus_000000005929,9900
in_000000073598,cus_000000005930,9900
in_000000073634,cus_000000005932,79900
in_000000073665,cus_000000005933,29900
in_000000073673,cus_000000005934,1999000
in_000000073720,cus_000000005940,29900
in_000000073743,cus_000000005942,9900
in_000000073767,cus_000000005943,9900
in_000000073777,cus_000000005945,9900
in_000000073815,cus_000000005947,29900
in_000000073823,cus_000000005948,199900
in_000000073841,cus_000000005950,9900
in_000000073878,cus_000000005955,79900
in_000000073886,cus_000000005956,29900
in_000000073890,cus_000000005957,9900
in_000000073914,cus_000000005959,199900
in_000000073924,cus_000000005960,29900
in_000000073957,cus_000000005962,9900
in_000000073976,cus_000000005964,29900
in_000000074003,cus_000000005965,9900
in_000000074020,cus_000000005970,9900
in_000000074036,cus_000000005972,9900
in_000000074055,cus_000000005973,79900
in_000000074076,cus_000000005974,29900
in_000000074112,cus_000000005975,9900
in_000000074146,cus_000000005976,79900
in_000000074173,cus_000000005977,9900
in_000000074200,cus_000000005983,29900
in_000000074208,cus_000000005984,9900
in_000000074228,cus_000000005985,79900
in_000000074254,cus_000000005986,29900
in_000000074274,cus_000000005988,79900
in_000000074296,cus_000000005991,9900
in_000000074332,cus_000000006001,299000
in_000000074347,cus_000000006003,79900
in_000000074363,cus_000000006008,99000
in_000000074382,cus_000000006009,9900
in_000000074424,cus_000000006014,9900
in_000000074456,cus_000000006015,79900
in_000000074466,cus_000000006017,99000
in_000000074499,cus_000000006021,9900
in_000000074531,cus_000000006022,199900
in_000000074559,cus_000000006023,29900
in_000000074580,cus_000000006025,29900
in_000000074607,cus_000000006026,79900
in_000000074622,cus_000000006027,29900
in_000000074639,cus_000000006028,9900
in_000000074673,cus_000000006029,29900
in_000000074751,cus_000000006037,79900
in_000000074781,cus_000000006038,199900
in_000000074825,cus_000000006045,9900
in_000000074834,cus_000000006046,29900
in_000000074847,cus_000000006047,29900
in_000000074867,cus_000000006049,9900
in_000000074889,cus_000000006050,9900
in_000000074896,cus_000000006051,9900
in_000000074912,cus_000000006052,199900
in_000000074935,cus_000000006053,29900
in_000000074965,cus_000000006054,9900
in_000000074976,cus_000000006055,9900
in_000000075010,cus_000000006056,79900
in_000000075041,cus_000000006057,9900
in_000000075070,cus_000000006058,9900
in_000000075087,cus_000000006059,29900
in_000000075126,cus_000000006062,199900
in_000000075137,cus_000000006063,9900
in_000000075146,cus_000000006065,9900
in_000000075180,cus_000000006068,9900
in_000000075206,cus_000000006069,29900
in_000000075234,cus_000000006070,79900
in_000000075267,cus_000000006072,79900
in_000000075288,cus_000000006073,9900
in_000000075334,cus_000000006077,199900
in_000000075371,cus_000000006079,9900
in_000000075408,cus_000000006083,79900
in_000000075423,cus_000000006084,29900
in_000000075459,cus_000000006085,29900
in_000000075494,cus_000000006086,79900
in_000000075516,cus_000000006087,199900
in_000000075536,cus_000000006091,29900
in_000000075556,cus_000000006092,29900
in_000000075599,cus_000000006096,9900
in_000000075615,cus_000000006099,9900
in_000000075637,cus_000000006100,9900
in_000000075665,cus_000000006102,9900
in_000000075674,cus_000000006103,29900
in_000000075682,cus_000000006104,299000
in_000000075728,cus_000000006109,29900
in_000000075758,cus_000000006110,9900
in_000000075765,cus_000000006111,99000
in_000000075787,cus_000000006112,9900
in_000000075803,cus_000000006114,29900
in_000000075853,cus_000000006117,199900
in_000000075877,cus_000000006119,9900
in_000000075902,cus_000000006121,9900
in_000000075945,cus_000000006125,9900
in_000000075972,cus_000000006126,9900
in_000000076001,cus_000000006127,9900
in_000000076046,cus_000000006131,29900
in_000000076115,cus_000000006137,29900
in_000000076133,cus_000000006138,9900
in_000000076169,cus_000000006142,9900
in_000000076199,cus_000000006143,9900
in_000000076209,cus_000000006145,29900
in_000000076242,cus_000000006147,9900
in_000000076277,cus_000000006151,199900
in_000000076293,cus_000000006152,9900
in_000000076320,cus_000000006153,29900
in_000000076354,cus_000000006154,79900
in_000000076389,cus_000000006155,9900
in_000000076409,cus_000000006156,9900
in_000000076425,cus_000000006158,9900
in_000000076470,cus_000000006162,29900
in_000000076503,cus_000000006163,29900
in_000000076523,cus_000000006164,79900
in_000000076556,cus_000000006165,9900
in_000000076584,cus_000000006168,9900
in_000000076632,cus_000000006172,79900
in_000000076650,cus_000000006173,29900
in_000000076686,cus_000000006174,79900
in_000000076693,cus_000000006175,29900
in_000000076736,cus_000000006180,9900
in_000000076747,cus_000000006182,9900
in_000000076769,cus_000000006185,79900
in_000000076786,cus_000000006188,29900
in_000000076807,cus_000000006193,9900
in_000000076820,cus_000000006194,29900
in_000000076840,cus_000000006196,9900
in_000000076876,cus_000000006199,9900
in_000000076912,cus_000000006200,29900
in_000000076938,cus_000000006201,79900
in_000000076966,cus_000000006204,9900
in_000000076989,cus_000000006210,299000
in_000000077009,cus_000000006212,199900
in_000000077039,cus_000000006214,9900
in_000000077069,cus_000000006216,9900
in_000000077078,cus_000000006217,9900
in_000000077095,cus_000000006218,9900
in_000000077129,cus_000000006221,9900
in_000000077139,cus_000000006223,9900
in_000000077161,cus_000000006224,79900
in_000000077178,cus_000000006226,9900
in_000000077199,cus_000000006228,9900
in_000000077217,cus_000000006229,29900
in_000000077247,cus_000000006230,9900
in_000000077264,cus_000000006231,9900
in_000000077299,cus_000000006232,79900
in_000000077341,cus_000000006236,9900
in_000000077353,cus_000000006237,29900
in_000000077370,cus_000000006239,29900
in_000000077401,cus_000000006242,29900
in_000000077421,cus_000000006245,79900
in_000000077494,cus_000000006249,9900
in_000000077528,cus_000000006250,29900
in_000000077563,cus_000000006253,29900
in_000000077589,cus_000000006255,9900
in_000000077598,cus_000000006256,9900
in_000000077607,cus_000000006257,9900
in_000000077627,cus_000000006258,9900
in_000000077637,cus_000000006259,9900
in_000000077658,cus_000000006260,9900
in_000000077692,cus_000000006261,199900
in_000000077716,cus_000000006264,9900
in_000000077755,cus_000000006266,79900
in_000000077764,cus_000000006267,9900
in_000000077787,cus_000000006268,29900
in_000000077812,cus_000000006269,79900
in_000000077825,cus_000000006271,29900
in_000000077860,cus_000000006272,9900
in_000000077874,cus_000000006275,1999000
in_000000077893,cus_000000006276,9900
in_000000077931,cus_000000006280,9900
in_000000077960,cus_000000006285,9900
in_000000078002,cus_000000006289,79900
in_000000078037,cus_000000006291,9900
in_000000078077,cus_000000006294,9900
in_000000078090,cus_000000006297,9900
in_000000078108,cus_000000006301,9900
in_000000078129,cus_000000006302,29900
in_000000078151,cus_000000006303,9900
in_000000078182,cus_000000006306,9900
in_000000078196,cus_000000006308,299000
in_000000078215,cus_000000006309,29900
in_000000078263,cus_000000006313,9900
in_000000078285,cus_000000006314,9900
in_000000078306,cus_000000006318,9900
in_000000078333,cus_000000006320,199900
in_000000078387,cus_000000006323,9900
in_000000078394,cus_000000006325,99000
in_000000078402,cus_000000006329,9900
in_000000078449,cus_000000006334,79900
in_000000078493,cus_000000006340,29900
in_000000078502,cus_000000006341,99000
in_000000078519,cus_000000006342,9900
in_000000078526,cus_000000006343,9900
in_000000078537,cus_000000006344,29900
in_000000078549,cus_000000006346,79900
in_000000078572,cus_000000006348,9900
in_000000078603,cus_000000006349,29900
in_000000078630,cus_000000006350,29900
in_000000078663,cus_000000006353,9900
in_000000078689,cus_000000006358,9900
in_000000078727,cus_000000006360,9900
in_000000078771,cus_000000006364,29900
in_000000078804,cus_000000006365,9900
in_000000078825,cus_000000006367,79900
in_000000078837,cus_000000006368,29900
in_000000078864,cus_000000006370,9900
in_000000078897,cus_000000006371,9900
in_000000078922,cus_000000006373,29900
in_000000078944,cus_000000006374,9900
in_000000078954,cus_000000006375,79900
in_000000078971,cus_000000006376,29900
in_000000079010,cus_000000006379,79900
in_000000079022,cus_000000006382,9900
in_000000079050,cus_000000006385,29900
in_000000079093,cus_000000006392,79900
in_000000079116,cus_000000006393,9900
in_000000079124,cus_000000006394,79900
in_000000079141,cus_000000006395,9900
in_000000079177,cus_000000006397,79900
in_000000079198,cus_000000006398,29900
in_000000079222,cus_000000006399,29900
in_000000079255,cus_000000006400,9900
in_000000079286,cus_000000006406,29900
in_000000079303,cus_000000006407,9900
in_000000079331,cus_000000006408,9900
in_000000079343,cus_000000006409,9900
in_000000079375,cus_000000006411,9900
in_000000079398,cus_000000006412,9900
in_000000079415,cus_000000006417,29900
in_000000079442,cus_000000006418,29900
in_000000079457,cus_000000006419,9900
in_000000079476,cus_000000006421,9900
in_000000079504,cus_000000006424,9900
in_000000079523,cus_000000006427,79900
in_000000079538,cus_000000006430,9900
in_000000079555,cus_000000006432,29900
in_000000079589,cus_000000006433,79900
in_000000079619,cus_000000006435,29900
in_000000079655,cus_000000006436,9900
in_000000079670,cus_000000006439,9900
in_000000079706,cus_000000006440,79900
in_000000079737,cus_000000006442,29900
in_000000079757,cus_000000006444,29900
in_000000079782,cus_000000006445,29900
in_000000079810,cus_000000006446,9900
in_000000079821,cus_000000006447,29900
in_000000079847,cus_000000006448,29900
in_000000079880,cus_000000006450,9900
in_000000079907,cus_000000006452,9900
in_000000079941,cus_000000006456,9900
in_000000079958,cus_000000006459,9900
in_000000079988,cus_000000006461,79900
in_000000080024,cus_000000006462,199900
in_000000080056,cus_000000006463,29900
in_000000080073,cus_000000006464,29900
in_000000080085,cus_000000006465,9900
in_000000080140,cus_000000006469,9900
in_000000080158,cus_000000006470,79900
in_000000080185,cus_000000006471,199900
in_000000080194,cus_000000006472,9900
in_000000080215,cus_000000006473,79900
in_000000080241,cus_000000006478,9900
in_000000080259,cus_000000006481,29900
in_000000080311,cus_000000006485,9900
in_000000080355,cus_000000006490,9900
in_000000080420,cus_000000006494,29900
in_000000080436,cus_000000006496,79900
in_000000080466,cus_000000006497,9900
in_000000080483,cus_000000006498,79900
in_000000080505,cus_000000006500,9900
in_000000080536,cus_000000006501,9900
in_000000080553,cus_000000006505,9900
in_000000080610,cus_000000006512,9900
in_000000080634,cus_000000006513,79900
in_000000080655,cus_000000006514,199900
in_000000080687,cus_000000006515,79900
in_000000080718,cus_000000006519,79900
in_000000080756,cus_000000006521,79900
in_000000080769,cus_000000006524,29900
in_000000080780,cus_000000006525,9900
in_000000080796,cus_000000006526,29900
in_000000080821,cus_000000006528,9900
in_000000080829,cus_000000006530,29900
in_000000080868,cus_000000006532,29900
in_000000080896,cus_000000006533,9900
in_000000080904,cus_000000006534,29900
in_000000080911,cus_000000006535,99000
in_000000080937,cus_000000006536,9900
in_000000080953,cus_000000006537,9900
in_000000080967,cus_000000006541,9900
in_000000080976,cus_000000006543,9900
in_000000080997,cus_000000006546,79900
in_000000081015,cus_000000006549,9900
in_000000081029,cus_000000006552,9900
in_000000081045,cus_000000006554,199900
in_000000081054,cus_000000006555,9900
in_000000081105,cus_000000006560,9900
in_000000081117,cus_000000006562,9900
in_000000081181,cus_000000006569,9900
in_000000081195,cus_000000006570,29900
in_000000081225,cus_000000006573,79900
in_000000081254,cus_000000006574,9900
in_000000081275,cus_000000006575,9900
in_000000081296,cus_000000006576,29900
in_000000081331,cus_000000006578,9900
in_000000081368,cus_000000006582,79900
in_000000081399,cus_000000006585,29900
in_000000081406,cus_000000006586,99000
in_000000081407,cus_000000006587,9900
in_000000081414,cus_000000006589,299000
in_000000081420,cus_000000006590,9900
in_000000081436,cus_000000006591,29900
in_000000081460,cus_000000006592,79900
in_000000081493,cus_000000006593,9900
in_000000081528,cus_000000006594,9900
in_000000081563,cus_000000006595,29900
in_000000081599,cus_000000006596,9900
in_000000081620,cus_000000006597,79900
in_000000081642,cus_000000006600,199900
in_000000081665,cus_000000006601,9900
in_000000081690,cus_000000006607,29900
in_000000081726,cus_000000006608,29900
in_000000081758,cus_000000006610,9900
in_000000081791,cus_000000006611,9900
in_000000081813,cus_000000006613,199900
in_000000081837,cus_000000006614,9900
in_000000081853,cus_000000006615,79900
in_000000081875,cus_000000006618,9900
in_000000081914,cus_000000006623,79900
in_000000081933,cus_000000006624,79900
in_000000081968,cus_000000006625,79900
in_000000081986,cus_000000006627,29900
in_000000082021,cus_000000006628,9900
in_000000082056,cus_000000006629,29900
in_000000082096,cus_000000006632,79900
in_000000082132,cus_000000006635,29900
in_000000082145,cus_000000006637,79900
in_000000082154,cus_000000006638,799000
in_000000082177,cus_000000006639,9900
in_000000082197,cus_000000006645,9900
in_000000082228,cus_000000006650,199900
in_000000082241,cus_000000006651,9900
in_000000082271,cus_000000006653,9900
in_000000082321,cus_000000006659,79900
in_000000082353,cus_000000006664,9900
in_000000082388,cus_000000006666,9900
in_000000082412,cus_000000006669,9900
in_000000082453,cus_000000006673,199900
in_000000082477,cus_000000006675,9900
in_000000082485,cus_000000006676,9900
in_000000082520,cus_000000006677,9900
in_000000082547,cus_000000006678,9900
in_000000082571,cus_000000006679,79900
in_000000082609,cus_000000006681,79900
in_000000082630,cus_000000006682,79900
in_000000082670,cus_000000006689,9900
in_000000082699,cus_000000006694,199900
in_000000082718,cus_000000006695,79900
in_000000082754,cus_000000006696,29900
in_000000082795,cus_000000006702,9900
in_000000082830,cus_000000006703,29900
in_000000082845,cus_000000006705,29900
in_000000082870,cus_000000006708,9900
in_000000082895,cus_000000006710,9900
in_000000082914,cus_000000006711,9900
in_000000082948,cus_000000006712,29900
in_000000082971,cus_000000006713,29900
in_000000083001,cus_000000006716,9900
in_000000083046,cus_000000006719,9900
in_000000083069,cus_000000006720,79900
in_000000083092,cus_000000006721,9900
in_000000083145,cus_000000006725,79900
in_000000083173,cus_000000006730,9900
in_000000083243,cus_000000006733,9900
in_000000083272,cus_000000006735,29900
in_000000083315,cus_000000006739,9900
in_000000083347,cus_000000006740,9900
in_000000083372,cus_000000006741,29900
in_000000083383,cus_000000006742,29900
in_000000083403,cus_000000006743,29900
in_000000083411,cus_000000006744,9900
in_000000083431,cus_000000006745,29900
in_000000083441,cus_000000006746,9900
in_000000083478,cus_000000006749,79900
in_000000083499,cus_000000006750,29900
in_000000083531,cus_000000006751,29900
in_000000083573,cus_000000006753,29900
in_000000083586,cus_000000006757,9900
in_000000083609,cus_000000006759,9900
in_000000083655,cus_000000006763,29900
in_000000083669,cus_000000006767,9900
in_000000083678,cus_000000006769,99000
in_000000083700,cus_000000006771,79900
in_000000083710,cus_000000006772,29900
in_000000083718,cus_000000006773,9900
in_000000083762,cus_000000006777,29900
in_000000083772,cus_000000006778,9900
in_000000083807,cus_000000006780,9900
in_000000083814,cus_000000006781,29900
in_000000083824,cus_000000006782,199900
in_000000083853,cus_000000006783,79900
in_000000083888,cus_000000006784,9900
in_000000083920,cus_000000006785,9900
in_000000083950,cus_000000006786,29900
in_000000083963,cus_000000006787,9900
in_000000083974,cus_000000006788,9900
in_000000083985,cus_000000006789,29900
in_000000084016,cus_000000006790,9900
in_000000084048,cus_000000006793,29900
in_000000084087,cus_000000006797,9900
in_000000084097,cus_000000006798,9900
in_000000084110,cus_000000006799,9900
in_000000084140,cus_000000006800,9900
in_000000084178,cus_000000006803,79900
in_000000084201,cus_000000006804,79900
in_000000084219,cus_000000006807,29900
in_000000084240,cus_000000006808,29900
in_000000084260,cus_000000006809,199900
in_000000084284,cus_000000006811,29900
in_000000084357,cus_000000006816,199900
in_000000084391,cus_000000006819,79900
in_000000084426,cus_000000006822,29900
in_000000084455,cus_000000006823,9900
in_000000084479,cus_000000006825,9900
in_000000084513,cus_000000006826,199900
in_000000084540,cus_000000006827,9900
in_000000084548,cus_000000006829,79900
in_000000084564,cus_000000006830,29900
in_000000084600,cus_000000006831,9900
in_000000084647,cus_000000006833,79900
in_000000084669,cus_000000006834,9900
in_000000084705,cus_000000006835,9900
in_000000084725,cus_000000006836,29900
in_000000084754,cus_000000006839,29900
in_000000084774,cus_000000006840,29900
in_000000084805,cus_000000006841,9900
in_000000084816,cus_000000006843,9900
in_000000084839,cus_000000006846,29900
in_000000084872,cus_000000006850,79900
in_000000084901,cus_000000006853,29900
in_000000084919,cus_000000006856,9900
in_000000084941,cus_000000006857,9900
in_000000084965,cus_000000006859,79900
in_000000084986,cus_000000006860,9900
in_000000085013,cus_000000006861,9900
in_000000085050,cus_000000006863,9900
in_000000085067,cus_000000006865,9900
in_000000085076,cus_000000006866,29900
in_000000085087,cus_000000006868,9900
in_000000085115,cus_000000006871,9900
in_000000085123,cus_000000006872,9900
in_000000085147,cus_000000006873,9900
in_000000085157,cus_000000006874,9900
in_000000085184,cus_000000006876,9900
in_000000085193,cus_000000006877,29900
in_000000085217,cus_000000006878,29900
in_000000085236,cus_000000006882,29900
in_000000085262,cus_000000006884,9900
in_000000085284,cus_000000006886,29900
in_000000085291,cus_000000006887,9900
in_000000085335,cus_000000006890,9900
in_000000085344,cus_000000006891,29900
in_000000085374,cus_000000006894,79900
in_000000085389,cus_000000006895,79900
in_000000085407,cus_000000006897,9900
in_000000085442,cus_000000006900,9900
in_000000085468,cus_000000006901,9900
in_000000085506,cus_000000006903,79900
in_000000085549,cus_000000006906,9900
in_000000085579,cus_000000006909,29900
in_000000085628,cus_000000006911,9900
in_000000085644,cus_000000006912,29900
in_000000085679,cus_000000006914,29900
in_000000085712,cus_000000006915,199900
in_000000085749,cus_000000006917,9900
in_000000085758,cus_000000006918,299000
in_000000085771,cus_000000006921,29900
in_000000085799,cus_000000006923,79900
in_000000085808,cus_000000006924,99000
in_000000085870,cus_000000006928,29900
in_000000085888,cus_000000006930,9900
in_000000085895,cus_000000006931,9900
in_000000085903,cus_000000006932,29900
in_000000085925,cus_000000006934,9900
in_000000085939,cus_000000006936,29900
in_000000085955,cus_000000006939,9900
in_000000085992,cus_000000006942,29900
in_000000086004,cus_000000006945,99000
in_000000086007,cus_000000006946,9900
in_000000086040,cus_000000006947,29900
in_000000086076,cus_000000006949,29900
in_000000086105,cus_000000006951,9900
in_000000086138,cus_000000006955,9900
in_000000086154,cus_000000006956,79900
in_000000086171,cus_000000006960,29900
in_000000086192,cus_000000006961,29900
in_000000086215,cus_000000006962,29900
in_000000086243,cus_000000006963,9900
in_000000086253,cus_000000006964,9900
in_000000086286,cus_000000006965,199900
in_000000086314,cus_000000006967,9900
in_000000086330,cus_000000006968,9900
in_000000086366,cus_000000006969,9900
in_000000086401,cus_000000006971,9900
in_000000086422,cus_000000006972,9900
in_000000086457,cus_000000006973,9900
in_000000086474,cus_000000006974,29900
in_000000086497,cus_000000006976,9900
in_000000086511,cus_000000006977,29900
in_000000086532,cus_000000006978,9900
in_000000086564,cus_000000006979,9900
in_000000086596,cus_000000006980,9900
in_000000086629,cus_000000006982,199900
in_000000086656,cus_000000006986,9900
in_000000086699,cus_000000006988,9900
in_000000086738,cus_000000006990,199900
in_000000086768,cus_000000006991,9900
in_000000086825,cus_000000006994,9900
in_000000086872,cus_000000006998,9900
in_000000086881,cus_000000006999,799000
in_000000086886,cus_000000007000,199900
in_000000086908,cus_000000007001,9900
in_000000086947,cus_000000007003,9900
in_000000086982,cus_000000007004,9900
in_000000087016,cus_000000007006,199900
in_000000087029,cus_000000007008,79900
in_000000087039,cus_000000007010,9900
in_000000087056,cus_000000007011,9900
in_000000087086,cus_000000007013,29900
in_000000087094,cus_000000007014,1999000
in_000000087116,cus_000000007017,29900
in_000000087154,cus_000000007019,29900
in_000000087194,cus_000000007022,199900
in_000000087204,cus_000000007023,9900
in_000000087228,cus_000000007024,9900
in_000000087254,cus_000000007026,79900
in_000000087262,cus_000000007027,29900
in_000000087296,cus_000000007030,199900
in_000000087316,cus_000000007031,9900
in_000000087353,cus_000000007034,29900
in_000000087378,cus_000000007035,29900
in_000000087405,cus_000000007036,9900
in_000000087441,cus_000000007041,29900
in_000000087489,cus_000000007045,79900
in_000000087512,cus_000000007046,29900
in_000000087530,cus_000000007052,9900
in_000000087541,cus_000000007054,99000
in_000000087569,cus_000000007055,79900
in_000000087577,cus_000000007056,1999000
in_000000087593,cus_000000007059,29900
in_000000087640,cus_000000007071,299000
in_000000087673,cus_000000007073,9900
in_000000087716,cus_000000007078,199900
in_000000087725,cus_000000007079,9900
in_000000087738,cus_000000007080,9900
in_000000087761,cus_000000007081,9900
in_000000087769,cus_000000007082,79900
in_000000087777,cus_000000007083,99000
in_000000087804,cus_000000007084,29900
in_000000087832,cus_000000007086,199900
in_000000087844,cus_000000007087,79900
in_000000087872,cus_000000007091,199900
in_000000087882,cus_000000007093,9900
in_000000087920,cus_000000007096,9900
in_000000087937,cus_000000007098,79900
in_000000088018,cus_000000007103,9900
in_000000088046,cus_000000007107,9900
in_000000088062,cus_000000007108,9900
in_000000088083,cus_000000007109,9900
in_000000088116,cus_000000007111,9900
in_000000088132,cus_000000007113,29900
in_000000088151,cus_000000007114,9900
in_000000088196,cus_000000007120,79900
in_000000088207,cus_000000007121,9900
in_000000088217,cus_000000007122,79900
in_000000088254,cus_000000007124,29900
in_000000088277,cus_000000007127,29900
in_000000088305,cus_000000007129,99000
in_000000088322,cus_000000007130,9900
in_000000088357,cus_000000007131,9900
in_000000088392,cus_000000007132,9900
in_000000088402,cus_000000007133,29900
in_000000088414,cus_000000007134,9900
in_000000088428,cus_000000007135,29900
in_000000088453,cus_000000007136,79900
in_000000088469,cus_000000007138,9900
in_000000088495,cus_000000007139,9900
in_000000088515,cus_000000007140,9900
in_000000088528,cus_000000007143,99000
in_000000088565,cus_000000007148,29900
in_000000088626,cus_000000007155,199900
in_000000088661,cus_000000007156,79900
in_000000088677,cus_000000007157,9900
in_000000088694,cus_000000007158,29900
in_000000088716,cus_000000007159,9900
in_000000088743,cus_000000007161,79900
in_000000088775,cus_000000007162,29900
in_000000088808,cus_000000007164,29900
in_000000088825,cus_000000007165,9900
in_000000088855,cus_000000007169,9900
in_000000088888,cus_000000007170,79900
in_000000088913,cus_000000007171,29900
in_000000088950,cus_000000007175,9900
in_000000088985,cus_000000007178,29900
in_000000089051,cus_000000007180,29900
in_000000089071,cus_000000007181,29900
in_000000089081,cus_000000007182,9900
in_000000089110,cus_000000007184,29900
in_000000089145,cus_000000007186,9900
in_000000089168,cus_000000007187,29900
in_000000089200,cus_000000007188,9900
in_000000089233,cus_000000007189,29900
in_000000089260,cus_000000007193,29900
in_000000089310,cus_000000007196,9900
in_000000089340,cus_000000007198,79900
in_000000089349,cus_000000007200,99000
in_000000089356,cus_000000007201,9900
in_000000089390,cus_000000007204,9900
in_000000089406,cus_000000007205,79900
in_000000089435,cus_000000007206,9900
in_000000089462,cus_000000007207,29900
in_000000089492,cus_000000007209,29900
in_000000089521,cus_000000007210,9900
in_000000089557,cus_000000007213,199900
in_000000089576,cus_000000007214,79900
in_000000089612,cus_000000007215,29900
in_000000089625,cus_000000007216,9900
in_000000089654,cus_000000007217,9900
in_000000089681,cus_000000007218,9900
in_000000089713,cus_000000007220,9900
in_000000089736,cus_000000007224,29900
in_000000089743,cus_000000007225,29900
in_000000089774,cus_000000007226,29900
in_000000089792,cus_000000007229,199900
in_000000089819,cus_000000007230,9900
in_000000089835,cus_000000007231,9900
in_000000089869,cus_000000007234,799000
in_000000089871,cus_000000007235,79900
in_000000089879,cus_000000007237,29900
in_000000089895,cus_000000007238,29900
in_000000089927,cus_000000007239,29900
in_000000089947,cus_000000007240,9900
in_000000089968,cus_000000007243,79900
in_000000089975,cus_000000007244,99000
in_000000089979,cus_000000007245,79900
in_000000089986,cus_000000007246,9900
in_000000090007,cus_000000007247,79900
in_000000090028,cus_000000007248,9900
in_000000090049,cus_000000007250,79900
in_000000090079,cus_000000007251,9900
in_000000090089,cus_000000007252,9900
in_000000090122,cus_000000007254,9900
in_000000090163,cus_000000007258,29900
in_000000090195,cus_000000007261,79900
in_000000090227,cus_000000007263,29900
in_000000090237,cus_000000007265,799000
in_000000090240,cus_000000007267,9900
in_000000090249,cus_000000007268,9900
in_000000090267,cus_000000007269,29900
in_000000090301,cus_000000007272,9900
in_000000090311,cus_000000007274,99000
in_000000090335,cus_000000007275,9900
in_000000090386,cus_000000007277,29900
in_000000090402,cus_000000007279,9900
in_000000090450,cus_000000007283,79900
in_000000090483,cus_000000007284,29900
in_000000090515,cus_000000007286,79900
in_000000090541,cus_000000007288,9900
in_000000090564,cus_000000007290,9900
in_000000090597,cus_000000007292,79900
in_000000090628,cus_000000007296,9900
in_000000090636,cus_000000007297,99000
in_000000090651,cus_000000007298,9900
in_000000090683,cus_000000007307,9900
in_000000090721,cus_000000007309,29900
in_000000090785,cus_000000007314,29900
in_000000090810,cus_000000007315,9900
in_000000090827,cus_000000007317,79900
in_000000090837,cus_000000007318,9900
in_000000090846,cus_000000007319,9900
in_000000090868,cus_000000007320,29900
in_000000090891,cus_000000007322,9900
in_000000090916,cus_000000007323,9900
in_000000090940,cus_000000007325,9900
in_000000090948,cus_000000007326,9900
in_000000090956,cus_000000007327,29900
in_000000090982,cus_000000007332,99000
in_000000091009,cus_000000007333,9900
in_000000091029,cus_000000007334,9900
in_000000091036,cus_000000007335,99000
in_000000091041,cus_000000007336,79900
in_000000091059,cus_000000007337,29900
in_000000091072,cus_000000007340,29900
in_000000091104,cus_000000007343,9900
in_000000091126,cus_000000007344,29900
in_000000091179,cus_000000007348,9900
in_000000091207,cus_000000007349,9900
in_000000091232,cus_000000007351,9900
in_000000091255,cus_000000007352,9900
in_000000091292,cus_000000007355,9900
in_000000091317,cus_000000007356,9900
in_000000091326,cus_000000007357,99000
in_000000091350,cus_000000007358,9900
in_000000091378,cus_000000007361,29900
in_000000091389,cus_000000007362,9900
in_000000091410,cus_000000007363,29900
in_000000091436,cus_000000007366,9900
in_000000091473,cus_000000007368,9900
in_000000091497,cus_000000007369,79900
in_000000091507,cus_000000007370,9900
in_000000091573,cus_000000007379,9900
in_000000091581,cus_000000007380,99000
in_000000091582,cus_000000007381,79900
in_000000091624,cus_000000007384,79900
in_000000091637,cus_000000007386,29900
in_000000091657,cus_000000007387,9900
in_000000091679,cus_000000007389,9900
in_000000091715,cus_000000007391,29900
in_000000091751,cus_000000007392,9900
in_000000091775,cus_000000007393,9900
in_000000091785,cus_000000007394,9900
in_000000091808,cus_000000007397,79900
in_000000091825,cus_000000007398,9900
in_000000091834,cus_000000007399,79900
in_000000091846,cus_000000007401,29900
in_000000091860,cus_000000007402,9900
in_000000091901,cus_000000007406,9900
in_000000091924,cus_000000007407,79900
in_000000091952,cus_000000007409,9900
in_000000091985,cus_000000007412,29900
in_000000092010,cus_000000007413,199900
in_000000092017,cus_000000007414,79900
in_000000092063,cus_000000007423,9900
in_000000092072,cus_000000007424,99000
in_000000092077,cus_000000007425,29900
in_000000092122,cus_000000007431,99000
in_000000092176,cus_000000007435,79900
in_000000092204,cus_000000007437,9900
in_000000092236,cus_000000007438,9900
in_000000092261,cus_000000007439,199900
in_000000092271,cus_000000007440,9900
in_000000092302,cus_000000007450,799000
in_000000092307,cus_000000007451,9900
in_000000092372,cus_000000007457,9900
in_000000092389,cus_000000007458,29900
in_000000092424,cus_000000007460,79900
in_000000092460,cus_000000007464,29900
in_000000092493,cus_000000007467,79900
in_000000092505,cus_000000007468,9900
in_000000092523,cus_000000007469,9900
in_000000092546,cus_000000007470,29900
in_000000092566,cus_000000007471,9900
in_000000092592,cus_000000007472,79900
in_000000092619,cus_000000007473,29900
in_000000092635,cus_000000007474,9900
in_000000092661,cus_000000007477,29900
in_000000092689,cus_000000007480,9900
in_000000092698,cus_000000007481,79900
in_000000092733,cus_000000007482,9900
in_000000092752,cus_000000007483,29900
in_000000092781,cus_000000007484,29900
in_000000092808,cus_000000007485,9900
in_000000092842,cus_000000007486,29900
in_000000092885,cus_000000007490,79900
in_000000092905,cus_000000007491,9900
in_000000092951,cus_000000007493,29900
in_000000092975,cus_000000007496,9900
in_000000092982,cus_000000007497,29900
in_000000093002,cus_000000007502,799000
in_000000093006,cus_000000007504,9900
in_000000093029,cus_000000007505,9900
in_000000093053,cus_000000007507,199900
in_000000093071,cus_000000007508,9900
in_000000093087,cus_000000007509,29900
in_000000093114,cus_000000007510,199900
in_000000093128,cus_000000007511,9900
in_000000093157,cus_000000007513,9900
in_000000093188,cus_000000007515,9900
in_000000093220,cus_000000007517,29900
in_000000093242,cus_000000007518,29900
in_000000093257,cus_000000007521,9900
in_000000093293,cus_000000007522,199900
in_000000093302,cus_000000007523,99000
in_000000093328,cus_000000007525,29900
in_000000093343,cus_000000007526,29900
in_000000093354,cus_000000007527,9900
in_000000093366,cus_000000007529,29900
in_000000093395,cus_000000007531,9900
in_000000093424,cus_000000007535,29900
in_000000093431,cus_000000007536,79900
in_000000093450,cus_000000007538,29900
in_000000093471,cus_000000007541,9900
in_000000093486,cus_000000007545,99000
in_000000093521,cus_000000007547,9900
in_000000093541,cus_000000007548,29900
in_000000093550,cus_000000007549,79900
in_000000093584,cus_000000007552,79900
in_000000093638,cus_000000007556,79900
in_000000093650,cus_000000007557,9900
in_000000093668,cus_000000007560,29900
in_000000093689,cus_000000007564,79900
in_000000093720,cus_000000007565,79900
in_000000093772,cus_000000007576,199900
in_000000093820,cus_000000007579,9900
in_000000093836,cus_000000007580,79900
in_000000093844,cus_000000007582,29900
in_000000093867,cus_000000007584,79900
in_000000093895,cus_000000007588,29900
in_000000093911,cus_000000007590,9900
in_000000093947,cus_000000007594,9900
in_000000093976,cus_000000007595,29900
in_000000094020,cus_000000007600,29900
in_000000094039,cus_000000007601,9900
in_000000094066,cus_000000007605,9900
in_000000094100,cus_000000007607,29900
in_000000094131,cus_000000007608,79900
in_000000094156,cus_000000007610,9900
in_000000094164,cus_000000007611,99000
in_000000094181,cus_000000007612,9900
in_000000094189,cus_000000007613,9900
in_000000094197,cus_000000007614,79900
in_000000094210,cus_000000007615,9900
in_000000094226,cus_000000007618,79900
in_000000094257,cus_000000007621,9900
in_000000094281,cus_000000007623,9900
in_000000094300,cus_000000007624,29900
in_000000094326,cus_000000007625,29900
in_000000094348,cus_000000007626,29900
in_000000094376,cus_000000007628,29900
in_000000094414,cus_000000007632,9900
in_000000094424,cus_000000007633,9900
in_000000094435,cus_000000007635,9900
in_000000094459,cus_000000007637,9900
in_000000094472,cus_000000007638,29900
in_000000094486,cus_000000007639,9900
in_000000094541,cus_000000007642,9900
in_000000094581,cus_000000007644,9900
in_000000094590,cus_000000007646,79900
in_000000094601,cus_000000007647,29900
in_000000094612,cus_000000007649,799000
in_000000094631,cus_000000007651,79900
in_000000094645,cus_000000007652,29900
in_000000094681,cus_000000007653,9900
in_000000094723,cus_000000007658,9900
in_000000094752,cus_000000007659,9900
in_000000094785,cus_000000007660,29900
in_000000094798,cus_000000007662,9900
in_000000094825,cus_000000007664,199900
in_000000094849,cus_000000007666,9900
in_000000094875,cus_000000007668,79900
in_000000094907,cus_000000007669,29900
in_000000094927,cus_000000007673,9900
in_000000094954,cus_000000007676,9900
in_000000094975,cus_000000007678,79900
in_000000094982,cus_000000007679,9900
in_000000095017,cus_000000007680,9900
in_000000095032,cus_000000007681,9900
in_000000095052,cus_000000007686,9900
in_000000095061,cus_000000007687,199900
in_000000095088,cus_000000007693,9900
in_000000095107,cus_000000007695,9900
in_000000095138,cus_000000007696,9900
in_000000095158,cus_000000007697,9900
in_000000095193,cus_000000007700,9900
in_000000095206,cus_000000007702,99000
in_000000095230,cus_000000007703,79900
in_000000095264,cus_000000007704,199900
in_000000095308,cus_000000007709,29900
in_000000095335,cus_000000007710,29900
in_000000095361,cus_000000007713,79900
in_000000095380,cus_000000007714,29900
in_000000095398,cus_000000007718,9900
in_000000095410,cus_000000007719,29900
in_000000095423,cus_000000007720,29900
in_000000095455,cus_000000007725,9900
in_000000095491,cus_000000007728,9900
in_000000095504,cus_000000007729,9900
in_000000095536,cus_000000007733,29900
in_000000095561,cus_000000007736,9900
in_000000095574,cus_000000007739,799000
in_000000095595,cus_000000007740,79900
in_000000095611,cus_000000007742,29900
in_000000095633,cus_000000007743,9900
in_000000095655,cus_000000007745,9900
in_000000095673,cus_000000007746,29900
in_000000095716,cus_000000007748,199900
in_000000095780,cus_000000007751,29900
in_000000095813,cus_000000007753,199900
in_000000095835,cus_000000007756,9900
in_000000095861,cus_000000007757,29900
in_000000095895,cus_000000007760,9900
in_000000095925,cus_000000007761,199900
in_000000095963,cus_000000007763,29900
in_000000095981,cus_000000007764,29900
in_000000096010,cus_000000007767,9900
in_000000096023,cus_000000007770,29900
in_000000096058,cus_000000007772,99000
in_000000096076,cus_000000007773,29900
in_000000096123,cus_000000007775,29900
in_000000096158,cus_000000007779,29900
in_000000096189,cus_000000007780,29900
in_000000096225,cus_000000007782,29900
in_000000096254,cus_000000007783,9900
in_000000096264,cus_000000007784,79900
in_000000096273,cus_000000007786,99000
in_000000096298,cus_000000007787,29900
in_000000096320,cus_000000007789,29900
in_000000096333,cus_000000007793,299000
in_000000096335,cus_000000007794,99000
in_000000096340,cus_000000007795,79900
in_000000096349,cus_000000007796,29900
in_000000096376,cus_000000007798,29900
in_000000096387,cus_000000007802,9900
in_000000096391,cus_000000007803,29900
in_000000096411,cus_000000007806,29900
in_000000096447,cus_000000007808,29900
in_000000096482,cus_000000007809,29900
in_000000096526,cus_000000007815,9900
in_000000096553,cus_000000007816,29900
in_000000096570,cus_000000007818,9900
in_000000096611,cus_000000007821,99000
in_000000096614,cus_000000007822,99000
in_000000096619,cus_000000007827,29900
in_000000096628,cus_000000007831,299000
in_000000096651,cus_000000007832,199900
in_000000096656,cus_000000007835,9900
in_000000096680,cus_000000007836,9900
in_000000096691,cus_000000007837,79900
in_000000096710,cus_000000007838,79900
in_000000096735,cus_000000007839,199900
in_000000096769,cus_000000007840,199900
in_000000096804,cus_000000007842,79900
in_000000096840,cus_000000007844,9900
in_000000096886,cus_000000007846,29900
in_000000096895,cus_000000007847,79900
in_000000096910,cus_000000007849,199900
in_000000096942,cus_000000007850,9900
in_000000096964,cus_000000007851,9900
in_000000096984,cus_000000007852,9900
in_000000097020,cus_000000007853,9900
in_000000097048,cus_000000007854,9900
in_000000097080,cus_000000007855,29900
in_000000097116,cus_000000007857,29900
in_000000097146,cus_000000007860,9900
in_000000097177,cus_000000007865,29900
in_000000097191,cus_000000007867,9900
in_000000097200,cus_000000007870,29900
in_000000097209,cus_000000007872,29900
in_000000097239,cus_000000007875,9900
in_000000097265,cus_000000007877,79900
in_000000097285,cus_000000007878,79900
in_000000097291,cus_000000007879,9900
in_000000097317,cus_000000007883,79900
in_000000097330,cus_000000007884,29900
in_000000097356,cus_000000007885,9900
in_000000097388,cus_000000007886,79900
in_000000097413,cus_000000007889,199900
in_000000097454,cus_000000007891,29900
in_000000097476,cus_000000007892,9900
in_000000097510,cus_000000007893,79900
in_000000097525,cus_000000007894,9900
in_000000097550,cus_000000007900,99000
in_000000097573,cus_000000007902,9900
in_000000097610,cus_000000007904,9900
in_000000097622,cus_000000007906,29900
in_000000097655,cus_000000007908,9900
in_000000097672,cus_000000007909,29900
in_000000097704,cus_000000007914,29900
in_000000097731,cus_000000007915,29900
in_000000097742,cus_000000007916,9900
in_000000097760,cus_000000007918,9900
in_000000097782,cus_000000007920,9900
in_000000097819,cus_000000007924,29900
in_000000097860,cus_000000007927,29900
in_000000097893,cus_000000007928,199900
in_000000097929,cus_000000007929,79900
in_000000097951,cus_000000007931,9900
in_000000097971,cus_000000007932,199900
in_000000098036,cus_000000007945,99000
in_000000098058,cus_000000007948,79900
in_000000098071,cus_000000007949,9900
in_000000098090,cus_000000007952,29900
in_000000098153,cus_000000007955,29900
in_000000098184,cus_000000007959,9900
in_000000098213,cus_000000007960,79900
in_000000098229,cus_000000007961,29900
in_000000098236,cus_000000007962,99000
in_000000098265,cus_000000007965,9900
in_000000098289,cus_000000007967,29900
in_000000098318,cus_000000007968,29900
in_000000098388,cus_000000007972,29900
in_000000098420,cus_000000007974,199900
in_000000098429,cus_000000007975,29900
in_000000098463,cus_000000007976,29900
in_000000098491,cus_000000007977,29900
in_000000098500,cus_000000007978,9900
in_000000098516,cus_000000007979,9900
in_000000098542,cus_000000007981,29900
in_000000098573,cus_000000007983,9900
in_000000098601,cus_000000007984,79900
in_000000098618,cus_000000007986,79900
in_000000098649,cus_000000007987,29900
in_000000098662,cus_000000007988,29900
in_000000098691,cus_000000007989,29900
in_000000098740,cus_000000007993,29900
in_000000098756,cus_000000007994,9900
in_000000098775,cus_000000007995,79900
in_000000098806,cus_000000007997,79900
in_000000098826,cus_000000007999,29900
in_000000098850,cus_000000008000,9900
in_000000098870,cus_000000008001,29900
in_000000098901,cus_000000008004,29900
in_000000098930,cus_000000008007,9900
in_000000098968,cus_000000008009,29900
in_000000099006,cus_000000008012,29900
in_000000099025,cus_000000008013,29900
in_000000099048,cus_000000008014,79900
in_000000099068,cus_000000008017,29900
in_000000099092,cus_000000008018,9900
in_000000099110,cus_000000008019,29900
in_000000099144,cus_000000008020,9900
in_000000099152,cus_000000008021,299000
in_000000099154,cus_000000008022,9900
in_000000099182,cus_000000008025,9900
in_000000099220,cus_000000008027,29900
in_000000099242,cus_000000008030,29900
in_000000099266,cus_000000008032,9900
in_000000099279,cus_000000008034,29900
in_000000099293,cus_000000008035,9900
in_000000099332,cus_000000008038,9900
in_000000099365,cus_000000008039,9900
in_000000099390,cus_000000008042,79900
in_000000099436,cus_000000008046,9900
in_000000099463,cus_000000008050,9900
in_000000099481,cus_000000008051,79900
in_000000099496,cus_000000008054,799000
in_000000099512,cus_000000008055,29900
in_000000099543,cus_000000008056,29900
in_000000099556,cus_000000008057,9900
in_000000099570,cus_000000008058,9900
in_000000099606,cus_000000008059,9900
in_000000099617,cus_000000008061,299000
in_000000099630,cus_000000008062,79900
in_000000099653,cus_000000008063,9900
in_000000099683,cus_000000008068,9900
in_000000099698,cus_000000008069,29900
in_000000099728,cus_000000008070,29900
in_000000099736,cus_000000008072,99000
in_000000099753,cus_000000008073,29900
in_000000099771,cus_000000008074,9900
in_000000099803,cus_000000008079,9900
in_000000099811,cus_000000008081,99000
in_000000099840,cus_000000008084,29900
in_000000099863,cus_000000008086,9900
in_000000099909,cus_000000008089,29900
in_000000099933,cus_000000008090,29900
in_000000099952,cus_000000008091,9900
in_000000099968,cus_000000008092,29900
in_000000100014,cus_000000008097,9900
in_000000100060,cus_000000008100,9900
in_000000100112,cus_000000008107,9900
in_000000100126,cus_000000008108,29900
in_000000100153,cus_000000008109,9900
in_000000100176,cus_000000008110,9900
in_000000100196,cus_000000008112,29900
in_000000100233,cus_000000008115,9900
in_000000100249,cus_000000008120,29900
in_000000100281,cus_000000008122,79900
in_000000100288,cus_000000008123,29900
in_000000100299,cus_000000008125,9900
in_000000100346,cus_000000008128,79900
in_000000100377,cus_000000008130,9900
in_000000100389,cus_000000008132,29900
in_000000100405,cus_000000008137,9900
in_000000100455,cus_000000008142,79900
in_000000100471,cus_000000008143,29900
in_000000100502,cus_000000008144,9900
in_000000100512,cus_000000008145,79900
in_000000100540,cus_000000008146,9900
in_000000100563,cus_000000008148,79900
in_000000100591,cus_000000008149,199900
in_000000100635,cus_000000008155,29900
in_000000100661,cus_000000008156,9900
in_000000100690,cus_000000008159,9900
in_000000100710,cus_000000008161,79900
in_000000100739,cus_000000008163,9900
in_000000100775,cus_000000008167,79900
in_000000100802,cus_000000008168,29900
in_000000100832,cus_000000008169,29900
in_000000100859,cus_000000008171,9900
in_000000100886,cus_000000008173,9900
in_000000100916,cus_000000008176,9900
in_000000100924,cus_000000008177,99000
in_000000100931,cus_000000008178,79900
in_000000100938,cus_000000008179,9900
in_000000100967,cus_000000008182,79900
in_000000100992,cus_000000008183,199900
in_000000101008,cus_000000008184,9900
in_000000101033,cus_000000008185,9900
in_000000101058,cus_000000008186,29900
in_000000101085,cus_000000008187,79900
in_000000101119,cus_000000008188,79900
in_000000101143,cus_000000008189,9900
in_000000101177,cus_000000008193,79900
in_000000101186,cus_000000008194,9900
in_000000101197,cus_000000008195,79900
in_000000101225,cus_000000008196,29900
in_000000101246,cus_000000008197,9900
in_000000101279,cus_000000008198,199900
in_000000101302,cus_000000008200,9900
in_000000101323,cus_000000008208,1999000
in_000000101328,cus_000000008210,199900
in_000000101365,cus_000000008214,29900
in_000000101403,cus_000000008216,9900
in_000000101429,cus_000000008218,199900
in_000000101457,cus_000000008220,29900
in_000000101475,cus_000000008222,199900
in_000000101511,cus_000000008225,29900
in_000000101521,cus_000000008227,29900
in_000000101541,cus_000000008228,9900
in_000000101566,cus_000000008230,29900
in_000000101587,cus_000000008233,199900
in_000000101597,cus_000000008234,79900
in_000000101629,cus_000000008236,9900
in_000000101638,cus_000000008238,79900
in_000000101701,cus_000000008243,79900
in_000000101733,cus_000000008245,9900
in_000000101767,cus_000000008248,9900
in_000000101802,cus_000000008249,9900
in_000000101826,cus_000000008250,9900
in_000000101841,cus_000000008251,29900
in_000000101854,cus_000000008252,199900
in_000000101866,cus_000000008255,9900
in_000000101899,cus_000000008256,9900
in_000000101918,cus_000000008258,79900
in_000000101947,cus_000000008260,9900
in_000000101987,cus_000000008262,29900
in_000000102015,cus_000000008264,29900
in_000000102022,cus_000000008265,9900
in_000000102045,cus_000000008267,29900
in_000000102065,cus_000000008268,9900
in_000000102082,cus_000000008269,9900
in_000000102113,cus_000000008270,9900
in_000000102135,cus_000000008271,9900
in_000000102154,cus_000000008272,9900
in_000000102173,cus_000000008273,199900
in_000000102206,cus_000000008275,29900
in_000000102225,cus_000000008277,79900
in_000000102256,cus_000000008278,9900
in_000000102262,cus_000000008282,9900
in_000000102277,cus_000000008283,9900
in_000000102297,cus_000000008284,9900
in_000000102319,cus_000000008287,199900
in_000000102335,cus_000000008288,29900
in_000000102342,cus_000000008289,29900
in_000000102406,cus_000000008291,79900
in_000000102418,cus_000000008292,9900
in_000000102429,cus_000000008294,9900
in_000000102463,cus_000000008296,9900
in_000000102505,cus_000000008299,79900
in_000000102537,cus_000000008301,79900
in_000000102559,cus_000000008302,9900
in_000000102595,cus_000000008303,9900
in_000000102633,cus_000000008305,9900
in_000000102667,cus_000000008307,9900
in_000000102705,cus_000000008310,29900
in_000000102730,cus_000000008311,199900
in_000000102760,cus_000000008312,9900
in_000000102769,cus_000000008313,99000
in_000000102796,cus_000000008314,79900
in_000000102810,cus_000000008315,29900
in_000000102836,cus_000000008316,9900
in_000000102858,cus_000000008317,9900
in_000000102868,cus_000000008319,799000
in_000000102880,cus_000000008320,29900
in_000000102889,cus_000000008321,9900
in_000000102914,cus_000000008322,199900
in_000000102951,cus_000000008326,79900
in_000000102974,cus_000000008327,29900
in_000000103012,cus_000000008329,9900
in_000000103024,cus_000000008330,9900
in_000000103059,cus_000000008333,9900
in_000000103070,cus_000000008334,9900
in_000000103083,cus_000000008336,29900
in_000000103094,cus_000000008337,9900
in_000000103108,cus_000000008338,9900
in_000000103117,cus_000000008339,299000
in_000000103118,cus_000000008340,9900
in_000000103138,cus_000000008341,199900
in_000000103166,cus_000000008342,9900
in_000000103178,cus_000000008344,29900
in_000000103209,cus_000000008346,9900
in_000000103224,cus_000000008347,29900
in_000000103254,cus_000000008348,199900
in_000000103271,cus_000000008349,29900
in_000000103313,cus_000000008355,299000
in_000000103321,cus_000000008357,29900
in_000000103358,cus_000000008361,29900
in_000000103378,cus_000000008362,29900
in_000000103385,cus_000000008364,299000
in_000000103389,cus_000000008365,9900
in_000000103420,cus_000000008366,29900
in_000000103449,cus_000000008370,9900
in_000000103478,cus_000000008371,29900
in_000000103515,cus_000000008373,79900
in_000000103549,cus_000000008374,199900
in_000000103579,cus_000000008375,79900
in_000000103595,cus_000000008376,9900
in_000000103603,cus_000000008377,9900
in_000000103618,cus_000000008378,9900
in_000000103656,cus_000000008385,299000
in_000000103705,cus_000000008388,9900
in_000000103718,cus_000000008389,29900
in_000000103741,cus_000000008390,79900
in_000000103748,cus_000000008391,99000
in_000000103764,cus_000000008395,9900
in_000000103794,cus_000000008396,9900
in_000000103827,cus_000000008397,199900
in_000000103862,cus_000000008398,9900
in_000000103893,cus_000000008400,9900
in_000000103907,cus_000000008402,9900
in_000000103922,cus_000000008403,9900
in_000000103944,cus_000000008404,29900
in_000000103959,cus_000000008405,9900
in_000000103968,cus_000000008406,299000
in_000000103982,cus_000000008411,9900
in_000000103991,cus_000000008414,9900
in_000000104015,cus_000000008415,9900
in_000000104024,cus_000000008416,99000
in_000000104038,cus_000000008417,9900
in_000000104096,cus_000000008421,29900
in_000000104120,cus_000000008422,29900
in_000000104143,cus_000000008424,9900
in_000000104169,cus_000000008426,9900
in_000000104197,cus_000000008427,9900
in_000000104217,cus_000000008428,79900
in_000000104230,cus_000000008429,9900
in_000000104259,cus_000000008431,29900
in_000000104270,cus_000000008432,199900
in_000000104292,cus_000000008434,9900
in_000000104321,cus_000000008435,29900
in_000000104352,cus_000000008438,9900
in_000000104378,cus_000000008439,79900
in_000000104388,cus_000000008440,9900
in_000000104415,cus_000000008441,29900
in_000000104437,cus_000000008443,29900
in_000000104458,cus_000000008447,199900
in_000000104485,cus_000000008450,29900
in_000000104496,cus_000000008452,29900
in_000000104535,cus_000000008454,199900
in_000000104571,cus_000000008455,9900
in_000000104594,cus_000000008457,29900
in_000000104619,cus_000000008458,29900
in_000000104669,cus_000000008460,9900
in_000000104684,cus_000000008462,9900
in_000000104714,cus_000000008464,79900
in_000000104725,cus_000000008466,99000
in_000000104731,cus_000000008468,299000
in_000000104749,cus_000000008471,29900
in_000000104782,cus_000000008473,9900
in_000000104810,cus_000000008474,29900
in_000000104853,cus_000000008478,9900
in_000000104871,cus_000000008479,9900
in_000000104884,cus_000000008481,29900
in_000000104914,cus_000000008482,9900
in_000000104942,cus_000000008483,9900
in_000000104965,cus_000000008490,29900
in_000000104997,cus_000000008492,9900
in_000000105027,cus_000000008494,29900
in_000000105047,cus_000000008495,79900
in_000000105067,cus_000000008496,29900
in_000000105079,cus_000000008498,9900
in_000000105110,cus_000000008502,9900
in_000000105134,cus_000000008505,9900
in_000000105153,cus_000000008506,9900
in_000000105178,cus_000000008511,9900
in_000000105212,cus_000000008512,79900
in_000000105227,cus_000000008515,9900
in_000000105262,cus_000000008516,9900
in_000000105275,cus_000000008517,29900
in_000000105282,cus_000000008518,9900
in_000000105310,cus_000000008521,9900
in_000000105355,cus_000000008527,29900
in_000000105370,cus_000000008528,79900
in_000000105402,cus_000000008531,199900
in_000000105471,cus_000000008535,199900
in_000000105501,cus_000000008537,29900
in_000000105510,cus_000000008538,99000
in_000000105520,cus_000000008539,199900
in_000000105532,cus_000000008541,29900
in_000000105545,cus_000000008542,9900
in_000000105566,cus_000000008543,79900
in_000000105584,cus_000000008545,9900
in_000000105609,cus_000000008546,79900
in_000000105644,cus_000000008547,9900
in_000000105683,cus_000000008549,29900
in_000000105714,cus_000000008550,9900
in_000000105778,cus_000000008555,79900
in_000000105802,cus_000000008556,29900
in_000000105847,cus_000000008558,9900
in_000000105890,cus_000000008561,9900
in_000000105925,cus_000000008562,79900
in_000000105955,cus_000000008563,29900
in_000000106019,cus_000000008568,9900
in_000000106048,cus_000000008571,9900
in_000000106064,cus_000000008573,29900
in_000000106095,cus_000000008575,29900
in_000000106129,cus_000000008576,199900
in_000000106146,cus_000000008577,29900
in_000000106179,cus_000000008578,9900
in_000000106192,cus_000000008579,9900
in_000000106225,cus_000000008580,9900
in_000000106240,cus_000000008582,9900
in_000000106256,cus_000000008585,29900
in_000000106282,cus_000000008586,9900
in_000000106307,cus_000000008587,29900
in_000000106337,cus_000000008588,9900
in_000000106362,cus_000000008589,29900
in_000000106370,cus_000000008590,9900
in_000000106379,cus_000000008591,9900
in_000000106403,cus_000000008593,79900
in_000000106455,cus_000000008596,9900
in_000000106467,cus_000000008598,9900
in_000000106489,cus_000000008599,9900
in_000000106502,cus_000000008600,9900
in_000000106526,cus_000000008601,29900
in_000000106540,cus_000000008603,199900
in_000000106548,cus_000000008605,9900
in_000000106557,cus_000000008606,79900
in_000000106585,cus_000000008607,29900
in_000000106606,cus_000000008608,29900
in_000000106618,cus_000000008609,199900
in_000000106639,cus_000000008611,79900
in_000000106651,cus_000000008613,79900
in_000000106687,cus_000000008614,9900
in_000000106708,cus_000000008615,79900
in_000000106764,cus_000000008617,9900
in_000000106786,cus_000000008618,29900
in_000000106796,cus_000000008620,99000
in_000000106831,cus_000000008625,79900
in_000000106867,cus_000000008626,9900
in_000000106876,cus_000000008627,29900
in_000000106886,cus_000000008629,29900
in_000000106907,cus_000000008633,9900
in_000000106924,cus_000000008634,9900
in_000000106931,cus_000000008635,29900
in_000000106969,cus_000000008637,9900
in_000000107003,cus_000000008640,199900
in_000000107039,cus_000000008646,9900
in_000000107056,cus_000000008647,79900
in_000000107067,cus_000000008649,9900
in_000000107082,cus_000000008650,9900
in_000000107136,cus_000000008653,9900
in_000000107146,cus_000000008655,9900
in_000000107166,cus_000000008656,29900
in_000000107191,cus_000000008658,9900
in_000000107217,cus_000000008660,29900
in_000000107254,cus_000000008662,79900
in_000000107267,cus_000000008663,9900
in_000000107298,cus_000000008665,9900
in_000000107335,cus_000000008670,9900
in_000000107362,cus_000000008671,9900
in_000000107391,cus_000000008679,29900
in_000000107410,cus_000000008680,9900
in_000000107442,cus_000000008681,79900
in_000000107463,cus_000000008685,9900
in_000000107484,cus_000000008686,9900
in_000000107508,cus_000000008689,9900
in_000000107515,cus_000000008690,29900
in_000000107549,cus_000000008692,9900
in_000000107570,cus_000000008693,9900
in_000000107596,cus_000000008694,79900
in_000000107629,cus_000000008695,9900
in_000000107660,cus_000000008700,79900
in_000000107692,cus_000000008701,9900
in_000000107726,cus_000000008703,79900
in_000000107750,cus_000000008704,9900
in_000000107786,cus_000000008705,9900
in_000000107817,cus_000000008706,9900
in_000000107849,cus_000000008707,79900
in_000000107866,cus_000000008709,9900
in_000000107887,cus_000000008710,9900
in_000000107896,cus_000000008711,99000
in_000000107922,cus_000000008712,9900
in_000000107932,cus_000000008714,299000
in_000000107946,cus_000000008715,9900
in_000000107957,cus_000000008716,29900
in_000000107968,cus_000000008717,9900
in_000000107983,cus_000000008718,9900
in_000000108023,cus_000000008721,29900
in_000000108031,cus_000000008722,99000
in_000000108033,cus_000000008723,29900
in_000000108059,cus_000000008724,9900
in_000000108095,cus_000000008725,9900
in_000000108114,cus_000000008726,9900
in_000000108144,cus_000000008729,29900
in_000000108161,cus_000000008730,79900
in_000000108180,cus_000000008732,29900
in_000000108216,cus_000000008733,9900
in_000000108262,cus_000000008735,79900
in_000000108285,cus_000000008737,9900
in_000000108293,cus_000000008739,299000
in_000000108297,cus_000000008741,99000
in_000000108302,cus_000000008742,29900
in_000000108328,cus_000000008743,79900
in_000000108361,cus_000000008747,9900
in_000000108400,cus_000000008750,9900
in_000000108445,cus_000000008752,9900
in_000000108466,cus_000000008753,29900
in_000000108497,cus_000000008755,29900
in_000000108519,cus_000000008756,29900
in_000000108557,cus_000000008761,29900
in_000000108593,cus_000000008762,9900
in_000000108633,cus_000000008767,9900
in_000000108643,cus_000000008768,9900
in_000000108690,cus_000000008770,9900
in_000000108723,cus_000000008771,29900
in_000000108744,cus_000000008772,9900
in_000000108769,cus_000000008774,9900
in_000000108814,cus_000000008779,79900
in_000000108830,cus_000000008781,29900
in_000000108852,cus_000000008784,9900
in_000000108893,cus_000000008787,79900
in_000000108938,cus_000000008790,9900
in_000000108952,cus_000000008791,9900
in_000000108988,cus_000000008799,99000
in_000000109013,cus_000000008800,9900
in_000000109020,cus_000000008801,9900
in_000000109039,cus_000000008803,199900
in_000000109061,cus_000000008804,9900
in_000000109078,cus_000000008805,9900
in_000000109096,cus_000000008806,79900
in_000000109124,cus_000000008808,29900
in_000000109133,cus_000000008809,9900
in_000000109157,cus_000000008810,9900
in_000000109166,cus_000000008811,79900
in_000000109182,cus_000000008812,79900
in_000000109192,cus_000000008813,79900
in_000000109223,cus_000000008814,9900
in_000000109258,cus_000000008815,9900
in_000000109320,cus_000000008818,9900
in_000000109374,cus_000000008821,199900
in_000000109399,cus_000000008822,29900
in_000000109414,cus_000000008823,9900
in_000000109441,cus_000000008825,79900
in_000000109478,cus_000000008828,9900
in_000000109517,cus_000000008831,79900
in_000000109534,cus_000000008832,9900
in_000000109566,cus_000000008834,9900
in_000000109603,cus_000000008837,9900
in_000000109633,cus_000000008840,9900
in_000000109665,cus_000000008841,79900
in_000000109676,cus_000000008843,99000
in_000000109702,cus_000000008846,9900
in_000000109725,cus_000000008849,29900
in_000000109786,cus_000000008851,9900
in_000000109815,cus_000000008852,9900
in_000000109826,cus_000000008854,9900
in_000000109848,cus_000000008856,29900
in_000000109877,cus_000000008857,9900
in_000000109914,cus_000000008859,9900
in_000000109945,cus_000000008860,9900
in_000000109961,cus_000000008862,199900
in_000000109980,cus_000000008868,9900
in_000000110005,cus_000000008869,29900
in_000000110017,cus_000000008870,9900
in_000000110043,cus_000000008871,9900
in_000000110067,cus_000000008873,79900
in_000000110124,cus_000000008878,9900
in_000000110174,cus_000000008883,9900
in_000000110191,cus_000000008886,9900
in_000000110222,cus_000000008887,9900
in_000000110238,cus_000000008888,29900
in_000000110249,cus_000000008890,99000
in_000000110272,cus_000000008891,29900
in_000000110301,cus_000000008893,9900
in_000000110328,cus_000000008894,9900
in_000000110352,cus_000000008897,9900
in_000000110369,cus_000000008898,29900
in_000000110402,cus_000000008903,29900
in_000000110415,cus_000000008904,9900
in_000000110424,cus_000000008905,9900
in_000000110459,cus_000000008906,9900
in_000000110489,cus_000000008907,9900
in_000000110507,cus_000000008908,29900
in_000000110549,cus_000000008910,29900
in_000000110579,cus_000000008911,9900
in_000000110589,cus_000000008912,9900
in_000000110623,cus_000000008915,29900
in_000000110642,cus_000000008918,9900
in_000000110664,cus_000000008920,9900
in_000000110687,cus_000000008923,9900
in_000000110710,cus_000000008924,29900
in_000000110731,cus_000000008925,79900
in_000000110747,cus_000000008928,29900
in_000000110777,cus_000000008930,79900
in_000000110803,cus_000000008931,79900
in_000000110827,cus_000000008934,29900
in_000000110850,cus_000000008935,29900
in_000000110917,cus_000000008937,29900
in_000000110935,cus_000000008939,29900
in_000000110954,cus_000000008940,9900
in_000000110986,cus_000000008941,29900
in_000000111042,cus_000000008944,199900
in_000000111059,cus_000000008946,29900
in_000000111088,cus_000000008947,29900
in_000000111118,cus_000000008950,29900
in_000000111150,cus_000000008952,9900
in_000000111176,cus_000000008953,29900
in_000000111187,cus_000000008955,79900
in_000000111221,cus_000000008957,9900
in_000000111240,cus_000000008959,29900
in_000000111257,cus_000000008961,9900
in_000000111278,cus_000000008962,9900
in_000000111291,cus_000000008964,299000
in_000000111317,cus_000000008965,9900
in_000000111325,cus_000000008966,799000
in_000000111339,cus_000000008967,79900
in_000000111373,cus_000000008971,9900
in_000000111397,cus_000000008972,79900
in_000000111433,cus_000000008973,29900
in_000000111490,cus_000000008975,29900
in_000000111518,cus_000000008979,29900
in_000000111533,cus_000000008981,79900
in_000000111573,cus_000000008984,29900
in_000000111617,cus_000000008987,9900
in_000000111634,cus_000000008988,9900
in_000000111653,cus_000000008990,29900
in_000000111697,cus_000000008995,9900
in_000000111707,cus_000000008997,79900
in_000000111740,cus_000000008998,9900
in_000000111767,cus_000000008999,29900
in_000000111794,cus_000000009000,9900
in_000000111825,cus_000000009001,9900
in_000000111842,cus_000000009003,9900
in_000000111873,cus_000000009005,29900
in_000000111913,cus_000000009012,29900
in_000000111933,cus_000000009013,9900
in_000000111987,cus_000000009020,9900
in_000000112001,cus_000000009024,299000
in_000000112027,cus_000000009026,9900
in_000000112035,cus_000000009027,9900
in_000000112062,cus_000000009030,99000
in_000000112066,cus_000000009031,9900
in_000000112086,cus_000000009032,29900
in_000000112107,cus_000000009034,9900
in_000000112139,cus_000000009035,79900
in_000000112159,cus_000000009036,29900
in_000000112175,cus_000000009039,99000
in_000000112194,cus_000000009040,9900
in_000000112232,cus_000000009042,29900
in_000000112243,cus_000000009043,79900
in_000000112323,cus_000000009049,9900
in_000000112345,cus_000000009050,29900
in_000000112383,cus_000000009055,79900
in_000000112394,cus_000000009056,29900
in_000000112418,cus_000000009057,29900
in_000000112453,cus_000000009060,29900
in_000000112480,cus_000000009061,9900
in_000000112497,cus_000000009062,29900
in_000000112532,cus_000000009064,79900
in_000000112609,cus_000000009073,29900
in_000000112625,cus_000000009076,9900
in_000000112653,cus_000000009077,9900
in_000000112667,cus_000000009078,79900
in_000000112724,cus_000000009080,29900
in_000000112753,cus_000000009084,9900
in_000000112769,cus_000000009087,79900
in_000000112791,cus_000000009089,9900
in_000000112805,cus_000000009090,9900
in_000000112842,cus_000000009093,9900
in_000000112862,cus_000000009096,29900
in_000000112889,cus_000000009099,9900
in_000000112922,cus_000000009103,9900
in_000000112935,cus_000000009104,29900
in_000000112971,cus_000000009105,9900
in_000000112983,cus_000000009106,79900
in_000000113010,cus_000000009107,9900
in_000000113018,cus_000000009108,99000
in_000000113048,cus_000000009111,29900
in_000000113082,cus_000000009114,9900
in_000000113091,cus_000000009115,29900
in_000000113141,cus_000000009117,199900
in_000000113151,cus_000000009119,199900
in_000000113179,cus_000000009120,9900
in_000000113207,cus_000000009124,29900
in_000000113246,cus_000000009127,79900
in_000000113269,cus_000000009129,9900
in_000000113276,cus_000000009130,9900
in_000000113295,cus_000000009131,79900
in_000000113322,cus_000000009132,29900
in_000000113355,cus_000000009133,29900
in_000000113377,cus_000000009136,9900
in_000000113411,cus_000000009137,29900
in_000000113426,cus_000000009140,9900
in_000000113456,cus_000000009142,9900
in_000000113513,cus_000000009144,9900
in_000000113525,cus_000000009146,9900
in_000000113533,cus_000000009147,29900
in_000000113551,cus_000000009148,9900
in_000000113586,cus_000000009149,29900
in_000000113624,cus_000000009153,29900
in_000000113633,cus_000000009154,9900
in_000000113665,cus_000000009156,9900
in_000000113681,cus_000000009161,799000
in_000000113711,cus_000000009162,199900
in_000000113736,cus_000000009163,9900
in_000000113753,cus_000000009164,9900
in_000000113770,cus_000000009165,9900
in_000000113796,cus_000000009166,9900
in_000000113825,cus_000000009168,9900
in_000000113846,cus_000000009172,29900
in_000000113856,cus_000000009174,1999000
in_000000113863,cus_000000009178,79900
in_000000113889,cus_000000009179,29900
in_000000113898,cus_000000009180,799000
in_000000113928,cus_000000009181,79900
in_000000113963,cus_000000009182,9900
in_000000113987,cus_000000009183,9900
in_000000114018,cus_000000009184,9900
in_000000114044,cus_000000009186,79900
in_000000114078,cus_000000009189,29900
in_000000114111,cus_000000009190,9900
in_000000114130,cus_000000009192,9900
in_000000114165,cus_000000009193,199900
in_000000114193,cus_000000009200,29900
in_000000114212,cus_000000009201,29900
in_000000114244,cus_000000009203,199900
in_000000114275,cus_000000009204,79900
in_000000114304,cus_000000009205,29900
in_000000114340,cus_000000009206,79900
in_000000114363,cus_000000009207,29900
in_000000114372,cus_000000009208,29900
in_000000114394,cus_000000009209,9900
in_000000114417,cus_000000009211,9900
in_000000114436,cus_000000009212,9900
in_000000114469,cus_000000009215,9900
in_000000114479,cus_000000009217,9900
in_000000114514,cus_000000009218,199900
in_000000114575,cus_000000009220,9900
in_000000114596,cus_000000009222,29900
in_000000114609,cus_000000009224,79900
in_000000114638,cus_000000009225,79900
in_000000114687,cus_000000009228,9900
in_000000114729,cus_000000009234,79900
in_000000114759,cus_000000009235,29900
in_000000114767,cus_000000009236,299000
in_000000114796,cus_000000009237,9900
in_000000114827,cus_000000009238,29900
in_000000114850,cus_000000009241,9900
in_000000114867,cus_000000009244,9900
in_000000114903,cus_000000009245,9900
in_000000114917,cus_000000009246,79900
in_000000114946,cus_000000009251,79900
in_000000114954,cus_000000009252,9900
in_000000114991,cus_000000009254,199900
in_000000115008,cus_000000009255,199900
in_000000115039,cus_000000009256,29900
in_000000115077,cus_000000009259,9900
in_000000115109,cus_000000009261,9900
in_000000115124,cus_000000009264,9900
in_000000115139,cus_000000009266,29900
in_000000115174,cus_000000009267,9900
in_000000115211,cus_000000009269,9900
in_000000115238,cus_000000009270,9900
in_000000115257,cus_000000009272,199900
in_000000115290,cus_000000009273,79900
in_000000115306,cus_000000009274,29900
in_000000115332,cus_000000009275,9900
in_000000115362,cus_000000009280,79900
in_000000115368,cus_000000009281,99000
in_000000115373,cus_000000009282,29900
in_000000115398,cus_000000009283,9900
in_000000115450,cus_000000009286,29900
in_000000115495,cus_000000009292,9900
in_000000115536,cus_000000009296,79900
in_000000115569,cus_000000009297,199900
in_000000115586,cus_000000009298,9900
in_000000115593,cus_000000009299,9900
in_000000115606,cus_000000009302,29900
in_000000115625,cus_000000009304,199900
in_000000115641,cus_000000009306,9900
in_000000115666,cus_000000009309,9900
in_000000115702,cus_000000009311,9900
in_000000115720,cus_000000009312,9900
in_000000115730,cus_000000009314,9900
in_000000115762,cus_000000009318,29900
in_000000115772,cus_000000009319,29900
in_000000115819,cus_000000009323,9900
in_000000115842,cus_000000009325,29900
in_000000115876,cus_000000009332,9900
in_000000115881,cus_000000009333,79900
in_000000115917,cus_000000009334,9900
in_000000115939,cus_000000009336,199900
in_000000115973,cus_000000009337,79900
in_000000115993,cus_000000009338,9900
in_000000116010,cus_000000009339,79900
in_000000116031,cus_000000009340,9900
in_000000116068,cus_000000009342,199900
in_000000116127,cus_000000009345,29900
in_000000116136,cus_000000009346,99000
in_000000116153,cus_000000009348,79900
in_000000116184,cus_000000009349,9900
in_000000116216,cus_000000009353,29900
in_000000116264,cus_000000009356,29900
in_000000116271,cus_000000009357,29900
in_000000116305,cus_000000009361,9900
in_000000116312,cus_000000009362,99000
in_000000116325,cus_000000009364,9900
in_000000116372,cus_000000009368,9900
in_000000116401,cus_000000009370,79900
in_000000116435,cus_000000009371,79900
in_000000116466,cus_000000009372,199900
in_000000116483,cus_000000009373,29900
in_000000116511,cus_000000009374,9900
in_000000116530,cus_000000009376,29900
in_000000116560,cus_000000009377,29900
in_000000116573,cus_000000009380,799000
in_000000116590,cus_000000009381,79900
in_000000116624,cus_000000009384,9900
in_000000116645,cus_000000009385,9900
in_000000116658,cus_000000009386,29900
in_000000116693,cus_000000009387,9900
in_000000116714,cus_000000009389,9900
in_000000116742,cus_000000009391,9900
in_000000116773,cus_000000009392,79900
in_000000116789,cus_000000009393,9900
in_000000116810,cus_000000009395,9900
in_000000116821,cus_000000009396,79900
in_000000116848,cus_000000009397,199900
in_000000116871,cus_000000009400,9900
in_000000116889,cus_000000009401,199900
in_000000116924,cus_000000009404,9900
in_000000116941,cus_000000009406,9900
in_000000116949,cus_000000009407,9900
in_000000116953,cus_000000009408,299000
in_000000116959,cus_000000009410,9900
in_000000116977,cus_000000009411,29900
in_000000117004,cus_000000009412,9900
in_000000117036,cus_000000009413,29900
in_000000117045,cus_000000009414,29900
in_000000117068,cus_000000009416,29900
in_000000117085,cus_000000009417,29900
in_000000117118,cus_000000009418,9900
in_000000117128,cus_000000009420,9900
in_000000117156,cus_000000009421,9900
in_000000117178,cus_000000009423,9900
in_000000117213,cus_000000009426,199900
in_000000117233,cus_000000009428,29900
in_000000117253,cus_000000009429,79900
in_000000117270,cus_000000009430,29900
in_000000117289,cus_000000009431,29900
in_000000117320,cus_000000009432,9900
in_000000117331,cus_000000009433,9900
in_000000117344,cus_000000009435,299000
in_000000117350,cus_000000009436,79900
in_000000117403,cus_000000009439,9900
in_000000117430,cus_000000009441,9900
in_000000117442,cus_000000009443,199900
in_000000117456,cus_000000009446,199900
in_000000117470,cus_000000009452,99000
in_000000117525,cus_000000009457,29900
in_000000117539,cus_000000009460,9900
in_000000117550,cus_000000009461,9900
in_000000117566,cus_000000009462,9900
in_000000117581,cus_000000009464,9900
in_000000117588,cus_000000009465,79900
in_000000117601,cus_000000009467,9900
in_000000117631,cus_000000009468,29900
in_000000117663,cus_000000009471,9900
in_000000117673,cus_000000009472,79900
in_000000117716,cus_000000009477,29900
in_000000117726,cus_000000009479,99000
in_000000117781,cus_000000009481,199900
in_000000117800,cus_000000009483,29900
in_000000117810,cus_000000009484,199900
in_000000117828,cus_000000009487,9900
in_000000117833,cus_000000009489,299000
in_000000117860,cus_000000009490,9900
in_000000117872,cus_000000009491,29900
in_000000117886,cus_000000009492,79900
in_000000117903,cus_000000009494,9900
in_000000117920,cus_000000009497,9900
in_000000117983,cus_000000009503,9900
in_000000118011,cus_000000009504,9900
in_000000118030,cus_000000009505,9900
in_000000118060,cus_000000009506,29900
in_000000118069,cus_000000009507,799000
in_000000118081,cus_000000009509,9900
in_000000118110,cus_000000009510,9900
in_000000118144,cus_000000009511,79900
in_000000118179,cus_000000009513,9900
in_000000118204,cus_000000009515,29900
in_000000118237,cus_000000009517,199900
in_000000118246,cus_000000009518,299000
in_000000118249,cus_000000009520,29900
in_000000118277,cus_000000009521,9900
in_000000118318,cus_000000009524,29900
in_000000118356,cus_000000009526,79900
in_000000118380,cus_000000009527,29900
in_000000118409,cus_000000009529,29900
in_000000118438,cus_000000009531,9900
in_000000118457,cus_000000009532,9900
in_000000118483,cus_000000009534,79900
in_000000118505,cus_000000009535,29900
in_000000118527,cus_000000009536,9900
in_000000118558,cus_000000009537,79900
in_000000118566,cus_000000009538,9900
in_000000118606,cus_000000009542,29900
in_000000118620,cus_000000009543,9900
in_000000118644,cus_000000009544,9900
in_000000118661,cus_000000009545,29900
in_000000118691,cus_000000009548,79900
in_000000118727,cus_000000009550,9900
in_000000118753,cus_000000009551,9900
in_000000118769,cus_000000009553,29900
in_000000118830,cus_000000009557,9900
in_000000118866,cus_000000009558,29900
in_000000118901,cus_000000009563,79900
in_000000118917,cus_000000009564,79900
in_000000118936,cus_000000009566,9900
in_000000118958,cus_000000009569,79900
in_000000118969,cus_000000009571,299000
in_000000118984,cus_000000009572,29900
in_000000119005,cus_000000009573,9900
in_000000119033,cus_000000009579,9900
in_000000119041,cus_000000009580,29900
in_000000119068,cus_000000009583,79900
in_000000119095,cus_000000009584,9900
in_000000119129,cus_000000009587,29900
in_000000119139,cus_000000009589,29900
in_000000119175,cus_000000009592,9900
in_000000119203,cus_000000009593,9900
in_000000119237,cus_000000009597,29900
in_000000119249,cus_000000009600,99000
in_000000119255,cus_000000009601,29900
in_000000119283,cus_000000009603,29900
in_000000119317,cus_000000009604,29900
in_000000119330,cus_000000009606,9900
in_000000119340,cus_000000009607,9900
in_000000119391,cus_000000009612,29900
in_000000119450,cus_000000009615,9900
in_000000119484,cus_000000009618,9900
in_000000119500,cus_000000009619,29900
in_000000119513,cus_000000009620,29900
in_000000119531,cus_000000009622,9900
in_000000119538,cus_000000009623,9900
in_000000119562,cus_000000009624,9900
in_000000119578,cus_000000009626,9900
in_000000119621,cus_000000009628,9900
in_000000119662,cus_000000009633,29900
in_000000119702,cus_000000009635,9900
in_000000119731,cus_000000009637,9900
in_000000119739,cus_000000009638,299000
in_000000119769,cus_000000009640,29900
in_000000119789,cus_000000009641,79900
in_000000119802,cus_000000009645,9900
in_000000119819,cus_000000009646,79900
in_000000119852,cus_000000009648,29900
in_000000119870,cus_000000009650,9900
in_000000119904,cus_000000009654,29900
in_000000119940,cus_000000009655,79900
in_000000119954,cus_000000009656,9900
in_000000120001,cus_000000009661,9900
in_000000120018,cus_000000009663,9900
in_000000120047,cus_000000009664,29900
in_000000120073,cus_000000009666,9900
in_000000120095,cus_000000009668,199900
in_000000120179,cus_000000009672,29900
in_000000120209,cus_000000009673,9900
in_000000120248,cus_000000009676,9900
in_000000120272,cus_000000009677,199900
in_000000120293,cus_000000009678,79900
in_000000120323,cus_000000009679,9900
in_000000120350,cus_000000009680,9900
in_000000120387,cus_000000009682,199900
in_000000120420,cus_000000009684,9900
in_000000120469,cus_000000009686,29900
in_000000120479,cus_000000009688,79900
in_000000120509,cus_000000009689,9900
in_000000120554,cus_000000009692,9900
in_000000120574,cus_000000009694,29900
in_000000120612,cus_000000009697,29900
in_000000120629,cus_000000009699,29900
in_000000120664,cus_000000009700,9900
in_000000120683,cus_000000009702,9900
in_000000120706,cus_000000009704,9900
in_000000120742,cus_000000009706,9900
in_000000120779,cus_000000009710,99000
in_000000120802,cus_000000009717,29900
in_000000120836,cus_000000009719,9900
in_000000120860,cus_000000009720,9900
in_000000120869,cus_000000009721,29900
in_000000120897,cus_000000009722,79900
in_000000120913,cus_000000009723,29900
in_000000120942,cus_000000009725,79900
in_000000120963,cus_000000009726,29900
in_000000120995,cus_000000009728,79900
in_000000121008,cus_000000009730,29900
in_000000121033,cus_000000009731,9900
in_000000121057,cus_000000009735,29900
in_000000121064,cus_000000009736,99000
in_000000121128,cus_000000009739,29900
in_000000121165,cus_000000009742,79900
in_000000121180,cus_000000009743,9900
in_000000121233,cus_000000009747,79900
in_000000121266,cus_000000009751,9900
in_000000121319,cus_000000009758,29900
in_000000121345,cus_000000009761,9900
in_000000121358,cus_000000009762,29900
in_000000121366,cus_000000009763,799000
in_000000121367,cus_000000009764,199900
in_000000121395,cus_000000009768,9900
in_000000121428,cus_000000009770,79900
in_000000121437,cus_000000009772,799000
in_000000121438,cus_000000009773,199900
in_000000121459,cus_000000009774,9900
in_000000121485,cus_000000009776,9900
in_000000121517,cus_000000009777,29900
in_000000121544,cus_000000009780,9900
in_000000121565,cus_000000009781,199900
in_000000121592,cus_000000009785,9900
in_000000121599,cus_000000009786,299000
in_000000121626,cus_000000009787,9900
in_000000121655,cus_000000009788,79900
in_000000121682,cus_000000009790,29900
in_000000121709,cus_000000009791,199900
in_000000121799,cus_000000009799,29900
in_000000121829,cus_000000009801,29900
in_000000121847,cus_000000009804,29900
in_000000121885,cus_000000009807,79900
in_000000121911,cus_000000009808,9900
in_000000121932,cus_000000009809,9900
in_000000121966,cus_000000009810,79900
in_000000122002,cus_000000009811,9900
in_000000122025,cus_000000009812,29900
in_000000122035,cus_000000009814,299000
in_000000122053,cus_000000009819,9900
in_000000122072,cus_000000009820,29900
in_000000122135,cus_000000009825,79900
in_000000122172,cus_000000009828,29900
in_000000122205,cus_000000009830,79900
in_000000122221,cus_000000009832,9900
in_000000122268,cus_000000009843,9900
in_000000122285,cus_000000009845,9900
in_000000122306,cus_000000009847,79900
in_000000122313,cus_000000009848,9900
in_000000122345,cus_000000009850,9900
in_000000122382,cus_000000009853,29900
in_000000122400,cus_000000009854,9900
in_000000122422,cus_000000009855,29900
in_000000122463,cus_000000009859,29900
in_000000122495,cus_000000009860,9900
in_000000122529,cus_000000009862,79900
in_000000122536,cus_000000009863,29900
in_000000122599,cus_000000009869,9900
in_000000122629,cus_000000009870,29900
in_000000122663,cus_000000009872,79900
in_000000122673,cus_000000009873,9900
in_000000122707,cus_000000009875,29900
in_000000122746,cus_000000009878,9900
in_000000122778,cus_000000009879,9900
in_000000122801,cus_000000009882,9900
in_000000122825,cus_000000009885,199900
in_000000122854,cus_000000009886,9900
in_000000122883,cus_000000009887,29900
in_000000122924,cus_000000009891,29900
in_000000122934,cus_000000009892,29900
in_000000122952,cus_000000009895,9900
in_000000122979,cus_000000009898,29900
in_000000123010,cus_000000009899,29900
in_000000123040,cus_000000009901,9900
in_000000123049,cus_000000009902,9900
in_000000123077,cus_000000009903,199900
in_000000123100,cus_000000009908,9900
in_000000123129,cus_000000009912,9900
in_000000123166,cus_000000009915,9900
in_000000123189,cus_000000009916,29900
in_000000123208,cus_000000009917,9900
in_000000123241,cus_000000009918,9900
in_000000123251,cus_000000009919,29900
in_000000123269,cus_000000009920,9900
in_000000123295,cus_000000009922,9900
in_000000123305,cus_000000009923,9900
in_000000123339,cus_000000009924,199900
in_000000123359,cus_000000009926,29900
in_000000123396,cus_000000009929,9900
in_000000123428,cus_000000009931,79900
in_000000123469,cus_000000009936,79900
in_000000123495,cus_000000009937,9900
in_000000123515,cus_000000009939,9900
in_000000123541,cus_000000009941,29900
in_000000123585,cus_000000009944,79900
in_000000123604,cus_000000009945,79900
in_000000123637,cus_000000009946,29900
in_000000123672,cus_000000009952,29900
in_000000123699,cus_000000009953,9900
in_000000123718,cus_000000009954,9900
in_000000123726,cus_000000009955,299000
in_000000123731,cus_000000009958,9900
in_000000123746,cus_000000009959,29900
in_000000123774,cus_000000009960,9900
in_000000123804,cus_000000009961,79900
in_000000123837,cus_000000009962,9900
in_000000123850,cus_000000009964,9900
in_000000123860,cus_000000009967,9900
in_000000123884,cus_000000009969,9900
in_000000123898,cus_000000009970,9900
in_000000123932,cus_000000009971,29900
in_000000123941,cus_000000009972,99000
in_000000123963,cus_000000009973,29900
in_000000123979,cus_000000009974,9900
in_000000124008,cus_000000009975,9900
in_000000124042,cus_000000009976,29900
in_000000124080,cus_000000009979,29900
in_000000124113,cus_000000009980,29900
in_000000124129,cus_000000009981,29900
in_000000124151,cus_000000009982,9900
in_000000124165,cus_000000009984,29900
in_000000124182,cus_000000009985,9900
in_000000124189,cus_000000009986,9900
in_000000124228,cus_000000009988,79900
in_000000124283,cus_000000009993,9900
in_000000124324,cus_000000009998,9900
in_000000124335,cus_000000009999,9900
in_000000124360,cus_000000010001,29900
in_000000124397,cus_000000010003,9900
in_000000124421,cus_000000010004,29900
in_000000124450,cus_000000010008,9900
in_000000124483,cus_000000010010,9900
in_000000124515,cus_000000010014,79900
in_000000124559,cus_000000010018,9900
in_000000124566,cus_000000010019,99000
in_000000124570,cus_000000010021,29900
in_000000124600,cus_000000010022,9900
in_000000124635,cus_000000010026,9900
in_000000124653,cus_000000010027,9900
in_000000124672,cus_000000010030,29900
in_000000124695,cus_000000010031,199900
in_000000124710,cus_000000010034,799000
in_000000124736,cus_000000010036,79900
in_000000124770,cus_000000010038,29900
in_000000124832,cus_000000010042,9900
in_000000124861,cus_000000010043,79900
in_000000124874,cus_000000010044,9900
in_000000124901,cus_000000010046,9900
in_000000124915,cus_000000010048,29900
in_000000124962,cus_000000010050,79900
in_000000124976,cus_000000010051,9900
in_000000124989,cus_000000010053,79900
in_000000125015,cus_000000010055,9900
in_000000125063,cus_000000010057,9900
in_000000125078,cus_000000010058,79900
in_000000125111,cus_000000010059,29900
in_000000125124,cus_000000010060,29900
in_000000125150,cus_000000010063,9900
in_000000125163,cus_000000010064,79900
in_000000125181,cus_000000010065,79900
in_000000125197,cus_000000010066,79900
in_000000125231,cus_000000010069,9900
in_000000125239,cus_000000010070,79900
in_000000125259,cus_000000010072,9900
in_000000125267,cus_000000010073,29900
in_000000125281,cus_000000010074,9900
in_000000125319,cus_000000010078,9900
in_000000125357,cus_000000010084,9900
in_000000125412,cus_000000010090,29900
in_000000125442,cus_000000010091,79900
in_000000125472,cus_000000010092,9900
in_000000125516,cus_000000010094,9900
in_000000125552,cus_000000010095,9900
in_000000125580,cus_000000010097,9900
in_000000125588,cus_000000010098,99000
in_000000125618,cus_000000010099,9900
in_000000125645,cus_000000010101,79900
in_000000125682,cus_000000010103,29900
in_000000125718,cus_000000010104,29900
in_000000125736,cus_000000010105,9900
in_000000125750,cus_000000010106,29900
in_000000125764,cus_000000010108,9900
in_000000125776,cus_000000010110,9900
in_000000125807,cus_000000010111,9900
in_000000125840,cus_000000010112,9900
in_000000125869,cus_000000010114,9900
in_000000125900,cus_000000010115,9900
in_000000125913,cus_000000010116,9900
in_000000125915,cus_000000010118,9900
in_000000125925,cus_000000010120,99000
in_000000125956,cus_000000010124,29900
in_000000125963,cus_000000010125,299000
in_000000125993,cus_000000010127,79900
in_000000126044,cus_000000010131,29900
in_000000126048,cus_000000010132,29900
in_000000126074,cus_000000010134,199900
in_000000126108,cus_000000010135,79900
in_000000126139,cus_000000010136,9900
in_000000126150,cus_000000010139,299000
in_000000126176,cus_000000010142,9900
in_000000126214,cus_000000010145,9900
in_000000126245,cus_000000010146,29900
in_000000126263,cus_000000010147,9900
in_000000126275,cus_000000010149,29900
in_000000126285,cus_000000010150,29900
in_000000126324,cus_000000010155,79900
in_000000126343,cus_000000010156,9900
in_000000126353,cus_000000010157,29900
in_000000126385,cus_000000010158,79900
in_000000126403,cus_000000010159,9900
in_000000126411,cus_000000010160,29900
in_000000126427,cus_000000010162,29900
in_000000126459,cus_000000010163,29900
in_000000126476,cus_000000010164,29900
in_000000126513,cus_000000010167,29900
in_000000126528,cus_000000010170,9900
in_000000126555,cus_000000010171,9900
in_000000126580,cus_000000010172,9900
in_000000126592,cus_000000010174,29900
in_000000126620,cus_000000010175,29900
in_000000126645,cus_000000010178,199900
in_000000126653,cus_000000010179,79900
in_000000126678,cus_000000010180,199900
in_000000126698,cus_000000010181,29900
in_000000126716,cus_000000010182,9900
in_000000126739,cus_000000010184,199900
in_000000126772,cus_000000010185,29900
in_000000126799,cus_000000010191,9900
in_000000126814,cus_000000010192,9900
in_000000126835,cus_000000010193,9900
in_000000126845,cus_000000010194,79900
in_000000126864,cus_000000010195,9900
in_000000126884,cus_000000010201,79900
in_000000126898,cus_000000010202,9900
in_000000126929,cus_000000010203,199900
in_000000126956,cus_000000010204,29900
in_000000126973,cus_000000010205,9900
in_000000127008,cus_000000010206,9900
in_000000127026,cus_000000010207,199900
in_000000127047,cus_000000010208,9900
in_000000127064,cus_000000010209,9900
in_000000127075,cus_000000010210,29900
in_000000127111,cus_000000010211,79900
in_000000127132,cus_000000010214,29900
in_000000127155,cus_000000010215,29900
in_000000127162,cus_000000010216,9900
in_000000127178,cus_000000010218,9900
in_000000127197,cus_000000010223,99000
in_000000127212,cus_000000010224,79900
in_000000127232,cus_000000010225,79900
in_000000127261,cus_000000010230,9900
in_000000127285,cus_000000010231,29900
in_000000127297,cus_000000010232,29900
in_000000127327,cus_000000010235,29900
in_000000127351,cus_000000010236,9900
in_000000127374,cus_000000010237,9900
in_000000127398,cus_000000010240,9900
in_000000127428,cus_000000010242,9900
in_000000127496,cus_000000010247,9900
in_000000127531,cus_000000010248,199900
in_000000127549,cus_000000010249,79900
in_000000127571,cus_000000010251,29900
in_000000127607,cus_000000010252,29900
in_000000127636,cus_000000010253,29900
in_000000127656,cus_000000010254,79900
in_000000127694,cus_000000010256,79900
in_000000127729,cus_000000010257,29900
in_000000127787,cus_000000010263,9900
in_000000127845,cus_000000010266,9900
in_000000127860,cus_000000010268,9900
in_000000127883,cus_000000010269,29900
in_000000127906,cus_000000010270,29900
in_000000127943,cus_000000010272,29900
in_000000127983,cus_000000010276,79900
in_000000128008,cus_000000010280,79900
in_000000128055,cus_000000010282,9900
in_000000128082,cus_000000010284,9900
in_000000128118,cus_000000010285,29900
in_000000128147,cus_000000010286,29900
in_000000128166,cus_000000010288,79900
in_000000128203,cus_000000010292,9900
in_000000128243,cus_000000010296,29900
in_000000128257,cus_000000010298,99000
in_000000128271,cus_000000010299,29900
in_000000128304,cus_000000010301,29900
in_000000128361,cus_000000010305,9900
in_000000128376,cus_000000010308,29900
in_000000128403,cus_000000010311,29900
in_000000128438,cus_000000010312,79900
in_000000128465,cus_000000010314,29900
in_000000128501,cus_000000010315,9900
in_000000128526,cus_000000010316,29900
in_000000128555,cus_000000010319,29900
in_000000128587,cus_000000010322,9900
in_000000128604,cus_000000010323,29900
in_000000128614,cus_000000010325,9900
in_000000128632,cus_000000010330,9900
in_000000128673,cus_000000010335,9900
in_000000128725,cus_000000010340,9900
in_000000128755,cus_000000010343,9900
in_000000128765,cus_000000010344,79900
in_000000128782,cus_000000010345,29900
in_000000128818,cus_000000010347,199900
in_000000128848,cus_000000010350,29900
in_000000128868,cus_000000010351,9900
in_000000128897,cus_000000010352,29900
in_000000128931,cus_000000010356,29900
in_000000128959,cus_000000010357,79900
in_000000128992,cus_000000010359,9900
in_000000129030,cus_000000010364,79900
in_000000129066,cus_000000010365,79900
in_000000129097,cus_000000010366,79900
in_000000129113,cus_000000010367,29900
in_000000129154,cus_000000010369,9900
in_000000129180,cus_000000010370,79900
in_000000129208,cus_000000010371,199900
in_000000129236,cus_000000010375,99000
in_000000129255,cus_000000010379,9900
in_000000129273,cus_000000010381,9900
in_000000129325,cus_000000010384,9900
in_000000129344,cus_000000010385,79900
in_000000129379,cus_000000010386,9900
in_000000129407,cus_000000010387,9900
in_000000129430,cus_000000010388,29900
in_000000129441,cus_000000010389,9900
in_000000129472,cus_000000010390,29900
in_000000129510,cus_000000010392,9900
in_000000129542,cus_000000010393,79900
in_000000129591,cus_000000010395,79900
in_000000129601,cus_000000010396,9900
in_000000129639,cus_000000010398,9900
in_000000129673,cus_000000010399,79900
in_000000129688,cus_000000010402,9900
in_000000129724,cus_000000010404,29900
in_000000129753,cus_000000010405,29900
in_000000129788,cus_000000010406,9900
in_000000129822,cus_000000010410,9900
in_000000129881,cus_000000010417,9900
in_000000129922,cus_000000010419,9900
in_000000129961,cus_000000010424,199900
in_000000129971,cus_000000010426,99000
in_000000129992,cus_000000010429,29900
in_000000130042,cus_000000010432,9900
in_000000130079,cus_000000010434,199900
in_000000130096,cus_000000010435,9900
in_000000130120,cus_000000010436,9900
in_000000130151,cus_000000010439,9900
in_000000130163,cus_000000010441,79900
in_000000130174,cus_000000010443,799000
in_000000130199,cus_000000010444,9900
in_000000130243,cus_000000010449,29900
in_000000130253,cus_000000010450,79900
in_000000130266,cus_000000010453,79900
in_000000130321,cus_000000010456,79900
in_000000130348,cus_000000010457,79900
in_000000130363,cus_000000010459,29900
in_000000130379,cus_000000010460,29900
in_000000130408,cus_000000010463,29900
in_000000130417,cus_000000010464,99000
in_000000130429,cus_000000010466,9900
in_000000130437,cus_000000010467,9900
in_000000130450,cus_000000010470,299000
in_000000130482,cus_000000010473,9900
in_000000130502,cus_000000010474,79900
in_000000130510,cus_000000010475,99000
in_000000130522,cus_000000010477,79900
in_000000130558,cus_000000010478,9900
in_000000130577,cus_000000010479,9900
in_000000130589,cus_000000010482,799000
in_000000130600,cus_000000010483,9900
in_000000130622,cus_000000010486,29900
in_000000130643,cus_000000010487,29900
in_000000130660,cus_000000010488,29900
in_000000130687,cus_000000010494,79900
in_000000130753,cus_000000010498,79900
in_000000130776,cus_000000010499,9900
in_000000130785,cus_000000010500,29900
in_000000130815,cus_000000010503,79900
in_000000130835,cus_000000010504,9900
in_000000130862,cus_000000010506,9900
in_000000130911,cus_000000010509,29900
in_000000130939,cus_000000010510,29900
in_000000130953,cus_000000010511,9900
in_000000131000,cus_000000010516,9900
in_000000131010,cus_000000010518,79900
in_000000131018,cus_000000010519,29900
in_000000131047,cus_000000010522,29900
in_000000131070,cus_000000010524,29900
in_000000131103,cus_000000010525,199900
in_000000131140,cus_000000010528,9900
in_000000131166,cus_000000010533,9900
in_000000131218,cus_000000010537,9900
in_000000131246,cus_000000010539,9900
in_000000131281,cus_000000010540,29900
in_000000131313,cus_000000010544,9900
in_000000131335,cus_000000010547,29900
in_000000131361,cus_000000010549,9900
in_000000131384,cus_000000010550,79900
in_000000131395,cus_000000010552,79900
in_000000131427,cus_000000010553,199900
in_000000131469,cus_000000010555,79900
in_000000131526,cus_000000010561,9900
in_000000131550,cus_000000010564,9900
in_000000131572,cus_000000010567,9900
in_000000131607,cus_000000010568,29900
in_000000131644,cus_000000010570,9900
in_000000131684,cus_000000010573,9900
in_000000131691,cus_000000010574,99000
in_000000131722,cus_000000010578,29900
in_000000131758,cus_000000010580,79900
in_000000131795,cus_000000010583,79900
in_000000131831,cus_000000010584,79900
in_000000131859,cus_000000010587,9900
in_000000131888,cus_000000010589,9900
in_000000131913,cus_000000010592,99000
in_000000131943,cus_000000010593,9900
in_000000131965,cus_000000010595,9900
in_000000131984,cus_000000010598,9900
in_000000132006,cus_000000010600,9900
in_000000132018,cus_000000010601,9900
in_000000132033,cus_000000010603,9900
in_000000132064,cus_000000010605,79900
in_000000132081,cus_000000010606,29900
in_000000132091,cus_000000010607,9900
in_000000132100,cus_000000010608,799000
in_000000132142,cus_000000010610,9900
in_000000132161,cus_000000010612,79900
in_000000132180,cus_000000010613,29900
in_000000132205,cus_000000010614,9900
in_000000132243,cus_000000010620,79900
in_000000132270,cus_000000010621,29900
in_000000132298,cus_000000010622,9900
in_000000132315,cus_000000010623,29900
in_000000132346,cus_000000010625,29900
in_000000132413,cus_000000010630,9900
in_000000132477,cus_000000010634,79900
in_000000132495,cus_000000010635,9900
in_000000132537,cus_000000010639,299000
in_000000132541,cus_000000010641,29900
in_000000132550,cus_000000010642,79900
in_000000132563,cus_000000010643,29900
in_000000132584,cus_000000010645,29900
in_000000132623,cus_000000010647,9900
in_000000132659,cus_000000010648,29900
in_000000132670,cus_000000010649,9900
in_000000132681,cus_000000010651,9900
in_000000132688,cus_000000010652,29900
in_000000132710,cus_000000010653,9900
in_000000132717,cus_000000010654,9900
in_000000132753,cus_000000010655,9900
in_000000132774,cus_000000010656,79900
in_000000132810,cus_000000010657,29900
in_000000132834,cus_000000010658,9900
in_000000132868,cus_000000010659,29900
in_000000132875,cus_000000010660,29900
in_000000132902,cus_000000010662,29900
in_000000132933,cus_000000010664,9900
in_000000132942,cus_000000010665,29900
in_000000132993,cus_000000010670,29900
in_000000133005,cus_000000010673,9900
in_000000133066,cus_000000010678,9900
in_000000133094,cus_000000010679,79900
in_000000133115,cus_000000010683,9900
in_000000133148,cus_000000010684,9900
in_000000133166,cus_000000010685,79900
in_000000133186,cus_000000010687,29900
in_000000133215,cus_000000010688,9900
in_000000133223,cus_000000010689,299000
in_000000133248,cus_000000010692,29900
in_000000133265,cus_000000010693,9900
in_000000133286,cus_000000010696,199900
in_000000133325,cus_000000010699,9900
in_000000133348,cus_000000010700,79900
in_000000133379,cus_000000010701,9900
in_000000133405,cus_000000010703,9900
in_000000133426,cus_000000010704,9900
in_000000133438,cus_000000010707,299000
in_000000133464,cus_000000010709,29900
in_000000133492,cus_000000010710,9900
in_000000133509,cus_000000010711,29900
in_000000133532,cus_000000010712,9900
in_000000133560,cus_000000010714,9900
in_000000133597,cus_000000010717,9900
in_000000133626,cus_000000010718,9900
in_000000133658,cus_000000010719,29900
in_000000133685,cus_000000010720,9900
in_000000133706,cus_000000010722,29900
in_000000133709,cus_000000010723,9900
in_000000133713,cus_000000010724,99000
in_000000133747,cus_000000010727,79900
in_000000133757,cus_000000010728,29900
in_000000133776,cus_000000010731,29900
in_000000133842,cus_000000010735,9900
in_000000133881,cus_000000010737,9900
in_000000133905,cus_000000010739,9900
in_000000133927,cus_000000010740,9900
in_000000133958,cus_000000010743,9900
in_000000133990,cus_000000010744,199900
in_000000134016,cus_000000010745,9900
in_000000134047,cus_000000010746,29900
in_000000134054,cus_000000010747,9900
in_000000134071,cus_000000010749,29900
in_000000134093,cus_000000010751,29900
in_000000134110,cus_000000010752,9900
in_000000134145,cus_000000010753,79900
in_000000134165,cus_000000010755,9900
in_000000134182,cus_000000010756,79900
in_000000134219,cus_000000010758,29900
in_000000134229,cus_000000010759,79900
in_000000134264,cus_000000010760,199900
in_000000134299,cus_000000010761,79900
in_000000134315,cus_000000010762,9900
in_000000134343,cus_000000010763,29900
in_000000134356,cus_000000010765,79900
in_000000134368,cus_000000010768,9900
in_000000134392,cus_000000010774,9900
in_000000134413,cus_000000010775,9900
in_000000134447,cus_000000010776,79900
in_000000134464,cus_000000010777,29900
in_000000134479,cus_000000010778,9900
in_000000134489,cus_000000010779,199900
in_000000134524,cus_000000010781,199900
in_000000134550,cus_000000010782,9900
in_000000134583,cus_000000010786,9900
in_000000134602,cus_000000010787,9900
in_000000134619,cus_000000010792,9900
in_000000134641,cus_000000010793,9900
in_000000134674,cus_000000010794,9900
in_000000134699,cus_000000010797,29900
in_000000134721,cus_000000010800,29900
in_000000134745,cus_000000010801,29900
in_000000134775,cus_000000010804,199900
in_000000134796,cus_000000010805,79900
in_000000134807,cus_000000010807,9900
in_000000134833,cus_000000010808,79900
in_000000134848,cus_000000010811,9900
in_000000134883,cus_000000010813,79900
in_000000134915,cus_000000010815,79900
in_000000134932,cus_000000010816,9900
in_000000134961,cus_000000010821,9900
in_000000134989,cus_000000010822,9900
in_000000135008,cus_000000010823,9900
in_000000135025,cus_000000010824,199900
in_000000135052,cus_000000010826,29900
in_000000135085,cus_000000010828,29900
in_000000135117,cus_000000010829,9900
in_000000135146,cus_000000010831,29900
in_000000135182,cus_000000010833,79900
in_000000135196,cus_000000010835,79900
in_000000135228,cus_000000010836,9900
in_000000135251,cus_000000010837,29900
in_000000135286,cus_000000010838,9900
in_000000135301,cus_000000010839,29900
in_000000135353,cus_000000010842,29900
in_000000135387,cus_000000010843,199900
in_000000135423,cus_000000010845,199900
in_000000135461,cus_000000010848,29900
in_000000135500,cus_000000010851,9900
in_000000135535,cus_000000010853,9900
in_000000135567,cus_000000010855,9900
in_000000135610,cus_000000010860,79900
in_000000135618,cus_000000010861,99000
in_000000135641,cus_000000010865,9900
in_000000135673,cus_000000010866,9900
in_000000135681,cus_000000010867,9900
in_000000135694,cus_000000010868,29900
in_000000135737,cus_000000010871,9900
in_000000135766,cus_000000010874,9900
in_000000135800,cus_000000010875,9900
in_000000135840,cus_000000010877,9900
in_000000135869,cus_000000010878,29900
in_000000135885,cus_000000010882,799000
in_000000135907,cus_000000010884,9900
in_000000135941,cus_000000010885,29900
in_000000135991,cus_000000010887,29900
in_000000136011,cus_000000010888,9900
in_000000136039,cus_000000010889,29900
in_000000136051,cus_000000010890,9900
in_000000136058,cus_000000010891,199900
in_000000136077,cus_000000010893,9900
in_000000136102,cus_000000010894,29900
in_000000136135,cus_000000010896,9900
in_000000136171,cus_000000010898,199900
in_000000136186,cus_000000010900,9900
in_000000136197,cus_000000010901,79900
in_000000136220,cus_000000010903,29900
in_000000136248,cus_000000010906,9900
in_000000136282,cus_000000010907,199900
in_000000136316,cus_000000010914,9900
in_000000136332,cus_000000010915,199900
in_000000136348,cus_000000010920,29900
in_000000136356,cus_000000010921,29900
in_000000136390,cus_000000010927,9900
in_000000136418,cus_000000010930,79900
in_000000136422,cus_000000010931,9900
in_000000136436,cus_000000010932,9900
in_000000136450,cus_000000010933,9900
in_000000136474,cus_000000010935,29900
in_000000136508,cus_000000010937,9900
in_000000136546,cus_000000010939,9900
in_000000136605,cus_000000010948,9900
in_000000136616,cus_000000010949,29900
in_000000136652,cus_000000010951,199900
in_000000136725,cus_000000010959,29900
in_000000136755,cus_000000010960,9900
in_000000136780,cus_000000010962,9900
in_000000136808,cus_000000010963,9900
in_000000136820,cus_000000010965,9900
in_000000136843,cus_000000010967,9900
in_000000136863,cus_000000010968,9900
in_000000136869,cus_000000010969,9900
in_000000136904,cus_000000010971,79900
in_000000136935,cus_000000010972,9900
in_000000136943,cus_000000010973,199900
in_000000136973,cus_000000010974,9900
in_000000136990,cus_000000010978,79900
in_000000137006,cus_000000010981,79900
in_000000137015,cus_000000010982,1999000
in_000000137045,cus_000000010983,9900
in_000000137064,cus_000000010985,29900
in_000000137085,cus_000000010988,29900
in_000000137121,cus_000000010989,199900
in_000000137148,cus_000000010991,29900
in_000000137157,cus_000000010992,9900
in_000000137165,cus_000000010993,99000
in_000000137191,cus_000000010994,9900
in_000000137221,cus_000000010995,9900
in_000000137232,cus_000000010997,29900
in_000000137261,cus_000000010998,9900
in_000000137290,cus_000000010999,9900
in_000000137316,cus_000000011004,9900
in_000000137342,cus_000000011005,29900
in_000000137364,cus_000000011006,9900
in_000000137388,cus_000000011007,29900
in_000000137402,cus_000000011008,9900
in_000000137441,cus_000000011010,29900
in_000000137479,cus_000000011013,9900
in_000000137515,cus_000000011015,79900
in_000000137536,cus_000000011019,99000
in_000000137566,cus_000000011022,79900
in_000000137594,cus_000000011025,29900
in_000000137658,cus_000000011029,29900
in_000000137684,cus_000000011030,9900
in_000000137712,cus_000000011031,29900
in_000000137722,cus_000000011032,79900
in_000000137783,cus_000000011038,79900
in_000000137798,cus_000000011040,79900
in_000000137838,cus_000000011043,29900
in_000000137867,cus_000000011044,9900
in_000000137909,cus_000000011048,79900
in_000000137935,cus_000000011049,9900
in_000000137956,cus_000000011050,79900
in_000000137976,cus_000000011051,29900
in_000000138016,cus_000000011053,29900
in_000000138042,cus_000000011054,9900
in_000000138056,cus_000000011055,9900
in_000000138086,cus_000000011056,9900
in_000000138129,cus_000000011058,9900
in_000000138141,cus_000000011061,9900
in_000000138172,cus_000000011062,9900
in_000000138200,cus_000000011064,9900
in_000000138231,cus_000000011065,9900
in_000000138249,cus_000000011066,9900
in_000000138282,cus_000000011068,79900
in_000000138297,cus_000000011069,9900
in_000000138312,cus_000000011072,99000
in_000000138328,cus_000000011073,9900
in_000000138337,cus_000000011075,99000
in_000000138351,cus_000000011077,79900
in_000000138388,cus_000000011080,79900
in_000000138416,cus_000000011082,9900
in_000000138448,cus_000000011084,9900
in_000000138464,cus_000000011085,29900
in_000000138490,cus_000000011087,9900
in_000000138511,cus_000000011088,9900
in_000000138548,cus_000000011091,79900
in_000000138577,cus_000000011092,29900
in_000000138587,cus_000000011094,9900
in_000000138612,cus_000000011095,79900
in_000000138638,cus_000000011096,79900
in_000000138660,cus_000000011098,9900
in_000000138699,cus_000000011100,29900
in_000000138726,cus_000000011104,79900
in_000000138761,cus_000000011105,29900
in_000000138778,cus_000000011108,29900
in_000000138792,cus_000000011109,9900
in_000000138815,cus_000000011110,9900
in_000000138845,cus_000000011111,9900
in_000000138888,cus_000000011120,79900
in_000000138922,cus_000000011121,29900
in_000000138953,cus_000000011122,9900
in_000000138983,cus_000000011123,29900
in_000000139011,cus_000000011125,79900
in_000000139045,cus_000000011126,29900
in_000000139078,cus_000000011127,79900
in_000000139093,cus_000000011128,29900
in_000000139121,cus_000000011129,29900
in_000000139151,cus_000000011131,29900
in_000000139182,cus_000000011135,29900
in_000000139219,cus_000000011140,29900
in_000000139251,cus_000000011142,29900
in_000000139281,cus_000000011144,29900
in_000000139314,cus_000000011146,9900
in_000000139345,cus_000000011147,9900
in_000000139359,cus_000000011149,29900
in_000000139369,cus_000000011150,79900
in_000000139388,cus_000000011151,9900
in_000000139416,cus_000000011152,9900
in_000000139450,cus_000000011155,9900
in_000000139481,cus_000000011158,29900
in_000000139489,cus_000000011159,299000
in_000000139494,cus_000000011160,9900
in_000000139519,cus_000000011161,79900
in_000000139573,cus_000000011165,79900
in_000000139595,cus_000000011167,199900
in_000000139610,cus_000000011168,29900
in_000000139635,cus_000000011169,9900
in_000000139669,cus_000000011170,29900
in_000000139688,cus_000000011173,29900
in_000000139697,cus_000000011174,1999000
in_000000139712,cus_000000011177,9900
in_000000139733,cus_000000011178,79900
in_000000139774,cus_000000011184,29900
in_000000139783,cus_000000011186,79900
in_000000139792,cus_000000011187,29900
in_000000139876,cus_000000011199,29900
in_000000139898,cus_000000011201,9900
in_000000139933,cus_000000011202,9900
in_000000139951,cus_000000011204,199900
in_000000139985,cus_000000011207,9900
in_000000140003,cus_000000011209,9900
in_000000140028,cus_000000011210,29900
in_000000140054,cus_000000011211,79900
in_000000140061,cus_000000011212,9900
in_000000140093,cus_000000011213,79900
in_000000140102,cus_000000011214,29900
in_000000140122,cus_000000011215,199900
in_000000140151,cus_000000011216,9900
in_000000140173,cus_000000011218,9900
in_000000140197,cus_000000011220,29900
in_000000140217,cus_000000011221,199900
in_000000140252,cus_000000011223,79900
in_000000140268,cus_000000011227,79900
in_000000140275,cus_000000011228,79900
in_000000140287,cus_000000011229,9900
in_000000140300,cus_000000011231,29900
in_000000140312,cus_000000011232,9900
in_000000140343,cus_000000011234,29900
in_000000140360,cus_000000011236,9900
in_000000140369,cus_000000011237,9900
in_000000140398,cus_000000011238,9900
in_000000140420,cus_000000011239,9900
in_000000140429,cus_000000011240,299000
in_000000140455,cus_000000011243,29900
in_000000140484,cus_000000011244,9900
in_000000140507,cus_000000011246,9900
in_000000140528,cus_000000011248,9900
in_000000140552,cus_000000011249,79900
in_000000140562,cus_000000011251,9900
in_000000140600,cus_000000011255,9900
in_000000140623,cus_000000011256,29900
in_000000140660,cus_000000011259,9900
in_000000140675,cus_000000011261,9900
in_000000140701,cus_000000011262,199900
in_000000140730,cus_000000011265,9900
in_000000140759,cus_000000011268,9900
in_000000140767,cus_000000011270,29900
in_000000140772,cus_000000011271,199900
in_000000140788,cus_000000011273,29900
in_000000140822,cus_000000011274,29900
in_000000140858,cus_000000011278,79900
in_000000140872,cus_000000011279,9900
in_000000140896,cus_000000011281,199900
in_000000140911,cus_000000011284,29900
in_000000140941,cus_000000011285,9900
in_000000140980,cus_000000011287,9900
in_000000141026,cus_000000011293,9900
in_000000141046,cus_000000011294,29900
in_000000141056,cus_000000011295,29900
in_000000141064,cus_000000011297,29900
in_000000141086,cus_000000011299,29900
in_000000141124,cus_000000011301,79900
in_000000141156,cus_000000011303,9900
in_000000141188,cus_000000011305,29900
in_000000141212,cus_000000011307,79900
in_000000141223,cus_000000011309,9900
in_000000141253,cus_000000011312,9900
in_000000141280,cus_000000011314,9900
in_000000141309,cus_000000011315,79900
in_000000141346,cus_000000011317,29900
in_000000141359,cus_000000011320,9900
in_000000141381,cus_000000011325,9900
in_000000141406,cus_000000011326,199900
in_000000141438,cus_000000011329,9900
in_000000141480,cus_000000011333,9900
in_000000141492,cus_000000011334,29900
in_000000141518,cus_000000011337,29900
in_000000141546,cus_000000011338,9900
in_000000141578,cus_000000011340,299000
in_000000141602,cus_000000011341,9900
in_000000141610,cus_000000011342,29900
in_000000141622,cus_000000011343,79900
in_000000141646,cus_000000011344,79900
in_000000141687,cus_000000011347,9900
in_000000141710,cus_000000011349,9900
in_000000141720,cus_000000011350,29900
in_000000141739,cus_000000011352,9900
in_000000141773,cus_000000011353,79900
in_000000141795,cus_000000011354,79900
in_000000141803,cus_000000011355,9900
in_000000141839,cus_000000011357,29900
in_000000141860,cus_000000011358,9900
in_000000141883,cus_000000011360,9900
in_000000141909,cus_000000011361,79900
in_000000141918,cus_000000011362,29900
in_000000141954,cus_000000011364,9900
in_000000141988,cus_000000011365,79900
in_000000142016,cus_000000011366,79900
in_000000142027,cus_000000011368,9900
in_000000142049,cus_000000011369,9900
in_000000142080,cus_000000011373,199900
in_000000142097,cus_000000011376,9900
in_000000142105,cus_000000011377,299000
in_000000142106,cus_000000011378,29900
in_000000142205,cus_000000011385,9900
in_000000142233,cus_000000011386,9900
in_000000142255,cus_000000011388,9900
in_000000142292,cus_000000011390,199900
in_000000142339,cus_000000011394,9900
in_000000142346,cus_000000011395,9900
in_000000142382,cus_000000011399,79900
in_000000142409,cus_000000011400,199900
in_000000142445,cus_000000011401,79900
in_000000142468,cus_000000011402,9900
in_000000142474,cus_000000011404,99000
in_000000142495,cus_000000011405,29900
in_000000142546,cus_000000011407,9900
in_000000142580,cus_000000011408,29900
in_000000142595,cus_000000011410,29900
in_000000142623,cus_000000011411,9900
in_000000142640,cus_000000011412,29900
in_000000142667,cus_000000011417,79900
in_000000142678,cus_000000011418,29900
in_000000142709,cus_000000011419,9900
in_000000142721,cus_000000011420,9900
in_000000142757,cus_000000011421,79900
in_000000142778,cus_000000011422,9900
in_000000142814,cus_000000011423,9900
in_000000142823,cus_000000011424,99000
in_000000142849,cus_000000011425,29900
in_000000142860,cus_000000011427,99000
in_000000142894,cus_000000011430,29900
in_000000142924,cus_000000011431,9900
in_000000142957,cus_000000011437,9900
in_000000142973,cus_000000011440,9900
in_000000143005,cus_000000011444,79900
in_000000143040,cus_000000011445,29900
in_000000143054,cus_000000011446,29900
in_000000143080,cus_000000011447,79900
in_000000143090,cus_000000011448,29900
in_000000143127,cus_000000011450,29900
in_000000143159,cus_000000011451,9900
in_000000143192,cus_000000011455,9900
in_000000143213,cus_000000011459,29900
in_000000143223,cus_000000011460,9900
in_000000143243,cus_000000011461,29900
in_000000143258,cus_000000011463,29900
in_000000143280,cus_000000011465,29900
in_000000143312,cus_000000011471,29900
in_000000143345,cus_000000011473,79900
in_000000143379,cus_000000011476,9900
in_000000143413,cus_000000011477,79900
in_000000143421,cus_000000011478,9900
in_000000143458,cus_000000011481,9900
in_000000143482,cus_000000011482,29900
in_000000143500,cus_000000011484,9900
in_000000143507,cus_000000011485,1999000
in_000000143514,cus_000000011489,79900
in_000000143552,cus_000000011491,79900
in_000000143586,cus_000000011494,9900
in_000000143624,cus_000000011497,9900
in_000000143660,cus_000000011498,29900
in_000000143684,cus_000000011499,9900
in_000000143693,cus_000000011500,9900
in_000000143728,cus_000000011503,29900
in_000000143735,cus_000000011504,29900
in_000000143755,cus_000000011506,29900
in_000000143788,cus_000000011508,9900
in_000000143797,cus_000000011509,29900
in_000000143826,cus_000000011511,29900
in_000000143859,cus_000000011512,199900
in_000000143882,cus_000000011514,9900
in_000000143900,cus_000000011515,29900
in_000000143934,cus_000000011516,199900
in_000000143949,cus_000000011518,9900
in_000000143961,cus_000000011519,9900
in_000000143988,cus_000000011520,29900
in_000000144024,cus_000000011521,9900
in_000000144041,cus_000000011523,9900
in_000000144111,cus_000000011528,79900
in_000000144120,cus_000000011529,9900
in_000000144128,cus_000000011530,799000
in_000000144144,cus_000000011533,9900
in_000000144183,cus_000000011536,9900
in_000000144197,cus_000000011537,29900
in_000000144223,cus_000000011538,9900
in_000000144252,cus_000000011540,9900
in_000000144277,cus_000000011543,29900
in_000000144298,cus_000000011544,9900
in_000000144330,cus_000000011546,9900
in_000000144341,cus_000000011547,79900
in_000000144375,cus_000000011548,79900
in_000000144412,cus_000000011551,9900
in_000000144449,cus_000000011553,29900
in_000000144480,cus_000000011556,199900
in_000000144504,cus_000000011557,9900
in_000000144512,cus_000000011558,99000
in_000000144527,cus_000000011560,29900
in_000000144565,cus_000000011564,79900
in_000000144600,cus_000000011566,29900
in_000000144609,cus_000000011567,9900
in_000000144653,cus_000000011571,79900
in_000000144662,cus_000000011572,199900
in_000000144669,cus_000000011573,9900
in_000000144693,cus_000000011576,29900
in_000000144723,cus_000000011577,9900
in_000000144749,cus_000000011578,29900
in_000000144771,cus_000000011579,9900
in_000000144809,cus_000000011582,29900
in_000000144837,cus_000000011583,29900
in_000000144872,cus_000000011587,29900
in_000000144895,cus_000000011592,99000
in_000000144921,cus_000000011593,29900
in_000000144963,cus_000000011595,9900
in_000000144995,cus_000000011598,29900
in_000000145017,cus_000000011599,29900
in_000000145046,cus_000000011601,9900
in_000000145056,cus_000000011602,9900
in_000000145101,cus_000000011607,29900
in_000000145125,cus_000000011608,9900
in_000000145133,cus_000000011609,799000
in_000000145167,cus_000000011612,29900
in_000000145174,cus_000000011613,299000
in_000000145176,cus_000000011614,29900
in_000000145195,cus_000000011616,29900
in_000000145225,cus_000000011617,79900
in_000000145238,cus_000000011619,29900
in_000000145280,cus_000000011622,79900
in_000000145299,cus_000000011623,29900
in_000000145309,cus_000000011624,9900
in_000000145328,cus_000000011625,9900
in_000000145365,cus_000000011628,79900
in_000000145380,cus_000000011629,9900
in_000000145409,cus_000000011639,29900
in_000000145444,cus_000000011640,9900
in_000000145452,cus_000000011641,799000
in_000000145461,cus_000000011642,9900
in_000000145494,cus_000000011644,29900
in_000000145526,cus_000000011645,9900
in_000000145551,cus_000000011646,9900
in_000000145581,cus_000000011648,9900
in_000000145603,cus_000000011650,9900
in_000000145618,cus_000000011651,79900
in_000000145639,cus_000000011653,29900
in_000000145657,cus_000000011654,9900
in_000000145685,cus_000000011655,29900
in_000000145709,cus_000000011657,9900
in_000000145731,cus_000000011658,29900
in_000000145742,cus_000000011660,29900
in_000000145788,cus_000000011662,199900
in_000000145796,cus_000000011663,79900
in_000000145805,cus_000000011664,79900
in_000000145821,cus_000000011667,79900
in_000000145832,cus_000000011669,9900
in_000000145869,cus_000000011672,29900
in_000000145902,cus_000000011674,29900
in_000000145932,cus_000000011675,9900
in_000000145946,cus_000000011676,29900
in_000000145957,cus_000000011677,9900
in_000000145987,cus_000000011683,9900
in_000000146010,cus_000000011684,9900
in_000000146032,cus_000000011685,9900
in_000000146058,cus_000000011687,199900
in_000000146090,cus_000000011689,9900
in_000000146124,cus_000000011691,79900
in_000000146151,cus_000000011692,199900
in_000000146157,cus_000000011693,9900
in_000000146188,cus_000000011694,9900
in_000000146226,cus_000000011696,79900
in_000000146259,cus_000000011697,29900
in_000000146267,cus_000000011698,29900
in_000000146292,cus_000000011702,9900
in_000000146319,cus_000000011703,9900
in_000000146338,cus_000000011704,29900
in_000000146345,cus_000000011705,9900
in_000000146368,cus_000000011707,9900
in_000000146404,cus_000000011710,9900
in_000000146427,cus_000000011711,9900
in_000000146436,cus_000000011712,799000
in_000000146442,cus_000000011714,9900
in_000000146467,cus_000000011716,9900
in_000000146479,cus_000000011718,29900
in_000000146536,cus_000000011721,79900
in_000000146559,cus_000000011722,79900
in_000000146588,cus_000000011724,9900
in_000000146623,cus_000000011726,9900
in_000000146637,cus_000000011727,9900
in_000000146657,cus_000000011728,9900
in_000000146698,cus_000000011731,9900
in_000000146711,cus_000000011733,9900
in_000000146727,cus_000000011734,9900
in_000000146755,cus_000000011735,29900
in_000000146764,cus_000000011736,29900
in_000000146785,cus_000000011738,199900
in_000000146813,cus_000000011741,79900
in_000000146822,cus_000000011742,799000
in_000000146837,cus_000000011743,9900
in_000000146872,cus_000000011745,199900
in_000000146892,cus_000000011746,79900
in_000000146924,cus_000000011748,9900
in_000000146958,cus_000000011749,29900
in_000000146977,cus_000000011751,29900
in_000000146998,cus_000000011752,29900
in_000000147023,cus_000000011754,29900
in_000000147059,cus_000000011755,9900
in_000000147079,cus_000000011756,29900
in_000000147136,cus_000000011760,9900
in_000000147173,cus_000000011763,9900
in_000000147203,cus_000000011767,9900
in_000000147220,cus_000000011769,9900
in_000000147250,cus_000000011772,29900
in_000000147273,cus_000000011773,79900
in_000000147307,cus_000000011774,29900
in_000000147331,cus_000000011776,9900
in_000000147360,cus_000000011777,9900
in_000000147399,cus_000000011781,9900
in_000000147417,cus_000000011785,9900
in_000000147433,cus_000000011786,199900
in_000000147466,cus_000000011787,79900
in_000000147498,cus_000000011788,9900
in_000000147507,cus_000000011790,9900
in_000000147528,cus_000000011794,79900
in_000000147559,cus_000000011795,9900
in_000000147589,cus_000000011796,29900
in_000000147604,cus_000000011798,9900
in_000000147622,cus_000000011800,79900
in_000000147643,cus_000000011802,79900
in_000000147669,cus_000000011803,9900
in_000000147707,cus_000000011805,29900
in_000000147736,cus_000000011807,9900
in_000000147796,cus_000000011811,9900
in_000000147814,cus_000000011812,29900
in_000000147851,cus_000000011814,9900
in_000000147874,cus_000000011815,79900
in_000000147895,cus_000000011816,29900
in_000000147930,cus_000000011817,79900
in_000000147951,cus_000000011820,9900
in_000000147963,cus_000000011821,9900
in_000000147992,cus_000000011822,9900
in_000000148018,cus_000000011824,9900
in_000000148067,cus_000000011830,79900
in_000000148093,cus_000000011832,79900
in_000000148129,cus_000000011833,9900
in_000000148169,cus_000000011836,199900
in_000000148187,cus_000000011837,9900
in_000000148228,cus_000000011841,29900
in_000000148250,cus_000000011843,9900
in_000000148267,cus_000000011844,9900
in_000000148305,cus_000000011846,9900
in_000000148345,cus_000000011848,199900
in_000000148357,cus_000000011849,9900
in_000000148401,cus_000000011856,9900
in_000000148414,cus_000000011857,79900
in_000000148449,cus_000000011858,9900
in_000000148465,cus_000000011861,299000
in_000000148480,cus_000000011862,9900
in_000000148487,cus_000000011863,199900
in_000000148501,cus_000000011867,9900
in_000000148532,cus_000000011868,29900
in_000000148563,cus_000000011870,79900
in_000000148601,cus_000000011872,9900
in_000000148611,cus_000000011873,29900
in_000000148646,cus_000000011875,199900
in_000000148669,cus_000000011877,9900
in_000000148685,cus_000000011878,199900
in_000000148701,cus_000000011882,29900
in_000000148739,cus_000000011884,9900
in_000000148765,cus_000000011888,9900
in_000000148788,cus_000000011890,9900
in_000000148820,cus_000000011891,29900
in_000000148854,cus_000000011892,29900
in_000000148876,cus_000000011894,9900
in_000000148905,cus_000000011895,29900
in_000000148934,cus_000000011896,9900
in_000000148961,cus_000000011898,29900
in_000000148980,cus_000000011900,9900
in_000000149014,cus_000000011901,29900
in_000000149047,cus_000000011904,29900
in_000000149054,cus_000000011905,9900
in_000000149073,cus_000000011906,29900
in_000000149090,cus_000000011908,29900
in_000000149116,cus_000000011909,29900
in_000000149135,cus_000000011911,9900
in_000000149147,cus_000000011913,9900
in_000000149187,cus_000000011918,9900
in_000000149221,cus_000000011919,29900
in_000000149244,cus_000000011920,9900
in_000000149289,cus_000000011927,99000
in_000000149318,cus_000000011928,9900
in_000000149347,cus_000000011930,199900
in_000000149376,cus_000000011934,29900
in_000000149402,cus_000000011936,9900
in_000000149432,cus_000000011937,29900
in_000000149442,cus_000000011938,199900
in_000000149450,cus_000000011939,99000
in_000000149468,cus_000000011943,9900
in_000000149502,cus_000000011945,29900
in_000000149529,cus_000000011948,79900
in_000000149592,cus_000000011952,29900
in_000000149631,cus_000000011954,9900
in_000000149677,cus_000000011958,79900
in_000000149687,cus_000000011959,9900
in_000000149706,cus_000000011962,29900
in_000000149707,cus_000000011963,29900
in_000000149741,cus_000000011965,9900
in_000000149756,cus_000000011970,9900
in_000000149780,cus_000000011971,9900
in_000000149809,cus_000000011973,29900
in_000000149904,cus_000000011984,9900
in_000000149922,cus_000000011985,29900
in_000000149935,cus_000000011986,79900
in_000000149946,cus_000000011987,199900
in_000000149972,cus_000000011988,9900
in_000000149992,cus_000000011989,9900
in_000000150011,cus_000000011990,29900
in_000000150022,cus_000000011991,79900
in_000000150031,cus_000000011993,9900
in_000000150057,cus_000000011997,9900
in_000000150085,cus_000000011998,9900
in_000000150140,cus_000000012001,9900
in_000000150149,cus_000000012002,79900
in_000000150177,cus_000000012003,29900
in_000000150212,cus_000000012004,79900
in_000000150231,cus_000000012006,29900
in_000000150259,cus_000000012007,9900
in_000000150298,cus_000000012009,9900
in_000000150325,cus_000000012010,9900
in_000000150354,cus_000000012011,9900
in_000000150382,cus_000000012012,9900
in_000000150399,cus_000000012014,29900
in_000000150429,cus_000000012016,9900
in_000000150448,cus_000000012020,29900
in_000000150477,cus_000000012021,79900
in_000000150494,cus_000000012022,29900
in_000000150525,cus_000000012023,9900
in_000000150538,cus_000000012026,199900
in_000000150567,cus_000000012027,9900
in_000000150579,cus_000000012029,9900
in_000000150607,cus_000000012031,9900
in_000000150629,cus_000000012032,29900
in_000000150656,cus_000000012034,29900
in_000000150697,cus_000000012038,9900
in_000000150733,cus_000000012039,29900
in_000000150773,cus_000000012044,9900
in_000000150789,cus_000000012045,79900
in_000000150798,cus_000000012047,99000
in_000000150822,cus_000000012049,9900
in_000000150858,cus_000000012052,29900
in_000000150866,cus_000000012054,99000
in_000000150882,cus_000000012055,9900
in_000000150905,cus_000000012056,29900
in_000000150921,cus_000000012059,29900
in_000000150957,cus_000000012060,9900
in_000000150968,cus_000000012061,9900
in_000000151003,cus_000000012063,29900
in_000000151015,cus_000000012065,79900
in_000000151050,cus_000000012066,29900
in_000000151086,cus_000000012068,79900
in_000000151122,cus_000000012069,9900
in_000000151129,cus_000000012070,29900
in_000000151158,cus_000000012072,9900
in_000000151193,cus_000000012073,29900
in_000000151229,cus_000000012074,29900
in_000000151260,cus_000000012077,79900
in_000000151288,cus_000000012078,9900
in_000000151316,cus_000000012080,9900
in_000000151334,cus_000000012081,9900
in_000000151341,cus_000000012082,99000
in_000000151368,cus_000000012083,79900
in_000000151392,cus_000000012084,29900
in_000000151407,cus_000000012087,29900
in_000000151438,cus_000000012090,79900
in_000000151470,cus_000000012092,9900
in_000000151503,cus_000000012097,79900
in_000000151546,cus_000000012105,9900
